ISO-10303-21;
HEADER;
FILE_DESCRIPTION(('FreeCAD Model'),'2;1');
FILE_NAME('Open CASCADE Shape Model','2026-10-06T16:24:00',('Author'),(
    ''),'Open CASCADE STEP processor 7.9','FreeCAD','Unknown');
FILE_SCHEMA(('AUTOMOTIVE_DESIGN { 1 0 10303 214 1 1 1 1 }'));
ENDSEC;
DATA;
#1 = APPLICATION_PROTOCOL_DEFINITION('international standard',
  'automotive_design',2000,#2);
#2 = APPLICATION_CONTEXT(
  'core data for automotive mechanical design processes');
#3 = SHAPE_DEFINITION_REPRESENTATION(#4,#10);
#4 = PRODUCT_DEFINITION_SHAPE('','',#5);
#5 = PRODUCT_DEFINITION('design','',#6,#9);
#6 = PRODUCT_DEFINITION_FORMATION('','',#7);
#7 = PRODUCT('Unnamed','Unnamed','',(#8));
#8 = PRODUCT_CONTEXT('',#2,'mechanical');
#9 = PRODUCT_DEFINITION_CONTEXT('part definition',#2,'design');
#10 = SHAPE_REPRESENTATION('',(#11,#15,#19,#23),#27);
#11 = AXIS2_PLACEMENT_3D('',#12,#13,#14);
#12 = CARTESIAN_POINT('',(0.,0.,0.));
#13 = DIRECTION('',(0.,0.,1.));
#14 = DIRECTION('',(1.,0.,-0.));
#15 = AXIS2_PLACEMENT_3D('',#16,#17,#18);
#16 = CARTESIAN_POINT('',(0.,0.,0.));
#17 = DIRECTION('',(0.,0.,1.));
#18 = DIRECTION('',(1.,0.,0.));
#19 = AXIS2_PLACEMENT_3D('',#20,#21,#22);
#20 = CARTESIAN_POINT('',(0.,0.,0.));
#21 = DIRECTION('',(0.,0.,1.));
#22 = DIRECTION('',(1.,0.,0.));
#23 = AXIS2_PLACEMENT_3D('',#24,#25,#26);
#24 = CARTESIAN_POINT('',(0.,0.,0.));
#25 = DIRECTION('',(0.,0.,1.));
#26 = DIRECTION('',(1.,0.,0.));
#27 = ( GEOMETRIC_REPRESENTATION_CONTEXT(3) 
GLOBAL_UNCERTAINTY_ASSIGNED_CONTEXT((#31)) GLOBAL_UNIT_ASSIGNED_CONTEXT(
(#28,#29,#30)) REPRESENTATION_CONTEXT('Context #1',
  '3D Context with UNIT and UNCERTAINTY') );
#28 = ( LENGTH_UNIT() NAMED_UNIT(*) SI_UNIT(.MILLI.,.METRE.) );
#29 = ( NAMED_UNIT(*) PLANE_ANGLE_UNIT() SI_UNIT($,.RADIAN.) );
#30 = ( NAMED_UNIT(*) SI_UNIT($,.STERADIAN.) SOLID_ANGLE_UNIT() );
#31 = UNCERTAINTY_MEASURE_WITH_UNIT(LENGTH_MEASURE(1.E-07),#28,
  'distance_accuracy_value','confusion accuracy');
#32 = PRODUCT_RELATED_PRODUCT_CATEGORY('part',$,(#7));
#33 = SHAPE_DEFINITION_REPRESENTATION(#34,#40);
#34 = PRODUCT_DEFINITION_SHAPE('','',#35);
#35 = PRODUCT_DEFINITION('design','',#36,#39);
#36 = PRODUCT_DEFINITION_FORMATION('','',#37);
#37 = PRODUCT('SW-TH_SS-12D10L8~SW-TH_SS-12D10L8~8Asf002',
  'SW-TH_SS-12D10L8~SW-TH_SS-12D10L8~8Asf002','',(#38));
#38 = PRODUCT_CONTEXT('',#2,'mechanical');
#39 = PRODUCT_DEFINITION_CONTEXT('part definition',#2,'design');
#40 = ADVANCED_BREP_SHAPE_REPRESENTATION('',(#11,#41),#1587);
#41 = MANIFOLD_SOLID_BREP('',#42);
#42 = CLOSED_SHELL('',(#43,#151,#182,#206,#298,#315,#429,#460,#484,#508,
    #525,#537,#568,#592,#616,#633,#645,#676,#700,#724,#741,#753,#784,
    #808,#832,#849,#861,#892,#923,#954,#987,#1018,#1049,#1071,#1087,
    #1103,#1134,#1165,#1196,#1229,#1260,#1291,#1313,#1329,#1345,#1376,
    #1407,#1438,#1471,#1502,#1533,#1555,#1571));
#43 = ADVANCED_FACE('',(#44,#78,#112),#146,.F.);
#44 = FACE_BOUND('',#45,.T.);
#45 = EDGE_LOOP('',(#46,#56,#64,#72));
#46 = ORIENTED_EDGE('',*,*,#47,.F.);
#47 = EDGE_CURVE('',#48,#50,#52,.T.);
#48 = VERTEX_POINT('',#49);
#49 = CARTESIAN_POINT('',(3.299557699893,-3.248999955094,3.853327940718)
  );
#50 = VERTEX_POINT('',#51);
#51 = CARTESIAN_POINT('',(3.299557699893,-3.248999955094,2.830705682739)
  );
#52 = LINE('',#53,#54);
#53 = CARTESIAN_POINT('',(3.299557699893,-3.248999955094,2.830705682739)
  );
#54 = VECTOR('',#55,1.);
#55 = DIRECTION('',(-0.,-0.,-1.));
#56 = ORIENTED_EDGE('',*,*,#57,.F.);
#57 = EDGE_CURVE('',#58,#48,#60,.T.);
#58 = VERTEX_POINT('',#59);
#59 = CARTESIAN_POINT('',(5.301274925789,-3.248999955094,3.853327940718)
  );
#60 = LINE('',#61,#62);
#61 = CARTESIAN_POINT('',(3.299557699893,-3.248999955094,3.853327940718)
  );
#62 = VECTOR('',#63,1.);
#63 = DIRECTION('',(-1.,-0.,-0.));
#64 = ORIENTED_EDGE('',*,*,#65,.F.);
#65 = EDGE_CURVE('',#66,#58,#68,.T.);
#66 = VERTEX_POINT('',#67);
#67 = CARTESIAN_POINT('',(5.301274925789,-3.248999955094,2.830705682739)
  );
#68 = LINE('',#69,#70);
#69 = CARTESIAN_POINT('',(5.301274925789,-3.248999955094,3.853327940718)
  );
#70 = VECTOR('',#71,1.);
#71 = DIRECTION('',(0.,0.,1.));
#72 = ORIENTED_EDGE('',*,*,#73,.F.);
#73 = EDGE_CURVE('',#50,#66,#74,.T.);
#74 = LINE('',#75,#76);
#75 = CARTESIAN_POINT('',(5.301274925789,-3.248999955094,2.830705682739)
  );
#76 = VECTOR('',#77,1.);
#77 = DIRECTION('',(1.,0.,0.));
#78 = FACE_BOUND('',#79,.T.);
#79 = EDGE_LOOP('',(#80,#90,#98,#106));
#80 = ORIENTED_EDGE('',*,*,#81,.F.);
#81 = EDGE_CURVE('',#82,#84,#86,.T.);
#82 = VERTEX_POINT('',#83);
#83 = CARTESIAN_POINT('',(-6.455000025224,-3.248999955094,1.500000482366
    ));
#84 = VERTEX_POINT('',#85);
#85 = CARTESIAN_POINT('',(-6.455000025224,-3.248999955094,7.700000396673
    ));
#86 = LINE('',#87,#88);
#87 = CARTESIAN_POINT('',(-6.455000025224,-3.248999955094,
    -19.34416774143));
#88 = VECTOR('',#89,1.);
#89 = DIRECTION('',(0.,0.,1.));
#90 = ORIENTED_EDGE('',*,*,#91,.T.);
#91 = EDGE_CURVE('',#82,#92,#94,.T.);
#92 = VERTEX_POINT('',#93);
#93 = CARTESIAN_POINT('',(6.44499979648,-3.248999955094,1.500000482366)
  );
#94 = LINE('',#95,#96);
#95 = CARTESIAN_POINT('',(6.44499979648,-3.248999955094,1.500000482366)
  );
#96 = VECTOR('',#97,1.);
#97 = DIRECTION('',(1.,0.,0.));
#98 = ORIENTED_EDGE('',*,*,#99,.T.);
#99 = EDGE_CURVE('',#92,#100,#102,.T.);
#100 = VERTEX_POINT('',#101);
#101 = CARTESIAN_POINT('',(6.44499979648,-3.248999955094,7.700000396673)
  );
#102 = LINE('',#103,#104);
#103 = CARTESIAN_POINT('',(6.44499979648,-3.248999955094,-19.34416774143
    ));
#104 = VECTOR('',#105,1.);
#105 = DIRECTION('',(0.,0.,1.));
#106 = ORIENTED_EDGE('',*,*,#107,.T.);
#107 = EDGE_CURVE('',#100,#84,#108,.T.);
#108 = LINE('',#109,#110);
#109 = CARTESIAN_POINT('',(6.44499979648,-3.248999955094,7.700000396673)
  );
#110 = VECTOR('',#111,1.);
#111 = DIRECTION('',(-1.,0.,0.));
#112 = FACE_BOUND('',#113,.T.);
#113 = EDGE_LOOP('',(#114,#124,#132,#140));
#114 = ORIENTED_EDGE('',*,*,#115,.F.);
#115 = EDGE_CURVE('',#116,#118,#120,.T.);
#116 = VERTEX_POINT('',#117);
#117 = CARTESIAN_POINT('',(-5.311275154533,-3.248999955094,
    2.830705682739));
#118 = VERTEX_POINT('',#119);
#119 = CARTESIAN_POINT('',(-3.309557928636,-3.248999955094,
    2.830705682739));
#120 = LINE('',#121,#122);
#121 = CARTESIAN_POINT('',(-5.311275154533,-3.248999955094,
    2.830705682739));
#122 = VECTOR('',#123,1.);
#123 = DIRECTION('',(1.,0.,0.));
#124 = ORIENTED_EDGE('',*,*,#125,.F.);
#125 = EDGE_CURVE('',#126,#116,#128,.T.);
#126 = VERTEX_POINT('',#127);
#127 = CARTESIAN_POINT('',(-5.311275154533,-3.248999955094,
    3.853327940718));
#128 = LINE('',#129,#130);
#129 = CARTESIAN_POINT('',(-5.311275154533,-3.248999955094,
    3.853327940718));
#130 = VECTOR('',#131,1.);
#131 = DIRECTION('',(0.,0.,-1.));
#132 = ORIENTED_EDGE('',*,*,#133,.F.);
#133 = EDGE_CURVE('',#134,#126,#136,.T.);
#134 = VERTEX_POINT('',#135);
#135 = CARTESIAN_POINT('',(-3.309557928636,-3.248999955094,
    3.853327940718));
#136 = LINE('',#137,#138);
#137 = CARTESIAN_POINT('',(-3.309557928636,-3.248999955094,
    3.853327940718));
#138 = VECTOR('',#139,1.);
#139 = DIRECTION('',(-1.,0.,0.));
#140 = ORIENTED_EDGE('',*,*,#141,.F.);
#141 = EDGE_CURVE('',#118,#134,#142,.T.);
#142 = LINE('',#143,#144);
#143 = CARTESIAN_POINT('',(-3.309557928636,-3.248999955094,
    2.830705682739));
#144 = VECTOR('',#145,1.);
#145 = DIRECTION('',(0.,0.,1.));
#146 = PLANE('',#147);
#147 = AXIS2_PLACEMENT_3D('',#148,#149,#150);
#148 = CARTESIAN_POINT('',(6.44499979648,-3.248999955094,-19.34416774143
    ));
#149 = DIRECTION('',(0.,1.,0.));
#150 = DIRECTION('',(0.,-0.,1.));
#151 = ADVANCED_FACE('',(#152),#177,.F.);
#152 = FACE_BOUND('',#153,.T.);
#153 = EDGE_LOOP('',(#154,#162,#163,#171));
#154 = ORIENTED_EDGE('',*,*,#155,.F.);
#155 = EDGE_CURVE('',#84,#156,#158,.T.);
#156 = VERTEX_POINT('',#157);
#157 = CARTESIAN_POINT('',(-6.455000025224,3.248999955094,7.700000396673
    ));
#158 = LINE('',#159,#160);
#159 = CARTESIAN_POINT('',(-6.455000025224,-3.248999955094,
    7.700000396673));
#160 = VECTOR('',#161,1.);
#161 = DIRECTION('',(2.669626771279E-16,1.,0.));
#162 = ORIENTED_EDGE('',*,*,#107,.F.);
#163 = ORIENTED_EDGE('',*,*,#164,.F.);
#164 = EDGE_CURVE('',#165,#100,#167,.T.);
#165 = VERTEX_POINT('',#166);
#166 = CARTESIAN_POINT('',(6.44499979648,3.248999955094,7.700000396673)
  );
#167 = LINE('',#168,#169);
#168 = CARTESIAN_POINT('',(6.44499979648,3.248999955094,7.700000396673)
  );
#169 = VECTOR('',#170,1.);
#170 = DIRECTION('',(0.,-1.,0.));
#171 = ORIENTED_EDGE('',*,*,#172,.F.);
#172 = EDGE_CURVE('',#156,#165,#173,.T.);
#173 = LINE('',#174,#175);
#174 = CARTESIAN_POINT('',(-6.455000025224,3.248999955094,7.700000396673
    ));
#175 = VECTOR('',#176,1.);
#176 = DIRECTION('',(1.,0.,0.));
#177 = PLANE('',#178);
#178 = AXIS2_PLACEMENT_3D('',#179,#180,#181);
#179 = CARTESIAN_POINT('',(-5.00011437181E-03,0.,7.700000396673));
#180 = DIRECTION('',(0.,0.,-1.));
#181 = DIRECTION('',(-1.,0.,0.));
#182 = ADVANCED_FACE('',(#183),#201,.F.);
#183 = FACE_BOUND('',#184,.T.);
#184 = EDGE_LOOP('',(#185,#186,#194,#200));
#185 = ORIENTED_EDGE('',*,*,#99,.F.);
#186 = ORIENTED_EDGE('',*,*,#187,.T.);
#187 = EDGE_CURVE('',#92,#188,#190,.T.);
#188 = VERTEX_POINT('',#189);
#189 = CARTESIAN_POINT('',(6.44499979648,3.248999955094,1.500000482366)
  );
#190 = LINE('',#191,#192);
#191 = CARTESIAN_POINT('',(6.44499979648,3.248999955094,1.500000482366)
  );
#192 = VECTOR('',#193,1.);
#193 = DIRECTION('',(0.,1.,0.));
#194 = ORIENTED_EDGE('',*,*,#195,.T.);
#195 = EDGE_CURVE('',#188,#165,#196,.T.);
#196 = LINE('',#197,#198);
#197 = CARTESIAN_POINT('',(6.44499979648,3.248999955094,-19.34416774143)
  );
#198 = VECTOR('',#199,1.);
#199 = DIRECTION('',(0.,0.,1.));
#200 = ORIENTED_EDGE('',*,*,#164,.T.);
#201 = PLANE('',#202);
#202 = AXIS2_PLACEMENT_3D('',#203,#204,#205);
#203 = CARTESIAN_POINT('',(6.44499979648,3.248999955094,-19.34416774143)
  );
#204 = DIRECTION('',(-1.,0.,0.));
#205 = DIRECTION('',(0.,0.,1.));
#206 = ADVANCED_FACE('',(#207,#241,#275),#293,.F.);
#207 = FACE_BOUND('',#208,.T.);
#208 = EDGE_LOOP('',(#209,#219,#227,#235));
#209 = ORIENTED_EDGE('',*,*,#210,.T.);
#210 = EDGE_CURVE('',#211,#213,#215,.T.);
#211 = VERTEX_POINT('',#212);
#212 = CARTESIAN_POINT('',(-5.311275154533,3.248999955094,3.853327940718
    ));
#213 = VERTEX_POINT('',#214);
#214 = CARTESIAN_POINT('',(-5.311275154533,3.248999955094,2.830705682739
    ));
#215 = LINE('',#216,#217);
#216 = CARTESIAN_POINT('',(-5.311275154533,3.248999955094,3.853327940718
    ));
#217 = VECTOR('',#218,1.);
#218 = DIRECTION('',(0.,0.,-1.));
#219 = ORIENTED_EDGE('',*,*,#220,.T.);
#220 = EDGE_CURVE('',#213,#221,#223,.T.);
#221 = VERTEX_POINT('',#222);
#222 = CARTESIAN_POINT('',(-3.309557928636,3.248999955094,2.830705682739
    ));
#223 = LINE('',#224,#225);
#224 = CARTESIAN_POINT('',(-5.311275154533,3.248999955094,2.830705682739
    ));
#225 = VECTOR('',#226,1.);
#226 = DIRECTION('',(1.,0.,0.));
#227 = ORIENTED_EDGE('',*,*,#228,.T.);
#228 = EDGE_CURVE('',#221,#229,#231,.T.);
#229 = VERTEX_POINT('',#230);
#230 = CARTESIAN_POINT('',(-3.309557928636,3.248999955094,3.853327940718
    ));
#231 = LINE('',#232,#233);
#232 = CARTESIAN_POINT('',(-3.309557928636,3.248999955094,2.830705682739
    ));
#233 = VECTOR('',#234,1.);
#234 = DIRECTION('',(0.,0.,1.));
#235 = ORIENTED_EDGE('',*,*,#236,.T.);
#236 = EDGE_CURVE('',#229,#211,#237,.T.);
#237 = LINE('',#238,#239);
#238 = CARTESIAN_POINT('',(-3.309557928636,3.248999955094,3.853327940718
    ));
#239 = VECTOR('',#240,1.);
#240 = DIRECTION('',(-1.,0.,0.));
#241 = FACE_BOUND('',#242,.T.);
#242 = EDGE_LOOP('',(#243,#253,#261,#269));
#243 = ORIENTED_EDGE('',*,*,#244,.T.);
#244 = EDGE_CURVE('',#245,#247,#249,.T.);
#245 = VERTEX_POINT('',#246);
#246 = CARTESIAN_POINT('',(5.301274925789,3.248999955094,3.853327940718)
  );
#247 = VERTEX_POINT('',#248);
#248 = CARTESIAN_POINT('',(3.299557699893,3.248999955094,3.853327940718)
  );
#249 = LINE('',#250,#251);
#250 = CARTESIAN_POINT('',(3.299557699893,3.248999955094,3.853327940718)
  );
#251 = VECTOR('',#252,1.);
#252 = DIRECTION('',(-1.,0.,0.));
#253 = ORIENTED_EDGE('',*,*,#254,.T.);
#254 = EDGE_CURVE('',#247,#255,#257,.T.);
#255 = VERTEX_POINT('',#256);
#256 = CARTESIAN_POINT('',(3.299557699893,3.248999955094,2.830705682739)
  );
#257 = LINE('',#258,#259);
#258 = CARTESIAN_POINT('',(3.299557699893,3.248999955094,2.830705682739)
  );
#259 = VECTOR('',#260,1.);
#260 = DIRECTION('',(0.,0.,-1.));
#261 = ORIENTED_EDGE('',*,*,#262,.T.);
#262 = EDGE_CURVE('',#255,#263,#265,.T.);
#263 = VERTEX_POINT('',#264);
#264 = CARTESIAN_POINT('',(5.301274925789,3.248999955094,2.830705682739)
  );
#265 = LINE('',#266,#267);
#266 = CARTESIAN_POINT('',(5.301274925789,3.248999955094,2.830705682739)
  );
#267 = VECTOR('',#268,1.);
#268 = DIRECTION('',(1.,0.,0.));
#269 = ORIENTED_EDGE('',*,*,#270,.T.);
#270 = EDGE_CURVE('',#263,#245,#271,.T.);
#271 = LINE('',#272,#273);
#272 = CARTESIAN_POINT('',(5.301274925789,3.248999955094,3.853327940718)
  );
#273 = VECTOR('',#274,1.);
#274 = DIRECTION('',(0.,0.,1.));
#275 = FACE_BOUND('',#276,.T.);
#276 = EDGE_LOOP('',(#277,#278,#286,#292));
#277 = ORIENTED_EDGE('',*,*,#195,.F.);
#278 = ORIENTED_EDGE('',*,*,#279,.T.);
#279 = EDGE_CURVE('',#188,#280,#282,.T.);
#280 = VERTEX_POINT('',#281);
#281 = CARTESIAN_POINT('',(-6.455000025224,3.248999955094,1.500000482366
    ));
#282 = LINE('',#283,#284);
#283 = CARTESIAN_POINT('',(-6.455000025224,3.248999955094,1.500000482366
    ));
#284 = VECTOR('',#285,1.);
#285 = DIRECTION('',(-1.,0.,0.));
#286 = ORIENTED_EDGE('',*,*,#287,.T.);
#287 = EDGE_CURVE('',#280,#156,#288,.T.);
#288 = LINE('',#289,#290);
#289 = CARTESIAN_POINT('',(-6.455000025224,3.248999955094,
    -19.34416774143));
#290 = VECTOR('',#291,1.);
#291 = DIRECTION('',(0.,0.,1.));
#292 = ORIENTED_EDGE('',*,*,#172,.T.);
#293 = PLANE('',#294);
#294 = AXIS2_PLACEMENT_3D('',#295,#296,#297);
#295 = CARTESIAN_POINT('',(-6.455000025224,3.248999955094,
    -19.34416774143));
#296 = DIRECTION('',(0.,-1.,0.));
#297 = DIRECTION('',(0.,0.,-1.));
#298 = ADVANCED_FACE('',(#299),#310,.F.);
#299 = FACE_BOUND('',#300,.T.);
#300 = EDGE_LOOP('',(#301,#302,#308,#309));
#301 = ORIENTED_EDGE('',*,*,#287,.F.);
#302 = ORIENTED_EDGE('',*,*,#303,.T.);
#303 = EDGE_CURVE('',#280,#82,#304,.T.);
#304 = LINE('',#305,#306);
#305 = CARTESIAN_POINT('',(-6.455000025224,-3.248999955094,
    1.500000482366));
#306 = VECTOR('',#307,1.);
#307 = DIRECTION('',(-2.669626771279E-16,-1.,0.));
#308 = ORIENTED_EDGE('',*,*,#81,.T.);
#309 = ORIENTED_EDGE('',*,*,#155,.T.);
#310 = PLANE('',#311);
#311 = AXIS2_PLACEMENT_3D('',#312,#313,#314);
#312 = CARTESIAN_POINT('',(-6.455000025224,-3.248999955094,
    -19.34416774143));
#313 = DIRECTION('',(1.,-2.669626771279E-16,0.));
#314 = DIRECTION('',(2.669626771279E-16,1.,0.));
#315 = ADVANCED_FACE('',(#316,#350,#384,#418),#424,.F.);
#316 = FACE_BOUND('',#317,.T.);
#317 = EDGE_LOOP('',(#318,#328,#336,#344));
#318 = ORIENTED_EDGE('',*,*,#319,.F.);
#319 = EDGE_CURVE('',#320,#322,#324,.T.);
#320 = VERTEX_POINT('',#321);
#321 = CARTESIAN_POINT('',(5.094999815139,-1.184279046486,1.500000482366
    ));
#322 = VERTEX_POINT('',#323);
#323 = CARTESIAN_POINT('',(4.294999826196,-1.184279046486,1.500000482366
    ));
#324 = LINE('',#325,#326);
#325 = CARTESIAN_POINT('',(5.094999815139,-1.184279046486,1.500000482366
    ));
#326 = VECTOR('',#327,1.);
#327 = DIRECTION('',(-1.,-0.,-0.));
#328 = ORIENTED_EDGE('',*,*,#329,.F.);
#329 = EDGE_CURVE('',#330,#320,#332,.T.);
#330 = VERTEX_POINT('',#331);
#331 = CARTESIAN_POINT('',(5.094999815139,1.184279046486,1.500000482366)
  );
#332 = LINE('',#333,#334);
#333 = CARTESIAN_POINT('',(5.094999815139,-1.184279046486,1.500000482366
    ));
#334 = VECTOR('',#335,1.);
#335 = DIRECTION('',(-0.,-1.,-0.));
#336 = ORIENTED_EDGE('',*,*,#337,.T.);
#337 = EDGE_CURVE('',#330,#338,#340,.T.);
#338 = VERTEX_POINT('',#339);
#339 = CARTESIAN_POINT('',(4.294999826196,1.184279046486,1.500000482366)
  );
#340 = LINE('',#341,#342);
#341 = CARTESIAN_POINT('',(5.094999815139,1.184279046486,1.500000482366)
  );
#342 = VECTOR('',#343,1.);
#343 = DIRECTION('',(-1.,-0.,-0.));
#344 = ORIENTED_EDGE('',*,*,#345,.T.);
#345 = EDGE_CURVE('',#338,#322,#346,.T.);
#346 = LINE('',#347,#348);
#347 = CARTESIAN_POINT('',(4.294999826196,-1.184279046486,1.500000482366
    ));
#348 = VECTOR('',#349,1.);
#349 = DIRECTION('',(-0.,-1.,-0.));
#350 = FACE_BOUND('',#351,.T.);
#351 = EDGE_LOOP('',(#352,#362,#370,#378));
#352 = ORIENTED_EDGE('',*,*,#353,.F.);
#353 = EDGE_CURVE('',#354,#356,#358,.T.);
#354 = VERTEX_POINT('',#355);
#355 = CARTESIAN_POINT('',(-4.30500005494,-1.184279046486,1.500000482366
    ));
#356 = VERTEX_POINT('',#357);
#357 = CARTESIAN_POINT('',(-5.105000043883,-1.184279046486,
    1.500000482366));
#358 = LINE('',#359,#360);
#359 = CARTESIAN_POINT('',(-4.30500005494,-1.184279046486,1.500000482366
    ));
#360 = VECTOR('',#361,1.);
#361 = DIRECTION('',(-1.,-0.,-0.));
#362 = ORIENTED_EDGE('',*,*,#363,.F.);
#363 = EDGE_CURVE('',#364,#354,#366,.T.);
#364 = VERTEX_POINT('',#365);
#365 = CARTESIAN_POINT('',(-4.30500005494,1.184279046486,1.500000482366)
  );
#366 = LINE('',#367,#368);
#367 = CARTESIAN_POINT('',(-4.30500005494,-1.184279046486,1.500000482366
    ));
#368 = VECTOR('',#369,1.);
#369 = DIRECTION('',(-0.,-1.,-0.));
#370 = ORIENTED_EDGE('',*,*,#371,.T.);
#371 = EDGE_CURVE('',#364,#372,#374,.T.);
#372 = VERTEX_POINT('',#373);
#373 = CARTESIAN_POINT('',(-5.105000043883,1.184279046486,1.500000482366
    ));
#374 = LINE('',#375,#376);
#375 = CARTESIAN_POINT('',(-4.30500005494,1.184279046486,1.500000482366)
  );
#376 = VECTOR('',#377,1.);
#377 = DIRECTION('',(-1.,-0.,-0.));
#378 = ORIENTED_EDGE('',*,*,#379,.T.);
#379 = EDGE_CURVE('',#372,#356,#380,.T.);
#380 = LINE('',#381,#382);
#381 = CARTESIAN_POINT('',(-5.105000043883,-1.184279046486,
    1.500000482366));
#382 = VECTOR('',#383,1.);
#383 = DIRECTION('',(-0.,-1.,-0.));
#384 = FACE_BOUND('',#385,.T.);
#385 = EDGE_LOOP('',(#386,#396,#404,#412));
#386 = ORIENTED_EDGE('',*,*,#387,.F.);
#387 = EDGE_CURVE('',#388,#390,#392,.T.);
#388 = VERTEX_POINT('',#389);
#389 = CARTESIAN_POINT('',(0.3949998801,-1.184279046486,1.500000482366)
  );
#390 = VERTEX_POINT('',#391);
#391 = CARTESIAN_POINT('',(-0.405000108843,-1.184279046486,
    1.500000482366));
#392 = LINE('',#393,#394);
#393 = CARTESIAN_POINT('',(0.3949998801,-1.184279046486,1.500000482366)
  );
#394 = VECTOR('',#395,1.);
#395 = DIRECTION('',(-1.,-0.,-0.));
#396 = ORIENTED_EDGE('',*,*,#397,.F.);
#397 = EDGE_CURVE('',#398,#388,#400,.T.);
#398 = VERTEX_POINT('',#399);
#399 = CARTESIAN_POINT('',(0.3949998801,1.184279046486,1.500000482366));
#400 = LINE('',#401,#402);
#401 = CARTESIAN_POINT('',(0.3949998801,-1.184279046486,1.500000482366)
  );
#402 = VECTOR('',#403,1.);
#403 = DIRECTION('',(-0.,-1.,-0.));
#404 = ORIENTED_EDGE('',*,*,#405,.T.);
#405 = EDGE_CURVE('',#398,#406,#408,.T.);
#406 = VERTEX_POINT('',#407);
#407 = CARTESIAN_POINT('',(-0.405000108843,1.184279046486,1.500000482366
    ));
#408 = LINE('',#409,#410);
#409 = CARTESIAN_POINT('',(0.3949998801,1.184279046486,1.500000482366));
#410 = VECTOR('',#411,1.);
#411 = DIRECTION('',(-1.,-0.,-0.));
#412 = ORIENTED_EDGE('',*,*,#413,.T.);
#413 = EDGE_CURVE('',#406,#390,#414,.T.);
#414 = LINE('',#415,#416);
#415 = CARTESIAN_POINT('',(-0.405000108843,-1.184279046486,
    1.500000482366));
#416 = VECTOR('',#417,1.);
#417 = DIRECTION('',(-0.,-1.,-0.));
#418 = FACE_BOUND('',#419,.T.);
#419 = EDGE_LOOP('',(#420,#421,#422,#423));
#420 = ORIENTED_EDGE('',*,*,#279,.F.);
#421 = ORIENTED_EDGE('',*,*,#187,.F.);
#422 = ORIENTED_EDGE('',*,*,#91,.F.);
#423 = ORIENTED_EDGE('',*,*,#303,.F.);
#424 = PLANE('',#425);
#425 = AXIS2_PLACEMENT_3D('',#426,#427,#428);
#426 = CARTESIAN_POINT('',(-5.00011437181E-03,0.,1.500000482366));
#427 = DIRECTION('',(0.,0.,1.));
#428 = DIRECTION('',(1.,0.,-0.));
#429 = ADVANCED_FACE('',(#430),#455,.F.);
#430 = FACE_BOUND('',#431,.T.);
#431 = EDGE_LOOP('',(#432,#433,#441,#449));
#432 = ORIENTED_EDGE('',*,*,#47,.T.);
#433 = ORIENTED_EDGE('',*,*,#434,.F.);
#434 = EDGE_CURVE('',#435,#50,#437,.T.);
#435 = VERTEX_POINT('',#436);
#436 = CARTESIAN_POINT('',(3.299557699893,-3.348999953712,2.830705682739
    ));
#437 = LINE('',#438,#439);
#438 = CARTESIAN_POINT('',(3.299557699893,-3.348999953712,2.830705682739
    ));
#439 = VECTOR('',#440,1.);
#440 = DIRECTION('',(0.,1.,0.));
#441 = ORIENTED_EDGE('',*,*,#442,.F.);
#442 = EDGE_CURVE('',#443,#435,#445,.T.);
#443 = VERTEX_POINT('',#444);
#444 = CARTESIAN_POINT('',(3.299557699893,-3.348999953712,3.853327940718
    ));
#445 = LINE('',#446,#447);
#446 = CARTESIAN_POINT('',(3.299557699893,-3.348999953712,2.830705682739
    ));
#447 = VECTOR('',#448,1.);
#448 = DIRECTION('',(-0.,-0.,-1.));
#449 = ORIENTED_EDGE('',*,*,#450,.T.);
#450 = EDGE_CURVE('',#443,#48,#451,.T.);
#451 = LINE('',#452,#453);
#452 = CARTESIAN_POINT('',(3.299557699893,-3.348999953712,3.853327940718
    ));
#453 = VECTOR('',#454,1.);
#454 = DIRECTION('',(0.,1.,0.));
#455 = PLANE('',#456);
#456 = AXIS2_PLACEMENT_3D('',#457,#458,#459);
#457 = CARTESIAN_POINT('',(3.299557699893,-3.348999953712,2.830705682739
    ));
#458 = DIRECTION('',(1.,0.,0.));
#459 = DIRECTION('',(0.,0.,-1.));
#460 = ADVANCED_FACE('',(#461),#479,.F.);
#461 = FACE_BOUND('',#462,.T.);
#462 = EDGE_LOOP('',(#463,#464,#472,#478));
#463 = ORIENTED_EDGE('',*,*,#73,.T.);
#464 = ORIENTED_EDGE('',*,*,#465,.F.);
#465 = EDGE_CURVE('',#466,#66,#468,.T.);
#466 = VERTEX_POINT('',#467);
#467 = CARTESIAN_POINT('',(5.301274925789,-3.348999953712,2.830705682739
    ));
#468 = LINE('',#469,#470);
#469 = CARTESIAN_POINT('',(5.301274925789,-3.348999953712,2.830705682739
    ));
#470 = VECTOR('',#471,1.);
#471 = DIRECTION('',(0.,1.,0.));
#472 = ORIENTED_EDGE('',*,*,#473,.F.);
#473 = EDGE_CURVE('',#435,#466,#474,.T.);
#474 = LINE('',#475,#476);
#475 = CARTESIAN_POINT('',(5.301274925789,-3.348999953712,2.830705682739
    ));
#476 = VECTOR('',#477,1.);
#477 = DIRECTION('',(1.,0.,0.));
#478 = ORIENTED_EDGE('',*,*,#434,.T.);
#479 = PLANE('',#480);
#480 = AXIS2_PLACEMENT_3D('',#481,#482,#483);
#481 = CARTESIAN_POINT('',(5.301274925789,-3.348999953712,2.830705682739
    ));
#482 = DIRECTION('',(0.,0.,1.));
#483 = DIRECTION('',(1.,0.,-0.));
#484 = ADVANCED_FACE('',(#485),#503,.F.);
#485 = FACE_BOUND('',#486,.T.);
#486 = EDGE_LOOP('',(#487,#488,#496,#502));
#487 = ORIENTED_EDGE('',*,*,#65,.T.);
#488 = ORIENTED_EDGE('',*,*,#489,.F.);
#489 = EDGE_CURVE('',#490,#58,#492,.T.);
#490 = VERTEX_POINT('',#491);
#491 = CARTESIAN_POINT('',(5.301274925789,-3.348999953712,3.853327940718
    ));
#492 = LINE('',#493,#494);
#493 = CARTESIAN_POINT('',(5.301274925789,-3.348999953712,3.853327940718
    ));
#494 = VECTOR('',#495,1.);
#495 = DIRECTION('',(0.,1.,0.));
#496 = ORIENTED_EDGE('',*,*,#497,.F.);
#497 = EDGE_CURVE('',#466,#490,#498,.T.);
#498 = LINE('',#499,#500);
#499 = CARTESIAN_POINT('',(5.301274925789,-3.348999953712,3.853327940718
    ));
#500 = VECTOR('',#501,1.);
#501 = DIRECTION('',(0.,0.,1.));
#502 = ORIENTED_EDGE('',*,*,#465,.T.);
#503 = PLANE('',#504);
#504 = AXIS2_PLACEMENT_3D('',#505,#506,#507);
#505 = CARTESIAN_POINT('',(5.301274925789,-3.348999953712,3.853327940718
    ));
#506 = DIRECTION('',(-1.,0.,0.));
#507 = DIRECTION('',(0.,0.,1.));
#508 = ADVANCED_FACE('',(#509),#520,.F.);
#509 = FACE_BOUND('',#510,.T.);
#510 = EDGE_LOOP('',(#511,#512,#513,#519));
#511 = ORIENTED_EDGE('',*,*,#57,.T.);
#512 = ORIENTED_EDGE('',*,*,#450,.F.);
#513 = ORIENTED_EDGE('',*,*,#514,.F.);
#514 = EDGE_CURVE('',#490,#443,#515,.T.);
#515 = LINE('',#516,#517);
#516 = CARTESIAN_POINT('',(3.299557699893,-3.348999953712,3.853327940718
    ));
#517 = VECTOR('',#518,1.);
#518 = DIRECTION('',(-1.,-0.,-0.));
#519 = ORIENTED_EDGE('',*,*,#489,.T.);
#520 = PLANE('',#521);
#521 = AXIS2_PLACEMENT_3D('',#522,#523,#524);
#522 = CARTESIAN_POINT('',(3.299557699893,-3.348999953712,3.853327940718
    ));
#523 = DIRECTION('',(0.,0.,-1.));
#524 = DIRECTION('',(-1.,0.,0.));
#525 = ADVANCED_FACE('',(#526),#532,.F.);
#526 = FACE_BOUND('',#527,.T.);
#527 = EDGE_LOOP('',(#528,#529,#530,#531));
#528 = ORIENTED_EDGE('',*,*,#442,.T.);
#529 = ORIENTED_EDGE('',*,*,#473,.T.);
#530 = ORIENTED_EDGE('',*,*,#497,.T.);
#531 = ORIENTED_EDGE('',*,*,#514,.T.);
#532 = PLANE('',#533);
#533 = AXIS2_PLACEMENT_3D('',#534,#535,#536);
#534 = CARTESIAN_POINT('',(-5.00011437181E-03,-3.348999953712,
    7.900000393909));
#535 = DIRECTION('',(0.,1.,0.));
#536 = DIRECTION('',(0.,-0.,1.));
#537 = ADVANCED_FACE('',(#538),#563,.F.);
#538 = FACE_BOUND('',#539,.T.);
#539 = EDGE_LOOP('',(#540,#541,#549,#557));
#540 = ORIENTED_EDGE('',*,*,#115,.T.);
#541 = ORIENTED_EDGE('',*,*,#542,.F.);
#542 = EDGE_CURVE('',#543,#118,#545,.T.);
#543 = VERTEX_POINT('',#544);
#544 = CARTESIAN_POINT('',(-3.309557928636,-3.348999953712,
    2.830705682739));
#545 = LINE('',#546,#547);
#546 = CARTESIAN_POINT('',(-3.309557928636,-3.348999953712,
    2.830705682739));
#547 = VECTOR('',#548,1.);
#548 = DIRECTION('',(0.,1.,0.));
#549 = ORIENTED_EDGE('',*,*,#550,.F.);
#550 = EDGE_CURVE('',#551,#543,#553,.T.);
#551 = VERTEX_POINT('',#552);
#552 = CARTESIAN_POINT('',(-5.311275154533,-3.348999953712,
    2.830705682739));
#553 = LINE('',#554,#555);
#554 = CARTESIAN_POINT('',(-5.311275154533,-3.348999953712,
    2.830705682739));
#555 = VECTOR('',#556,1.);
#556 = DIRECTION('',(1.,0.,0.));
#557 = ORIENTED_EDGE('',*,*,#558,.T.);
#558 = EDGE_CURVE('',#551,#116,#559,.T.);
#559 = LINE('',#560,#561);
#560 = CARTESIAN_POINT('',(-5.311275154533,-3.348999953712,
    2.830705682739));
#561 = VECTOR('',#562,1.);
#562 = DIRECTION('',(0.,1.,0.));
#563 = PLANE('',#564);
#564 = AXIS2_PLACEMENT_3D('',#565,#566,#567);
#565 = CARTESIAN_POINT('',(-5.311275154533,-3.348999953712,
    2.830705682739));
#566 = DIRECTION('',(0.,0.,1.));
#567 = DIRECTION('',(1.,0.,-0.));
#568 = ADVANCED_FACE('',(#569),#587,.F.);
#569 = FACE_BOUND('',#570,.T.);
#570 = EDGE_LOOP('',(#571,#572,#580,#586));
#571 = ORIENTED_EDGE('',*,*,#141,.T.);
#572 = ORIENTED_EDGE('',*,*,#573,.F.);
#573 = EDGE_CURVE('',#574,#134,#576,.T.);
#574 = VERTEX_POINT('',#575);
#575 = CARTESIAN_POINT('',(-3.309557928636,-3.348999953712,
    3.853327940718));
#576 = LINE('',#577,#578);
#577 = CARTESIAN_POINT('',(-3.309557928636,-3.348999953712,
    3.853327940718));
#578 = VECTOR('',#579,1.);
#579 = DIRECTION('',(0.,1.,0.));
#580 = ORIENTED_EDGE('',*,*,#581,.F.);
#581 = EDGE_CURVE('',#543,#574,#582,.T.);
#582 = LINE('',#583,#584);
#583 = CARTESIAN_POINT('',(-3.309557928636,-3.348999953712,
    2.830705682739));
#584 = VECTOR('',#585,1.);
#585 = DIRECTION('',(0.,0.,1.));
#586 = ORIENTED_EDGE('',*,*,#542,.T.);
#587 = PLANE('',#588);
#588 = AXIS2_PLACEMENT_3D('',#589,#590,#591);
#589 = CARTESIAN_POINT('',(-3.309557928636,-3.348999953712,
    2.830705682739));
#590 = DIRECTION('',(-1.,0.,0.));
#591 = DIRECTION('',(0.,0.,1.));
#592 = ADVANCED_FACE('',(#593),#611,.F.);
#593 = FACE_BOUND('',#594,.T.);
#594 = EDGE_LOOP('',(#595,#596,#604,#610));
#595 = ORIENTED_EDGE('',*,*,#133,.T.);
#596 = ORIENTED_EDGE('',*,*,#597,.F.);
#597 = EDGE_CURVE('',#598,#126,#600,.T.);
#598 = VERTEX_POINT('',#599);
#599 = CARTESIAN_POINT('',(-5.311275154533,-3.348999953712,
    3.853327940718));
#600 = LINE('',#601,#602);
#601 = CARTESIAN_POINT('',(-5.311275154533,-3.348999953712,
    3.853327940718));
#602 = VECTOR('',#603,1.);
#603 = DIRECTION('',(0.,1.,0.));
#604 = ORIENTED_EDGE('',*,*,#605,.F.);
#605 = EDGE_CURVE('',#574,#598,#606,.T.);
#606 = LINE('',#607,#608);
#607 = CARTESIAN_POINT('',(-3.309557928636,-3.348999953712,
    3.853327940718));
#608 = VECTOR('',#609,1.);
#609 = DIRECTION('',(-1.,0.,0.));
#610 = ORIENTED_EDGE('',*,*,#573,.T.);
#611 = PLANE('',#612);
#612 = AXIS2_PLACEMENT_3D('',#613,#614,#615);
#613 = CARTESIAN_POINT('',(-3.309557928636,-3.348999953712,
    3.853327940718));
#614 = DIRECTION('',(0.,0.,-1.));
#615 = DIRECTION('',(-1.,0.,0.));
#616 = ADVANCED_FACE('',(#617),#628,.F.);
#617 = FACE_BOUND('',#618,.T.);
#618 = EDGE_LOOP('',(#619,#620,#621,#627));
#619 = ORIENTED_EDGE('',*,*,#125,.T.);
#620 = ORIENTED_EDGE('',*,*,#558,.F.);
#621 = ORIENTED_EDGE('',*,*,#622,.F.);
#622 = EDGE_CURVE('',#598,#551,#623,.T.);
#623 = LINE('',#624,#625);
#624 = CARTESIAN_POINT('',(-5.311275154533,-3.348999953712,
    3.853327940718));
#625 = VECTOR('',#626,1.);
#626 = DIRECTION('',(0.,0.,-1.));
#627 = ORIENTED_EDGE('',*,*,#597,.T.);
#628 = PLANE('',#629);
#629 = AXIS2_PLACEMENT_3D('',#630,#631,#632);
#630 = CARTESIAN_POINT('',(-5.311275154533,-3.348999953712,
    3.853327940718));
#631 = DIRECTION('',(1.,0.,0.));
#632 = DIRECTION('',(0.,0.,-1.));
#633 = ADVANCED_FACE('',(#634),#640,.T.);
#634 = FACE_BOUND('',#635,.T.);
#635 = EDGE_LOOP('',(#636,#637,#638,#639));
#636 = ORIENTED_EDGE('',*,*,#550,.T.);
#637 = ORIENTED_EDGE('',*,*,#581,.T.);
#638 = ORIENTED_EDGE('',*,*,#605,.T.);
#639 = ORIENTED_EDGE('',*,*,#622,.T.);
#640 = PLANE('',#641);
#641 = AXIS2_PLACEMENT_3D('',#642,#643,#644);
#642 = CARTESIAN_POINT('',(-5.00011437181E-03,-3.348999953712,
    7.900000393909));
#643 = DIRECTION('',(0.,-1.,0.));
#644 = DIRECTION('',(0.,0.,-1.));
#645 = ADVANCED_FACE('',(#646),#671,.T.);
#646 = FACE_BOUND('',#647,.T.);
#647 = EDGE_LOOP('',(#648,#649,#657,#665));
#648 = ORIENTED_EDGE('',*,*,#254,.F.);
#649 = ORIENTED_EDGE('',*,*,#650,.F.);
#650 = EDGE_CURVE('',#651,#247,#653,.T.);
#651 = VERTEX_POINT('',#652);
#652 = CARTESIAN_POINT('',(3.299557699893,3.348999953712,3.853327940718)
  );
#653 = LINE('',#654,#655);
#654 = CARTESIAN_POINT('',(3.299557699893,3.348999953712,3.853327940718)
  );
#655 = VECTOR('',#656,1.);
#656 = DIRECTION('',(-0.,-1.,-0.));
#657 = ORIENTED_EDGE('',*,*,#658,.T.);
#658 = EDGE_CURVE('',#651,#659,#661,.T.);
#659 = VERTEX_POINT('',#660);
#660 = CARTESIAN_POINT('',(3.299557699893,3.348999953712,2.830705682739)
  );
#661 = LINE('',#662,#663);
#662 = CARTESIAN_POINT('',(3.299557699893,3.348999953712,2.830705682739)
  );
#663 = VECTOR('',#664,1.);
#664 = DIRECTION('',(0.,0.,-1.));
#665 = ORIENTED_EDGE('',*,*,#666,.T.);
#666 = EDGE_CURVE('',#659,#255,#667,.T.);
#667 = LINE('',#668,#669);
#668 = CARTESIAN_POINT('',(3.299557699893,3.348999953712,2.830705682739)
  );
#669 = VECTOR('',#670,1.);
#670 = DIRECTION('',(-0.,-1.,-0.));
#671 = PLANE('',#672);
#672 = AXIS2_PLACEMENT_3D('',#673,#674,#675);
#673 = CARTESIAN_POINT('',(3.299557699893,3.348999953712,2.830705682739)
  );
#674 = DIRECTION('',(-1.,0.,0.));
#675 = DIRECTION('',(0.,0.,1.));
#676 = ADVANCED_FACE('',(#677),#695,.T.);
#677 = FACE_BOUND('',#678,.T.);
#678 = EDGE_LOOP('',(#679,#680,#688,#694));
#679 = ORIENTED_EDGE('',*,*,#244,.F.);
#680 = ORIENTED_EDGE('',*,*,#681,.F.);
#681 = EDGE_CURVE('',#682,#245,#684,.T.);
#682 = VERTEX_POINT('',#683);
#683 = CARTESIAN_POINT('',(5.301274925789,3.348999953712,3.853327940718)
  );
#684 = LINE('',#685,#686);
#685 = CARTESIAN_POINT('',(5.301274925789,3.348999953712,3.853327940718)
  );
#686 = VECTOR('',#687,1.);
#687 = DIRECTION('',(-0.,-1.,-0.));
#688 = ORIENTED_EDGE('',*,*,#689,.T.);
#689 = EDGE_CURVE('',#682,#651,#690,.T.);
#690 = LINE('',#691,#692);
#691 = CARTESIAN_POINT('',(3.299557699893,3.348999953712,3.853327940718)
  );
#692 = VECTOR('',#693,1.);
#693 = DIRECTION('',(-1.,0.,0.));
#694 = ORIENTED_EDGE('',*,*,#650,.T.);
#695 = PLANE('',#696);
#696 = AXIS2_PLACEMENT_3D('',#697,#698,#699);
#697 = CARTESIAN_POINT('',(3.299557699893,3.348999953712,3.853327940718)
  );
#698 = DIRECTION('',(0.,0.,1.));
#699 = DIRECTION('',(1.,0.,-0.));
#700 = ADVANCED_FACE('',(#701),#719,.T.);
#701 = FACE_BOUND('',#702,.T.);
#702 = EDGE_LOOP('',(#703,#704,#712,#718));
#703 = ORIENTED_EDGE('',*,*,#270,.F.);
#704 = ORIENTED_EDGE('',*,*,#705,.F.);
#705 = EDGE_CURVE('',#706,#263,#708,.T.);
#706 = VERTEX_POINT('',#707);
#707 = CARTESIAN_POINT('',(5.301274925789,3.348999953712,2.830705682739)
  );
#708 = LINE('',#709,#710);
#709 = CARTESIAN_POINT('',(5.301274925789,3.348999953712,2.830705682739)
  );
#710 = VECTOR('',#711,1.);
#711 = DIRECTION('',(-0.,-1.,-0.));
#712 = ORIENTED_EDGE('',*,*,#713,.T.);
#713 = EDGE_CURVE('',#706,#682,#714,.T.);
#714 = LINE('',#715,#716);
#715 = CARTESIAN_POINT('',(5.301274925789,3.348999953712,3.853327940718)
  );
#716 = VECTOR('',#717,1.);
#717 = DIRECTION('',(0.,0.,1.));
#718 = ORIENTED_EDGE('',*,*,#681,.T.);
#719 = PLANE('',#720);
#720 = AXIS2_PLACEMENT_3D('',#721,#722,#723);
#721 = CARTESIAN_POINT('',(5.301274925789,3.348999953712,3.853327940718)
  );
#722 = DIRECTION('',(1.,0.,0.));
#723 = DIRECTION('',(0.,0.,-1.));
#724 = ADVANCED_FACE('',(#725),#736,.T.);
#725 = FACE_BOUND('',#726,.T.);
#726 = EDGE_LOOP('',(#727,#728,#729,#735));
#727 = ORIENTED_EDGE('',*,*,#262,.F.);
#728 = ORIENTED_EDGE('',*,*,#666,.F.);
#729 = ORIENTED_EDGE('',*,*,#730,.T.);
#730 = EDGE_CURVE('',#659,#706,#731,.T.);
#731 = LINE('',#732,#733);
#732 = CARTESIAN_POINT('',(5.301274925789,3.348999953712,2.830705682739)
  );
#733 = VECTOR('',#734,1.);
#734 = DIRECTION('',(1.,0.,0.));
#735 = ORIENTED_EDGE('',*,*,#705,.T.);
#736 = PLANE('',#737);
#737 = AXIS2_PLACEMENT_3D('',#738,#739,#740);
#738 = CARTESIAN_POINT('',(5.301274925789,3.348999953712,2.830705682739)
  );
#739 = DIRECTION('',(0.,0.,-1.));
#740 = DIRECTION('',(-1.,0.,0.));
#741 = ADVANCED_FACE('',(#742),#748,.F.);
#742 = FACE_BOUND('',#743,.T.);
#743 = EDGE_LOOP('',(#744,#745,#746,#747));
#744 = ORIENTED_EDGE('',*,*,#658,.F.);
#745 = ORIENTED_EDGE('',*,*,#689,.F.);
#746 = ORIENTED_EDGE('',*,*,#713,.F.);
#747 = ORIENTED_EDGE('',*,*,#730,.F.);
#748 = PLANE('',#749);
#749 = AXIS2_PLACEMENT_3D('',#750,#751,#752);
#750 = CARTESIAN_POINT('',(-5.00011437181E-03,3.348999953712,
    7.900000393909));
#751 = DIRECTION('',(0.,-1.,0.));
#752 = DIRECTION('',(0.,0.,1.));
#753 = ADVANCED_FACE('',(#754),#779,.T.);
#754 = FACE_BOUND('',#755,.T.);
#755 = EDGE_LOOP('',(#756,#757,#765,#773));
#756 = ORIENTED_EDGE('',*,*,#220,.F.);
#757 = ORIENTED_EDGE('',*,*,#758,.F.);
#758 = EDGE_CURVE('',#759,#213,#761,.T.);
#759 = VERTEX_POINT('',#760);
#760 = CARTESIAN_POINT('',(-5.311275154533,3.348999953712,2.830705682739
    ));
#761 = LINE('',#762,#763);
#762 = CARTESIAN_POINT('',(-5.311275154533,3.348999953712,2.830705682739
    ));
#763 = VECTOR('',#764,1.);
#764 = DIRECTION('',(-0.,-1.,-0.));
#765 = ORIENTED_EDGE('',*,*,#766,.T.);
#766 = EDGE_CURVE('',#759,#767,#769,.T.);
#767 = VERTEX_POINT('',#768);
#768 = CARTESIAN_POINT('',(-3.309557928636,3.348999953712,2.830705682739
    ));
#769 = LINE('',#770,#771);
#770 = CARTESIAN_POINT('',(-5.311275154533,3.348999953712,2.830705682739
    ));
#771 = VECTOR('',#772,1.);
#772 = DIRECTION('',(1.,0.,0.));
#773 = ORIENTED_EDGE('',*,*,#774,.T.);
#774 = EDGE_CURVE('',#767,#221,#775,.T.);
#775 = LINE('',#776,#777);
#776 = CARTESIAN_POINT('',(-3.309557928636,3.348999953712,2.830705682739
    ));
#777 = VECTOR('',#778,1.);
#778 = DIRECTION('',(-0.,-1.,-0.));
#779 = PLANE('',#780);
#780 = AXIS2_PLACEMENT_3D('',#781,#782,#783);
#781 = CARTESIAN_POINT('',(-5.311275154533,3.348999953712,2.830705682739
    ));
#782 = DIRECTION('',(0.,0.,-1.));
#783 = DIRECTION('',(-1.,0.,0.));
#784 = ADVANCED_FACE('',(#785),#803,.T.);
#785 = FACE_BOUND('',#786,.T.);
#786 = EDGE_LOOP('',(#787,#788,#796,#802));
#787 = ORIENTED_EDGE('',*,*,#210,.F.);
#788 = ORIENTED_EDGE('',*,*,#789,.F.);
#789 = EDGE_CURVE('',#790,#211,#792,.T.);
#790 = VERTEX_POINT('',#791);
#791 = CARTESIAN_POINT('',(-5.311275154533,3.348999953712,3.853327940718
    ));
#792 = LINE('',#793,#794);
#793 = CARTESIAN_POINT('',(-5.311275154533,3.348999953712,3.853327940718
    ));
#794 = VECTOR('',#795,1.);
#795 = DIRECTION('',(-0.,-1.,-0.));
#796 = ORIENTED_EDGE('',*,*,#797,.T.);
#797 = EDGE_CURVE('',#790,#759,#798,.T.);
#798 = LINE('',#799,#800);
#799 = CARTESIAN_POINT('',(-5.311275154533,3.348999953712,3.853327940718
    ));
#800 = VECTOR('',#801,1.);
#801 = DIRECTION('',(0.,0.,-1.));
#802 = ORIENTED_EDGE('',*,*,#758,.T.);
#803 = PLANE('',#804);
#804 = AXIS2_PLACEMENT_3D('',#805,#806,#807);
#805 = CARTESIAN_POINT('',(-5.311275154533,3.348999953712,3.853327940718
    ));
#806 = DIRECTION('',(-1.,0.,0.));
#807 = DIRECTION('',(0.,0.,1.));
#808 = ADVANCED_FACE('',(#809),#827,.T.);
#809 = FACE_BOUND('',#810,.T.);
#810 = EDGE_LOOP('',(#811,#812,#820,#826));
#811 = ORIENTED_EDGE('',*,*,#236,.F.);
#812 = ORIENTED_EDGE('',*,*,#813,.F.);
#813 = EDGE_CURVE('',#814,#229,#816,.T.);
#814 = VERTEX_POINT('',#815);
#815 = CARTESIAN_POINT('',(-3.309557928636,3.348999953712,3.853327940718
    ));
#816 = LINE('',#817,#818);
#817 = CARTESIAN_POINT('',(-3.309557928636,3.348999953712,3.853327940718
    ));
#818 = VECTOR('',#819,1.);
#819 = DIRECTION('',(-0.,-1.,-0.));
#820 = ORIENTED_EDGE('',*,*,#821,.T.);
#821 = EDGE_CURVE('',#814,#790,#822,.T.);
#822 = LINE('',#823,#824);
#823 = CARTESIAN_POINT('',(-3.309557928636,3.348999953712,3.853327940718
    ));
#824 = VECTOR('',#825,1.);
#825 = DIRECTION('',(-1.,0.,0.));
#826 = ORIENTED_EDGE('',*,*,#789,.T.);
#827 = PLANE('',#828);
#828 = AXIS2_PLACEMENT_3D('',#829,#830,#831);
#829 = CARTESIAN_POINT('',(-3.309557928636,3.348999953712,3.853327940718
    ));
#830 = DIRECTION('',(0.,0.,1.));
#831 = DIRECTION('',(1.,0.,-0.));
#832 = ADVANCED_FACE('',(#833),#844,.T.);
#833 = FACE_BOUND('',#834,.T.);
#834 = EDGE_LOOP('',(#835,#836,#837,#843));
#835 = ORIENTED_EDGE('',*,*,#228,.F.);
#836 = ORIENTED_EDGE('',*,*,#774,.F.);
#837 = ORIENTED_EDGE('',*,*,#838,.T.);
#838 = EDGE_CURVE('',#767,#814,#839,.T.);
#839 = LINE('',#840,#841);
#840 = CARTESIAN_POINT('',(-3.309557928636,3.348999953712,2.830705682739
    ));
#841 = VECTOR('',#842,1.);
#842 = DIRECTION('',(0.,0.,1.));
#843 = ORIENTED_EDGE('',*,*,#813,.T.);
#844 = PLANE('',#845);
#845 = AXIS2_PLACEMENT_3D('',#846,#847,#848);
#846 = CARTESIAN_POINT('',(-3.309557928636,3.348999953712,2.830705682739
    ));
#847 = DIRECTION('',(1.,0.,0.));
#848 = DIRECTION('',(0.,0.,-1.));
#849 = ADVANCED_FACE('',(#850),#856,.T.);
#850 = FACE_BOUND('',#851,.T.);
#851 = EDGE_LOOP('',(#852,#853,#854,#855));
#852 = ORIENTED_EDGE('',*,*,#766,.F.);
#853 = ORIENTED_EDGE('',*,*,#797,.F.);
#854 = ORIENTED_EDGE('',*,*,#821,.F.);
#855 = ORIENTED_EDGE('',*,*,#838,.F.);
#856 = PLANE('',#857);
#857 = AXIS2_PLACEMENT_3D('',#858,#859,#860);
#858 = CARTESIAN_POINT('',(-5.00011437181E-03,3.348999953712,
    7.900000393909));
#859 = DIRECTION('',(0.,1.,0.));
#860 = DIRECTION('',(0.,0.,-1.));
#861 = ADVANCED_FACE('',(#862),#887,.F.);
#862 = FACE_BOUND('',#863,.T.);
#863 = EDGE_LOOP('',(#864,#872,#880,#886));
#864 = ORIENTED_EDGE('',*,*,#865,.T.);
#865 = EDGE_CURVE('',#390,#866,#868,.T.);
#866 = VERTEX_POINT('',#867);
#867 = CARTESIAN_POINT('',(-0.405000108843,-1.184279046486,
    0.748752256476));
#868 = LINE('',#869,#870);
#869 = CARTESIAN_POINT('',(-0.405000108843,-1.184279046486,
    1.500000482366));
#870 = VECTOR('',#871,1.);
#871 = DIRECTION('',(0.,0.,-1.));
#872 = ORIENTED_EDGE('',*,*,#873,.F.);
#873 = EDGE_CURVE('',#874,#866,#876,.T.);
#874 = VERTEX_POINT('',#875);
#875 = CARTESIAN_POINT('',(0.3949998801,-1.184279046486,0.748752256476)
  );
#876 = LINE('',#877,#878);
#877 = CARTESIAN_POINT('',(0.3949998801,-1.184279046486,0.748752256476)
  );
#878 = VECTOR('',#879,1.);
#879 = DIRECTION('',(-1.,-0.,-0.));
#880 = ORIENTED_EDGE('',*,*,#881,.F.);
#881 = EDGE_CURVE('',#388,#874,#882,.T.);
#882 = LINE('',#883,#884);
#883 = CARTESIAN_POINT('',(0.3949998801,-1.184279046486,1.500000482366)
  );
#884 = VECTOR('',#885,1.);
#885 = DIRECTION('',(0.,0.,-1.));
#886 = ORIENTED_EDGE('',*,*,#387,.T.);
#887 = PLANE('',#888);
#888 = AXIS2_PLACEMENT_3D('',#889,#890,#891);
#889 = CARTESIAN_POINT('',(0.3949998801,-1.184279046486,1.500000482366)
  );
#890 = DIRECTION('',(0.,1.,0.));
#891 = DIRECTION('',(0.,-0.,1.));
#892 = ADVANCED_FACE('',(#893),#918,.F.);
#893 = FACE_BOUND('',#894,.T.);
#894 = EDGE_LOOP('',(#895,#903,#911,#917));
#895 = ORIENTED_EDGE('',*,*,#896,.T.);
#896 = EDGE_CURVE('',#866,#897,#899,.T.);
#897 = VERTEX_POINT('',#898);
#898 = CARTESIAN_POINT('',(-0.405000108843,-0.649999991016,
    0.214473201006));
#899 = LINE('',#900,#901);
#900 = CARTESIAN_POINT('',(-0.405000108843,-1.184279046486,
    0.748752256476));
#901 = VECTOR('',#902,1.);
#902 = DIRECTION('',(0.,0.707106781187,-0.707106781187));
#903 = ORIENTED_EDGE('',*,*,#904,.F.);
#904 = EDGE_CURVE('',#905,#897,#907,.T.);
#905 = VERTEX_POINT('',#906);
#906 = CARTESIAN_POINT('',(0.3949998801,-0.649999991016,0.214473201006)
  );
#907 = LINE('',#908,#909);
#908 = CARTESIAN_POINT('',(0.3949998801,-0.649999991016,0.214473201006)
  );
#909 = VECTOR('',#910,1.);
#910 = DIRECTION('',(-1.,-0.,-0.));
#911 = ORIENTED_EDGE('',*,*,#912,.F.);
#912 = EDGE_CURVE('',#874,#905,#913,.T.);
#913 = LINE('',#914,#915);
#914 = CARTESIAN_POINT('',(0.3949998801,-1.184279046486,0.748752256476)
  );
#915 = VECTOR('',#916,1.);
#916 = DIRECTION('',(0.,0.707106781187,-0.707106781187));
#917 = ORIENTED_EDGE('',*,*,#873,.T.);
#918 = PLANE('',#919);
#919 = AXIS2_PLACEMENT_3D('',#920,#921,#922);
#920 = CARTESIAN_POINT('',(0.3949998801,-1.184279046486,0.748752256476)
  );
#921 = DIRECTION('',(0.,0.707106781187,0.707106781187));
#922 = DIRECTION('',(0.,-0.707106781187,0.707106781187));
#923 = ADVANCED_FACE('',(#924),#949,.F.);
#924 = FACE_BOUND('',#925,.T.);
#925 = EDGE_LOOP('',(#926,#934,#942,#948));
#926 = ORIENTED_EDGE('',*,*,#927,.T.);
#927 = EDGE_CURVE('',#897,#928,#930,.T.);
#928 = VERTEX_POINT('',#929);
#929 = CARTESIAN_POINT('',(-0.405000108843,-0.649999991016,
    -4.349999436779));
#930 = LINE('',#931,#932);
#931 = CARTESIAN_POINT('',(-0.405000108843,-0.649999991016,
    0.214473201006));
#932 = VECTOR('',#933,1.);
#933 = DIRECTION('',(0.,0.,-1.));
#934 = ORIENTED_EDGE('',*,*,#935,.F.);
#935 = EDGE_CURVE('',#936,#928,#938,.T.);
#936 = VERTEX_POINT('',#937);
#937 = CARTESIAN_POINT('',(0.3949998801,-0.649999991016,-4.349999436779)
  );
#938 = LINE('',#939,#940);
#939 = CARTESIAN_POINT('',(0.3949998801,-0.649999991016,-4.349999436779)
  );
#940 = VECTOR('',#941,1.);
#941 = DIRECTION('',(-1.,-0.,-0.));
#942 = ORIENTED_EDGE('',*,*,#943,.F.);
#943 = EDGE_CURVE('',#905,#936,#944,.T.);
#944 = LINE('',#945,#946);
#945 = CARTESIAN_POINT('',(0.3949998801,-0.649999991016,0.214473201006)
  );
#946 = VECTOR('',#947,1.);
#947 = DIRECTION('',(0.,0.,-1.));
#948 = ORIENTED_EDGE('',*,*,#904,.T.);
#949 = PLANE('',#950);
#950 = AXIS2_PLACEMENT_3D('',#951,#952,#953);
#951 = CARTESIAN_POINT('',(0.3949998801,-0.649999991016,0.214473201006)
  );
#952 = DIRECTION('',(0.,1.,0.));
#953 = DIRECTION('',(0.,-0.,1.));
#954 = ADVANCED_FACE('',(#955),#982,.T.);
#955 = FACE_BOUND('',#956,.T.);
#956 = EDGE_LOOP('',(#957,#966,#974,#981));
#957 = ORIENTED_EDGE('',*,*,#958,.T.);
#958 = EDGE_CURVE('',#928,#959,#961,.T.);
#959 = VERTEX_POINT('',#960);
#960 = CARTESIAN_POINT('',(-0.405000108843,0.649999991016,
    -4.349999436779));
#961 = CIRCLE('',#962,0.649999991016);
#962 = AXIS2_PLACEMENT_3D('',#963,#964,#965);
#963 = CARTESIAN_POINT('',(-0.405000108843,-1.194030612666E-16,
    -4.349999436779));
#964 = DIRECTION('',(1.,-0.,0.));
#965 = DIRECTION('',(0.,0.,-1.));
#966 = ORIENTED_EDGE('',*,*,#967,.F.);
#967 = EDGE_CURVE('',#968,#959,#970,.T.);
#968 = VERTEX_POINT('',#969);
#969 = CARTESIAN_POINT('',(0.3949998801,0.649999991016,-4.349999436779)
  );
#970 = LINE('',#971,#972);
#971 = CARTESIAN_POINT('',(0.3949998801,0.649999991016,-4.349999436779)
  );
#972 = VECTOR('',#973,1.);
#973 = DIRECTION('',(-1.,-0.,-0.));
#974 = ORIENTED_EDGE('',*,*,#975,.F.);
#975 = EDGE_CURVE('',#936,#968,#976,.T.);
#976 = CIRCLE('',#977,0.649999991016);
#977 = AXIS2_PLACEMENT_3D('',#978,#979,#980);
#978 = CARTESIAN_POINT('',(0.3949998801,-1.194030612666E-16,
    -4.349999436779));
#979 = DIRECTION('',(1.,-0.,0.));
#980 = DIRECTION('',(0.,0.,-1.));
#981 = ORIENTED_EDGE('',*,*,#935,.T.);
#982 = CYLINDRICAL_SURFACE('',#983,0.649999991016);
#983 = AXIS2_PLACEMENT_3D('',#984,#985,#986);
#984 = CARTESIAN_POINT('',(0.3949998801,-1.194030612666E-16,
    -4.349999436779));
#985 = DIRECTION('',(-1.,-0.,-0.));
#986 = DIRECTION('',(-0.,0.,1.));
#987 = ADVANCED_FACE('',(#988),#1013,.F.);
#988 = FACE_BOUND('',#989,.T.);
#989 = EDGE_LOOP('',(#990,#998,#1006,#1012));
#990 = ORIENTED_EDGE('',*,*,#991,.T.);
#991 = EDGE_CURVE('',#959,#992,#994,.T.);
#992 = VERTEX_POINT('',#993);
#993 = CARTESIAN_POINT('',(-0.405000108843,0.649999991016,0.214473201006
    ));
#994 = LINE('',#995,#996);
#995 = CARTESIAN_POINT('',(-0.405000108843,0.649999991016,0.214473201006
    ));
#996 = VECTOR('',#997,1.);
#997 = DIRECTION('',(0.,0.,1.));
#998 = ORIENTED_EDGE('',*,*,#999,.F.);
#999 = EDGE_CURVE('',#1000,#992,#1002,.T.);
#1000 = VERTEX_POINT('',#1001);
#1001 = CARTESIAN_POINT('',(0.3949998801,0.649999991016,0.214473201006)
  );
#1002 = LINE('',#1003,#1004);
#1003 = CARTESIAN_POINT('',(0.3949998801,0.649999991016,0.214473201006)
  );
#1004 = VECTOR('',#1005,1.);
#1005 = DIRECTION('',(-1.,-0.,-0.));
#1006 = ORIENTED_EDGE('',*,*,#1007,.F.);
#1007 = EDGE_CURVE('',#968,#1000,#1008,.T.);
#1008 = LINE('',#1009,#1010);
#1009 = CARTESIAN_POINT('',(0.3949998801,0.649999991016,0.214473201006)
  );
#1010 = VECTOR('',#1011,1.);
#1011 = DIRECTION('',(0.,0.,1.));
#1012 = ORIENTED_EDGE('',*,*,#967,.T.);
#1013 = PLANE('',#1014);
#1014 = AXIS2_PLACEMENT_3D('',#1015,#1016,#1017);
#1015 = CARTESIAN_POINT('',(0.3949998801,0.649999991016,0.214473201006)
  );
#1016 = DIRECTION('',(0.,-1.,0.));
#1017 = DIRECTION('',(0.,0.,-1.));
#1018 = ADVANCED_FACE('',(#1019),#1044,.F.);
#1019 = FACE_BOUND('',#1020,.T.);
#1020 = EDGE_LOOP('',(#1021,#1029,#1037,#1043));
#1021 = ORIENTED_EDGE('',*,*,#1022,.T.);
#1022 = EDGE_CURVE('',#992,#1023,#1025,.T.);
#1023 = VERTEX_POINT('',#1024);
#1024 = CARTESIAN_POINT('',(-0.405000108843,1.184279046486,
    0.748752256476));
#1025 = LINE('',#1026,#1027);
#1026 = CARTESIAN_POINT('',(-0.405000108843,1.184279046486,
    0.748752256476));
#1027 = VECTOR('',#1028,1.);
#1028 = DIRECTION('',(0.,0.707106781187,0.707106781187));
#1029 = ORIENTED_EDGE('',*,*,#1030,.F.);
#1030 = EDGE_CURVE('',#1031,#1023,#1033,.T.);
#1031 = VERTEX_POINT('',#1032);
#1032 = CARTESIAN_POINT('',(0.3949998801,1.184279046486,0.748752256476)
  );
#1033 = LINE('',#1034,#1035);
#1034 = CARTESIAN_POINT('',(0.3949998801,1.184279046486,0.748752256476)
  );
#1035 = VECTOR('',#1036,1.);
#1036 = DIRECTION('',(-1.,-0.,-0.));
#1037 = ORIENTED_EDGE('',*,*,#1038,.F.);
#1038 = EDGE_CURVE('',#1000,#1031,#1039,.T.);
#1039 = LINE('',#1040,#1041);
#1040 = CARTESIAN_POINT('',(0.3949998801,1.184279046486,0.748752256476)
  );
#1041 = VECTOR('',#1042,1.);
#1042 = DIRECTION('',(0.,0.707106781187,0.707106781187));
#1043 = ORIENTED_EDGE('',*,*,#999,.T.);
#1044 = PLANE('',#1045);
#1045 = AXIS2_PLACEMENT_3D('',#1046,#1047,#1048);
#1046 = CARTESIAN_POINT('',(0.3949998801,1.184279046486,0.748752256476)
  );
#1047 = DIRECTION('',(0.,-0.707106781187,0.707106781187));
#1048 = DIRECTION('',(0.,-0.707106781187,-0.707106781187));
#1049 = ADVANCED_FACE('',(#1050),#1066,.F.);
#1050 = FACE_BOUND('',#1051,.T.);
#1051 = EDGE_LOOP('',(#1052,#1058,#1059,#1065));
#1052 = ORIENTED_EDGE('',*,*,#1053,.T.);
#1053 = EDGE_CURVE('',#1023,#406,#1054,.T.);
#1054 = LINE('',#1055,#1056);
#1055 = CARTESIAN_POINT('',(-0.405000108843,1.184279046486,
    1.500000482366));
#1056 = VECTOR('',#1057,1.);
#1057 = DIRECTION('',(0.,0.,1.));
#1058 = ORIENTED_EDGE('',*,*,#405,.F.);
#1059 = ORIENTED_EDGE('',*,*,#1060,.F.);
#1060 = EDGE_CURVE('',#1031,#398,#1061,.T.);
#1061 = LINE('',#1062,#1063);
#1062 = CARTESIAN_POINT('',(0.3949998801,1.184279046486,1.500000482366)
  );
#1063 = VECTOR('',#1064,1.);
#1064 = DIRECTION('',(0.,0.,1.));
#1065 = ORIENTED_EDGE('',*,*,#1030,.T.);
#1066 = PLANE('',#1067);
#1067 = AXIS2_PLACEMENT_3D('',#1068,#1069,#1070);
#1068 = CARTESIAN_POINT('',(0.3949998801,1.184279046486,1.500000482366)
  );
#1069 = DIRECTION('',(0.,-1.,0.));
#1070 = DIRECTION('',(0.,0.,-1.));
#1071 = ADVANCED_FACE('',(#1072),#1082,.T.);
#1072 = FACE_BOUND('',#1073,.T.);
#1073 = EDGE_LOOP('',(#1074,#1075,#1076,#1077,#1078,#1079,#1080,#1081));
#1074 = ORIENTED_EDGE('',*,*,#397,.T.);
#1075 = ORIENTED_EDGE('',*,*,#881,.T.);
#1076 = ORIENTED_EDGE('',*,*,#912,.T.);
#1077 = ORIENTED_EDGE('',*,*,#943,.T.);
#1078 = ORIENTED_EDGE('',*,*,#975,.T.);
#1079 = ORIENTED_EDGE('',*,*,#1007,.T.);
#1080 = ORIENTED_EDGE('',*,*,#1038,.T.);
#1081 = ORIENTED_EDGE('',*,*,#1060,.T.);
#1082 = PLANE('',#1083);
#1083 = AXIS2_PLACEMENT_3D('',#1084,#1085,#1086);
#1084 = CARTESIAN_POINT('',(0.3949998801,-1.194030612666E-16,
    -4.349999436779));
#1085 = DIRECTION('',(1.,0.,0.));
#1086 = DIRECTION('',(0.,0.,-1.));
#1087 = ADVANCED_FACE('',(#1088),#1098,.F.);
#1088 = FACE_BOUND('',#1089,.T.);
#1089 = EDGE_LOOP('',(#1090,#1091,#1092,#1093,#1094,#1095,#1096,#1097));
#1090 = ORIENTED_EDGE('',*,*,#413,.F.);
#1091 = ORIENTED_EDGE('',*,*,#1053,.F.);
#1092 = ORIENTED_EDGE('',*,*,#1022,.F.);
#1093 = ORIENTED_EDGE('',*,*,#991,.F.);
#1094 = ORIENTED_EDGE('',*,*,#958,.F.);
#1095 = ORIENTED_EDGE('',*,*,#927,.F.);
#1096 = ORIENTED_EDGE('',*,*,#896,.F.);
#1097 = ORIENTED_EDGE('',*,*,#865,.F.);
#1098 = PLANE('',#1099);
#1099 = AXIS2_PLACEMENT_3D('',#1100,#1101,#1102);
#1100 = CARTESIAN_POINT('',(-0.405000108843,-1.194030612666E-16,
    -4.349999436779));
#1101 = DIRECTION('',(1.,0.,0.));
#1102 = DIRECTION('',(0.,0.,-1.));
#1103 = ADVANCED_FACE('',(#1104),#1129,.F.);
#1104 = FACE_BOUND('',#1105,.T.);
#1105 = EDGE_LOOP('',(#1106,#1114,#1122,#1128));
#1106 = ORIENTED_EDGE('',*,*,#1107,.T.);
#1107 = EDGE_CURVE('',#356,#1108,#1110,.T.);
#1108 = VERTEX_POINT('',#1109);
#1109 = CARTESIAN_POINT('',(-5.105000043883,-1.184279046486,
    0.748752256476));
#1110 = LINE('',#1111,#1112);
#1111 = CARTESIAN_POINT('',(-5.105000043883,-1.184279046486,
    1.500000482366));
#1112 = VECTOR('',#1113,1.);
#1113 = DIRECTION('',(0.,0.,-1.));
#1114 = ORIENTED_EDGE('',*,*,#1115,.F.);
#1115 = EDGE_CURVE('',#1116,#1108,#1118,.T.);
#1116 = VERTEX_POINT('',#1117);
#1117 = CARTESIAN_POINT('',(-4.30500005494,-1.184279046486,
    0.748752256476));
#1118 = LINE('',#1119,#1120);
#1119 = CARTESIAN_POINT('',(-4.30500005494,-1.184279046486,
    0.748752256476));
#1120 = VECTOR('',#1121,1.);
#1121 = DIRECTION('',(-1.,-0.,-0.));
#1122 = ORIENTED_EDGE('',*,*,#1123,.F.);
#1123 = EDGE_CURVE('',#354,#1116,#1124,.T.);
#1124 = LINE('',#1125,#1126);
#1125 = CARTESIAN_POINT('',(-4.30500005494,-1.184279046486,
    1.500000482366));
#1126 = VECTOR('',#1127,1.);
#1127 = DIRECTION('',(0.,0.,-1.));
#1128 = ORIENTED_EDGE('',*,*,#353,.T.);
#1129 = PLANE('',#1130);
#1130 = AXIS2_PLACEMENT_3D('',#1131,#1132,#1133);
#1131 = CARTESIAN_POINT('',(-4.30500005494,-1.184279046486,
    1.500000482366));
#1132 = DIRECTION('',(0.,1.,0.));
#1133 = DIRECTION('',(0.,-0.,1.));
#1134 = ADVANCED_FACE('',(#1135),#1160,.F.);
#1135 = FACE_BOUND('',#1136,.T.);
#1136 = EDGE_LOOP('',(#1137,#1145,#1153,#1159));
#1137 = ORIENTED_EDGE('',*,*,#1138,.T.);
#1138 = EDGE_CURVE('',#1108,#1139,#1141,.T.);
#1139 = VERTEX_POINT('',#1140);
#1140 = CARTESIAN_POINT('',(-5.105000043883,-0.649999991016,
    0.214473201006));
#1141 = LINE('',#1142,#1143);
#1142 = CARTESIAN_POINT('',(-5.105000043883,-1.184279046486,
    0.748752256476));
#1143 = VECTOR('',#1144,1.);
#1144 = DIRECTION('',(0.,0.707106781187,-0.707106781187));
#1145 = ORIENTED_EDGE('',*,*,#1146,.F.);
#1146 = EDGE_CURVE('',#1147,#1139,#1149,.T.);
#1147 = VERTEX_POINT('',#1148);
#1148 = CARTESIAN_POINT('',(-4.30500005494,-0.649999991016,
    0.214473201006));
#1149 = LINE('',#1150,#1151);
#1150 = CARTESIAN_POINT('',(-4.30500005494,-0.649999991016,
    0.214473201006));
#1151 = VECTOR('',#1152,1.);
#1152 = DIRECTION('',(-1.,-0.,-0.));
#1153 = ORIENTED_EDGE('',*,*,#1154,.F.);
#1154 = EDGE_CURVE('',#1116,#1147,#1155,.T.);
#1155 = LINE('',#1156,#1157);
#1156 = CARTESIAN_POINT('',(-4.30500005494,-1.184279046486,
    0.748752256476));
#1157 = VECTOR('',#1158,1.);
#1158 = DIRECTION('',(0.,0.707106781187,-0.707106781187));
#1159 = ORIENTED_EDGE('',*,*,#1115,.T.);
#1160 = PLANE('',#1161);
#1161 = AXIS2_PLACEMENT_3D('',#1162,#1163,#1164);
#1162 = CARTESIAN_POINT('',(-4.30500005494,-1.184279046486,
    0.748752256476));
#1163 = DIRECTION('',(0.,0.707106781187,0.707106781187));
#1164 = DIRECTION('',(0.,-0.707106781187,0.707106781187));
#1165 = ADVANCED_FACE('',(#1166),#1191,.F.);
#1166 = FACE_BOUND('',#1167,.T.);
#1167 = EDGE_LOOP('',(#1168,#1176,#1184,#1190));
#1168 = ORIENTED_EDGE('',*,*,#1169,.T.);
#1169 = EDGE_CURVE('',#1139,#1170,#1172,.T.);
#1170 = VERTEX_POINT('',#1171);
#1171 = CARTESIAN_POINT('',(-5.105000043883,-0.649999991016,
    -4.349999436779));
#1172 = LINE('',#1173,#1174);
#1173 = CARTESIAN_POINT('',(-5.105000043883,-0.649999991016,
    0.214473201006));
#1174 = VECTOR('',#1175,1.);
#1175 = DIRECTION('',(0.,0.,-1.));
#1176 = ORIENTED_EDGE('',*,*,#1177,.F.);
#1177 = EDGE_CURVE('',#1178,#1170,#1180,.T.);
#1178 = VERTEX_POINT('',#1179);
#1179 = CARTESIAN_POINT('',(-4.30500005494,-0.649999991016,
    -4.349999436779));
#1180 = LINE('',#1181,#1182);
#1181 = CARTESIAN_POINT('',(-4.30500005494,-0.649999991016,
    -4.349999436779));
#1182 = VECTOR('',#1183,1.);
#1183 = DIRECTION('',(-1.,-0.,-0.));
#1184 = ORIENTED_EDGE('',*,*,#1185,.F.);
#1185 = EDGE_CURVE('',#1147,#1178,#1186,.T.);
#1186 = LINE('',#1187,#1188);
#1187 = CARTESIAN_POINT('',(-4.30500005494,-0.649999991016,
    0.214473201006));
#1188 = VECTOR('',#1189,1.);
#1189 = DIRECTION('',(0.,0.,-1.));
#1190 = ORIENTED_EDGE('',*,*,#1146,.T.);
#1191 = PLANE('',#1192);
#1192 = AXIS2_PLACEMENT_3D('',#1193,#1194,#1195);
#1193 = CARTESIAN_POINT('',(-4.30500005494,-0.649999991016,
    0.214473201006));
#1194 = DIRECTION('',(0.,1.,0.));
#1195 = DIRECTION('',(0.,-0.,1.));
#1196 = ADVANCED_FACE('',(#1197),#1224,.T.);
#1197 = FACE_BOUND('',#1198,.T.);
#1198 = EDGE_LOOP('',(#1199,#1208,#1216,#1223));
#1199 = ORIENTED_EDGE('',*,*,#1200,.T.);
#1200 = EDGE_CURVE('',#1170,#1201,#1203,.T.);
#1201 = VERTEX_POINT('',#1202);
#1202 = CARTESIAN_POINT('',(-5.105000043883,0.649999991016,
    -4.349999436779));
#1203 = CIRCLE('',#1204,0.649999991016);
#1204 = AXIS2_PLACEMENT_3D('',#1205,#1206,#1207);
#1205 = CARTESIAN_POINT('',(-5.105000043883,1.135321503892E-15,
    -4.349999436779));
#1206 = DIRECTION('',(1.,-0.,0.));
#1207 = DIRECTION('',(0.,0.,-1.));
#1208 = ORIENTED_EDGE('',*,*,#1209,.F.);
#1209 = EDGE_CURVE('',#1210,#1201,#1212,.T.);
#1210 = VERTEX_POINT('',#1211);
#1211 = CARTESIAN_POINT('',(-4.30500005494,0.649999991016,
    -4.349999436779));
#1212 = LINE('',#1213,#1214);
#1213 = CARTESIAN_POINT('',(-4.30500005494,0.649999991016,
    -4.349999436779));
#1214 = VECTOR('',#1215,1.);
#1215 = DIRECTION('',(-1.,-0.,-0.));
#1216 = ORIENTED_EDGE('',*,*,#1217,.F.);
#1217 = EDGE_CURVE('',#1178,#1210,#1218,.T.);
#1218 = CIRCLE('',#1219,0.649999991016);
#1219 = AXIS2_PLACEMENT_3D('',#1220,#1221,#1222);
#1220 = CARTESIAN_POINT('',(-4.30500005494,1.135321503892E-15,
    -4.349999436779));
#1221 = DIRECTION('',(1.,-0.,0.));
#1222 = DIRECTION('',(0.,0.,-1.));
#1223 = ORIENTED_EDGE('',*,*,#1177,.T.);
#1224 = CYLINDRICAL_SURFACE('',#1225,0.649999991016);
#1225 = AXIS2_PLACEMENT_3D('',#1226,#1227,#1228);
#1226 = CARTESIAN_POINT('',(-4.30500005494,1.135321503892E-15,
    -4.349999436779));
#1227 = DIRECTION('',(-1.,-0.,-0.));
#1228 = DIRECTION('',(-0.,0.,1.));
#1229 = ADVANCED_FACE('',(#1230),#1255,.F.);
#1230 = FACE_BOUND('',#1231,.T.);
#1231 = EDGE_LOOP('',(#1232,#1240,#1248,#1254));
#1232 = ORIENTED_EDGE('',*,*,#1233,.T.);
#1233 = EDGE_CURVE('',#1201,#1234,#1236,.T.);
#1234 = VERTEX_POINT('',#1235);
#1235 = CARTESIAN_POINT('',(-5.105000043883,0.649999991016,
    0.214473201006));
#1236 = LINE('',#1237,#1238);
#1237 = CARTESIAN_POINT('',(-5.105000043883,0.649999991016,
    0.214473201006));
#1238 = VECTOR('',#1239,1.);
#1239 = DIRECTION('',(0.,0.,1.));
#1240 = ORIENTED_EDGE('',*,*,#1241,.F.);
#1241 = EDGE_CURVE('',#1242,#1234,#1244,.T.);
#1242 = VERTEX_POINT('',#1243);
#1243 = CARTESIAN_POINT('',(-4.30500005494,0.649999991016,0.214473201006
    ));
#1244 = LINE('',#1245,#1246);
#1245 = CARTESIAN_POINT('',(-4.30500005494,0.649999991016,0.214473201006
    ));
#1246 = VECTOR('',#1247,1.);
#1247 = DIRECTION('',(-1.,-0.,-0.));
#1248 = ORIENTED_EDGE('',*,*,#1249,.F.);
#1249 = EDGE_CURVE('',#1210,#1242,#1250,.T.);
#1250 = LINE('',#1251,#1252);
#1251 = CARTESIAN_POINT('',(-4.30500005494,0.649999991016,0.214473201006
    ));
#1252 = VECTOR('',#1253,1.);
#1253 = DIRECTION('',(0.,0.,1.));
#1254 = ORIENTED_EDGE('',*,*,#1209,.T.);
#1255 = PLANE('',#1256);
#1256 = AXIS2_PLACEMENT_3D('',#1257,#1258,#1259);
#1257 = CARTESIAN_POINT('',(-4.30500005494,0.649999991016,0.214473201006
    ));
#1258 = DIRECTION('',(0.,-1.,0.));
#1259 = DIRECTION('',(0.,0.,-1.));
#1260 = ADVANCED_FACE('',(#1261),#1286,.F.);
#1261 = FACE_BOUND('',#1262,.T.);
#1262 = EDGE_LOOP('',(#1263,#1271,#1279,#1285));
#1263 = ORIENTED_EDGE('',*,*,#1264,.T.);
#1264 = EDGE_CURVE('',#1234,#1265,#1267,.T.);
#1265 = VERTEX_POINT('',#1266);
#1266 = CARTESIAN_POINT('',(-5.105000043883,1.184279046486,
    0.748752256476));
#1267 = LINE('',#1268,#1269);
#1268 = CARTESIAN_POINT('',(-5.105000043883,1.184279046486,
    0.748752256476));
#1269 = VECTOR('',#1270,1.);
#1270 = DIRECTION('',(0.,0.707106781187,0.707106781187));
#1271 = ORIENTED_EDGE('',*,*,#1272,.F.);
#1272 = EDGE_CURVE('',#1273,#1265,#1275,.T.);
#1273 = VERTEX_POINT('',#1274);
#1274 = CARTESIAN_POINT('',(-4.30500005494,1.184279046486,0.748752256476
    ));
#1275 = LINE('',#1276,#1277);
#1276 = CARTESIAN_POINT('',(-4.30500005494,1.184279046486,0.748752256476
    ));
#1277 = VECTOR('',#1278,1.);
#1278 = DIRECTION('',(-1.,-0.,-0.));
#1279 = ORIENTED_EDGE('',*,*,#1280,.F.);
#1280 = EDGE_CURVE('',#1242,#1273,#1281,.T.);
#1281 = LINE('',#1282,#1283);
#1282 = CARTESIAN_POINT('',(-4.30500005494,1.184279046486,0.748752256476
    ));
#1283 = VECTOR('',#1284,1.);
#1284 = DIRECTION('',(0.,0.707106781187,0.707106781187));
#1285 = ORIENTED_EDGE('',*,*,#1241,.T.);
#1286 = PLANE('',#1287);
#1287 = AXIS2_PLACEMENT_3D('',#1288,#1289,#1290);
#1288 = CARTESIAN_POINT('',(-4.30500005494,1.184279046486,0.748752256476
    ));
#1289 = DIRECTION('',(0.,-0.707106781187,0.707106781187));
#1290 = DIRECTION('',(0.,-0.707106781187,-0.707106781187));
#1291 = ADVANCED_FACE('',(#1292),#1308,.F.);
#1292 = FACE_BOUND('',#1293,.T.);
#1293 = EDGE_LOOP('',(#1294,#1300,#1301,#1307));
#1294 = ORIENTED_EDGE('',*,*,#1295,.T.);
#1295 = EDGE_CURVE('',#1265,#372,#1296,.T.);
#1296 = LINE('',#1297,#1298);
#1297 = CARTESIAN_POINT('',(-5.105000043883,1.184279046486,
    1.500000482366));
#1298 = VECTOR('',#1299,1.);
#1299 = DIRECTION('',(0.,0.,1.));
#1300 = ORIENTED_EDGE('',*,*,#371,.F.);
#1301 = ORIENTED_EDGE('',*,*,#1302,.F.);
#1302 = EDGE_CURVE('',#1273,#364,#1303,.T.);
#1303 = LINE('',#1304,#1305);
#1304 = CARTESIAN_POINT('',(-4.30500005494,1.184279046486,1.500000482366
    ));
#1305 = VECTOR('',#1306,1.);
#1306 = DIRECTION('',(0.,0.,1.));
#1307 = ORIENTED_EDGE('',*,*,#1272,.T.);
#1308 = PLANE('',#1309);
#1309 = AXIS2_PLACEMENT_3D('',#1310,#1311,#1312);
#1310 = CARTESIAN_POINT('',(-4.30500005494,1.184279046486,1.500000482366
    ));
#1311 = DIRECTION('',(0.,-1.,0.));
#1312 = DIRECTION('',(0.,0.,-1.));
#1313 = ADVANCED_FACE('',(#1314),#1324,.T.);
#1314 = FACE_BOUND('',#1315,.T.);
#1315 = EDGE_LOOP('',(#1316,#1317,#1318,#1319,#1320,#1321,#1322,#1323));
#1316 = ORIENTED_EDGE('',*,*,#363,.T.);
#1317 = ORIENTED_EDGE('',*,*,#1123,.T.);
#1318 = ORIENTED_EDGE('',*,*,#1154,.T.);
#1319 = ORIENTED_EDGE('',*,*,#1185,.T.);
#1320 = ORIENTED_EDGE('',*,*,#1217,.T.);
#1321 = ORIENTED_EDGE('',*,*,#1249,.T.);
#1322 = ORIENTED_EDGE('',*,*,#1280,.T.);
#1323 = ORIENTED_EDGE('',*,*,#1302,.T.);
#1324 = PLANE('',#1325);
#1325 = AXIS2_PLACEMENT_3D('',#1326,#1327,#1328);
#1326 = CARTESIAN_POINT('',(-4.30500005494,1.135321503892E-15,
    -4.349999436779));
#1327 = DIRECTION('',(1.,0.,0.));
#1328 = DIRECTION('',(0.,0.,-1.));
#1329 = ADVANCED_FACE('',(#1330),#1340,.F.);
#1330 = FACE_BOUND('',#1331,.T.);
#1331 = EDGE_LOOP('',(#1332,#1333,#1334,#1335,#1336,#1337,#1338,#1339));
#1332 = ORIENTED_EDGE('',*,*,#379,.F.);
#1333 = ORIENTED_EDGE('',*,*,#1295,.F.);
#1334 = ORIENTED_EDGE('',*,*,#1264,.F.);
#1335 = ORIENTED_EDGE('',*,*,#1233,.F.);
#1336 = ORIENTED_EDGE('',*,*,#1200,.F.);
#1337 = ORIENTED_EDGE('',*,*,#1169,.F.);
#1338 = ORIENTED_EDGE('',*,*,#1138,.F.);
#1339 = ORIENTED_EDGE('',*,*,#1107,.F.);
#1340 = PLANE('',#1341);
#1341 = AXIS2_PLACEMENT_3D('',#1342,#1343,#1344);
#1342 = CARTESIAN_POINT('',(-5.105000043883,1.135321503892E-15,
    -4.349999436779));
#1343 = DIRECTION('',(1.,0.,0.));
#1344 = DIRECTION('',(0.,0.,-1.));
#1345 = ADVANCED_FACE('',(#1346),#1371,.F.);
#1346 = FACE_BOUND('',#1347,.T.);
#1347 = EDGE_LOOP('',(#1348,#1356,#1364,#1370));
#1348 = ORIENTED_EDGE('',*,*,#1349,.T.);
#1349 = EDGE_CURVE('',#322,#1350,#1352,.T.);
#1350 = VERTEX_POINT('',#1351);
#1351 = CARTESIAN_POINT('',(4.294999826196,-1.184279046486,
    0.748752256476));
#1352 = LINE('',#1353,#1354);
#1353 = CARTESIAN_POINT('',(4.294999826196,-1.184279046486,
    1.500000482366));
#1354 = VECTOR('',#1355,1.);
#1355 = DIRECTION('',(0.,0.,-1.));
#1356 = ORIENTED_EDGE('',*,*,#1357,.F.);
#1357 = EDGE_CURVE('',#1358,#1350,#1360,.T.);
#1358 = VERTEX_POINT('',#1359);
#1359 = CARTESIAN_POINT('',(5.094999815139,-1.184279046486,
    0.748752256476));
#1360 = LINE('',#1361,#1362);
#1361 = CARTESIAN_POINT('',(5.094999815139,-1.184279046486,
    0.748752256476));
#1362 = VECTOR('',#1363,1.);
#1363 = DIRECTION('',(-1.,-0.,-0.));
#1364 = ORIENTED_EDGE('',*,*,#1365,.F.);
#1365 = EDGE_CURVE('',#320,#1358,#1366,.T.);
#1366 = LINE('',#1367,#1368);
#1367 = CARTESIAN_POINT('',(5.094999815139,-1.184279046486,
    1.500000482366));
#1368 = VECTOR('',#1369,1.);
#1369 = DIRECTION('',(0.,0.,-1.));
#1370 = ORIENTED_EDGE('',*,*,#319,.T.);
#1371 = PLANE('',#1372);
#1372 = AXIS2_PLACEMENT_3D('',#1373,#1374,#1375);
#1373 = CARTESIAN_POINT('',(5.094999815139,-1.184279046486,
    1.500000482366));
#1374 = DIRECTION('',(0.,1.,0.));
#1375 = DIRECTION('',(0.,-0.,1.));
#1376 = ADVANCED_FACE('',(#1377),#1402,.F.);
#1377 = FACE_BOUND('',#1378,.T.);
#1378 = EDGE_LOOP('',(#1379,#1387,#1395,#1401));
#1379 = ORIENTED_EDGE('',*,*,#1380,.T.);
#1380 = EDGE_CURVE('',#1350,#1381,#1383,.T.);
#1381 = VERTEX_POINT('',#1382);
#1382 = CARTESIAN_POINT('',(4.294999826196,-0.649999991016,
    0.214473201006));
#1383 = LINE('',#1384,#1385);
#1384 = CARTESIAN_POINT('',(4.294999826196,-1.184279046486,
    0.748752256476));
#1385 = VECTOR('',#1386,1.);
#1386 = DIRECTION('',(0.,0.707106781187,-0.707106781187));
#1387 = ORIENTED_EDGE('',*,*,#1388,.F.);
#1388 = EDGE_CURVE('',#1389,#1381,#1391,.T.);
#1389 = VERTEX_POINT('',#1390);
#1390 = CARTESIAN_POINT('',(5.094999815139,-0.649999991016,
    0.214473201006));
#1391 = LINE('',#1392,#1393);
#1392 = CARTESIAN_POINT('',(5.094999815139,-0.649999991016,
    0.214473201006));
#1393 = VECTOR('',#1394,1.);
#1394 = DIRECTION('',(-1.,-0.,-0.));
#1395 = ORIENTED_EDGE('',*,*,#1396,.F.);
#1396 = EDGE_CURVE('',#1358,#1389,#1397,.T.);
#1397 = LINE('',#1398,#1399);
#1398 = CARTESIAN_POINT('',(5.094999815139,-1.184279046486,
    0.748752256476));
#1399 = VECTOR('',#1400,1.);
#1400 = DIRECTION('',(0.,0.707106781187,-0.707106781187));
#1401 = ORIENTED_EDGE('',*,*,#1357,.T.);
#1402 = PLANE('',#1403);
#1403 = AXIS2_PLACEMENT_3D('',#1404,#1405,#1406);
#1404 = CARTESIAN_POINT('',(5.094999815139,-1.184279046486,
    0.748752256476));
#1405 = DIRECTION('',(0.,0.707106781187,0.707106781187));
#1406 = DIRECTION('',(0.,-0.707106781187,0.707106781187));
#1407 = ADVANCED_FACE('',(#1408),#1433,.F.);
#1408 = FACE_BOUND('',#1409,.T.);
#1409 = EDGE_LOOP('',(#1410,#1418,#1426,#1432));
#1410 = ORIENTED_EDGE('',*,*,#1411,.T.);
#1411 = EDGE_CURVE('',#1381,#1412,#1414,.T.);
#1412 = VERTEX_POINT('',#1413);
#1413 = CARTESIAN_POINT('',(4.294999826196,-0.649999991016,
    -4.349999436779));
#1414 = LINE('',#1415,#1416);
#1415 = CARTESIAN_POINT('',(4.294999826196,-0.649999991016,
    0.214473201006));
#1416 = VECTOR('',#1417,1.);
#1417 = DIRECTION('',(0.,0.,-1.));
#1418 = ORIENTED_EDGE('',*,*,#1419,.F.);
#1419 = EDGE_CURVE('',#1420,#1412,#1422,.T.);
#1420 = VERTEX_POINT('',#1421);
#1421 = CARTESIAN_POINT('',(5.094999815139,-0.649999991016,
    -4.349999436779));
#1422 = LINE('',#1423,#1424);
#1423 = CARTESIAN_POINT('',(5.094999815139,-0.649999991016,
    -4.349999436779));
#1424 = VECTOR('',#1425,1.);
#1425 = DIRECTION('',(-1.,-0.,-0.));
#1426 = ORIENTED_EDGE('',*,*,#1427,.F.);
#1427 = EDGE_CURVE('',#1389,#1420,#1428,.T.);
#1428 = LINE('',#1429,#1430);
#1429 = CARTESIAN_POINT('',(5.094999815139,-0.649999991016,
    0.214473201006));
#1430 = VECTOR('',#1431,1.);
#1431 = DIRECTION('',(0.,0.,-1.));
#1432 = ORIENTED_EDGE('',*,*,#1388,.T.);
#1433 = PLANE('',#1434);
#1434 = AXIS2_PLACEMENT_3D('',#1435,#1436,#1437);
#1435 = CARTESIAN_POINT('',(5.094999815139,-0.649999991016,
    0.214473201006));
#1436 = DIRECTION('',(0.,1.,0.));
#1437 = DIRECTION('',(0.,-0.,1.));
#1438 = ADVANCED_FACE('',(#1439),#1466,.T.);
#1439 = FACE_BOUND('',#1440,.T.);
#1440 = EDGE_LOOP('',(#1441,#1450,#1458,#1465));
#1441 = ORIENTED_EDGE('',*,*,#1442,.T.);
#1442 = EDGE_CURVE('',#1412,#1443,#1445,.T.);
#1443 = VERTEX_POINT('',#1444);
#1444 = CARTESIAN_POINT('',(4.294999826196,0.649999991016,
    -4.349999436779));
#1445 = CIRCLE('',#1446,0.649999991016);
#1446 = AXIS2_PLACEMENT_3D('',#1447,#1448,#1449);
#1447 = CARTESIAN_POINT('',(4.294999826196,-1.194030612666E-16,
    -4.349999436779));
#1448 = DIRECTION('',(1.,-0.,0.));
#1449 = DIRECTION('',(0.,0.,-1.));
#1450 = ORIENTED_EDGE('',*,*,#1451,.F.);
#1451 = EDGE_CURVE('',#1452,#1443,#1454,.T.);
#1452 = VERTEX_POINT('',#1453);
#1453 = CARTESIAN_POINT('',(5.094999815139,0.649999991016,
    -4.349999436779));
#1454 = LINE('',#1455,#1456);
#1455 = CARTESIAN_POINT('',(5.094999815139,0.649999991016,
    -4.349999436779));
#1456 = VECTOR('',#1457,1.);
#1457 = DIRECTION('',(-1.,-0.,-0.));
#1458 = ORIENTED_EDGE('',*,*,#1459,.F.);
#1459 = EDGE_CURVE('',#1420,#1452,#1460,.T.);
#1460 = CIRCLE('',#1461,0.649999991016);
#1461 = AXIS2_PLACEMENT_3D('',#1462,#1463,#1464);
#1462 = CARTESIAN_POINT('',(5.094999815139,-1.194030612666E-16,
    -4.349999436779));
#1463 = DIRECTION('',(1.,-0.,0.));
#1464 = DIRECTION('',(0.,0.,-1.));
#1465 = ORIENTED_EDGE('',*,*,#1419,.T.);
#1466 = CYLINDRICAL_SURFACE('',#1467,0.649999991016);
#1467 = AXIS2_PLACEMENT_3D('',#1468,#1469,#1470);
#1468 = CARTESIAN_POINT('',(5.094999815139,-1.194030612666E-16,
    -4.349999436779));
#1469 = DIRECTION('',(-1.,-0.,-0.));
#1470 = DIRECTION('',(-0.,0.,1.));
#1471 = ADVANCED_FACE('',(#1472),#1497,.F.);
#1472 = FACE_BOUND('',#1473,.T.);
#1473 = EDGE_LOOP('',(#1474,#1482,#1490,#1496));
#1474 = ORIENTED_EDGE('',*,*,#1475,.T.);
#1475 = EDGE_CURVE('',#1443,#1476,#1478,.T.);
#1476 = VERTEX_POINT('',#1477);
#1477 = CARTESIAN_POINT('',(4.294999826196,0.649999991016,0.214473201006
    ));
#1478 = LINE('',#1479,#1480);
#1479 = CARTESIAN_POINT('',(4.294999826196,0.649999991016,0.214473201006
    ));
#1480 = VECTOR('',#1481,1.);
#1481 = DIRECTION('',(0.,0.,1.));
#1482 = ORIENTED_EDGE('',*,*,#1483,.F.);
#1483 = EDGE_CURVE('',#1484,#1476,#1486,.T.);
#1484 = VERTEX_POINT('',#1485);
#1485 = CARTESIAN_POINT('',(5.094999815139,0.649999991016,0.214473201006
    ));
#1486 = LINE('',#1487,#1488);
#1487 = CARTESIAN_POINT('',(5.094999815139,0.649999991016,0.214473201006
    ));
#1488 = VECTOR('',#1489,1.);
#1489 = DIRECTION('',(-1.,-0.,-0.));
#1490 = ORIENTED_EDGE('',*,*,#1491,.F.);
#1491 = EDGE_CURVE('',#1452,#1484,#1492,.T.);
#1492 = LINE('',#1493,#1494);
#1493 = CARTESIAN_POINT('',(5.094999815139,0.649999991016,0.214473201006
    ));
#1494 = VECTOR('',#1495,1.);
#1495 = DIRECTION('',(0.,0.,1.));
#1496 = ORIENTED_EDGE('',*,*,#1451,.T.);
#1497 = PLANE('',#1498);
#1498 = AXIS2_PLACEMENT_3D('',#1499,#1500,#1501);
#1499 = CARTESIAN_POINT('',(5.094999815139,0.649999991016,0.214473201006
    ));
#1500 = DIRECTION('',(0.,-1.,0.));
#1501 = DIRECTION('',(0.,0.,-1.));
#1502 = ADVANCED_FACE('',(#1503),#1528,.F.);
#1503 = FACE_BOUND('',#1504,.T.);
#1504 = EDGE_LOOP('',(#1505,#1513,#1521,#1527));
#1505 = ORIENTED_EDGE('',*,*,#1506,.T.);
#1506 = EDGE_CURVE('',#1476,#1507,#1509,.T.);
#1507 = VERTEX_POINT('',#1508);
#1508 = CARTESIAN_POINT('',(4.294999826196,1.184279046486,0.748752256476
    ));
#1509 = LINE('',#1510,#1511);
#1510 = CARTESIAN_POINT('',(4.294999826196,1.184279046486,0.748752256476
    ));
#1511 = VECTOR('',#1512,1.);
#1512 = DIRECTION('',(0.,0.707106781187,0.707106781187));
#1513 = ORIENTED_EDGE('',*,*,#1514,.F.);
#1514 = EDGE_CURVE('',#1515,#1507,#1517,.T.);
#1515 = VERTEX_POINT('',#1516);
#1516 = CARTESIAN_POINT('',(5.094999815139,1.184279046486,0.748752256476
    ));
#1517 = LINE('',#1518,#1519);
#1518 = CARTESIAN_POINT('',(5.094999815139,1.184279046486,0.748752256476
    ));
#1519 = VECTOR('',#1520,1.);
#1520 = DIRECTION('',(-1.,-0.,-0.));
#1521 = ORIENTED_EDGE('',*,*,#1522,.F.);
#1522 = EDGE_CURVE('',#1484,#1515,#1523,.T.);
#1523 = LINE('',#1524,#1525);
#1524 = CARTESIAN_POINT('',(5.094999815139,1.184279046486,0.748752256476
    ));
#1525 = VECTOR('',#1526,1.);
#1526 = DIRECTION('',(0.,0.707106781187,0.707106781187));
#1527 = ORIENTED_EDGE('',*,*,#1483,.T.);
#1528 = PLANE('',#1529);
#1529 = AXIS2_PLACEMENT_3D('',#1530,#1531,#1532);
#1530 = CARTESIAN_POINT('',(5.094999815139,1.184279046486,0.748752256476
    ));
#1531 = DIRECTION('',(0.,-0.707106781187,0.707106781187));
#1532 = DIRECTION('',(0.,-0.707106781187,-0.707106781187));
#1533 = ADVANCED_FACE('',(#1534),#1550,.F.);
#1534 = FACE_BOUND('',#1535,.T.);
#1535 = EDGE_LOOP('',(#1536,#1542,#1543,#1549));
#1536 = ORIENTED_EDGE('',*,*,#1537,.T.);
#1537 = EDGE_CURVE('',#1507,#338,#1538,.T.);
#1538 = LINE('',#1539,#1540);
#1539 = CARTESIAN_POINT('',(4.294999826196,1.184279046486,1.500000482366
    ));
#1540 = VECTOR('',#1541,1.);
#1541 = DIRECTION('',(0.,0.,1.));
#1542 = ORIENTED_EDGE('',*,*,#337,.F.);
#1543 = ORIENTED_EDGE('',*,*,#1544,.F.);
#1544 = EDGE_CURVE('',#1515,#330,#1545,.T.);
#1545 = LINE('',#1546,#1547);
#1546 = CARTESIAN_POINT('',(5.094999815139,1.184279046486,1.500000482366
    ));
#1547 = VECTOR('',#1548,1.);
#1548 = DIRECTION('',(0.,0.,1.));
#1549 = ORIENTED_EDGE('',*,*,#1514,.T.);
#1550 = PLANE('',#1551);
#1551 = AXIS2_PLACEMENT_3D('',#1552,#1553,#1554);
#1552 = CARTESIAN_POINT('',(5.094999815139,1.184279046486,1.500000482366
    ));
#1553 = DIRECTION('',(0.,-1.,0.));
#1554 = DIRECTION('',(0.,0.,-1.));
#1555 = ADVANCED_FACE('',(#1556),#1566,.T.);
#1556 = FACE_BOUND('',#1557,.T.);
#1557 = EDGE_LOOP('',(#1558,#1559,#1560,#1561,#1562,#1563,#1564,#1565));
#1558 = ORIENTED_EDGE('',*,*,#329,.T.);
#1559 = ORIENTED_EDGE('',*,*,#1365,.T.);
#1560 = ORIENTED_EDGE('',*,*,#1396,.T.);
#1561 = ORIENTED_EDGE('',*,*,#1427,.T.);
#1562 = ORIENTED_EDGE('',*,*,#1459,.T.);
#1563 = ORIENTED_EDGE('',*,*,#1491,.T.);
#1564 = ORIENTED_EDGE('',*,*,#1522,.T.);
#1565 = ORIENTED_EDGE('',*,*,#1544,.T.);
#1566 = PLANE('',#1567);
#1567 = AXIS2_PLACEMENT_3D('',#1568,#1569,#1570);
#1568 = CARTESIAN_POINT('',(5.094999815139,-1.194030612666E-16,
    -4.349999436779));
#1569 = DIRECTION('',(1.,0.,0.));
#1570 = DIRECTION('',(0.,0.,-1.));
#1571 = ADVANCED_FACE('',(#1572),#1582,.F.);
#1572 = FACE_BOUND('',#1573,.T.);
#1573 = EDGE_LOOP('',(#1574,#1575,#1576,#1577,#1578,#1579,#1580,#1581));
#1574 = ORIENTED_EDGE('',*,*,#345,.F.);
#1575 = ORIENTED_EDGE('',*,*,#1537,.F.);
#1576 = ORIENTED_EDGE('',*,*,#1506,.F.);
#1577 = ORIENTED_EDGE('',*,*,#1475,.F.);
#1578 = ORIENTED_EDGE('',*,*,#1442,.F.);
#1579 = ORIENTED_EDGE('',*,*,#1411,.F.);
#1580 = ORIENTED_EDGE('',*,*,#1380,.F.);
#1581 = ORIENTED_EDGE('',*,*,#1349,.F.);
#1582 = PLANE('',#1583);
#1583 = AXIS2_PLACEMENT_3D('',#1584,#1585,#1586);
#1584 = CARTESIAN_POINT('',(4.294999826196,-1.194030612666E-16,
    -4.349999436779));
#1585 = DIRECTION('',(1.,0.,0.));
#1586 = DIRECTION('',(0.,0.,-1.));
#1587 = ( GEOMETRIC_REPRESENTATION_CONTEXT(3) 
GLOBAL_UNCERTAINTY_ASSIGNED_CONTEXT((#1591)) 
GLOBAL_UNIT_ASSIGNED_CONTEXT((#1588,#1589,#1590)) REPRESENTATION_CONTEXT
('Context #1','3D Context with UNIT and UNCERTAINTY') );
#1588 = ( LENGTH_UNIT() NAMED_UNIT(*) SI_UNIT(.MILLI.,.METRE.) );
#1589 = ( NAMED_UNIT(*) PLANE_ANGLE_UNIT() SI_UNIT($,.RADIAN.) );
#1590 = ( NAMED_UNIT(*) SI_UNIT($,.STERADIAN.) SOLID_ANGLE_UNIT() );
#1591 = UNCERTAINTY_MEASURE_WITH_UNIT(LENGTH_MEASURE(1.E-07),#1588,
  'distance_accuracy_value','confusion accuracy');
#1592 = CONTEXT_DEPENDENT_SHAPE_REPRESENTATION(#1593,#1595);
#1593 = ( REPRESENTATION_RELATIONSHIP('','',#40,#10) 
REPRESENTATION_RELATIONSHIP_WITH_TRANSFORMATION(#1594) 
SHAPE_REPRESENTATION_RELATIONSHIP() );
#1594 = ITEM_DEFINED_TRANSFORMATION('','',#11,#15);
#1595 = PRODUCT_DEFINITION_SHAPE('Placement','Placement of an item',
  #1596);
#1596 = NEXT_ASSEMBLY_USAGE_OCCURRENCE('187',
  'SW-TH_SS-12D10L8~SW-TH_SS-12D10L8~8Asf002','',#5,#35,$);
#1597 = PRODUCT_RELATED_PRODUCT_CATEGORY('part',$,(#37));
#1598 = SHAPE_DEFINITION_REPRESENTATION(#1599,#1605);
#1599 = PRODUCT_DEFINITION_SHAPE('','',#1600);
#1600 = PRODUCT_DEFINITION('design','',#1601,#1604);
#1601 = PRODUCT_DEFINITION_FORMATION('','',#1602);
#1602 = PRODUCT('SW-TH_SS-12D10L8~SW-TH_SS-12D10L8~8Asf001',
  'SW-TH_SS-12D10L8~SW-TH_SS-12D10L8~8Asf001','',(#1603));
#1603 = PRODUCT_CONTEXT('',#2,'mechanical');
#1604 = PRODUCT_DEFINITION_CONTEXT('part definition',#2,'design');
#1605 = ADVANCED_BREP_SHAPE_REPRESENTATION('',(#11,#1606),#2515);
#1606 = MANIFOLD_SOLID_BREP('',#1607);
#1607 = CLOSED_SHELL('',(#1608,#1648,#1688,#1728,#1925,#2122,#2144,#2166
    ,#2188,#2200,#2217,#2229,#2246,#2268,#2290,#2307,#2319,#2331,#2343,
    #2360,#2372,#2389,#2411,#2428,#2445,#2457,#2474,#2486,#2503));
#1608 = ADVANCED_FACE('',(#1609),#1643,.F.);
#1609 = FACE_BOUND('',#1610,.T.);
#1610 = EDGE_LOOP('',(#1611,#1621,#1629,#1637));
#1611 = ORIENTED_EDGE('',*,*,#1612,.F.);
#1612 = EDGE_CURVE('',#1613,#1615,#1617,.T.);
#1613 = VERTEX_POINT('',#1614);
#1614 = CARTESIAN_POINT('',(-2.855000074981,1.949999973048,
    14.955755504097));
#1615 = VERTEX_POINT('',#1616);
#1616 = CARTESIAN_POINT('',(-2.855000074981,-1.949999973048,
    14.955755504097));
#1617 = LINE('',#1618,#1619);
#1618 = CARTESIAN_POINT('',(-2.855000074981,1.949999973048,
    14.955755504097));
#1619 = VECTOR('',#1620,1.);
#1620 = DIRECTION('',(-0.,-1.,-0.));
#1621 = ORIENTED_EDGE('',*,*,#1622,.F.);
#1622 = EDGE_CURVE('',#1623,#1613,#1625,.T.);
#1623 = VERTEX_POINT('',#1624);
#1624 = CARTESIAN_POINT('',(-2.855000074981,1.949999973048,
    7.800000395291));
#1625 = LINE('',#1626,#1627);
#1626 = CARTESIAN_POINT('',(-2.855000074981,1.949999973048,
    15.80000028472));
#1627 = VECTOR('',#1628,1.);
#1628 = DIRECTION('',(0.,0.,1.));
#1629 = ORIENTED_EDGE('',*,*,#1630,.T.);
#1630 = EDGE_CURVE('',#1623,#1631,#1633,.T.);
#1631 = VERTEX_POINT('',#1632);
#1632 = CARTESIAN_POINT('',(-2.855000074981,-1.949999973048,
    7.800000395291));
#1633 = LINE('',#1634,#1635);
#1634 = CARTESIAN_POINT('',(-2.855000074981,1.949999973048,
    7.800000395291));
#1635 = VECTOR('',#1636,1.);
#1636 = DIRECTION('',(-0.,-1.,-0.));
#1637 = ORIENTED_EDGE('',*,*,#1638,.T.);
#1638 = EDGE_CURVE('',#1631,#1615,#1639,.T.);
#1639 = LINE('',#1640,#1641);
#1640 = CARTESIAN_POINT('',(-2.855000074981,-1.949999973048,
    15.80000028472));
#1641 = VECTOR('',#1642,1.);
#1642 = DIRECTION('',(0.,0.,1.));
#1643 = PLANE('',#1644);
#1644 = AXIS2_PLACEMENT_3D('',#1645,#1646,#1647);
#1645 = CARTESIAN_POINT('',(-2.855000074981,1.949999973048,
    15.80000028472));
#1646 = DIRECTION('',(1.,0.,0.));
#1647 = DIRECTION('',(0.,0.,-1.));
#1648 = ADVANCED_FACE('',(#1649),#1683,.F.);
#1649 = FACE_BOUND('',#1650,.T.);
#1650 = EDGE_LOOP('',(#1651,#1661,#1669,#1677));
#1651 = ORIENTED_EDGE('',*,*,#1652,.F.);
#1652 = EDGE_CURVE('',#1653,#1655,#1657,.T.);
#1653 = VERTEX_POINT('',#1654);
#1654 = CARTESIAN_POINT('',(-1.17884717171,-1.949999973048,
    15.80000028472));
#1655 = VERTEX_POINT('',#1656);
#1656 = CARTESIAN_POINT('',(-1.17884717171,1.949999973048,15.80000028472
    ));
#1657 = LINE('',#1658,#1659);
#1658 = CARTESIAN_POINT('',(-1.17884717171,1.949999973048,15.80000028472
    ));
#1659 = VECTOR('',#1660,1.);
#1660 = DIRECTION('',(0.,1.,0.));
#1661 = ORIENTED_EDGE('',*,*,#1662,.T.);
#1662 = EDGE_CURVE('',#1653,#1663,#1665,.T.);
#1663 = VERTEX_POINT('',#1664);
#1664 = CARTESIAN_POINT('',(-1.031179674429,-1.949999973048,
    15.80000028472));
#1665 = LINE('',#1666,#1667);
#1666 = CARTESIAN_POINT('',(-2.855000074981,-1.949999973048,
    15.80000028472));
#1667 = VECTOR('',#1668,1.);
#1668 = DIRECTION('',(1.,0.,0.));
#1669 = ORIENTED_EDGE('',*,*,#1670,.T.);
#1670 = EDGE_CURVE('',#1663,#1671,#1673,.T.);
#1671 = VERTEX_POINT('',#1672);
#1672 = CARTESIAN_POINT('',(-1.031179674429,1.949999973048,
    15.80000028472));
#1673 = LINE('',#1674,#1675);
#1674 = CARTESIAN_POINT('',(-1.031179674429,1.949999973048,
    15.80000028472));
#1675 = VECTOR('',#1676,1.);
#1676 = DIRECTION('',(0.,1.,0.));
#1677 = ORIENTED_EDGE('',*,*,#1678,.F.);
#1678 = EDGE_CURVE('',#1655,#1671,#1679,.T.);
#1679 = LINE('',#1680,#1681);
#1680 = CARTESIAN_POINT('',(-2.855000074981,1.949999973048,
    15.80000028472));
#1681 = VECTOR('',#1682,1.);
#1682 = DIRECTION('',(1.,0.,0.));
#1683 = PLANE('',#1684);
#1684 = AXIS2_PLACEMENT_3D('',#1685,#1686,#1687);
#1685 = CARTESIAN_POINT('',(-2.855000074981,1.949999973048,
    15.80000028472));
#1686 = DIRECTION('',(0.,0.,-1.));
#1687 = DIRECTION('',(-1.,0.,0.));
#1688 = ADVANCED_FACE('',(#1689),#1723,.F.);
#1689 = FACE_BOUND('',#1690,.T.);
#1690 = EDGE_LOOP('',(#1691,#1701,#1709,#1717));
#1691 = ORIENTED_EDGE('',*,*,#1692,.F.);
#1692 = EDGE_CURVE('',#1693,#1695,#1697,.T.);
#1693 = VERTEX_POINT('',#1694);
#1694 = CARTESIAN_POINT('',(-1.463462363128,1.949999973048,
    15.80000028472));
#1695 = VERTEX_POINT('',#1696);
#1696 = CARTESIAN_POINT('',(-1.463462363128,-1.949999973048,
    15.80000028472));
#1697 = LINE('',#1698,#1699);
#1698 = CARTESIAN_POINT('',(-1.463462363128,1.949999973048,
    15.80000028472));
#1699 = VECTOR('',#1700,1.);
#1700 = DIRECTION('',(0.,-1.,0.));
#1701 = ORIENTED_EDGE('',*,*,#1702,.F.);
#1702 = EDGE_CURVE('',#1703,#1693,#1705,.T.);
#1703 = VERTEX_POINT('',#1704);
#1704 = CARTESIAN_POINT('',(-1.54022591738,1.949999973048,15.80000028472
    ));
#1705 = LINE('',#1706,#1707);
#1706 = CARTESIAN_POINT('',(-2.855000074981,1.949999973048,
    15.80000028472));
#1707 = VECTOR('',#1708,1.);
#1708 = DIRECTION('',(1.,0.,0.));
#1709 = ORIENTED_EDGE('',*,*,#1710,.F.);
#1710 = EDGE_CURVE('',#1711,#1703,#1713,.T.);
#1711 = VERTEX_POINT('',#1712);
#1712 = CARTESIAN_POINT('',(-1.54022591738,-1.949999973048,
    15.80000028472));
#1713 = LINE('',#1714,#1715);
#1714 = CARTESIAN_POINT('',(-1.54022591738,1.949999973048,15.80000028472
    ));
#1715 = VECTOR('',#1716,1.);
#1716 = DIRECTION('',(0.,1.,0.));
#1717 = ORIENTED_EDGE('',*,*,#1718,.T.);
#1718 = EDGE_CURVE('',#1711,#1695,#1719,.T.);
#1719 = LINE('',#1720,#1721);
#1720 = CARTESIAN_POINT('',(-2.855000074981,-1.949999973048,
    15.80000028472));
#1721 = VECTOR('',#1722,1.);
#1722 = DIRECTION('',(1.,0.,0.));
#1723 = PLANE('',#1724);
#1724 = AXIS2_PLACEMENT_3D('',#1725,#1726,#1727);
#1725 = CARTESIAN_POINT('',(-2.855000074981,1.949999973048,
    15.80000028472));
#1726 = DIRECTION('',(0.,0.,-1.));
#1727 = DIRECTION('',(-1.,0.,0.));
#1728 = ADVANCED_FACE('',(#1729),#1920,.F.);
#1729 = FACE_BOUND('',#1730,.T.);
#1730 = EDGE_LOOP('',(#1731,#1739,#1740,#1748,#1756,#1764,#1772,#1780,
    #1788,#1796,#1804,#1812,#1820,#1828,#1836,#1844,#1852,#1858,#1859,
    #1867,#1875,#1883,#1891,#1899,#1907,#1913,#1914));
#1731 = ORIENTED_EDGE('',*,*,#1732,.F.);
#1732 = EDGE_CURVE('',#1655,#1733,#1735,.T.);
#1733 = VERTEX_POINT('',#1734);
#1734 = CARTESIAN_POINT('',(-1.321154767419,1.949999973048,
    15.567453836395));
#1735 = LINE('',#1736,#1737);
#1736 = CARTESIAN_POINT('',(-0.80027803374,1.949999973048,
    16.418624385857));
#1737 = VECTOR('',#1738,1.);
#1738 = DIRECTION('',(-0.521973016685,0.,-0.852961997895));
#1739 = ORIENTED_EDGE('',*,*,#1678,.T.);
#1740 = ORIENTED_EDGE('',*,*,#1741,.T.);
#1741 = EDGE_CURVE('',#1671,#1742,#1744,.T.);
#1742 = VERTEX_POINT('',#1743);
#1743 = CARTESIAN_POINT('',(-0.905000101933,1.949999973048,
    15.593808821158));
#1744 = LINE('',#1745,#1746);
#1745 = CARTESIAN_POINT('',(2.765671743427,1.949999973048,9.595522529043
    ));
#1746 = VECTOR('',#1747,1.);
#1747 = DIRECTION('',(0.521973016685,0.,-0.852961997895));
#1748 = ORIENTED_EDGE('',*,*,#1749,.T.);
#1749 = EDGE_CURVE('',#1742,#1750,#1752,.T.);
#1750 = VERTEX_POINT('',#1751);
#1751 = CARTESIAN_POINT('',(-0.778820529436,1.949999973048,
    15.80000028472));
#1752 = LINE('',#1753,#1754);
#1753 = CARTESIAN_POINT('',(-4.085251459806,1.949999973048,
    10.396924182852));
#1754 = VECTOR('',#1755,1.);
#1755 = DIRECTION('',(0.521973016685,0.,0.852961997895));
#1756 = ORIENTED_EDGE('',*,*,#1757,.T.);
#1757 = EDGE_CURVE('',#1750,#1758,#1760,.T.);
#1758 = VERTEX_POINT('',#1759);
#1759 = CARTESIAN_POINT('',(-0.631153032155,1.949999973048,
    15.80000028472));
#1760 = LINE('',#1761,#1762);
#1761 = CARTESIAN_POINT('',(-2.855000074981,1.949999973048,
    15.80000028472));
#1762 = VECTOR('',#1763,1.);
#1763 = DIRECTION('',(1.,0.,0.));
#1764 = ORIENTED_EDGE('',*,*,#1765,.T.);
#1765 = EDGE_CURVE('',#1758,#1766,#1768,.T.);
#1766 = VERTEX_POINT('',#1767);
#1767 = CARTESIAN_POINT('',(-0.488845436446,1.949999973048,
    15.567453836395));
#1768 = LINE('',#1769,#1770);
#1769 = CARTESIAN_POINT('',(-1.009722170125,1.949999973048,
    16.418624385857));
#1770 = VECTOR('',#1771,1.);
#1771 = DIRECTION('',(0.521973016685,0.,-0.852961997895));
#1772 = ORIENTED_EDGE('',*,*,#1773,.T.);
#1773 = EDGE_CURVE('',#1766,#1774,#1776,.T.);
#1774 = VERTEX_POINT('',#1775);
#1775 = CARTESIAN_POINT('',(-0.346537840737,1.949999973048,
    15.80000028472));
#1776 = LINE('',#1777,#1778);
#1777 = CARTESIAN_POINT('',(-0.488845436446,1.949999973048,
    15.567453836395));
#1778 = VECTOR('',#1779,1.);
#1779 = DIRECTION('',(0.521973016685,0.,0.852961997895));
#1780 = ORIENTED_EDGE('',*,*,#1781,.T.);
#1781 = EDGE_CURVE('',#1774,#1782,#1784,.T.);
#1782 = VERTEX_POINT('',#1783);
#1783 = CARTESIAN_POINT('',(-0.269774286486,1.949999973048,
    15.80000028472));
#1784 = LINE('',#1785,#1786);
#1785 = CARTESIAN_POINT('',(-2.855000074981,1.949999973048,
    15.80000028472));
#1786 = VECTOR('',#1787,1.);
#1787 = DIRECTION('',(1.,0.,0.));
#1788 = ORIENTED_EDGE('',*,*,#1789,.T.);
#1789 = EDGE_CURVE('',#1782,#1790,#1792,.T.);
#1790 = VERTEX_POINT('',#1791);
#1791 = CARTESIAN_POINT('',(-7.934032374511E-02,1.949999973048,
    15.488809996843));
#1792 = LINE('',#1793,#1794);
#1793 = CARTESIAN_POINT('',(-0.600217057424,1.949999973048,
    16.339980546305));
#1794 = VECTOR('',#1795,1.);
#1795 = DIRECTION('',(0.521973016685,0.,-0.852961997895));
#1796 = ORIENTED_EDGE('',*,*,#1797,.T.);
#1797 = EDGE_CURVE('',#1790,#1798,#1800,.T.);
#1798 = VERTEX_POINT('',#1799);
#1799 = CARTESIAN_POINT('',(7.913794458799E-02,1.949999973048,
    15.747781123816));
#1800 = LINE('',#1801,#1802);
#1801 = CARTESIAN_POINT('',(-7.934032374511E-02,1.949999973048,
    15.488809996843));
#1802 = VECTOR('',#1803,1.);
#1803 = DIRECTION('',(0.521973016685,0.,0.852961997895));
#1804 = ORIENTED_EDGE('',*,*,#1805,.T.);
#1805 = EDGE_CURVE('',#1798,#1806,#1808,.T.);
#1806 = VERTEX_POINT('',#1807);
#1807 = CARTESIAN_POINT('',(0.316971933672,1.949999973048,
    15.359133917904));
#1808 = LINE('',#1809,#1810);
#1809 = CARTESIAN_POINT('',(-0.203904800007,1.949999973048,
    16.210304467366));
#1810 = VECTOR('',#1811,1.);
#1811 = DIRECTION('',(0.521973016685,0.,-0.852961997895));
#1812 = ORIENTED_EDGE('',*,*,#1813,.T.);
#1813 = EDGE_CURVE('',#1806,#1814,#1816,.T.);
#1814 = VERTEX_POINT('',#1815);
#1815 = CARTESIAN_POINT('',(0.450706842796,1.949999973048,
    15.577671642324));
#1816 = LINE('',#1817,#1818);
#1817 = CARTESIAN_POINT('',(0.316971933672,1.949999973048,
    15.359133917904));
#1818 = VECTOR('',#1819,1.);
#1819 = DIRECTION('',(0.521973016685,0.,0.852961997895));
#1820 = ORIENTED_EDGE('',*,*,#1821,.T.);
#1821 = EDGE_CURVE('',#1814,#1822,#1824,.T.);
#1822 = VERTEX_POINT('',#1823);
#1823 = CARTESIAN_POINT('',(0.69375883615,1.949999973048,15.180497636739
    ));
#1824 = LINE('',#1825,#1826);
#1825 = CARTESIAN_POINT('',(0.172882102471,1.949999973048,
    16.031668186201));
#1826 = VECTOR('',#1827,1.);
#1827 = DIRECTION('',(0.521973016685,0.,-0.852961997895));
#1828 = ORIENTED_EDGE('',*,*,#1829,.T.);
#1829 = EDGE_CURVE('',#1822,#1830,#1832,.T.);
#1830 = VERTEX_POINT('',#1831);
#1831 = CARTESIAN_POINT('',(0.800613494638,1.949999973048,
    15.355110040205));
#1832 = LINE('',#1833,#1834);
#1833 = CARTESIAN_POINT('',(0.69375883615,1.949999973048,15.180497636739
    ));
#1834 = VECTOR('',#1835,1.);
#1835 = DIRECTION('',(0.521973016685,0.,0.852961997895));
#1836 = ORIENTED_EDGE('',*,*,#1837,.T.);
#1837 = EDGE_CURVE('',#1830,#1838,#1840,.T.);
#1838 = VERTEX_POINT('',#1839);
#1839 = CARTESIAN_POINT('',(1.044999871116,1.949999973048,
    14.955755504097));
#1840 = LINE('',#1841,#1842);
#1841 = CARTESIAN_POINT('',(0.524123137437,1.949999973048,
    15.806926053559));
#1842 = VECTOR('',#1843,1.);
#1843 = DIRECTION('',(0.521973016685,0.,-0.852961997895));
#1844 = ORIENTED_EDGE('',*,*,#1845,.T.);
#1845 = EDGE_CURVE('',#1838,#1846,#1848,.T.);
#1846 = VERTEX_POINT('',#1847);
#1847 = CARTESIAN_POINT('',(1.044999871116,1.949999973048,7.800000395291
    ));
#1848 = LINE('',#1849,#1850);
#1849 = CARTESIAN_POINT('',(1.044999871116,1.949999973048,15.80000028472
    ));
#1850 = VECTOR('',#1851,1.);
#1851 = DIRECTION('',(0.,0.,-1.));
#1852 = ORIENTED_EDGE('',*,*,#1853,.T.);
#1853 = EDGE_CURVE('',#1846,#1623,#1854,.T.);
#1854 = LINE('',#1855,#1856);
#1855 = CARTESIAN_POINT('',(-2.855000074981,1.949999973048,
    7.800000395291));
#1856 = VECTOR('',#1857,1.);
#1857 = DIRECTION('',(-1.,-0.,-1.563753133393E-16));
#1858 = ORIENTED_EDGE('',*,*,#1622,.T.);
#1859 = ORIENTED_EDGE('',*,*,#1860,.F.);
#1860 = EDGE_CURVE('',#1861,#1613,#1863,.T.);
#1861 = VERTEX_POINT('',#1862);
#1862 = CARTESIAN_POINT('',(-2.610613698503,1.949999973048,
    15.355110040205));
#1863 = LINE('',#1864,#1865);
#1864 = CARTESIAN_POINT('',(-2.334123341302,1.949999973048,
    15.806926053559));
#1865 = VECTOR('',#1866,1.);
#1866 = DIRECTION('',(-0.521973016685,0.,-0.852961997895));
#1867 = ORIENTED_EDGE('',*,*,#1868,.F.);
#1868 = EDGE_CURVE('',#1869,#1861,#1871,.T.);
#1869 = VERTEX_POINT('',#1870);
#1870 = CARTESIAN_POINT('',(-2.503759040016,1.949999973048,
    15.180497636739));
#1871 = LINE('',#1872,#1873);
#1872 = CARTESIAN_POINT('',(-2.503759040016,1.949999973048,
    15.180497636739));
#1873 = VECTOR('',#1874,1.);
#1874 = DIRECTION('',(-0.521973016685,0.,0.852961997895));
#1875 = ORIENTED_EDGE('',*,*,#1876,.F.);
#1876 = EDGE_CURVE('',#1877,#1869,#1879,.T.);
#1877 = VERTEX_POINT('',#1878);
#1878 = CARTESIAN_POINT('',(-2.260707046661,1.949999973048,
    15.577671642324));
#1879 = LINE('',#1880,#1881);
#1880 = CARTESIAN_POINT('',(-1.982882306336,1.949999973048,
    16.031668186201));
#1881 = VECTOR('',#1882,1.);
#1882 = DIRECTION('',(-0.521973016685,0.,-0.852961997895));
#1883 = ORIENTED_EDGE('',*,*,#1884,.F.);
#1884 = EDGE_CURVE('',#1885,#1877,#1887,.T.);
#1885 = VERTEX_POINT('',#1886);
#1886 = CARTESIAN_POINT('',(-2.126972137537,1.949999973048,
    15.359133917904));
#1887 = LINE('',#1888,#1889);
#1888 = CARTESIAN_POINT('',(-2.126972137537,1.949999973048,
    15.359133917904));
#1889 = VECTOR('',#1890,1.);
#1890 = DIRECTION('',(-0.521973016685,0.,0.852961997895));
#1891 = ORIENTED_EDGE('',*,*,#1892,.F.);
#1892 = EDGE_CURVE('',#1893,#1885,#1895,.T.);
#1893 = VERTEX_POINT('',#1894);
#1894 = CARTESIAN_POINT('',(-1.889138148453,1.949999973048,
    15.747781123816));
#1895 = LINE('',#1896,#1897);
#1896 = CARTESIAN_POINT('',(-1.606095403858,1.949999973048,
    16.210304467366));
#1897 = VECTOR('',#1898,1.);
#1898 = DIRECTION('',(-0.521973016685,0.,-0.852961997895));
#1899 = ORIENTED_EDGE('',*,*,#1900,.F.);
#1900 = EDGE_CURVE('',#1901,#1893,#1903,.T.);
#1901 = VERTEX_POINT('',#1902);
#1902 = CARTESIAN_POINT('',(-1.73065988012,1.949999973048,
    15.488809996843));
#1903 = LINE('',#1904,#1905);
#1904 = CARTESIAN_POINT('',(-1.73065988012,1.949999973048,
    15.488809996843));
#1905 = VECTOR('',#1906,1.);
#1906 = DIRECTION('',(-0.521973016685,0.,0.852961997895));
#1907 = ORIENTED_EDGE('',*,*,#1908,.F.);
#1908 = EDGE_CURVE('',#1703,#1901,#1909,.T.);
#1909 = LINE('',#1910,#1911);
#1910 = CARTESIAN_POINT('',(-1.209783146441,1.949999973048,
    16.339980546305));
#1911 = VECTOR('',#1912,1.);
#1912 = DIRECTION('',(-0.521973016685,0.,-0.852961997895));
#1913 = ORIENTED_EDGE('',*,*,#1702,.T.);
#1914 = ORIENTED_EDGE('',*,*,#1915,.F.);
#1915 = EDGE_CURVE('',#1733,#1693,#1916,.T.);
#1916 = LINE('',#1917,#1918);
#1917 = CARTESIAN_POINT('',(-1.321154767419,1.949999973048,
    15.567453836395));
#1918 = VECTOR('',#1919,1.);
#1919 = DIRECTION('',(-0.521973016685,0.,0.852961997895));
#1920 = PLANE('',#1921);
#1921 = AXIS2_PLACEMENT_3D('',#1922,#1923,#1924);
#1922 = CARTESIAN_POINT('',(-5.00011437181E-03,1.949999973048,
    7.900000393909));
#1923 = DIRECTION('',(0.,-1.,0.));
#1924 = DIRECTION('',(0.,0.,-1.));
#1925 = ADVANCED_FACE('',(#1926),#2117,.T.);
#1926 = FACE_BOUND('',#1927,.T.);
#1927 = EDGE_LOOP('',(#1928,#1929,#1937,#1943,#1944,#1952,#1960,#1968,
    #1976,#1984,#1992,#1998,#1999,#2007,#2015,#2023,#2031,#2039,#2047,
    #2055,#2063,#2071,#2079,#2087,#2095,#2103,#2111));
#1928 = ORIENTED_EDGE('',*,*,#1662,.F.);
#1929 = ORIENTED_EDGE('',*,*,#1930,.T.);
#1930 = EDGE_CURVE('',#1653,#1931,#1933,.T.);
#1931 = VERTEX_POINT('',#1932);
#1932 = CARTESIAN_POINT('',(-1.321154767419,-1.949999973048,
    15.567453836395));
#1933 = LINE('',#1934,#1935);
#1934 = CARTESIAN_POINT('',(-0.80027803374,-1.949999973048,
    16.418624385857));
#1935 = VECTOR('',#1936,1.);
#1936 = DIRECTION('',(-0.521973016685,0.,-0.852961997895));
#1937 = ORIENTED_EDGE('',*,*,#1938,.T.);
#1938 = EDGE_CURVE('',#1931,#1695,#1939,.T.);
#1939 = LINE('',#1940,#1941);
#1940 = CARTESIAN_POINT('',(-1.321154767419,-1.949999973048,
    15.567453836395));
#1941 = VECTOR('',#1942,1.);
#1942 = DIRECTION('',(-0.521973016685,0.,0.852961997895));
#1943 = ORIENTED_EDGE('',*,*,#1718,.F.);
#1944 = ORIENTED_EDGE('',*,*,#1945,.T.);
#1945 = EDGE_CURVE('',#1711,#1946,#1948,.T.);
#1946 = VERTEX_POINT('',#1947);
#1947 = CARTESIAN_POINT('',(-1.73065988012,-1.949999973048,
    15.488809996843));
#1948 = LINE('',#1949,#1950);
#1949 = CARTESIAN_POINT('',(-1.209783146441,-1.949999973048,
    16.339980546305));
#1950 = VECTOR('',#1951,1.);
#1951 = DIRECTION('',(-0.521973016685,0.,-0.852961997895));
#1952 = ORIENTED_EDGE('',*,*,#1953,.T.);
#1953 = EDGE_CURVE('',#1946,#1954,#1956,.T.);
#1954 = VERTEX_POINT('',#1955);
#1955 = CARTESIAN_POINT('',(-1.889138148453,-1.949999973048,
    15.747781123816));
#1956 = LINE('',#1957,#1958);
#1957 = CARTESIAN_POINT('',(-1.73065988012,-1.949999973048,
    15.488809996843));
#1958 = VECTOR('',#1959,1.);
#1959 = DIRECTION('',(-0.521973016685,0.,0.852961997895));
#1960 = ORIENTED_EDGE('',*,*,#1961,.T.);
#1961 = EDGE_CURVE('',#1954,#1962,#1964,.T.);
#1962 = VERTEX_POINT('',#1963);
#1963 = CARTESIAN_POINT('',(-2.126972137537,-1.949999973048,
    15.359133917904));
#1964 = LINE('',#1965,#1966);
#1965 = CARTESIAN_POINT('',(-1.606095403858,-1.949999973048,
    16.210304467366));
#1966 = VECTOR('',#1967,1.);
#1967 = DIRECTION('',(-0.521973016685,0.,-0.852961997895));
#1968 = ORIENTED_EDGE('',*,*,#1969,.T.);
#1969 = EDGE_CURVE('',#1962,#1970,#1972,.T.);
#1970 = VERTEX_POINT('',#1971);
#1971 = CARTESIAN_POINT('',(-2.260707046661,-1.949999973048,
    15.577671642324));
#1972 = LINE('',#1973,#1974);
#1973 = CARTESIAN_POINT('',(-2.126972137537,-1.949999973048,
    15.359133917904));
#1974 = VECTOR('',#1975,1.);
#1975 = DIRECTION('',(-0.521973016685,0.,0.852961997895));
#1976 = ORIENTED_EDGE('',*,*,#1977,.T.);
#1977 = EDGE_CURVE('',#1970,#1978,#1980,.T.);
#1978 = VERTEX_POINT('',#1979);
#1979 = CARTESIAN_POINT('',(-2.503759040016,-1.949999973048,
    15.180497636739));
#1980 = LINE('',#1981,#1982);
#1981 = CARTESIAN_POINT('',(-1.982882306336,-1.949999973048,
    16.031668186201));
#1982 = VECTOR('',#1983,1.);
#1983 = DIRECTION('',(-0.521973016685,0.,-0.852961997895));
#1984 = ORIENTED_EDGE('',*,*,#1985,.T.);
#1985 = EDGE_CURVE('',#1978,#1986,#1988,.T.);
#1986 = VERTEX_POINT('',#1987);
#1987 = CARTESIAN_POINT('',(-2.610613698503,-1.949999973048,
    15.355110040205));
#1988 = LINE('',#1989,#1990);
#1989 = CARTESIAN_POINT('',(-2.503759040016,-1.949999973048,
    15.180497636739));
#1990 = VECTOR('',#1991,1.);
#1991 = DIRECTION('',(-0.521973016685,0.,0.852961997895));
#1992 = ORIENTED_EDGE('',*,*,#1993,.T.);
#1993 = EDGE_CURVE('',#1986,#1615,#1994,.T.);
#1994 = LINE('',#1995,#1996);
#1995 = CARTESIAN_POINT('',(-2.334123341302,-1.949999973048,
    15.806926053559));
#1996 = VECTOR('',#1997,1.);
#1997 = DIRECTION('',(-0.521973016685,0.,-0.852961997895));
#1998 = ORIENTED_EDGE('',*,*,#1638,.F.);
#1999 = ORIENTED_EDGE('',*,*,#2000,.F.);
#2000 = EDGE_CURVE('',#2001,#1631,#2003,.T.);
#2001 = VERTEX_POINT('',#2002);
#2002 = CARTESIAN_POINT('',(1.044999871116,-1.949999973048,
    7.800000395291));
#2003 = LINE('',#2004,#2005);
#2004 = CARTESIAN_POINT('',(-2.855000074981,-1.949999973048,
    7.800000395291));
#2005 = VECTOR('',#2006,1.);
#2006 = DIRECTION('',(-1.,-0.,-1.563753133393E-16));
#2007 = ORIENTED_EDGE('',*,*,#2008,.F.);
#2008 = EDGE_CURVE('',#2009,#2001,#2011,.T.);
#2009 = VERTEX_POINT('',#2010);
#2010 = CARTESIAN_POINT('',(1.044999871116,-1.949999973048,
    14.955755504097));
#2011 = LINE('',#2012,#2013);
#2012 = CARTESIAN_POINT('',(1.044999871116,-1.949999973048,
    15.80000028472));
#2013 = VECTOR('',#2014,1.);
#2014 = DIRECTION('',(0.,0.,-1.));
#2015 = ORIENTED_EDGE('',*,*,#2016,.F.);
#2016 = EDGE_CURVE('',#2017,#2009,#2019,.T.);
#2017 = VERTEX_POINT('',#2018);
#2018 = CARTESIAN_POINT('',(0.800613494638,-1.949999973048,
    15.355110040205));
#2019 = LINE('',#2020,#2021);
#2020 = CARTESIAN_POINT('',(0.524123137437,-1.949999973048,
    15.806926053559));
#2021 = VECTOR('',#2022,1.);
#2022 = DIRECTION('',(0.521973016685,0.,-0.852961997895));
#2023 = ORIENTED_EDGE('',*,*,#2024,.F.);
#2024 = EDGE_CURVE('',#2025,#2017,#2027,.T.);
#2025 = VERTEX_POINT('',#2026);
#2026 = CARTESIAN_POINT('',(0.69375883615,-1.949999973048,
    15.180497636739));
#2027 = LINE('',#2028,#2029);
#2028 = CARTESIAN_POINT('',(0.69375883615,-1.949999973048,
    15.180497636739));
#2029 = VECTOR('',#2030,1.);
#2030 = DIRECTION('',(0.521973016685,0.,0.852961997895));
#2031 = ORIENTED_EDGE('',*,*,#2032,.F.);
#2032 = EDGE_CURVE('',#2033,#2025,#2035,.T.);
#2033 = VERTEX_POINT('',#2034);
#2034 = CARTESIAN_POINT('',(0.450706842796,-1.949999973048,
    15.577671642324));
#2035 = LINE('',#2036,#2037);
#2036 = CARTESIAN_POINT('',(0.172882102471,-1.949999973048,
    16.031668186201));
#2037 = VECTOR('',#2038,1.);
#2038 = DIRECTION('',(0.521973016685,0.,-0.852961997895));
#2039 = ORIENTED_EDGE('',*,*,#2040,.F.);
#2040 = EDGE_CURVE('',#2041,#2033,#2043,.T.);
#2041 = VERTEX_POINT('',#2042);
#2042 = CARTESIAN_POINT('',(0.316971933672,-1.949999973048,
    15.359133917904));
#2043 = LINE('',#2044,#2045);
#2044 = CARTESIAN_POINT('',(0.316971933672,-1.949999973048,
    15.359133917904));
#2045 = VECTOR('',#2046,1.);
#2046 = DIRECTION('',(0.521973016685,0.,0.852961997895));
#2047 = ORIENTED_EDGE('',*,*,#2048,.F.);
#2048 = EDGE_CURVE('',#2049,#2041,#2051,.T.);
#2049 = VERTEX_POINT('',#2050);
#2050 = CARTESIAN_POINT('',(7.913794458799E-02,-1.949999973048,
    15.747781123816));
#2051 = LINE('',#2052,#2053);
#2052 = CARTESIAN_POINT('',(-0.203904800007,-1.949999973048,
    16.210304467366));
#2053 = VECTOR('',#2054,1.);
#2054 = DIRECTION('',(0.521973016685,0.,-0.852961997895));
#2055 = ORIENTED_EDGE('',*,*,#2056,.F.);
#2056 = EDGE_CURVE('',#2057,#2049,#2059,.T.);
#2057 = VERTEX_POINT('',#2058);
#2058 = CARTESIAN_POINT('',(-7.934032374511E-02,-1.949999973048,
    15.488809996843));
#2059 = LINE('',#2060,#2061);
#2060 = CARTESIAN_POINT('',(-7.934032374511E-02,-1.949999973048,
    15.488809996843));
#2061 = VECTOR('',#2062,1.);
#2062 = DIRECTION('',(0.521973016685,0.,0.852961997895));
#2063 = ORIENTED_EDGE('',*,*,#2064,.F.);
#2064 = EDGE_CURVE('',#2065,#2057,#2067,.T.);
#2065 = VERTEX_POINT('',#2066);
#2066 = CARTESIAN_POINT('',(-0.269774286486,-1.949999973048,
    15.80000028472));
#2067 = LINE('',#2068,#2069);
#2068 = CARTESIAN_POINT('',(3.31962779432,-1.949999973048,9.934517832127
    ));
#2069 = VECTOR('',#2070,1.);
#2070 = DIRECTION('',(0.521973016685,0.,-0.852961997895));
#2071 = ORIENTED_EDGE('',*,*,#2072,.F.);
#2072 = EDGE_CURVE('',#2073,#2065,#2075,.T.);
#2073 = VERTEX_POINT('',#2074);
#2074 = CARTESIAN_POINT('',(-0.346537840737,-1.949999973048,
    15.80000028472));
#2075 = LINE('',#2076,#2077);
#2076 = CARTESIAN_POINT('',(-2.855000074981,-1.949999973048,
    15.80000028472));
#2077 = VECTOR('',#2078,1.);
#2078 = DIRECTION('',(1.,0.,0.));
#2079 = ORIENTED_EDGE('',*,*,#2080,.F.);
#2080 = EDGE_CURVE('',#2081,#2073,#2083,.T.);
#2081 = VERTEX_POINT('',#2082);
#2082 = CARTESIAN_POINT('',(-0.488845436446,-1.949999973048,
    15.567453836395));
#2083 = LINE('',#2084,#2085);
#2084 = CARTESIAN_POINT('',(-0.488845436446,-1.949999973048,
    15.567453836395));
#2085 = VECTOR('',#2086,1.);
#2086 = DIRECTION('',(0.521973016685,0.,0.852961997895));
#2087 = ORIENTED_EDGE('',*,*,#2088,.F.);
#2088 = EDGE_CURVE('',#2089,#2081,#2091,.T.);
#2089 = VERTEX_POINT('',#2090);
#2090 = CARTESIAN_POINT('',(-0.631153032155,-1.949999973048,
    15.80000028472));
#2091 = LINE('',#2092,#2093);
#2092 = CARTESIAN_POINT('',(3.056708794799,-1.949999973048,
    9.773623649663));
#2093 = VECTOR('',#2094,1.);
#2094 = DIRECTION('',(0.521973016685,0.,-0.852961997895));
#2095 = ORIENTED_EDGE('',*,*,#2096,.F.);
#2096 = EDGE_CURVE('',#2097,#2089,#2099,.T.);
#2097 = VERTEX_POINT('',#2098);
#2098 = CARTESIAN_POINT('',(-0.778820529436,-1.949999973048,
    15.80000028472));
#2099 = LINE('',#2100,#2101);
#2100 = CARTESIAN_POINT('',(-2.855000074981,-1.949999973048,
    15.80000028472));
#2101 = VECTOR('',#2102,1.);
#2102 = DIRECTION('',(1.,0.,0.));
#2103 = ORIENTED_EDGE('',*,*,#2104,.F.);
#2104 = EDGE_CURVE('',#2105,#2097,#2107,.T.);
#2105 = VERTEX_POINT('',#2106);
#2106 = CARTESIAN_POINT('',(-0.905000101933,-1.949999973048,
    15.593808821158));
#2107 = LINE('',#2108,#2109);
#2108 = CARTESIAN_POINT('',(-0.905000101933,-1.949999973048,
    15.593808821158));
#2109 = VECTOR('',#2110,1.);
#2110 = DIRECTION('',(0.521973016685,0.,0.852961997895));
#2111 = ORIENTED_EDGE('',*,*,#2112,.F.);
#2112 = EDGE_CURVE('',#1663,#2105,#2113,.T.);
#2113 = LINE('',#2114,#2115);
#2114 = CARTESIAN_POINT('',(2.765671743427,-1.949999973048,
    9.595522529043));
#2115 = VECTOR('',#2116,1.);
#2116 = DIRECTION('',(0.521973016685,0.,-0.852961997895));
#2117 = PLANE('',#2118);
#2118 = AXIS2_PLACEMENT_3D('',#2119,#2120,#2121);
#2119 = CARTESIAN_POINT('',(-5.00011437181E-03,-1.949999973048,
    7.900000393909));
#2120 = DIRECTION('',(0.,-1.,0.));
#2121 = DIRECTION('',(0.,0.,-1.));
#2122 = ADVANCED_FACE('',(#2123),#2139,.F.);
#2123 = FACE_BOUND('',#2124,.T.);
#2124 = EDGE_LOOP('',(#2125,#2126,#2132,#2133));
#2125 = ORIENTED_EDGE('',*,*,#1781,.F.);
#2126 = ORIENTED_EDGE('',*,*,#2127,.T.);
#2127 = EDGE_CURVE('',#1774,#2073,#2128,.T.);
#2128 = LINE('',#2129,#2130);
#2129 = CARTESIAN_POINT('',(-0.346537840737,1.949999973048,
    15.80000028472));
#2130 = VECTOR('',#2131,1.);
#2131 = DIRECTION('',(0.,-1.,0.));
#2132 = ORIENTED_EDGE('',*,*,#2072,.T.);
#2133 = ORIENTED_EDGE('',*,*,#2134,.T.);
#2134 = EDGE_CURVE('',#2065,#1782,#2135,.T.);
#2135 = LINE('',#2136,#2137);
#2136 = CARTESIAN_POINT('',(-0.269774286486,1.949999973048,
    15.80000028472));
#2137 = VECTOR('',#2138,1.);
#2138 = DIRECTION('',(0.,1.,0.));
#2139 = PLANE('',#2140);
#2140 = AXIS2_PLACEMENT_3D('',#2141,#2142,#2143);
#2141 = CARTESIAN_POINT('',(-2.855000074981,1.949999973048,
    15.80000028472));
#2142 = DIRECTION('',(0.,0.,-1.));
#2143 = DIRECTION('',(-1.,0.,0.));
#2144 = ADVANCED_FACE('',(#2145),#2161,.F.);
#2145 = FACE_BOUND('',#2146,.T.);
#2146 = EDGE_LOOP('',(#2147,#2148,#2154,#2155));
#2147 = ORIENTED_EDGE('',*,*,#2096,.T.);
#2148 = ORIENTED_EDGE('',*,*,#2149,.T.);
#2149 = EDGE_CURVE('',#2089,#1758,#2150,.T.);
#2150 = LINE('',#2151,#2152);
#2151 = CARTESIAN_POINT('',(-0.631153032155,1.949999973048,
    15.80000028472));
#2152 = VECTOR('',#2153,1.);
#2153 = DIRECTION('',(0.,1.,0.));
#2154 = ORIENTED_EDGE('',*,*,#1757,.F.);
#2155 = ORIENTED_EDGE('',*,*,#2156,.T.);
#2156 = EDGE_CURVE('',#1750,#2097,#2157,.T.);
#2157 = LINE('',#2158,#2159);
#2158 = CARTESIAN_POINT('',(-0.778820529436,1.949999973048,
    15.80000028472));
#2159 = VECTOR('',#2160,1.);
#2160 = DIRECTION('',(0.,-1.,0.));
#2161 = PLANE('',#2162);
#2162 = AXIS2_PLACEMENT_3D('',#2163,#2164,#2165);
#2163 = CARTESIAN_POINT('',(-2.855000074981,1.949999973048,
    15.80000028472));
#2164 = DIRECTION('',(0.,0.,-1.));
#2165 = DIRECTION('',(-1.,0.,0.));
#2166 = ADVANCED_FACE('',(#2167),#2183,.F.);
#2167 = FACE_BOUND('',#2168,.T.);
#2168 = EDGE_LOOP('',(#2169,#2170,#2176,#2177));
#2169 = ORIENTED_EDGE('',*,*,#1845,.F.);
#2170 = ORIENTED_EDGE('',*,*,#2171,.T.);
#2171 = EDGE_CURVE('',#1838,#2009,#2172,.T.);
#2172 = LINE('',#2173,#2174);
#2173 = CARTESIAN_POINT('',(1.044999871116,1.949999973048,
    14.955755504097));
#2174 = VECTOR('',#2175,1.);
#2175 = DIRECTION('',(-0.,-1.,-0.));
#2176 = ORIENTED_EDGE('',*,*,#2008,.T.);
#2177 = ORIENTED_EDGE('',*,*,#2178,.F.);
#2178 = EDGE_CURVE('',#1846,#2001,#2179,.T.);
#2179 = LINE('',#2180,#2181);
#2180 = CARTESIAN_POINT('',(1.044999871116,1.949999973048,7.800000395291
    ));
#2181 = VECTOR('',#2182,1.);
#2182 = DIRECTION('',(-0.,-1.,-0.));
#2183 = PLANE('',#2184);
#2184 = AXIS2_PLACEMENT_3D('',#2185,#2186,#2187);
#2185 = CARTESIAN_POINT('',(1.044999871116,1.949999973048,15.80000028472
    ));
#2186 = DIRECTION('',(-1.,0.,0.));
#2187 = DIRECTION('',(0.,0.,1.));
#2188 = ADVANCED_FACE('',(#2189),#2195,.F.);
#2189 = FACE_BOUND('',#2190,.T.);
#2190 = EDGE_LOOP('',(#2191,#2192,#2193,#2194));
#2191 = ORIENTED_EDGE('',*,*,#2000,.T.);
#2192 = ORIENTED_EDGE('',*,*,#1630,.F.);
#2193 = ORIENTED_EDGE('',*,*,#1853,.F.);
#2194 = ORIENTED_EDGE('',*,*,#2178,.T.);
#2195 = PLANE('',#2196);
#2196 = AXIS2_PLACEMENT_3D('',#2197,#2198,#2199);
#2197 = CARTESIAN_POINT('',(-2.855000074981,1.949999973048,
    7.800000395291));
#2198 = DIRECTION('',(-1.563753133393E-16,0.,1.));
#2199 = DIRECTION('',(1.,0.,1.563753133393E-16));
#2200 = ADVANCED_FACE('',(#2201),#2212,.F.);
#2201 = FACE_BOUND('',#2202,.T.);
#2202 = EDGE_LOOP('',(#2203,#2204,#2210,#2211));
#2203 = ORIENTED_EDGE('',*,*,#1749,.F.);
#2204 = ORIENTED_EDGE('',*,*,#2205,.T.);
#2205 = EDGE_CURVE('',#1742,#2105,#2206,.T.);
#2206 = LINE('',#2207,#2208);
#2207 = CARTESIAN_POINT('',(-0.905000101933,3.449999952316,
    15.593808821158));
#2208 = VECTOR('',#2209,1.);
#2209 = DIRECTION('',(-0.,-1.,-0.));
#2210 = ORIENTED_EDGE('',*,*,#2104,.T.);
#2211 = ORIENTED_EDGE('',*,*,#2156,.F.);
#2212 = PLANE('',#2213);
#2213 = AXIS2_PLACEMENT_3D('',#2214,#2215,#2216);
#2214 = CARTESIAN_POINT('',(-0.905000101933,3.449999952316,
    15.593808821158));
#2215 = DIRECTION('',(0.852961997895,0.,-0.521973016685));
#2216 = DIRECTION('',(-0.521973016685,0.,-0.852961997895));
#2217 = ADVANCED_FACE('',(#2218),#2224,.F.);
#2218 = FACE_BOUND('',#2219,.T.);
#2219 = EDGE_LOOP('',(#2220,#2221,#2222,#2223));
#2220 = ORIENTED_EDGE('',*,*,#2112,.T.);
#2221 = ORIENTED_EDGE('',*,*,#2205,.F.);
#2222 = ORIENTED_EDGE('',*,*,#1741,.F.);
#2223 = ORIENTED_EDGE('',*,*,#1670,.F.);
#2224 = PLANE('',#2225);
#2225 = AXIS2_PLACEMENT_3D('',#2226,#2227,#2228);
#2226 = CARTESIAN_POINT('',(-1.425876835612,3.449999952316,
    16.44497937062));
#2227 = DIRECTION('',(-0.852961997895,0.,-0.521973016685));
#2228 = DIRECTION('',(-0.521973016685,0.,0.852961997895));
#2229 = ADVANCED_FACE('',(#2230),#2241,.F.);
#2230 = FACE_BOUND('',#2231,.T.);
#2231 = EDGE_LOOP('',(#2232,#2233,#2239,#2240));
#2232 = ORIENTED_EDGE('',*,*,#2064,.T.);
#2233 = ORIENTED_EDGE('',*,*,#2234,.F.);
#2234 = EDGE_CURVE('',#1790,#2057,#2235,.T.);
#2235 = LINE('',#2236,#2237);
#2236 = CARTESIAN_POINT('',(-7.934032374511E-02,1.949999973048,
    15.488809996843));
#2237 = VECTOR('',#2238,1.);
#2238 = DIRECTION('',(-0.,-1.,-0.));
#2239 = ORIENTED_EDGE('',*,*,#1789,.F.);
#2240 = ORIENTED_EDGE('',*,*,#2134,.F.);
#2241 = PLANE('',#2242);
#2242 = AXIS2_PLACEMENT_3D('',#2243,#2244,#2245);
#2243 = CARTESIAN_POINT('',(-0.600217057424,1.949999973048,
    16.339980546305));
#2244 = DIRECTION('',(-0.852961997895,0.,-0.521973016685));
#2245 = DIRECTION('',(-0.521973016685,0.,0.852961997895));
#2246 = ADVANCED_FACE('',(#2247),#2263,.F.);
#2247 = FACE_BOUND('',#2248,.T.);
#2248 = EDGE_LOOP('',(#2249,#2250,#2256,#2257));
#2249 = ORIENTED_EDGE('',*,*,#2048,.T.);
#2250 = ORIENTED_EDGE('',*,*,#2251,.F.);
#2251 = EDGE_CURVE('',#1806,#2041,#2252,.T.);
#2252 = LINE('',#2253,#2254);
#2253 = CARTESIAN_POINT('',(0.316971933672,1.949999973048,
    15.359133917904));
#2254 = VECTOR('',#2255,1.);
#2255 = DIRECTION('',(-0.,-1.,-0.));
#2256 = ORIENTED_EDGE('',*,*,#1805,.F.);
#2257 = ORIENTED_EDGE('',*,*,#2258,.F.);
#2258 = EDGE_CURVE('',#2049,#1798,#2259,.T.);
#2259 = LINE('',#2260,#2261);
#2260 = CARTESIAN_POINT('',(7.913794458799E-02,1.949999973048,
    15.747781123816));
#2261 = VECTOR('',#2262,1.);
#2262 = DIRECTION('',(0.,1.,0.));
#2263 = PLANE('',#2264);
#2264 = AXIS2_PLACEMENT_3D('',#2265,#2266,#2267);
#2265 = CARTESIAN_POINT('',(-0.203904800007,1.949999973048,
    16.210304467366));
#2266 = DIRECTION('',(-0.852961997895,0.,-0.521973016685));
#2267 = DIRECTION('',(-0.521973016685,0.,0.852961997895));
#2268 = ADVANCED_FACE('',(#2269),#2285,.F.);
#2269 = FACE_BOUND('',#2270,.T.);
#2270 = EDGE_LOOP('',(#2271,#2272,#2278,#2279));
#2271 = ORIENTED_EDGE('',*,*,#2032,.T.);
#2272 = ORIENTED_EDGE('',*,*,#2273,.F.);
#2273 = EDGE_CURVE('',#1822,#2025,#2274,.T.);
#2274 = LINE('',#2275,#2276);
#2275 = CARTESIAN_POINT('',(0.69375883615,1.949999973048,15.180497636739
    ));
#2276 = VECTOR('',#2277,1.);
#2277 = DIRECTION('',(-0.,-1.,-0.));
#2278 = ORIENTED_EDGE('',*,*,#1821,.F.);
#2279 = ORIENTED_EDGE('',*,*,#2280,.F.);
#2280 = EDGE_CURVE('',#2033,#1814,#2281,.T.);
#2281 = LINE('',#2282,#2283);
#2282 = CARTESIAN_POINT('',(0.450706842796,1.949999973048,
    15.577671642324));
#2283 = VECTOR('',#2284,1.);
#2284 = DIRECTION('',(0.,1.,0.));
#2285 = PLANE('',#2286);
#2286 = AXIS2_PLACEMENT_3D('',#2287,#2288,#2289);
#2287 = CARTESIAN_POINT('',(0.172882102471,1.949999973048,
    16.031668186201));
#2288 = DIRECTION('',(-0.852961997895,0.,-0.521973016685));
#2289 = DIRECTION('',(-0.521973016685,0.,0.852961997895));
#2290 = ADVANCED_FACE('',(#2291),#2302,.F.);
#2291 = FACE_BOUND('',#2292,.T.);
#2292 = EDGE_LOOP('',(#2293,#2294,#2295,#2296));
#2293 = ORIENTED_EDGE('',*,*,#2016,.T.);
#2294 = ORIENTED_EDGE('',*,*,#2171,.F.);
#2295 = ORIENTED_EDGE('',*,*,#1837,.F.);
#2296 = ORIENTED_EDGE('',*,*,#2297,.F.);
#2297 = EDGE_CURVE('',#2017,#1830,#2298,.T.);
#2298 = LINE('',#2299,#2300);
#2299 = CARTESIAN_POINT('',(0.800613494638,1.949999973048,
    15.355110040205));
#2300 = VECTOR('',#2301,1.);
#2301 = DIRECTION('',(0.,1.,0.));
#2302 = PLANE('',#2303);
#2303 = AXIS2_PLACEMENT_3D('',#2304,#2305,#2306);
#2304 = CARTESIAN_POINT('',(0.524123137437,1.949999973048,
    15.806926053559));
#2305 = DIRECTION('',(-0.852961997895,0.,-0.521973016685));
#2306 = DIRECTION('',(-0.521973016685,0.,0.852961997895));
#2307 = ADVANCED_FACE('',(#2308),#2314,.F.);
#2308 = FACE_BOUND('',#2309,.T.);
#2309 = EDGE_LOOP('',(#2310,#2311,#2312,#2313));
#2310 = ORIENTED_EDGE('',*,*,#2297,.T.);
#2311 = ORIENTED_EDGE('',*,*,#1829,.F.);
#2312 = ORIENTED_EDGE('',*,*,#2273,.T.);
#2313 = ORIENTED_EDGE('',*,*,#2024,.T.);
#2314 = PLANE('',#2315);
#2315 = AXIS2_PLACEMENT_3D('',#2316,#2317,#2318);
#2316 = CARTESIAN_POINT('',(0.69375883615,1.949999973048,15.180497636739
    ));
#2317 = DIRECTION('',(0.852961997895,0.,-0.521973016685));
#2318 = DIRECTION('',(-0.521973016685,0.,-0.852961997895));
#2319 = ADVANCED_FACE('',(#2320),#2326,.F.);
#2320 = FACE_BOUND('',#2321,.T.);
#2321 = EDGE_LOOP('',(#2322,#2323,#2324,#2325));
#2322 = ORIENTED_EDGE('',*,*,#2280,.T.);
#2323 = ORIENTED_EDGE('',*,*,#1813,.F.);
#2324 = ORIENTED_EDGE('',*,*,#2251,.T.);
#2325 = ORIENTED_EDGE('',*,*,#2040,.T.);
#2326 = PLANE('',#2327);
#2327 = AXIS2_PLACEMENT_3D('',#2328,#2329,#2330);
#2328 = CARTESIAN_POINT('',(0.316971933672,1.949999973048,
    15.359133917904));
#2329 = DIRECTION('',(0.852961997895,0.,-0.521973016685));
#2330 = DIRECTION('',(-0.521973016685,0.,-0.852961997895));
#2331 = ADVANCED_FACE('',(#2332),#2338,.F.);
#2332 = FACE_BOUND('',#2333,.T.);
#2333 = EDGE_LOOP('',(#2334,#2335,#2336,#2337));
#2334 = ORIENTED_EDGE('',*,*,#2258,.T.);
#2335 = ORIENTED_EDGE('',*,*,#1797,.F.);
#2336 = ORIENTED_EDGE('',*,*,#2234,.T.);
#2337 = ORIENTED_EDGE('',*,*,#2056,.T.);
#2338 = PLANE('',#2339);
#2339 = AXIS2_PLACEMENT_3D('',#2340,#2341,#2342);
#2340 = CARTESIAN_POINT('',(-7.934032374511E-02,1.949999973048,
    15.488809996843));
#2341 = DIRECTION('',(0.852961997895,0.,-0.521973016685));
#2342 = DIRECTION('',(-0.521973016685,0.,-0.852961997895));
#2343 = ADVANCED_FACE('',(#2344),#2355,.F.);
#2344 = FACE_BOUND('',#2345,.T.);
#2345 = EDGE_LOOP('',(#2346,#2347,#2353,#2354));
#2346 = ORIENTED_EDGE('',*,*,#1773,.F.);
#2347 = ORIENTED_EDGE('',*,*,#2348,.T.);
#2348 = EDGE_CURVE('',#1766,#2081,#2349,.T.);
#2349 = LINE('',#2350,#2351);
#2350 = CARTESIAN_POINT('',(-0.488845436446,1.949999973048,
    15.567453836395));
#2351 = VECTOR('',#2352,1.);
#2352 = DIRECTION('',(-0.,-1.,-0.));
#2353 = ORIENTED_EDGE('',*,*,#2080,.T.);
#2354 = ORIENTED_EDGE('',*,*,#2127,.F.);
#2355 = PLANE('',#2356);
#2356 = AXIS2_PLACEMENT_3D('',#2357,#2358,#2359);
#2357 = CARTESIAN_POINT('',(-0.488845436446,1.949999973048,
    15.567453836395));
#2358 = DIRECTION('',(0.852961997895,0.,-0.521973016685));
#2359 = DIRECTION('',(-0.521973016685,0.,-0.852961997895));
#2360 = ADVANCED_FACE('',(#2361),#2367,.F.);
#2361 = FACE_BOUND('',#2362,.T.);
#2362 = EDGE_LOOP('',(#2363,#2364,#2365,#2366));
#2363 = ORIENTED_EDGE('',*,*,#2088,.T.);
#2364 = ORIENTED_EDGE('',*,*,#2348,.F.);
#2365 = ORIENTED_EDGE('',*,*,#1765,.F.);
#2366 = ORIENTED_EDGE('',*,*,#2149,.F.);
#2367 = PLANE('',#2368);
#2368 = AXIS2_PLACEMENT_3D('',#2369,#2370,#2371);
#2369 = CARTESIAN_POINT('',(-1.009722170125,1.949999973048,
    16.418624385857));
#2370 = DIRECTION('',(-0.852961997895,0.,-0.521973016685));
#2371 = DIRECTION('',(-0.521973016685,0.,0.852961997895));
#2372 = ADVANCED_FACE('',(#2373),#2384,.T.);
#2373 = FACE_BOUND('',#2374,.T.);
#2374 = EDGE_LOOP('',(#2375,#2376,#2377,#2383));
#2375 = ORIENTED_EDGE('',*,*,#1710,.T.);
#2376 = ORIENTED_EDGE('',*,*,#1908,.T.);
#2377 = ORIENTED_EDGE('',*,*,#2378,.T.);
#2378 = EDGE_CURVE('',#1901,#1946,#2379,.T.);
#2379 = LINE('',#2380,#2381);
#2380 = CARTESIAN_POINT('',(-1.73065988012,1.949999973048,
    15.488809996843));
#2381 = VECTOR('',#2382,1.);
#2382 = DIRECTION('',(-0.,-1.,-0.));
#2383 = ORIENTED_EDGE('',*,*,#1945,.F.);
#2384 = PLANE('',#2385);
#2385 = AXIS2_PLACEMENT_3D('',#2386,#2387,#2388);
#2386 = CARTESIAN_POINT('',(-1.209783146441,1.949999973048,
    16.339980546305));
#2387 = DIRECTION('',(-0.852961997895,0.,0.521973016685));
#2388 = DIRECTION('',(0.521973016685,0.,0.852961997895));
#2389 = ADVANCED_FACE('',(#2390),#2406,.T.);
#2390 = FACE_BOUND('',#2391,.T.);
#2391 = EDGE_LOOP('',(#2392,#2393,#2399,#2400));
#2392 = ORIENTED_EDGE('',*,*,#1876,.T.);
#2393 = ORIENTED_EDGE('',*,*,#2394,.T.);
#2394 = EDGE_CURVE('',#1869,#1978,#2395,.T.);
#2395 = LINE('',#2396,#2397);
#2396 = CARTESIAN_POINT('',(-2.503759040016,1.949999973048,
    15.180497636739));
#2397 = VECTOR('',#2398,1.);
#2398 = DIRECTION('',(-0.,-1.,-0.));
#2399 = ORIENTED_EDGE('',*,*,#1977,.F.);
#2400 = ORIENTED_EDGE('',*,*,#2401,.F.);
#2401 = EDGE_CURVE('',#1877,#1970,#2402,.T.);
#2402 = LINE('',#2403,#2404);
#2403 = CARTESIAN_POINT('',(-2.260707046661,1.949999973048,
    15.577671642324));
#2404 = VECTOR('',#2405,1.);
#2405 = DIRECTION('',(0.,-1.,0.));
#2406 = PLANE('',#2407);
#2407 = AXIS2_PLACEMENT_3D('',#2408,#2409,#2410);
#2408 = CARTESIAN_POINT('',(-1.982882306336,1.949999973048,
    16.031668186201));
#2409 = DIRECTION('',(-0.852961997895,0.,0.521973016685));
#2410 = DIRECTION('',(0.521973016685,0.,0.852961997895));
#2411 = ADVANCED_FACE('',(#2412),#2423,.T.);
#2412 = FACE_BOUND('',#2413,.T.);
#2413 = EDGE_LOOP('',(#2414,#2415,#2416,#2422));
#2414 = ORIENTED_EDGE('',*,*,#2401,.T.);
#2415 = ORIENTED_EDGE('',*,*,#1969,.F.);
#2416 = ORIENTED_EDGE('',*,*,#2417,.F.);
#2417 = EDGE_CURVE('',#1885,#1962,#2418,.T.);
#2418 = LINE('',#2419,#2420);
#2419 = CARTESIAN_POINT('',(-2.126972137537,1.949999973048,
    15.359133917904));
#2420 = VECTOR('',#2421,1.);
#2421 = DIRECTION('',(-0.,-1.,-0.));
#2422 = ORIENTED_EDGE('',*,*,#1884,.T.);
#2423 = PLANE('',#2424);
#2424 = AXIS2_PLACEMENT_3D('',#2425,#2426,#2427);
#2425 = CARTESIAN_POINT('',(-2.126972137537,1.949999973048,
    15.359133917904));
#2426 = DIRECTION('',(0.852961997895,0.,0.521973016685));
#2427 = DIRECTION('',(0.521973016685,0.,-0.852961997895));
#2428 = ADVANCED_FACE('',(#2429),#2440,.T.);
#2429 = FACE_BOUND('',#2430,.T.);
#2430 = EDGE_LOOP('',(#2431,#2432,#2433,#2434));
#2431 = ORIENTED_EDGE('',*,*,#1892,.T.);
#2432 = ORIENTED_EDGE('',*,*,#2417,.T.);
#2433 = ORIENTED_EDGE('',*,*,#1961,.F.);
#2434 = ORIENTED_EDGE('',*,*,#2435,.F.);
#2435 = EDGE_CURVE('',#1893,#1954,#2436,.T.);
#2436 = LINE('',#2437,#2438);
#2437 = CARTESIAN_POINT('',(-1.889138148453,1.949999973048,
    15.747781123816));
#2438 = VECTOR('',#2439,1.);
#2439 = DIRECTION('',(0.,-1.,0.));
#2440 = PLANE('',#2441);
#2441 = AXIS2_PLACEMENT_3D('',#2442,#2443,#2444);
#2442 = CARTESIAN_POINT('',(-1.606095403858,1.949999973048,
    16.210304467366));
#2443 = DIRECTION('',(-0.852961997895,0.,0.521973016685));
#2444 = DIRECTION('',(0.521973016685,0.,0.852961997895));
#2445 = ADVANCED_FACE('',(#2446),#2452,.T.);
#2446 = FACE_BOUND('',#2447,.T.);
#2447 = EDGE_LOOP('',(#2448,#2449,#2450,#2451));
#2448 = ORIENTED_EDGE('',*,*,#2435,.T.);
#2449 = ORIENTED_EDGE('',*,*,#1953,.F.);
#2450 = ORIENTED_EDGE('',*,*,#2378,.F.);
#2451 = ORIENTED_EDGE('',*,*,#1900,.T.);
#2452 = PLANE('',#2453);
#2453 = AXIS2_PLACEMENT_3D('',#2454,#2455,#2456);
#2454 = CARTESIAN_POINT('',(-1.73065988012,1.949999973048,
    15.488809996843));
#2455 = DIRECTION('',(0.852961997895,0.,0.521973016685));
#2456 = DIRECTION('',(0.521973016685,0.,-0.852961997895));
#2457 = ADVANCED_FACE('',(#2458),#2469,.T.);
#2458 = FACE_BOUND('',#2459,.T.);
#2459 = EDGE_LOOP('',(#2460,#2461,#2462,#2463));
#2460 = ORIENTED_EDGE('',*,*,#1860,.T.);
#2461 = ORIENTED_EDGE('',*,*,#1612,.T.);
#2462 = ORIENTED_EDGE('',*,*,#1993,.F.);
#2463 = ORIENTED_EDGE('',*,*,#2464,.F.);
#2464 = EDGE_CURVE('',#1861,#1986,#2465,.T.);
#2465 = LINE('',#2466,#2467);
#2466 = CARTESIAN_POINT('',(-2.610613698503,1.949999973048,
    15.355110040205));
#2467 = VECTOR('',#2468,1.);
#2468 = DIRECTION('',(0.,-1.,0.));
#2469 = PLANE('',#2470);
#2470 = AXIS2_PLACEMENT_3D('',#2471,#2472,#2473);
#2471 = CARTESIAN_POINT('',(-2.334123341302,1.949999973048,
    15.806926053559));
#2472 = DIRECTION('',(-0.852961997895,0.,0.521973016685));
#2473 = DIRECTION('',(0.521973016685,0.,0.852961997895));
#2474 = ADVANCED_FACE('',(#2475),#2481,.T.);
#2475 = FACE_BOUND('',#2476,.T.);
#2476 = EDGE_LOOP('',(#2477,#2478,#2479,#2480));
#2477 = ORIENTED_EDGE('',*,*,#2464,.T.);
#2478 = ORIENTED_EDGE('',*,*,#1985,.F.);
#2479 = ORIENTED_EDGE('',*,*,#2394,.F.);
#2480 = ORIENTED_EDGE('',*,*,#1868,.T.);
#2481 = PLANE('',#2482);
#2482 = AXIS2_PLACEMENT_3D('',#2483,#2484,#2485);
#2483 = CARTESIAN_POINT('',(-2.503759040016,1.949999973048,
    15.180497636739));
#2484 = DIRECTION('',(0.852961997895,0.,0.521973016685));
#2485 = DIRECTION('',(0.521973016685,0.,-0.852961997895));
#2486 = ADVANCED_FACE('',(#2487),#2498,.T.);
#2487 = FACE_BOUND('',#2488,.T.);
#2488 = EDGE_LOOP('',(#2489,#2490,#2491,#2497));
#2489 = ORIENTED_EDGE('',*,*,#1652,.T.);
#2490 = ORIENTED_EDGE('',*,*,#1732,.T.);
#2491 = ORIENTED_EDGE('',*,*,#2492,.T.);
#2492 = EDGE_CURVE('',#1733,#1931,#2493,.T.);
#2493 = LINE('',#2494,#2495);
#2494 = CARTESIAN_POINT('',(-1.321154767419,1.949999973048,
    15.567453836395));
#2495 = VECTOR('',#2496,1.);
#2496 = DIRECTION('',(-0.,-1.,-0.));
#2497 = ORIENTED_EDGE('',*,*,#1930,.F.);
#2498 = PLANE('',#2499);
#2499 = AXIS2_PLACEMENT_3D('',#2500,#2501,#2502);
#2500 = CARTESIAN_POINT('',(-0.80027803374,1.949999973048,
    16.418624385857));
#2501 = DIRECTION('',(-0.852961997895,0.,0.521973016685));
#2502 = DIRECTION('',(0.521973016685,0.,0.852961997895));
#2503 = ADVANCED_FACE('',(#2504),#2510,.T.);
#2504 = FACE_BOUND('',#2505,.T.);
#2505 = EDGE_LOOP('',(#2506,#2507,#2508,#2509));
#2506 = ORIENTED_EDGE('',*,*,#1692,.T.);
#2507 = ORIENTED_EDGE('',*,*,#1938,.F.);
#2508 = ORIENTED_EDGE('',*,*,#2492,.F.);
#2509 = ORIENTED_EDGE('',*,*,#1915,.T.);
#2510 = PLANE('',#2511);
#2511 = AXIS2_PLACEMENT_3D('',#2512,#2513,#2514);
#2512 = CARTESIAN_POINT('',(-1.321154767419,1.949999973048,
    15.567453836395));
#2513 = DIRECTION('',(0.852961997895,0.,0.521973016685));
#2514 = DIRECTION('',(0.521973016685,0.,-0.852961997895));
#2515 = ( GEOMETRIC_REPRESENTATION_CONTEXT(3) 
GLOBAL_UNCERTAINTY_ASSIGNED_CONTEXT((#2519)) 
GLOBAL_UNIT_ASSIGNED_CONTEXT((#2516,#2517,#2518)) REPRESENTATION_CONTEXT
('Context #1','3D Context with UNIT and UNCERTAINTY') );
#2516 = ( LENGTH_UNIT() NAMED_UNIT(*) SI_UNIT(.MILLI.,.METRE.) );
#2517 = ( NAMED_UNIT(*) PLANE_ANGLE_UNIT() SI_UNIT($,.RADIAN.) );
#2518 = ( NAMED_UNIT(*) SI_UNIT($,.STERADIAN.) SOLID_ANGLE_UNIT() );
#2519 = UNCERTAINTY_MEASURE_WITH_UNIT(LENGTH_MEASURE(1.E-07),#2516,
  'distance_accuracy_value','confusion accuracy');
#2520 = CONTEXT_DEPENDENT_SHAPE_REPRESENTATION(#2521,#2523);
#2521 = ( REPRESENTATION_RELATIONSHIP('','',#1605,#10) 
REPRESENTATION_RELATIONSHIP_WITH_TRANSFORMATION(#2522) 
SHAPE_REPRESENTATION_RELATIONSHIP() );
#2522 = ITEM_DEFINED_TRANSFORMATION('','',#11,#19);
#2523 = PRODUCT_DEFINITION_SHAPE('Placement','Placement of an item',
  #2524);
#2524 = NEXT_ASSEMBLY_USAGE_OCCURRENCE('188',
  'SW-TH_SS-12D10L8~SW-TH_SS-12D10L8~8Asf001','',#5,#1600,$);
#2525 = PRODUCT_RELATED_PRODUCT_CATEGORY('part',$,(#1602));
#2526 = SHAPE_DEFINITION_REPRESENTATION(#2527,#2533);
#2527 = PRODUCT_DEFINITION_SHAPE('','',#2528);
#2528 = PRODUCT_DEFINITION('design','',#2529,#2532);
#2529 = PRODUCT_DEFINITION_FORMATION('','',#2530);
#2530 = PRODUCT('SW-TH_SS-12D10L8~SW-TH_SS-12D10L8~8Asf',
  'SW-TH_SS-12D10L8~SW-TH_SS-12D10L8~8Asf','',(#2531));
#2531 = PRODUCT_CONTEXT('',#2,'mechanical');
#2532 = PRODUCT_DEFINITION_CONTEXT('part definition',#2,'design');
#2533 = ADVANCED_BREP_SHAPE_REPRESENTATION('',(#11,#2534),#4030);
#2534 = MANIFOLD_SOLID_BREP('',#2535);
#2535 = CLOSED_SHELL('',(#2536,#2576,#2616,#2656,#2730,#2752,#2774,#2807
    ,#2840,#2857,#2874,#2905,#2927,#3038,#3149,#3166,#3199,#3232,#3249,
    #3266,#3288,#3319,#3430,#3541,#3558,#3575,#3592,#3604,#3626,#3638,
    #3650,#3672,#3689,#3706,#3718,#3740,#3757,#3774,#3786,#3808,#3825,
    #3842,#3854,#3876,#3893,#3910,#3922,#3953,#3977,#4001,#4018));
#2536 = ADVANCED_FACE('',(#2537),#2571,.F.);
#2537 = FACE_BOUND('',#2538,.T.);
#2538 = EDGE_LOOP('',(#2539,#2549,#2557,#2565));
#2539 = ORIENTED_EDGE('',*,*,#2540,.F.);
#2540 = EDGE_CURVE('',#2541,#2543,#2545,.T.);
#2541 = VERTEX_POINT('',#2542);
#2542 = CARTESIAN_POINT('',(0.82087626632,-3.449999952316,1.900000476837
    ));
#2543 = VERTEX_POINT('',#2544);
#2544 = CARTESIAN_POINT('',(6.44499979648,-3.449999952316,1.900000476837
    ));
#2545 = LINE('',#2546,#2547);
#2546 = CARTESIAN_POINT('',(-5.00011437181E-03,-3.449999952316,
    1.900000476837));
#2547 = VECTOR('',#2548,1.);
#2548 = DIRECTION('',(1.,0.,0.));
#2549 = ORIENTED_EDGE('',*,*,#2550,.T.);
#2550 = EDGE_CURVE('',#2541,#2551,#2553,.T.);
#2551 = VERTEX_POINT('',#2552);
#2552 = CARTESIAN_POINT('',(0.82087626632,-3.249999955081,1.900000476837
    ));
#2553 = LINE('',#2554,#2555);
#2554 = CARTESIAN_POINT('',(0.82087626632,-3.449999952316,1.900000476837
    ));
#2555 = VECTOR('',#2556,1.);
#2556 = DIRECTION('',(0.,1.,-3.491481338843E-15));
#2557 = ORIENTED_EDGE('',*,*,#2558,.T.);
#2558 = EDGE_CURVE('',#2551,#2559,#2561,.T.);
#2559 = VERTEX_POINT('',#2560);
#2560 = CARTESIAN_POINT('',(6.44499979648,-3.249999955081,1.900000476837
    ));
#2561 = LINE('',#2562,#2563);
#2562 = CARTESIAN_POINT('',(6.44499979648,-3.249999955081,1.900000476837
    ));
#2563 = VECTOR('',#2564,1.);
#2564 = DIRECTION('',(1.,0.,0.));
#2565 = ORIENTED_EDGE('',*,*,#2566,.F.);
#2566 = EDGE_CURVE('',#2543,#2559,#2567,.T.);
#2567 = LINE('',#2568,#2569);
#2568 = CARTESIAN_POINT('',(6.44499979648,-3.449999952316,1.900000476837
    ));
#2569 = VECTOR('',#2570,1.);
#2570 = DIRECTION('',(0.,1.,-3.491481338843E-15));
#2571 = PLANE('',#2572);
#2572 = AXIS2_PLACEMENT_3D('',#2573,#2574,#2575);
#2573 = CARTESIAN_POINT('',(6.44499979648,-3.449999952316,1.900000476837
    ));
#2574 = DIRECTION('',(0.,3.491481338843E-15,1.));
#2575 = DIRECTION('',(0.,-1.,3.491481338843E-15));
#2576 = ADVANCED_FACE('',(#2577),#2611,.F.);
#2577 = FACE_BOUND('',#2578,.T.);
#2578 = EDGE_LOOP('',(#2579,#2589,#2597,#2605));
#2579 = ORIENTED_EDGE('',*,*,#2580,.T.);
#2580 = EDGE_CURVE('',#2581,#2583,#2585,.T.);
#2581 = VERTEX_POINT('',#2582);
#2582 = CARTESIAN_POINT('',(6.44499979648,3.249999955081,1.900000476837)
  );
#2583 = VERTEX_POINT('',#2584);
#2584 = CARTESIAN_POINT('',(0.82087626632,3.249999955081,1.900000476837)
  );
#2585 = LINE('',#2586,#2587);
#2586 = CARTESIAN_POINT('',(-6.455000025224,3.249999955081,
    1.900000476837));
#2587 = VECTOR('',#2588,1.);
#2588 = DIRECTION('',(-1.,-0.,-0.));
#2589 = ORIENTED_EDGE('',*,*,#2590,.T.);
#2590 = EDGE_CURVE('',#2583,#2591,#2593,.T.);
#2591 = VERTEX_POINT('',#2592);
#2592 = CARTESIAN_POINT('',(0.82087626632,3.449999952316,1.900000476837)
  );
#2593 = LINE('',#2594,#2595);
#2594 = CARTESIAN_POINT('',(0.82087626632,3.449999952316,1.900000476837)
  );
#2595 = VECTOR('',#2596,1.);
#2596 = DIRECTION('',(0.,1.,3.491481338843E-15));
#2597 = ORIENTED_EDGE('',*,*,#2598,.F.);
#2598 = EDGE_CURVE('',#2599,#2591,#2601,.T.);
#2599 = VERTEX_POINT('',#2600);
#2600 = CARTESIAN_POINT('',(6.44499979648,3.449999952316,1.900000476837)
  );
#2601 = LINE('',#2602,#2603);
#2602 = CARTESIAN_POINT('',(-5.00011437181E-03,3.449999952316,
    1.900000476837));
#2603 = VECTOR('',#2604,1.);
#2604 = DIRECTION('',(-1.,0.,0.));
#2605 = ORIENTED_EDGE('',*,*,#2606,.T.);
#2606 = EDGE_CURVE('',#2599,#2581,#2607,.T.);
#2607 = LINE('',#2608,#2609);
#2608 = CARTESIAN_POINT('',(6.44499979648,3.449999952316,1.900000476837)
  );
#2609 = VECTOR('',#2610,1.);
#2610 = DIRECTION('',(0.,-1.,-3.491481338843E-15));
#2611 = PLANE('',#2612);
#2612 = AXIS2_PLACEMENT_3D('',#2613,#2614,#2615);
#2613 = CARTESIAN_POINT('',(-6.455000025224,3.449999952316,
    1.900000476837));
#2614 = DIRECTION('',(0.,-3.491481338843E-15,1.));
#2615 = DIRECTION('',(0.,-1.,-3.491481338843E-15));
#2616 = ADVANCED_FACE('',(#2617),#2651,.F.);
#2617 = FACE_BOUND('',#2618,.T.);
#2618 = EDGE_LOOP('',(#2619,#2629,#2637,#2645));
#2619 = ORIENTED_EDGE('',*,*,#2620,.F.);
#2620 = EDGE_CURVE('',#2621,#2623,#2625,.T.);
#2621 = VERTEX_POINT('',#2622);
#2622 = CARTESIAN_POINT('',(6.44499979648,3.248999955094,7.700000396673)
  );
#2623 = VERTEX_POINT('',#2624);
#2624 = CARTESIAN_POINT('',(-6.455000025224,3.248999955094,
    7.700000396673));
#2625 = LINE('',#2626,#2627);
#2626 = CARTESIAN_POINT('',(6.44499979648,3.248999955094,7.700000396673)
  );
#2627 = VECTOR('',#2628,1.);
#2628 = DIRECTION('',(-1.,-0.,-0.));
#2629 = ORIENTED_EDGE('',*,*,#2630,.F.);
#2630 = EDGE_CURVE('',#2631,#2621,#2633,.T.);
#2631 = VERTEX_POINT('',#2632);
#2632 = CARTESIAN_POINT('',(6.44499979648,-3.248999955094,7.700000396673
    ));
#2633 = LINE('',#2634,#2635);
#2634 = CARTESIAN_POINT('',(6.44499979648,3.449999952316,7.700000396673)
  );
#2635 = VECTOR('',#2636,1.);
#2636 = DIRECTION('',(1.257045997085E-16,1.,0.));
#2637 = ORIENTED_EDGE('',*,*,#2638,.F.);
#2638 = EDGE_CURVE('',#2639,#2631,#2641,.T.);
#2639 = VERTEX_POINT('',#2640);
#2640 = CARTESIAN_POINT('',(-6.455000025224,-3.248999955094,
    7.700000396673));
#2641 = LINE('',#2642,#2643);
#2642 = CARTESIAN_POINT('',(-6.455000025224,-3.248999955094,
    7.700000396673));
#2643 = VECTOR('',#2644,1.);
#2644 = DIRECTION('',(1.,0.,0.));
#2645 = ORIENTED_EDGE('',*,*,#2646,.F.);
#2646 = EDGE_CURVE('',#2623,#2639,#2647,.T.);
#2647 = LINE('',#2648,#2649);
#2648 = CARTESIAN_POINT('',(-6.455000025224,3.449999952316,
    7.700000396673));
#2649 = VECTOR('',#2650,1.);
#2650 = DIRECTION('',(0.,-1.,0.));
#2651 = PLANE('',#2652);
#2652 = AXIS2_PLACEMENT_3D('',#2653,#2654,#2655);
#2653 = CARTESIAN_POINT('',(-5.00011437181E-03,0.,7.700000396673));
#2654 = DIRECTION('',(0.,0.,1.));
#2655 = DIRECTION('',(1.,0.,-0.));
#2656 = ADVANCED_FACE('',(#2657,#2691),#2725,.T.);
#2657 = FACE_BOUND('',#2658,.T.);
#2658 = EDGE_LOOP('',(#2659,#2669,#2677,#2685));
#2659 = ORIENTED_EDGE('',*,*,#2660,.F.);
#2660 = EDGE_CURVE('',#2661,#2663,#2665,.T.);
#2661 = VERTEX_POINT('',#2662);
#2662 = CARTESIAN_POINT('',(2.994999844164,-1.999999972357,
    7.900000393909));
#2663 = VERTEX_POINT('',#2664);
#2664 = CARTESIAN_POINT('',(2.994999844164,1.999999972357,7.900000393909
    ));
#2665 = LINE('',#2666,#2667);
#2666 = CARTESIAN_POINT('',(2.994999844164,1.999999972357,7.900000393909
    ));
#2667 = VECTOR('',#2668,1.);
#2668 = DIRECTION('',(-2.168404344971E-16,1.,0.));
#2669 = ORIENTED_EDGE('',*,*,#2670,.F.);
#2670 = EDGE_CURVE('',#2671,#2661,#2673,.T.);
#2671 = VERTEX_POINT('',#2672);
#2672 = CARTESIAN_POINT('',(-3.005000072908,-1.999999972357,
    7.900000393909));
#2673 = LINE('',#2674,#2675);
#2674 = CARTESIAN_POINT('',(-3.005000072908,-1.999999972357,
    7.900000393909));
#2675 = VECTOR('',#2676,1.);
#2676 = DIRECTION('',(1.,0.,0.));
#2677 = ORIENTED_EDGE('',*,*,#2678,.F.);
#2678 = EDGE_CURVE('',#2679,#2671,#2681,.T.);
#2679 = VERTEX_POINT('',#2680);
#2680 = CARTESIAN_POINT('',(-3.005000072908,1.999999972357,
    7.900000393909));
#2681 = LINE('',#2682,#2683);
#2682 = CARTESIAN_POINT('',(-3.005000072908,1.999999972357,
    7.900000393909));
#2683 = VECTOR('',#2684,1.);
#2684 = DIRECTION('',(1.084202172486E-16,-1.,0.));
#2685 = ORIENTED_EDGE('',*,*,#2686,.F.);
#2686 = EDGE_CURVE('',#2663,#2679,#2687,.T.);
#2687 = LINE('',#2688,#2689);
#2688 = CARTESIAN_POINT('',(-3.005000072908,1.999999972357,
    7.900000393909));
#2689 = VECTOR('',#2690,1.);
#2690 = DIRECTION('',(-1.,-0.,-0.));
#2691 = FACE_BOUND('',#2692,.T.);
#2692 = EDGE_LOOP('',(#2693,#2703,#2711,#2719));
#2693 = ORIENTED_EDGE('',*,*,#2694,.T.);
#2694 = EDGE_CURVE('',#2695,#2697,#2699,.T.);
#2695 = VERTEX_POINT('',#2696);
#2696 = CARTESIAN_POINT('',(6.44499979648,-3.248999955094,7.900000393909
    ));
#2697 = VERTEX_POINT('',#2698);
#2698 = CARTESIAN_POINT('',(6.44499979648,3.248999955094,7.900000393909)
  );
#2699 = LINE('',#2700,#2701);
#2700 = CARTESIAN_POINT('',(6.44499979648,3.449999952316,7.900000393909)
  );
#2701 = VECTOR('',#2702,1.);
#2702 = DIRECTION('',(1.257045997085E-16,1.,0.));
#2703 = ORIENTED_EDGE('',*,*,#2704,.T.);
#2704 = EDGE_CURVE('',#2697,#2705,#2707,.T.);
#2705 = VERTEX_POINT('',#2706);
#2706 = CARTESIAN_POINT('',(-6.455000025224,3.248999955094,
    7.900000393909));
#2707 = LINE('',#2708,#2709);
#2708 = CARTESIAN_POINT('',(6.44499979648,3.248999955094,7.900000393909)
  );
#2709 = VECTOR('',#2710,1.);
#2710 = DIRECTION('',(-1.,-0.,-0.));
#2711 = ORIENTED_EDGE('',*,*,#2712,.T.);
#2712 = EDGE_CURVE('',#2705,#2713,#2715,.T.);
#2713 = VERTEX_POINT('',#2714);
#2714 = CARTESIAN_POINT('',(-6.455000025224,-3.248999955094,
    7.900000393909));
#2715 = LINE('',#2716,#2717);
#2716 = CARTESIAN_POINT('',(-6.455000025224,3.449999952316,
    7.900000393909));
#2717 = VECTOR('',#2718,1.);
#2718 = DIRECTION('',(0.,-1.,0.));
#2719 = ORIENTED_EDGE('',*,*,#2720,.T.);
#2720 = EDGE_CURVE('',#2713,#2695,#2721,.T.);
#2721 = LINE('',#2722,#2723);
#2722 = CARTESIAN_POINT('',(-6.455000025224,-3.248999955094,
    7.900000393909));
#2723 = VECTOR('',#2724,1.);
#2724 = DIRECTION('',(1.,0.,0.));
#2725 = PLANE('',#2726);
#2726 = AXIS2_PLACEMENT_3D('',#2727,#2728,#2729);
#2727 = CARTESIAN_POINT('',(-5.00011437181E-03,0.,7.900000393909));
#2728 = DIRECTION('',(0.,0.,1.));
#2729 = DIRECTION('',(1.,0.,-0.));
#2730 = ADVANCED_FACE('',(#2731),#2747,.T.);
#2731 = FACE_BOUND('',#2732,.T.);
#2732 = EDGE_LOOP('',(#2733,#2734,#2740,#2741));
#2733 = ORIENTED_EDGE('',*,*,#2630,.T.);
#2734 = ORIENTED_EDGE('',*,*,#2735,.T.);
#2735 = EDGE_CURVE('',#2621,#2697,#2736,.T.);
#2736 = LINE('',#2737,#2738);
#2737 = CARTESIAN_POINT('',(6.44499979648,3.248999955094,7.700000396673)
  );
#2738 = VECTOR('',#2739,1.);
#2739 = DIRECTION('',(0.,0.,1.));
#2740 = ORIENTED_EDGE('',*,*,#2694,.F.);
#2741 = ORIENTED_EDGE('',*,*,#2742,.F.);
#2742 = EDGE_CURVE('',#2631,#2695,#2743,.T.);
#2743 = LINE('',#2744,#2745);
#2744 = CARTESIAN_POINT('',(6.44499979648,-3.248999955094,7.700000396673
    ));
#2745 = VECTOR('',#2746,1.);
#2746 = DIRECTION('',(0.,0.,1.));
#2747 = PLANE('',#2748);
#2748 = AXIS2_PLACEMENT_3D('',#2749,#2750,#2751);
#2749 = CARTESIAN_POINT('',(6.44499979648,3.449999952316,7.700000396673)
  );
#2750 = DIRECTION('',(1.,-1.257045997085E-16,0.));
#2751 = DIRECTION('',(1.257045997085E-16,1.,0.));
#2752 = ADVANCED_FACE('',(#2753),#2769,.T.);
#2753 = FACE_BOUND('',#2754,.T.);
#2754 = EDGE_LOOP('',(#2755,#2761,#2762,#2768));
#2755 = ORIENTED_EDGE('',*,*,#2756,.F.);
#2756 = EDGE_CURVE('',#2623,#2705,#2757,.T.);
#2757 = LINE('',#2758,#2759);
#2758 = CARTESIAN_POINT('',(-6.455000025224,3.248999955094,
    7.700000396673));
#2759 = VECTOR('',#2760,1.);
#2760 = DIRECTION('',(0.,0.,1.));
#2761 = ORIENTED_EDGE('',*,*,#2646,.T.);
#2762 = ORIENTED_EDGE('',*,*,#2763,.T.);
#2763 = EDGE_CURVE('',#2639,#2713,#2764,.T.);
#2764 = LINE('',#2765,#2766);
#2765 = CARTESIAN_POINT('',(-6.455000025224,-3.248999955094,
    7.700000396673));
#2766 = VECTOR('',#2767,1.);
#2767 = DIRECTION('',(0.,0.,1.));
#2768 = ORIENTED_EDGE('',*,*,#2712,.F.);
#2769 = PLANE('',#2770);
#2770 = AXIS2_PLACEMENT_3D('',#2771,#2772,#2773);
#2771 = CARTESIAN_POINT('',(-6.455000025224,3.449999952316,
    7.700000396673));
#2772 = DIRECTION('',(-1.,0.,0.));
#2773 = DIRECTION('',(0.,0.,1.));
#2774 = ADVANCED_FACE('',(#2775),#2802,.T.);
#2775 = FACE_BOUND('',#2776,.T.);
#2776 = EDGE_LOOP('',(#2777,#2787,#2794,#2795));
#2777 = ORIENTED_EDGE('',*,*,#2778,.F.);
#2778 = EDGE_CURVE('',#2779,#2781,#2783,.T.);
#2779 = VERTEX_POINT('',#2780);
#2780 = CARTESIAN_POINT('',(6.44499979648,-3.249999955081,7.699000396687
    ));
#2781 = VERTEX_POINT('',#2782);
#2782 = CARTESIAN_POINT('',(6.44499979648,-3.449999952316,7.699000396687
    ));
#2783 = LINE('',#2784,#2785);
#2784 = CARTESIAN_POINT('',(6.44499979648,-3.449999952316,7.699000396687
    ));
#2785 = VECTOR('',#2786,1.);
#2786 = DIRECTION('',(0.,-1.,3.613946018758E-15));
#2787 = ORIENTED_EDGE('',*,*,#2788,.F.);
#2788 = EDGE_CURVE('',#2631,#2779,#2789,.T.);
#2789 = CIRCLE('',#2790,9.999999861788E-04);
#2790 = AXIS2_PLACEMENT_3D('',#2791,#2792,#2793);
#2791 = CARTESIAN_POINT('',(6.44499979648,-3.248999955094,7.699000396687
    ));
#2792 = DIRECTION('',(1.,0.,-0.));
#2793 = DIRECTION('',(0.,0.,1.));
#2794 = ORIENTED_EDGE('',*,*,#2742,.T.);
#2795 = ORIENTED_EDGE('',*,*,#2796,.T.);
#2796 = EDGE_CURVE('',#2695,#2781,#2797,.T.);
#2797 = CIRCLE('',#2798,0.200999997222);
#2798 = AXIS2_PLACEMENT_3D('',#2799,#2800,#2801);
#2799 = CARTESIAN_POINT('',(6.44499979648,-3.248999955094,7.699000396687
    ));
#2800 = DIRECTION('',(1.,0.,-0.));
#2801 = DIRECTION('',(0.,0.,1.));
#2802 = PLANE('',#2803);
#2803 = AXIS2_PLACEMENT_3D('',#2804,#2805,#2806);
#2804 = CARTESIAN_POINT('',(6.44499979648,-3.248999955094,7.699000396687
    ));
#2805 = DIRECTION('',(1.,0.,0.));
#2806 = DIRECTION('',(0.,0.,-1.));
#2807 = ADVANCED_FACE('',(#2808),#2835,.F.);
#2808 = FACE_BOUND('',#2809,.T.);
#2809 = EDGE_LOOP('',(#2810,#2819,#2827,#2834));
#2810 = ORIENTED_EDGE('',*,*,#2811,.F.);
#2811 = EDGE_CURVE('',#2812,#2639,#2814,.T.);
#2812 = VERTEX_POINT('',#2813);
#2813 = CARTESIAN_POINT('',(-6.455000025224,-3.249999955081,
    7.699000396687));
#2814 = CIRCLE('',#2815,9.999999861788E-04);
#2815 = AXIS2_PLACEMENT_3D('',#2816,#2817,#2818);
#2816 = CARTESIAN_POINT('',(-6.455000025224,-3.248999955094,
    7.699000396687));
#2817 = DIRECTION('',(-1.,0.,0.));
#2818 = DIRECTION('',(0.,0.,1.));
#2819 = ORIENTED_EDGE('',*,*,#2820,.T.);
#2820 = EDGE_CURVE('',#2812,#2821,#2823,.T.);
#2821 = VERTEX_POINT('',#2822);
#2822 = CARTESIAN_POINT('',(-6.455000025224,-3.449999952316,
    7.699000396687));
#2823 = LINE('',#2824,#2825);
#2824 = CARTESIAN_POINT('',(-6.455000025224,-3.249999955081,
    7.699000396687));
#2825 = VECTOR('',#2826,1.);
#2826 = DIRECTION('',(0.,-1.,3.613946018758E-15));
#2827 = ORIENTED_EDGE('',*,*,#2828,.T.);
#2828 = EDGE_CURVE('',#2821,#2713,#2829,.T.);
#2829 = CIRCLE('',#2830,0.200999997222);
#2830 = AXIS2_PLACEMENT_3D('',#2831,#2832,#2833);
#2831 = CARTESIAN_POINT('',(-6.455000025224,-3.248999955094,
    7.699000396687));
#2832 = DIRECTION('',(-1.,0.,0.));
#2833 = DIRECTION('',(0.,0.,1.));
#2834 = ORIENTED_EDGE('',*,*,#2763,.F.);
#2835 = PLANE('',#2836);
#2836 = AXIS2_PLACEMENT_3D('',#2837,#2838,#2839);
#2837 = CARTESIAN_POINT('',(-6.455000025224,-3.248999955094,
    7.699000396687));
#2838 = DIRECTION('',(1.,0.,0.));
#2839 = DIRECTION('',(0.,0.,-1.));
#2840 = ADVANCED_FACE('',(#2841),#2852,.T.);
#2841 = FACE_BOUND('',#2842,.T.);
#2842 = EDGE_LOOP('',(#2843,#2844,#2845,#2851));
#2843 = ORIENTED_EDGE('',*,*,#2720,.F.);
#2844 = ORIENTED_EDGE('',*,*,#2828,.F.);
#2845 = ORIENTED_EDGE('',*,*,#2846,.T.);
#2846 = EDGE_CURVE('',#2821,#2781,#2847,.T.);
#2847 = LINE('',#2848,#2849);
#2848 = CARTESIAN_POINT('',(6.44499979648,-3.449999952316,7.699000396687
    ));
#2849 = VECTOR('',#2850,1.);
#2850 = DIRECTION('',(1.,-1.181464517266E-31,-3.361867201505E-17));
#2851 = ORIENTED_EDGE('',*,*,#2796,.F.);
#2852 = CYLINDRICAL_SURFACE('',#2853,0.200999997222);
#2853 = AXIS2_PLACEMENT_3D('',#2854,#2855,#2856);
#2854 = CARTESIAN_POINT('',(-6.455000025224,-3.248999955094,
    7.699000396687));
#2855 = DIRECTION('',(-1.,0.,0.));
#2856 = DIRECTION('',(0.,-1.,3.506126428436E-15));
#2857 = ADVANCED_FACE('',(#2858),#2869,.F.);
#2858 = FACE_BOUND('',#2859,.F.);
#2859 = EDGE_LOOP('',(#2860,#2861,#2867,#2868));
#2860 = ORIENTED_EDGE('',*,*,#2811,.F.);
#2861 = ORIENTED_EDGE('',*,*,#2862,.F.);
#2862 = EDGE_CURVE('',#2779,#2812,#2863,.T.);
#2863 = LINE('',#2864,#2865);
#2864 = CARTESIAN_POINT('',(6.44499979648,-3.249999955081,7.699000396687
    ));
#2865 = VECTOR('',#2866,1.);
#2866 = DIRECTION('',(-1.,1.181464517266E-31,3.361867201505E-17));
#2867 = ORIENTED_EDGE('',*,*,#2788,.F.);
#2868 = ORIENTED_EDGE('',*,*,#2638,.F.);
#2869 = CYLINDRICAL_SURFACE('',#2870,9.999999861788E-04);
#2870 = AXIS2_PLACEMENT_3D('',#2871,#2872,#2873);
#2871 = CARTESIAN_POINT('',(-6.455000025224,-3.248999955094,
    7.699000396687));
#2872 = DIRECTION('',(-1.,0.,0.));
#2873 = DIRECTION('',(0.,-1.,0.));
#2874 = ADVANCED_FACE('',(#2875),#2900,.F.);
#2875 = FACE_BOUND('',#2876,.T.);
#2876 = EDGE_LOOP('',(#2877,#2878,#2886,#2894));
#2877 = ORIENTED_EDGE('',*,*,#2820,.F.);
#2878 = ORIENTED_EDGE('',*,*,#2879,.T.);
#2879 = EDGE_CURVE('',#2812,#2880,#2882,.T.);
#2880 = VERTEX_POINT('',#2881);
#2881 = CARTESIAN_POINT('',(-6.455000025224,-3.249999955081,
    1.900000476837));
#2882 = LINE('',#2883,#2884);
#2883 = CARTESIAN_POINT('',(-6.455000025224,-3.249999955081,
    1.900000476837));
#2884 = VECTOR('',#2885,1.);
#2885 = DIRECTION('',(-0.,-3.514310490125E-15,-1.));
#2886 = ORIENTED_EDGE('',*,*,#2887,.F.);
#2887 = EDGE_CURVE('',#2888,#2880,#2890,.T.);
#2888 = VERTEX_POINT('',#2889);
#2889 = CARTESIAN_POINT('',(-6.455000025224,-3.449999952316,
    1.900000476837));
#2890 = LINE('',#2891,#2892);
#2891 = CARTESIAN_POINT('',(-6.455000025224,-3.449999952316,
    1.900000476837));
#2892 = VECTOR('',#2893,1.);
#2893 = DIRECTION('',(0.,1.,-3.491481338843E-15));
#2894 = ORIENTED_EDGE('',*,*,#2895,.F.);
#2895 = EDGE_CURVE('',#2821,#2888,#2896,.T.);
#2896 = LINE('',#2897,#2898);
#2897 = CARTESIAN_POINT('',(-6.455000025224,-3.449999952316,
    7.900000393909));
#2898 = VECTOR('',#2899,1.);
#2899 = DIRECTION('',(0.,-3.514310490125E-15,-1.));
#2900 = PLANE('',#2901);
#2901 = AXIS2_PLACEMENT_3D('',#2902,#2903,#2904);
#2902 = CARTESIAN_POINT('',(-6.455000025224,-3.449999952316,
    1.900000476837));
#2903 = DIRECTION('',(1.,0.,0.));
#2904 = DIRECTION('',(0.,0.,-1.));
#2905 = ADVANCED_FACE('',(#2906),#2922,.F.);
#2906 = FACE_BOUND('',#2907,.T.);
#2907 = EDGE_LOOP('',(#2908,#2909,#2915,#2916));
#2908 = ORIENTED_EDGE('',*,*,#2778,.T.);
#2909 = ORIENTED_EDGE('',*,*,#2910,.F.);
#2910 = EDGE_CURVE('',#2543,#2781,#2911,.T.);
#2911 = LINE('',#2912,#2913);
#2912 = CARTESIAN_POINT('',(6.44499979648,-3.449999952316,7.900000393909
    ));
#2913 = VECTOR('',#2914,1.);
#2914 = DIRECTION('',(0.,3.514310490125E-15,1.));
#2915 = ORIENTED_EDGE('',*,*,#2566,.T.);
#2916 = ORIENTED_EDGE('',*,*,#2917,.T.);
#2917 = EDGE_CURVE('',#2559,#2779,#2918,.T.);
#2918 = LINE('',#2919,#2920);
#2919 = CARTESIAN_POINT('',(6.44499979648,-3.249999955081,7.700000396673
    ));
#2920 = VECTOR('',#2921,1.);
#2921 = DIRECTION('',(0.,3.514310490125E-15,1.));
#2922 = PLANE('',#2923);
#2923 = AXIS2_PLACEMENT_3D('',#2924,#2925,#2926);
#2924 = CARTESIAN_POINT('',(6.44499979648,-3.449999952316,7.700000396673
    ));
#2925 = DIRECTION('',(-1.,0.,0.));
#2926 = DIRECTION('',(0.,0.,1.));
#2927 = ADVANCED_FACE('',(#2928,#2962,#2996),#3033,.F.);
#2928 = FACE_BOUND('',#2929,.T.);
#2929 = EDGE_LOOP('',(#2930,#2940,#2948,#2956));
#2930 = ORIENTED_EDGE('',*,*,#2931,.T.);
#2931 = EDGE_CURVE('',#2932,#2934,#2936,.T.);
#2932 = VERTEX_POINT('',#2933);
#2933 = CARTESIAN_POINT('',(-5.41127515315,-3.449999952316,
    3.953327939336));
#2934 = VERTEX_POINT('',#2935);
#2935 = CARTESIAN_POINT('',(-3.209557930018,-3.449999952316,
    3.953327939336));
#2936 = LINE('',#2937,#2938);
#2937 = CARTESIAN_POINT('',(-5.00011437181E-03,-3.449999952316,
    3.953327939336));
#2938 = VECTOR('',#2939,1.);
#2939 = DIRECTION('',(1.,0.,0.));
#2940 = ORIENTED_EDGE('',*,*,#2941,.T.);
#2941 = EDGE_CURVE('',#2934,#2942,#2944,.T.);
#2942 = VERTEX_POINT('',#2943);
#2943 = CARTESIAN_POINT('',(-3.209557930018,-3.449999952316,
    2.730705684121));
#2944 = LINE('',#2945,#2946);
#2945 = CARTESIAN_POINT('',(-3.209557930018,-3.449999952316,
    7.900000393909));
#2946 = VECTOR('',#2947,1.);
#2947 = DIRECTION('',(0.,-3.514310490125E-15,-1.));
#2948 = ORIENTED_EDGE('',*,*,#2949,.T.);
#2949 = EDGE_CURVE('',#2942,#2950,#2952,.T.);
#2950 = VERTEX_POINT('',#2951);
#2951 = CARTESIAN_POINT('',(-5.41127515315,-3.449999952316,
    2.730705684121));
#2952 = LINE('',#2953,#2954);
#2953 = CARTESIAN_POINT('',(-5.00011437181E-03,-3.449999952316,
    2.730705684121));
#2954 = VECTOR('',#2955,1.);
#2955 = DIRECTION('',(-1.,0.,0.));
#2956 = ORIENTED_EDGE('',*,*,#2957,.T.);
#2957 = EDGE_CURVE('',#2950,#2932,#2958,.T.);
#2958 = LINE('',#2959,#2960);
#2959 = CARTESIAN_POINT('',(-5.41127515315,-3.449999952316,
    7.900000393909));
#2960 = VECTOR('',#2961,1.);
#2961 = DIRECTION('',(0.,3.514310490125E-15,1.));
#2962 = FACE_BOUND('',#2963,.T.);
#2963 = EDGE_LOOP('',(#2964,#2974,#2982,#2990));
#2964 = ORIENTED_EDGE('',*,*,#2965,.T.);
#2965 = EDGE_CURVE('',#2966,#2968,#2970,.T.);
#2966 = VERTEX_POINT('',#2967);
#2967 = CARTESIAN_POINT('',(3.199557701275,-3.449999952316,
    3.953327939336));
#2968 = VERTEX_POINT('',#2969);
#2969 = CARTESIAN_POINT('',(5.401274924407,-3.449999952316,
    3.953327939336));
#2970 = LINE('',#2971,#2972);
#2971 = CARTESIAN_POINT('',(-5.00011437181E-03,-3.449999952316,
    3.953327939336));
#2972 = VECTOR('',#2973,1.);
#2973 = DIRECTION('',(1.,0.,0.));
#2974 = ORIENTED_EDGE('',*,*,#2975,.T.);
#2975 = EDGE_CURVE('',#2968,#2976,#2978,.T.);
#2976 = VERTEX_POINT('',#2977);
#2977 = CARTESIAN_POINT('',(5.401274924407,-3.449999952316,
    2.730705684121));
#2978 = LINE('',#2979,#2980);
#2979 = CARTESIAN_POINT('',(5.401274924407,-3.449999952316,
    7.900000393909));
#2980 = VECTOR('',#2981,1.);
#2981 = DIRECTION('',(0.,-3.514310490125E-15,-1.));
#2982 = ORIENTED_EDGE('',*,*,#2983,.T.);
#2983 = EDGE_CURVE('',#2976,#2984,#2986,.T.);
#2984 = VERTEX_POINT('',#2985);
#2985 = CARTESIAN_POINT('',(3.199557701275,-3.449999952316,
    2.730705684121));
#2986 = LINE('',#2987,#2988);
#2987 = CARTESIAN_POINT('',(-5.00011437181E-03,-3.449999952316,
    2.730705684121));
#2988 = VECTOR('',#2989,1.);
#2989 = DIRECTION('',(-1.,0.,0.));
#2990 = ORIENTED_EDGE('',*,*,#2991,.T.);
#2991 = EDGE_CURVE('',#2984,#2966,#2992,.T.);
#2992 = LINE('',#2993,#2994);
#2993 = CARTESIAN_POINT('',(3.199557701275,-3.449999952316,
    7.900000393909));
#2994 = VECTOR('',#2995,1.);
#2995 = DIRECTION('',(0.,3.514310490125E-15,1.));
#2996 = FACE_BOUND('',#2997,.T.);
#2997 = EDGE_LOOP('',(#2998,#3009,#3015,#3016,#3017,#3018,#3019,#3027));
#2998 = ORIENTED_EDGE('',*,*,#2999,.F.);
#2999 = EDGE_CURVE('',#3000,#3002,#3004,.T.);
#3000 = VERTEX_POINT('',#3001);
#3001 = CARTESIAN_POINT('',(0.82087626632,-3.449999952316,3.283281531823
    ));
#3002 = VERTEX_POINT('',#3003);
#3003 = CARTESIAN_POINT('',(-0.830876495063,-3.449999952316,
    3.283281531823));
#3004 = CIRCLE('',#3005,0.825876380692);
#3005 = AXIS2_PLACEMENT_3D('',#3006,#3007,#3008);
#3006 = CARTESIAN_POINT('',(-5.00011437181E-03,-3.449999952316,
    3.283281531823));
#3007 = DIRECTION('',(0.,-1.,3.514310490125E-15));
#3008 = DIRECTION('',(0.,-3.514310490125E-15,-1.));
#3009 = ORIENTED_EDGE('',*,*,#3010,.T.);
#3010 = EDGE_CURVE('',#3000,#2541,#3011,.T.);
#3011 = LINE('',#3012,#3013);
#3012 = CARTESIAN_POINT('',(0.82087626632,-3.449999952316,7.900000393909
    ));
#3013 = VECTOR('',#3014,1.);
#3014 = DIRECTION('',(0.,-3.514310490125E-15,-1.));
#3015 = ORIENTED_EDGE('',*,*,#2540,.T.);
#3016 = ORIENTED_EDGE('',*,*,#2910,.T.);
#3017 = ORIENTED_EDGE('',*,*,#2846,.F.);
#3018 = ORIENTED_EDGE('',*,*,#2895,.T.);
#3019 = ORIENTED_EDGE('',*,*,#3020,.T.);
#3020 = EDGE_CURVE('',#2888,#3021,#3023,.T.);
#3021 = VERTEX_POINT('',#3022);
#3022 = CARTESIAN_POINT('',(-0.830876495063,-3.449999952316,
    1.900000476837));
#3023 = LINE('',#3024,#3025);
#3024 = CARTESIAN_POINT('',(-5.00011437181E-03,-3.449999952316,
    1.900000476837));
#3025 = VECTOR('',#3026,1.);
#3026 = DIRECTION('',(1.,0.,0.));
#3027 = ORIENTED_EDGE('',*,*,#3028,.T.);
#3028 = EDGE_CURVE('',#3021,#3002,#3029,.T.);
#3029 = LINE('',#3030,#3031);
#3030 = CARTESIAN_POINT('',(-0.830876495063,-3.449999952316,
    7.900000393909));
#3031 = VECTOR('',#3032,1.);
#3032 = DIRECTION('',(0.,3.514310490125E-15,1.));
#3033 = PLANE('',#3034);
#3034 = AXIS2_PLACEMENT_3D('',#3035,#3036,#3037);
#3035 = CARTESIAN_POINT('',(-5.00011437181E-03,-3.449999952316,
    7.900000393909));
#3036 = DIRECTION('',(0.,1.,-3.514310490125E-15));
#3037 = DIRECTION('',(0.,3.514310490125E-15,1.));
#3038 = ADVANCED_FACE('',(#3039,#3073,#3107),#3144,.T.);
#3039 = FACE_BOUND('',#3040,.T.);
#3040 = EDGE_LOOP('',(#3041,#3051,#3059,#3067));
#3041 = ORIENTED_EDGE('',*,*,#3042,.F.);
#3042 = EDGE_CURVE('',#3043,#3045,#3047,.T.);
#3043 = VERTEX_POINT('',#3044);
#3044 = CARTESIAN_POINT('',(-3.209557930018,-3.249999955081,
    3.953327939336));
#3045 = VERTEX_POINT('',#3046);
#3046 = CARTESIAN_POINT('',(-3.209557930018,-3.249999955081,
    2.730705684121));
#3047 = LINE('',#3048,#3049);
#3048 = CARTESIAN_POINT('',(-3.209557930018,-3.249999955081,
    7.900000393909));
#3049 = VECTOR('',#3050,1.);
#3050 = DIRECTION('',(0.,-3.514310490125E-15,-1.));
#3051 = ORIENTED_EDGE('',*,*,#3052,.F.);
#3052 = EDGE_CURVE('',#3053,#3043,#3055,.T.);
#3053 = VERTEX_POINT('',#3054);
#3054 = CARTESIAN_POINT('',(-5.41127515315,-3.249999955081,
    3.953327939336));
#3055 = LINE('',#3056,#3057);
#3056 = CARTESIAN_POINT('',(-5.00011437181E-03,-3.249999955081,
    3.953327939336));
#3057 = VECTOR('',#3058,1.);
#3058 = DIRECTION('',(1.,0.,0.));
#3059 = ORIENTED_EDGE('',*,*,#3060,.F.);
#3060 = EDGE_CURVE('',#3061,#3053,#3063,.T.);
#3061 = VERTEX_POINT('',#3062);
#3062 = CARTESIAN_POINT('',(-5.41127515315,-3.249999955081,
    2.730705684121));
#3063 = LINE('',#3064,#3065);
#3064 = CARTESIAN_POINT('',(-5.41127515315,-3.249999955081,
    7.900000393909));
#3065 = VECTOR('',#3066,1.);
#3066 = DIRECTION('',(0.,3.514310490125E-15,1.));
#3067 = ORIENTED_EDGE('',*,*,#3068,.F.);
#3068 = EDGE_CURVE('',#3045,#3061,#3069,.T.);
#3069 = LINE('',#3070,#3071);
#3070 = CARTESIAN_POINT('',(-5.00011437181E-03,-3.249999955081,
    2.730705684121));
#3071 = VECTOR('',#3072,1.);
#3072 = DIRECTION('',(-1.,0.,0.));
#3073 = FACE_BOUND('',#3074,.T.);
#3074 = EDGE_LOOP('',(#3075,#3085,#3093,#3101));
#3075 = ORIENTED_EDGE('',*,*,#3076,.F.);
#3076 = EDGE_CURVE('',#3077,#3079,#3081,.T.);
#3077 = VERTEX_POINT('',#3078);
#3078 = CARTESIAN_POINT('',(5.401274924407,-3.249999955081,
    3.953327939336));
#3079 = VERTEX_POINT('',#3080);
#3080 = CARTESIAN_POINT('',(5.401274924407,-3.249999955081,
    2.730705684121));
#3081 = LINE('',#3082,#3083);
#3082 = CARTESIAN_POINT('',(5.401274924407,-3.249999955081,
    7.900000393909));
#3083 = VECTOR('',#3084,1.);
#3084 = DIRECTION('',(0.,-3.514310490125E-15,-1.));
#3085 = ORIENTED_EDGE('',*,*,#3086,.F.);
#3086 = EDGE_CURVE('',#3087,#3077,#3089,.T.);
#3087 = VERTEX_POINT('',#3088);
#3088 = CARTESIAN_POINT('',(3.199557701275,-3.249999955081,
    3.953327939336));
#3089 = LINE('',#3090,#3091);
#3090 = CARTESIAN_POINT('',(-5.00011437181E-03,-3.249999955081,
    3.953327939336));
#3091 = VECTOR('',#3092,1.);
#3092 = DIRECTION('',(1.,0.,0.));
#3093 = ORIENTED_EDGE('',*,*,#3094,.F.);
#3094 = EDGE_CURVE('',#3095,#3087,#3097,.T.);
#3095 = VERTEX_POINT('',#3096);
#3096 = CARTESIAN_POINT('',(3.199557701275,-3.249999955081,
    2.730705684121));
#3097 = LINE('',#3098,#3099);
#3098 = CARTESIAN_POINT('',(3.199557701275,-3.249999955081,
    7.900000393909));
#3099 = VECTOR('',#3100,1.);
#3100 = DIRECTION('',(0.,3.514310490125E-15,1.));
#3101 = ORIENTED_EDGE('',*,*,#3102,.F.);
#3102 = EDGE_CURVE('',#3079,#3095,#3103,.T.);
#3103 = LINE('',#3104,#3105);
#3104 = CARTESIAN_POINT('',(-5.00011437181E-03,-3.249999955081,
    2.730705684121));
#3105 = VECTOR('',#3106,1.);
#3106 = DIRECTION('',(-1.,0.,0.));
#3107 = FACE_BOUND('',#3108,.T.);
#3108 = EDGE_LOOP('',(#3109,#3117,#3126,#3134,#3140,#3141,#3142,#3143));
#3109 = ORIENTED_EDGE('',*,*,#3110,.F.);
#3110 = EDGE_CURVE('',#3111,#2551,#3113,.T.);
#3111 = VERTEX_POINT('',#3112);
#3112 = CARTESIAN_POINT('',(0.82087626632,-3.249999955081,3.283281531823
    ));
#3113 = LINE('',#3114,#3115);
#3114 = CARTESIAN_POINT('',(0.82087626632,-3.249999955081,7.900000393909
    ));
#3115 = VECTOR('',#3116,1.);
#3116 = DIRECTION('',(0.,-3.514310490125E-15,-1.));
#3117 = ORIENTED_EDGE('',*,*,#3118,.F.);
#3118 = EDGE_CURVE('',#3119,#3111,#3121,.T.);
#3119 = VERTEX_POINT('',#3120);
#3120 = CARTESIAN_POINT('',(-0.830876495063,-3.249999955081,
    3.283281531823));
#3121 = CIRCLE('',#3122,0.825876380692);
#3122 = AXIS2_PLACEMENT_3D('',#3123,#3124,#3125);
#3123 = CARTESIAN_POINT('',(-5.00011437181E-03,-3.249999955081,
    3.283281531823));
#3124 = DIRECTION('',(0.,1.,-3.514310490125E-15));
#3125 = DIRECTION('',(0.,3.514310490125E-15,1.));
#3126 = ORIENTED_EDGE('',*,*,#3127,.F.);
#3127 = EDGE_CURVE('',#3128,#3119,#3130,.T.);
#3128 = VERTEX_POINT('',#3129);
#3129 = CARTESIAN_POINT('',(-0.830876495063,-3.249999955081,
    1.900000476837));
#3130 = LINE('',#3131,#3132);
#3131 = CARTESIAN_POINT('',(-0.830876495063,-3.249999955081,
    7.900000393909));
#3132 = VECTOR('',#3133,1.);
#3133 = DIRECTION('',(0.,3.514310490125E-15,1.));
#3134 = ORIENTED_EDGE('',*,*,#3135,.F.);
#3135 = EDGE_CURVE('',#2880,#3128,#3136,.T.);
#3136 = LINE('',#3137,#3138);
#3137 = CARTESIAN_POINT('',(6.44499979648,-3.249999955081,1.900000476837
    ));
#3138 = VECTOR('',#3139,1.);
#3139 = DIRECTION('',(1.,0.,0.));
#3140 = ORIENTED_EDGE('',*,*,#2879,.F.);
#3141 = ORIENTED_EDGE('',*,*,#2862,.F.);
#3142 = ORIENTED_EDGE('',*,*,#2917,.F.);
#3143 = ORIENTED_EDGE('',*,*,#2558,.F.);
#3144 = PLANE('',#3145);
#3145 = AXIS2_PLACEMENT_3D('',#3146,#3147,#3148);
#3146 = CARTESIAN_POINT('',(-5.00011437181E-03,-3.249999955081,
    7.900000393909));
#3147 = DIRECTION('',(0.,1.,-3.514310490125E-15));
#3148 = DIRECTION('',(0.,3.514310490125E-15,1.));
#3149 = ADVANCED_FACE('',(#3150),#3161,.F.);
#3150 = FACE_BOUND('',#3151,.T.);
#3151 = EDGE_LOOP('',(#3152,#3153,#3159,#3160));
#3152 = ORIENTED_EDGE('',*,*,#3135,.T.);
#3153 = ORIENTED_EDGE('',*,*,#3154,.T.);
#3154 = EDGE_CURVE('',#3128,#3021,#3155,.T.);
#3155 = LINE('',#3156,#3157);
#3156 = CARTESIAN_POINT('',(-0.830876495063,-3.449999952316,
    1.900000476837));
#3157 = VECTOR('',#3158,1.);
#3158 = DIRECTION('',(0.,-1.,3.491481338843E-15));
#3159 = ORIENTED_EDGE('',*,*,#3020,.F.);
#3160 = ORIENTED_EDGE('',*,*,#2887,.T.);
#3161 = PLANE('',#3162);
#3162 = AXIS2_PLACEMENT_3D('',#3163,#3164,#3165);
#3163 = CARTESIAN_POINT('',(6.44499979648,-3.449999952316,1.900000476837
    ));
#3164 = DIRECTION('',(0.,3.491481338843E-15,1.));
#3165 = DIRECTION('',(0.,-1.,3.491481338843E-15));
#3166 = ADVANCED_FACE('',(#3167),#3194,.T.);
#3167 = FACE_BOUND('',#3168,.T.);
#3168 = EDGE_LOOP('',(#3169,#3179,#3186,#3187));
#3169 = ORIENTED_EDGE('',*,*,#3170,.F.);
#3170 = EDGE_CURVE('',#3171,#3173,#3175,.T.);
#3171 = VERTEX_POINT('',#3172);
#3172 = CARTESIAN_POINT('',(-6.455000025224,3.249999955081,
    7.699000396687));
#3173 = VERTEX_POINT('',#3174);
#3174 = CARTESIAN_POINT('',(-6.455000025224,3.449999952316,
    7.699000396687));
#3175 = LINE('',#3176,#3177);
#3176 = CARTESIAN_POINT('',(-6.455000025224,3.449999952316,
    7.699000396687));
#3177 = VECTOR('',#3178,1.);
#3178 = DIRECTION('',(0.,1.,3.613946018758E-15));
#3179 = ORIENTED_EDGE('',*,*,#3180,.F.);
#3180 = EDGE_CURVE('',#2623,#3171,#3181,.T.);
#3181 = CIRCLE('',#3182,9.999999861788E-04);
#3182 = AXIS2_PLACEMENT_3D('',#3183,#3184,#3185);
#3183 = CARTESIAN_POINT('',(-6.455000025224,3.248999955094,
    7.699000396687));
#3184 = DIRECTION('',(-1.,-0.,-0.));
#3185 = DIRECTION('',(0.,0.,-1.));
#3186 = ORIENTED_EDGE('',*,*,#2756,.T.);
#3187 = ORIENTED_EDGE('',*,*,#3188,.T.);
#3188 = EDGE_CURVE('',#2705,#3173,#3189,.T.);
#3189 = CIRCLE('',#3190,0.200999997222);
#3190 = AXIS2_PLACEMENT_3D('',#3191,#3192,#3193);
#3191 = CARTESIAN_POINT('',(-6.455000025224,3.248999955094,
    7.699000396687));
#3192 = DIRECTION('',(-1.,-0.,-0.));
#3193 = DIRECTION('',(0.,0.,-1.));
#3194 = PLANE('',#3195);
#3195 = AXIS2_PLACEMENT_3D('',#3196,#3197,#3198);
#3196 = CARTESIAN_POINT('',(-6.455000025224,3.248999955094,
    7.699000396687));
#3197 = DIRECTION('',(-1.,0.,0.));
#3198 = DIRECTION('',(0.,0.,1.));
#3199 = ADVANCED_FACE('',(#3200),#3227,.F.);
#3200 = FACE_BOUND('',#3201,.T.);
#3201 = EDGE_LOOP('',(#3202,#3211,#3219,#3226));
#3202 = ORIENTED_EDGE('',*,*,#3203,.F.);
#3203 = EDGE_CURVE('',#3204,#2621,#3206,.T.);
#3204 = VERTEX_POINT('',#3205);
#3205 = CARTESIAN_POINT('',(6.44499979648,3.249999955081,7.699000396687)
  );
#3206 = CIRCLE('',#3207,9.999999861788E-04);
#3207 = AXIS2_PLACEMENT_3D('',#3208,#3209,#3210);
#3208 = CARTESIAN_POINT('',(6.44499979648,3.248999955094,7.699000396687)
  );
#3209 = DIRECTION('',(1.,-0.,0.));
#3210 = DIRECTION('',(0.,0.,-1.));
#3211 = ORIENTED_EDGE('',*,*,#3212,.T.);
#3212 = EDGE_CURVE('',#3204,#3213,#3215,.T.);
#3213 = VERTEX_POINT('',#3214);
#3214 = CARTESIAN_POINT('',(6.44499979648,3.449999952316,7.699000396687)
  );
#3215 = LINE('',#3216,#3217);
#3216 = CARTESIAN_POINT('',(6.44499979648,3.249999955081,7.699000396687)
  );
#3217 = VECTOR('',#3218,1.);
#3218 = DIRECTION('',(0.,1.,3.613946018758E-15));
#3219 = ORIENTED_EDGE('',*,*,#3220,.T.);
#3220 = EDGE_CURVE('',#3213,#2697,#3221,.T.);
#3221 = CIRCLE('',#3222,0.200999997222);
#3222 = AXIS2_PLACEMENT_3D('',#3223,#3224,#3225);
#3223 = CARTESIAN_POINT('',(6.44499979648,3.248999955094,7.699000396687)
  );
#3224 = DIRECTION('',(1.,-0.,0.));
#3225 = DIRECTION('',(0.,0.,-1.));
#3226 = ORIENTED_EDGE('',*,*,#2735,.F.);
#3227 = PLANE('',#3228);
#3228 = AXIS2_PLACEMENT_3D('',#3229,#3230,#3231);
#3229 = CARTESIAN_POINT('',(6.44499979648,3.248999955094,7.699000396687)
  );
#3230 = DIRECTION('',(-1.,0.,0.));
#3231 = DIRECTION('',(0.,0.,1.));
#3232 = ADVANCED_FACE('',(#3233),#3244,.T.);
#3233 = FACE_BOUND('',#3234,.T.);
#3234 = EDGE_LOOP('',(#3235,#3236,#3237,#3243));
#3235 = ORIENTED_EDGE('',*,*,#2704,.F.);
#3236 = ORIENTED_EDGE('',*,*,#3220,.F.);
#3237 = ORIENTED_EDGE('',*,*,#3238,.T.);
#3238 = EDGE_CURVE('',#3213,#3173,#3239,.T.);
#3239 = LINE('',#3240,#3241);
#3240 = CARTESIAN_POINT('',(-6.455000025224,3.449999952316,
    7.699000396687));
#3241 = VECTOR('',#3242,1.);
#3242 = DIRECTION('',(-1.,-1.181464517266E-31,3.361867201505E-17));
#3243 = ORIENTED_EDGE('',*,*,#3188,.F.);
#3244 = CYLINDRICAL_SURFACE('',#3245,0.200999997222);
#3245 = AXIS2_PLACEMENT_3D('',#3246,#3247,#3248);
#3246 = CARTESIAN_POINT('',(6.44499979648,3.248999955094,7.699000396687)
  );
#3247 = DIRECTION('',(1.,0.,0.));
#3248 = DIRECTION('',(-0.,1.,3.506126428436E-15));
#3249 = ADVANCED_FACE('',(#3250),#3261,.F.);
#3250 = FACE_BOUND('',#3251,.F.);
#3251 = EDGE_LOOP('',(#3252,#3253,#3259,#3260));
#3252 = ORIENTED_EDGE('',*,*,#3203,.F.);
#3253 = ORIENTED_EDGE('',*,*,#3254,.F.);
#3254 = EDGE_CURVE('',#3171,#3204,#3255,.T.);
#3255 = LINE('',#3256,#3257);
#3256 = CARTESIAN_POINT('',(-6.455000025224,3.249999955081,
    7.699000396687));
#3257 = VECTOR('',#3258,1.);
#3258 = DIRECTION('',(1.,1.181464517266E-31,-3.361867201505E-17));
#3259 = ORIENTED_EDGE('',*,*,#3180,.F.);
#3260 = ORIENTED_EDGE('',*,*,#2620,.F.);
#3261 = CYLINDRICAL_SURFACE('',#3262,9.999999861788E-04);
#3262 = AXIS2_PLACEMENT_3D('',#3263,#3264,#3265);
#3263 = CARTESIAN_POINT('',(6.44499979648,3.248999955094,7.699000396687)
  );
#3264 = DIRECTION('',(1.,0.,0.));
#3265 = DIRECTION('',(-0.,1.,0.));
#3266 = ADVANCED_FACE('',(#3267),#3283,.F.);
#3267 = FACE_BOUND('',#3268,.T.);
#3268 = EDGE_LOOP('',(#3269,#3270,#3276,#3277));
#3269 = ORIENTED_EDGE('',*,*,#3212,.F.);
#3270 = ORIENTED_EDGE('',*,*,#3271,.T.);
#3271 = EDGE_CURVE('',#3204,#2581,#3272,.T.);
#3272 = LINE('',#3273,#3274);
#3273 = CARTESIAN_POINT('',(6.44499979648,3.249999955081,1.900000476837)
  );
#3274 = VECTOR('',#3275,1.);
#3275 = DIRECTION('',(0.,3.514310490125E-15,-1.));
#3276 = ORIENTED_EDGE('',*,*,#2606,.F.);
#3277 = ORIENTED_EDGE('',*,*,#3278,.F.);
#3278 = EDGE_CURVE('',#3213,#2599,#3279,.T.);
#3279 = LINE('',#3280,#3281);
#3280 = CARTESIAN_POINT('',(6.44499979648,3.449999952316,7.900000393909)
  );
#3281 = VECTOR('',#3282,1.);
#3282 = DIRECTION('',(0.,3.514310490125E-15,-1.));
#3283 = PLANE('',#3284);
#3284 = AXIS2_PLACEMENT_3D('',#3285,#3286,#3287);
#3285 = CARTESIAN_POINT('',(6.44499979648,3.449999952316,1.900000476837)
  );
#3286 = DIRECTION('',(-1.,0.,0.));
#3287 = DIRECTION('',(0.,0.,1.));
#3288 = ADVANCED_FACE('',(#3289),#3314,.F.);
#3289 = FACE_BOUND('',#3290,.T.);
#3290 = EDGE_LOOP('',(#3291,#3292,#3300,#3308));
#3291 = ORIENTED_EDGE('',*,*,#3170,.T.);
#3292 = ORIENTED_EDGE('',*,*,#3293,.F.);
#3293 = EDGE_CURVE('',#3294,#3173,#3296,.T.);
#3294 = VERTEX_POINT('',#3295);
#3295 = CARTESIAN_POINT('',(-6.455000025224,3.449999952316,
    1.900000476837));
#3296 = LINE('',#3297,#3298);
#3297 = CARTESIAN_POINT('',(-6.455000025224,3.449999952316,
    7.900000393909));
#3298 = VECTOR('',#3299,1.);
#3299 = DIRECTION('',(0.,-3.514310490125E-15,1.));
#3300 = ORIENTED_EDGE('',*,*,#3301,.T.);
#3301 = EDGE_CURVE('',#3294,#3302,#3304,.T.);
#3302 = VERTEX_POINT('',#3303);
#3303 = CARTESIAN_POINT('',(-6.455000025224,3.249999955081,
    1.900000476837));
#3304 = LINE('',#3305,#3306);
#3305 = CARTESIAN_POINT('',(-6.455000025224,3.449999952316,
    1.900000476837));
#3306 = VECTOR('',#3307,1.);
#3307 = DIRECTION('',(0.,-1.,-3.491481338843E-15));
#3308 = ORIENTED_EDGE('',*,*,#3309,.T.);
#3309 = EDGE_CURVE('',#3302,#3171,#3310,.T.);
#3310 = LINE('',#3311,#3312);
#3311 = CARTESIAN_POINT('',(-6.455000025224,3.249999955081,
    7.700000396673));
#3312 = VECTOR('',#3313,1.);
#3313 = DIRECTION('',(0.,-3.514310490125E-15,1.));
#3314 = PLANE('',#3315);
#3315 = AXIS2_PLACEMENT_3D('',#3316,#3317,#3318);
#3316 = CARTESIAN_POINT('',(-6.455000025224,3.449999952316,
    7.700000396673));
#3317 = DIRECTION('',(1.,0.,0.));
#3318 = DIRECTION('',(0.,0.,-1.));
#3319 = ADVANCED_FACE('',(#3320,#3354,#3388),#3425,.F.);
#3320 = FACE_BOUND('',#3321,.T.);
#3321 = EDGE_LOOP('',(#3322,#3332,#3340,#3348));
#3322 = ORIENTED_EDGE('',*,*,#3323,.T.);
#3323 = EDGE_CURVE('',#3324,#3326,#3328,.T.);
#3324 = VERTEX_POINT('',#3325);
#3325 = CARTESIAN_POINT('',(-5.41127515315,3.449999952316,2.730705684121
    ));
#3326 = VERTEX_POINT('',#3327);
#3327 = CARTESIAN_POINT('',(-3.209557930018,3.449999952316,
    2.730705684121));
#3328 = LINE('',#3329,#3330);
#3329 = CARTESIAN_POINT('',(-5.41127515315,3.449999952316,2.730705684121
    ));
#3330 = VECTOR('',#3331,1.);
#3331 = DIRECTION('',(1.,0.,0.));
#3332 = ORIENTED_EDGE('',*,*,#3333,.T.);
#3333 = EDGE_CURVE('',#3326,#3334,#3336,.T.);
#3334 = VERTEX_POINT('',#3335);
#3335 = CARTESIAN_POINT('',(-3.209557930018,3.449999952316,
    3.953327939336));
#3336 = LINE('',#3337,#3338);
#3337 = CARTESIAN_POINT('',(-3.209557930018,3.449999952316,
    3.953327939336));
#3338 = VECTOR('',#3339,1.);
#3339 = DIRECTION('',(0.,3.547136993052E-15,1.));
#3340 = ORIENTED_EDGE('',*,*,#3341,.T.);
#3341 = EDGE_CURVE('',#3334,#3342,#3344,.T.);
#3342 = VERTEX_POINT('',#3343);
#3343 = CARTESIAN_POINT('',(-5.41127515315,3.449999952316,3.953327939336
    ));
#3344 = LINE('',#3345,#3346);
#3345 = CARTESIAN_POINT('',(-5.41127515315,3.449999952316,3.953327939336
    ));
#3346 = VECTOR('',#3347,1.);
#3347 = DIRECTION('',(-1.,-0.,-0.));
#3348 = ORIENTED_EDGE('',*,*,#3349,.T.);
#3349 = EDGE_CURVE('',#3342,#3324,#3350,.T.);
#3350 = LINE('',#3351,#3352);
#3351 = CARTESIAN_POINT('',(-5.41127515315,3.449999952316,3.953327939336
    ));
#3352 = VECTOR('',#3353,1.);
#3353 = DIRECTION('',(0.,-3.547136993052E-15,-1.));
#3354 = FACE_BOUND('',#3355,.T.);
#3355 = EDGE_LOOP('',(#3356,#3366,#3374,#3382));
#3356 = ORIENTED_EDGE('',*,*,#3357,.T.);
#3357 = EDGE_CURVE('',#3358,#3360,#3362,.T.);
#3358 = VERTEX_POINT('',#3359);
#3359 = CARTESIAN_POINT('',(3.199557701275,3.449999952316,2.730705684121
    ));
#3360 = VERTEX_POINT('',#3361);
#3361 = CARTESIAN_POINT('',(5.401274924407,3.449999952316,2.730705684121
    ));
#3362 = LINE('',#3363,#3364);
#3363 = CARTESIAN_POINT('',(5.401274924407,3.449999952316,2.730705684121
    ));
#3364 = VECTOR('',#3365,1.);
#3365 = DIRECTION('',(1.,0.,0.));
#3366 = ORIENTED_EDGE('',*,*,#3367,.T.);
#3367 = EDGE_CURVE('',#3360,#3368,#3370,.T.);
#3368 = VERTEX_POINT('',#3369);
#3369 = CARTESIAN_POINT('',(5.401274924407,3.449999952316,3.953327939336
    ));
#3370 = LINE('',#3371,#3372);
#3371 = CARTESIAN_POINT('',(5.401274924407,3.449999952316,3.953327939336
    ));
#3372 = VECTOR('',#3373,1.);
#3373 = DIRECTION('',(0.,3.547136993052E-15,1.));
#3374 = ORIENTED_EDGE('',*,*,#3375,.T.);
#3375 = EDGE_CURVE('',#3368,#3376,#3378,.T.);
#3376 = VERTEX_POINT('',#3377);
#3377 = CARTESIAN_POINT('',(3.199557701275,3.449999952316,3.953327939336
    ));
#3378 = LINE('',#3379,#3380);
#3379 = CARTESIAN_POINT('',(5.401274924407,3.449999952316,3.953327939336
    ));
#3380 = VECTOR('',#3381,1.);
#3381 = DIRECTION('',(-1.,0.,0.));
#3382 = ORIENTED_EDGE('',*,*,#3383,.T.);
#3383 = EDGE_CURVE('',#3376,#3358,#3384,.T.);
#3384 = LINE('',#3385,#3386);
#3385 = CARTESIAN_POINT('',(3.199557701275,3.449999952316,3.953327939336
    ));
#3386 = VECTOR('',#3387,1.);
#3387 = DIRECTION('',(0.,-3.547136993052E-15,-1.));
#3388 = FACE_BOUND('',#3389,.T.);
#3389 = EDGE_LOOP('',(#3390,#3391,#3399,#3408,#3416,#3422,#3423,#3424));
#3390 = ORIENTED_EDGE('',*,*,#2598,.T.);
#3391 = ORIENTED_EDGE('',*,*,#3392,.T.);
#3392 = EDGE_CURVE('',#2591,#3393,#3395,.T.);
#3393 = VERTEX_POINT('',#3394);
#3394 = CARTESIAN_POINT('',(0.82087626632,3.449999952316,3.283281531823)
  );
#3395 = LINE('',#3396,#3397);
#3396 = CARTESIAN_POINT('',(0.82087626632,3.449999952316,0.465415089952)
  );
#3397 = VECTOR('',#3398,1.);
#3398 = DIRECTION('',(0.,3.539791560305E-15,1.));
#3399 = ORIENTED_EDGE('',*,*,#3400,.T.);
#3400 = EDGE_CURVE('',#3393,#3401,#3403,.T.);
#3401 = VERTEX_POINT('',#3402);
#3402 = CARTESIAN_POINT('',(-0.830876495063,3.449999952316,
    3.283281531823));
#3403 = CIRCLE('',#3404,0.825876380692);
#3404 = AXIS2_PLACEMENT_3D('',#3405,#3406,#3407);
#3405 = CARTESIAN_POINT('',(-5.00011437181E-03,3.449999952316,
    3.283281531823));
#3406 = DIRECTION('',(0.,-1.,3.514310490125E-15));
#3407 = DIRECTION('',(0.,3.514310490125E-15,1.));
#3408 = ORIENTED_EDGE('',*,*,#3409,.T.);
#3409 = EDGE_CURVE('',#3401,#3410,#3412,.T.);
#3410 = VERTEX_POINT('',#3411);
#3411 = CARTESIAN_POINT('',(-0.830876495063,3.449999952316,
    1.900000476837));
#3412 = LINE('',#3413,#3414);
#3413 = CARTESIAN_POINT('',(-0.830876495063,3.449999952316,
    0.465415089952));
#3414 = VECTOR('',#3415,1.);
#3415 = DIRECTION('',(-0.,-3.539791560305E-15,-1.));
#3416 = ORIENTED_EDGE('',*,*,#3417,.T.);
#3417 = EDGE_CURVE('',#3410,#3294,#3418,.T.);
#3418 = LINE('',#3419,#3420);
#3419 = CARTESIAN_POINT('',(-5.00011437181E-03,3.449999952316,
    1.900000476837));
#3420 = VECTOR('',#3421,1.);
#3421 = DIRECTION('',(-1.,0.,0.));
#3422 = ORIENTED_EDGE('',*,*,#3293,.T.);
#3423 = ORIENTED_EDGE('',*,*,#3238,.F.);
#3424 = ORIENTED_EDGE('',*,*,#3278,.T.);
#3425 = PLANE('',#3426);
#3426 = AXIS2_PLACEMENT_3D('',#3427,#3428,#3429);
#3427 = CARTESIAN_POINT('',(-5.00011437181E-03,3.449999952316,
    7.900000393909));
#3428 = DIRECTION('',(0.,-1.,-3.514310490125E-15));
#3429 = DIRECTION('',(0.,3.514310490125E-15,-1.));
#3430 = ADVANCED_FACE('',(#3431,#3465,#3499),#3536,.T.);
#3431 = FACE_BOUND('',#3432,.T.);
#3432 = EDGE_LOOP('',(#3433,#3443,#3451,#3459));
#3433 = ORIENTED_EDGE('',*,*,#3434,.F.);
#3434 = EDGE_CURVE('',#3435,#3437,#3439,.T.);
#3435 = VERTEX_POINT('',#3436);
#3436 = CARTESIAN_POINT('',(-3.209557930018,3.249999955081,
    2.730705684121));
#3437 = VERTEX_POINT('',#3438);
#3438 = CARTESIAN_POINT('',(-3.209557930018,3.249999955081,
    3.953327939336));
#3439 = LINE('',#3440,#3441);
#3440 = CARTESIAN_POINT('',(-3.209557930018,3.249999955081,
    7.900000393909));
#3441 = VECTOR('',#3442,1.);
#3442 = DIRECTION('',(0.,-3.514310490125E-15,1.));
#3443 = ORIENTED_EDGE('',*,*,#3444,.F.);
#3444 = EDGE_CURVE('',#3445,#3435,#3447,.T.);
#3445 = VERTEX_POINT('',#3446);
#3446 = CARTESIAN_POINT('',(-5.41127515315,3.249999955081,2.730705684121
    ));
#3447 = LINE('',#3448,#3449);
#3448 = CARTESIAN_POINT('',(-5.00011437181E-03,3.249999955081,
    2.730705684121));
#3449 = VECTOR('',#3450,1.);
#3450 = DIRECTION('',(1.,0.,0.));
#3451 = ORIENTED_EDGE('',*,*,#3452,.F.);
#3452 = EDGE_CURVE('',#3453,#3445,#3455,.T.);
#3453 = VERTEX_POINT('',#3454);
#3454 = CARTESIAN_POINT('',(-5.41127515315,3.249999955081,3.953327939336
    ));
#3455 = LINE('',#3456,#3457);
#3456 = CARTESIAN_POINT('',(-5.41127515315,3.249999955081,7.900000393909
    ));
#3457 = VECTOR('',#3458,1.);
#3458 = DIRECTION('',(0.,3.514310490125E-15,-1.));
#3459 = ORIENTED_EDGE('',*,*,#3460,.F.);
#3460 = EDGE_CURVE('',#3437,#3453,#3461,.T.);
#3461 = LINE('',#3462,#3463);
#3462 = CARTESIAN_POINT('',(-5.00011437181E-03,3.249999955081,
    3.953327939336));
#3463 = VECTOR('',#3464,1.);
#3464 = DIRECTION('',(-1.,0.,0.));
#3465 = FACE_BOUND('',#3466,.T.);
#3466 = EDGE_LOOP('',(#3467,#3477,#3485,#3493));
#3467 = ORIENTED_EDGE('',*,*,#3468,.F.);
#3468 = EDGE_CURVE('',#3469,#3471,#3473,.T.);
#3469 = VERTEX_POINT('',#3470);
#3470 = CARTESIAN_POINT('',(5.401274924407,3.249999955081,2.730705684121
    ));
#3471 = VERTEX_POINT('',#3472);
#3472 = CARTESIAN_POINT('',(5.401274924407,3.249999955081,3.953327939336
    ));
#3473 = LINE('',#3474,#3475);
#3474 = CARTESIAN_POINT('',(5.401274924407,3.249999955081,7.900000393909
    ));
#3475 = VECTOR('',#3476,1.);
#3476 = DIRECTION('',(0.,-3.514310490125E-15,1.));
#3477 = ORIENTED_EDGE('',*,*,#3478,.F.);
#3478 = EDGE_CURVE('',#3479,#3469,#3481,.T.);
#3479 = VERTEX_POINT('',#3480);
#3480 = CARTESIAN_POINT('',(3.199557701275,3.249999955081,2.730705684121
    ));
#3481 = LINE('',#3482,#3483);
#3482 = CARTESIAN_POINT('',(-5.00011437181E-03,3.249999955081,
    2.730705684121));
#3483 = VECTOR('',#3484,1.);
#3484 = DIRECTION('',(1.,0.,0.));
#3485 = ORIENTED_EDGE('',*,*,#3486,.F.);
#3486 = EDGE_CURVE('',#3487,#3479,#3489,.T.);
#3487 = VERTEX_POINT('',#3488);
#3488 = CARTESIAN_POINT('',(3.199557701275,3.249999955081,3.953327939336
    ));
#3489 = LINE('',#3490,#3491);
#3490 = CARTESIAN_POINT('',(3.199557701275,3.249999955081,7.900000393909
    ));
#3491 = VECTOR('',#3492,1.);
#3492 = DIRECTION('',(0.,3.514310490125E-15,-1.));
#3493 = ORIENTED_EDGE('',*,*,#3494,.F.);
#3494 = EDGE_CURVE('',#3471,#3487,#3495,.T.);
#3495 = LINE('',#3496,#3497);
#3496 = CARTESIAN_POINT('',(-5.00011437181E-03,3.249999955081,
    3.953327939336));
#3497 = VECTOR('',#3498,1.);
#3498 = DIRECTION('',(-1.,0.,0.));
#3499 = FACE_BOUND('',#3500,.T.);
#3500 = EDGE_LOOP('',(#3501,#3509,#3510,#3511,#3512,#3513,#3521,#3529));
#3501 = ORIENTED_EDGE('',*,*,#3502,.F.);
#3502 = EDGE_CURVE('',#2583,#3503,#3505,.T.);
#3503 = VERTEX_POINT('',#3504);
#3504 = CARTESIAN_POINT('',(0.82087626632,3.249999955081,3.283281531823)
  );
#3505 = LINE('',#3506,#3507);
#3506 = CARTESIAN_POINT('',(0.82087626632,3.249999955081,7.900000393909)
  );
#3507 = VECTOR('',#3508,1.);
#3508 = DIRECTION('',(0.,-3.514310490125E-15,1.));
#3509 = ORIENTED_EDGE('',*,*,#2580,.F.);
#3510 = ORIENTED_EDGE('',*,*,#3271,.F.);
#3511 = ORIENTED_EDGE('',*,*,#3254,.F.);
#3512 = ORIENTED_EDGE('',*,*,#3309,.F.);
#3513 = ORIENTED_EDGE('',*,*,#3514,.F.);
#3514 = EDGE_CURVE('',#3515,#3302,#3517,.T.);
#3515 = VERTEX_POINT('',#3516);
#3516 = CARTESIAN_POINT('',(-0.830876495063,3.249999955081,
    1.900000476837));
#3517 = LINE('',#3518,#3519);
#3518 = CARTESIAN_POINT('',(-6.455000025224,3.249999955081,
    1.900000476837));
#3519 = VECTOR('',#3520,1.);
#3520 = DIRECTION('',(-1.,-0.,-0.));
#3521 = ORIENTED_EDGE('',*,*,#3522,.F.);
#3522 = EDGE_CURVE('',#3523,#3515,#3525,.T.);
#3523 = VERTEX_POINT('',#3524);
#3524 = CARTESIAN_POINT('',(-0.830876495063,3.249999955081,
    3.283281531823));
#3525 = LINE('',#3526,#3527);
#3526 = CARTESIAN_POINT('',(-0.830876495063,3.249999955081,
    7.900000393909));
#3527 = VECTOR('',#3528,1.);
#3528 = DIRECTION('',(0.,3.514310490125E-15,-1.));
#3529 = ORIENTED_EDGE('',*,*,#3530,.F.);
#3530 = EDGE_CURVE('',#3503,#3523,#3531,.T.);
#3531 = CIRCLE('',#3532,0.825876380692);
#3532 = AXIS2_PLACEMENT_3D('',#3533,#3534,#3535);
#3533 = CARTESIAN_POINT('',(-5.00011437181E-03,3.249999955081,
    3.283281531823));
#3534 = DIRECTION('',(0.,-1.,-3.514310490125E-15));
#3535 = DIRECTION('',(0.,3.514310490125E-15,-1.));
#3536 = PLANE('',#3537);
#3537 = AXIS2_PLACEMENT_3D('',#3538,#3539,#3540);
#3538 = CARTESIAN_POINT('',(-5.00011437181E-03,3.249999955081,
    7.900000393909));
#3539 = DIRECTION('',(0.,-1.,-3.514310490125E-15));
#3540 = DIRECTION('',(0.,3.514310490125E-15,-1.));
#3541 = ADVANCED_FACE('',(#3542),#3553,.F.);
#3542 = FACE_BOUND('',#3543,.T.);
#3543 = EDGE_LOOP('',(#3544,#3545,#3551,#3552));
#3544 = ORIENTED_EDGE('',*,*,#3417,.F.);
#3545 = ORIENTED_EDGE('',*,*,#3546,.T.);
#3546 = EDGE_CURVE('',#3410,#3515,#3547,.T.);
#3547 = LINE('',#3548,#3549);
#3548 = CARTESIAN_POINT('',(-0.830876495063,3.449999952316,
    1.900000476837));
#3549 = VECTOR('',#3550,1.);
#3550 = DIRECTION('',(0.,-1.,-3.491481338843E-15));
#3551 = ORIENTED_EDGE('',*,*,#3514,.T.);
#3552 = ORIENTED_EDGE('',*,*,#3301,.F.);
#3553 = PLANE('',#3554);
#3554 = AXIS2_PLACEMENT_3D('',#3555,#3556,#3557);
#3555 = CARTESIAN_POINT('',(-6.455000025224,3.449999952316,
    1.900000476837));
#3556 = DIRECTION('',(0.,-3.491481338843E-15,1.));
#3557 = DIRECTION('',(0.,-1.,-3.491481338843E-15));
#3558 = ADVANCED_FACE('',(#3559),#3570,.F.);
#3559 = FACE_BOUND('',#3560,.T.);
#3560 = EDGE_LOOP('',(#3561,#3562,#3563,#3564));
#3561 = ORIENTED_EDGE('',*,*,#3522,.T.);
#3562 = ORIENTED_EDGE('',*,*,#3546,.F.);
#3563 = ORIENTED_EDGE('',*,*,#3409,.F.);
#3564 = ORIENTED_EDGE('',*,*,#3565,.T.);
#3565 = EDGE_CURVE('',#3401,#3523,#3566,.T.);
#3566 = LINE('',#3567,#3568);
#3567 = CARTESIAN_POINT('',(-0.830876495063,3.449999952316,
    3.283281531823));
#3568 = VECTOR('',#3569,1.);
#3569 = DIRECTION('',(0.,-1.,3.514310490125E-15));
#3570 = PLANE('',#3571);
#3571 = AXIS2_PLACEMENT_3D('',#3572,#3573,#3574);
#3572 = CARTESIAN_POINT('',(-0.830876495063,3.449999952316,
    0.465415089952));
#3573 = DIRECTION('',(-1.,0.,0.));
#3574 = DIRECTION('',(0.,0.,1.));
#3575 = ADVANCED_FACE('',(#3576),#3587,.F.);
#3576 = FACE_BOUND('',#3577,.T.);
#3577 = EDGE_LOOP('',(#3578,#3579,#3585,#3586));
#3578 = ORIENTED_EDGE('',*,*,#3502,.T.);
#3579 = ORIENTED_EDGE('',*,*,#3580,.F.);
#3580 = EDGE_CURVE('',#3393,#3503,#3581,.T.);
#3581 = LINE('',#3582,#3583);
#3582 = CARTESIAN_POINT('',(0.82087626632,3.449999952316,3.283281531823)
  );
#3583 = VECTOR('',#3584,1.);
#3584 = DIRECTION('',(0.,-1.,3.514310490125E-15));
#3585 = ORIENTED_EDGE('',*,*,#3392,.F.);
#3586 = ORIENTED_EDGE('',*,*,#2590,.F.);
#3587 = PLANE('',#3588);
#3588 = AXIS2_PLACEMENT_3D('',#3589,#3590,#3591);
#3589 = CARTESIAN_POINT('',(0.82087626632,3.449999952316,0.465415089952)
  );
#3590 = DIRECTION('',(1.,0.,0.));
#3591 = DIRECTION('',(0.,0.,-1.));
#3592 = ADVANCED_FACE('',(#3593),#3599,.F.);
#3593 = FACE_BOUND('',#3594,.F.);
#3594 = EDGE_LOOP('',(#3595,#3596,#3597,#3598));
#3595 = ORIENTED_EDGE('',*,*,#3580,.F.);
#3596 = ORIENTED_EDGE('',*,*,#3400,.T.);
#3597 = ORIENTED_EDGE('',*,*,#3565,.T.);
#3598 = ORIENTED_EDGE('',*,*,#3530,.F.);
#3599 = CYLINDRICAL_SURFACE('',#3600,0.825876380692);
#3600 = AXIS2_PLACEMENT_3D('',#3601,#3602,#3603);
#3601 = CARTESIAN_POINT('',(-5.00011437181E-03,3.449999952316,
    3.283281531823));
#3602 = DIRECTION('',(0.,-1.,3.514310490125E-15));
#3603 = DIRECTION('',(0.,-3.514310490125E-15,-1.));
#3604 = ADVANCED_FACE('',(#3605),#3621,.F.);
#3605 = FACE_BOUND('',#3606,.F.);
#3606 = EDGE_LOOP('',(#3607,#3608,#3614,#3615));
#3607 = ORIENTED_EDGE('',*,*,#2999,.F.);
#3608 = ORIENTED_EDGE('',*,*,#3609,.F.);
#3609 = EDGE_CURVE('',#3111,#3000,#3610,.T.);
#3610 = LINE('',#3611,#3612);
#3611 = CARTESIAN_POINT('',(0.82087626632,3.449999952316,3.283281531823)
  );
#3612 = VECTOR('',#3613,1.);
#3613 = DIRECTION('',(0.,-1.,3.514310490125E-15));
#3614 = ORIENTED_EDGE('',*,*,#3118,.F.);
#3615 = ORIENTED_EDGE('',*,*,#3616,.T.);
#3616 = EDGE_CURVE('',#3119,#3002,#3617,.T.);
#3617 = LINE('',#3618,#3619);
#3618 = CARTESIAN_POINT('',(-0.830876495063,3.449999952316,
    3.283281531823));
#3619 = VECTOR('',#3620,1.);
#3620 = DIRECTION('',(0.,-1.,3.514310490125E-15));
#3621 = CYLINDRICAL_SURFACE('',#3622,0.825876380692);
#3622 = AXIS2_PLACEMENT_3D('',#3623,#3624,#3625);
#3623 = CARTESIAN_POINT('',(-5.00011437181E-03,3.449999952316,
    3.283281531823));
#3624 = DIRECTION('',(0.,-1.,3.514310490125E-15));
#3625 = DIRECTION('',(0.,-3.514310490125E-15,-1.));
#3626 = ADVANCED_FACE('',(#3627),#3633,.F.);
#3627 = FACE_BOUND('',#3628,.T.);
#3628 = EDGE_LOOP('',(#3629,#3630,#3631,#3632));
#3629 = ORIENTED_EDGE('',*,*,#3609,.F.);
#3630 = ORIENTED_EDGE('',*,*,#3110,.T.);
#3631 = ORIENTED_EDGE('',*,*,#2550,.F.);
#3632 = ORIENTED_EDGE('',*,*,#3010,.F.);
#3633 = PLANE('',#3634);
#3634 = AXIS2_PLACEMENT_3D('',#3635,#3636,#3637);
#3635 = CARTESIAN_POINT('',(0.82087626632,3.449999952316,0.465415089952)
  );
#3636 = DIRECTION('',(1.,0.,0.));
#3637 = DIRECTION('',(0.,0.,-1.));
#3638 = ADVANCED_FACE('',(#3639),#3645,.F.);
#3639 = FACE_BOUND('',#3640,.T.);
#3640 = EDGE_LOOP('',(#3641,#3642,#3643,#3644));
#3641 = ORIENTED_EDGE('',*,*,#3154,.F.);
#3642 = ORIENTED_EDGE('',*,*,#3127,.T.);
#3643 = ORIENTED_EDGE('',*,*,#3616,.T.);
#3644 = ORIENTED_EDGE('',*,*,#3028,.F.);
#3645 = PLANE('',#3646);
#3646 = AXIS2_PLACEMENT_3D('',#3647,#3648,#3649);
#3647 = CARTESIAN_POINT('',(-0.830876495063,3.449999952316,
    0.465415089952));
#3648 = DIRECTION('',(-1.,0.,0.));
#3649 = DIRECTION('',(0.,0.,1.));
#3650 = ADVANCED_FACE('',(#3651),#3667,.F.);
#3651 = FACE_BOUND('',#3652,.T.);
#3652 = EDGE_LOOP('',(#3653,#3654,#3660,#3661));
#3653 = ORIENTED_EDGE('',*,*,#3494,.T.);
#3654 = ORIENTED_EDGE('',*,*,#3655,.F.);
#3655 = EDGE_CURVE('',#3376,#3487,#3656,.T.);
#3656 = LINE('',#3657,#3658);
#3657 = CARTESIAN_POINT('',(3.199557701275,3.449999952316,3.953327939336
    ));
#3658 = VECTOR('',#3659,1.);
#3659 = DIRECTION('',(0.,-1.,3.514310490125E-15));
#3660 = ORIENTED_EDGE('',*,*,#3375,.F.);
#3661 = ORIENTED_EDGE('',*,*,#3662,.T.);
#3662 = EDGE_CURVE('',#3368,#3471,#3663,.T.);
#3663 = LINE('',#3664,#3665);
#3664 = CARTESIAN_POINT('',(5.401274924407,3.449999952316,3.953327939336
    ));
#3665 = VECTOR('',#3666,1.);
#3666 = DIRECTION('',(0.,-1.,3.514310490125E-15));
#3667 = PLANE('',#3668);
#3668 = AXIS2_PLACEMENT_3D('',#3669,#3670,#3671);
#3669 = CARTESIAN_POINT('',(5.401274924407,3.449999952316,3.953327939336
    ));
#3670 = DIRECTION('',(0.,3.514310490125E-15,1.));
#3671 = DIRECTION('',(0.,-1.,3.514310490125E-15));
#3672 = ADVANCED_FACE('',(#3673),#3684,.F.);
#3673 = FACE_BOUND('',#3674,.T.);
#3674 = EDGE_LOOP('',(#3675,#3676,#3682,#3683));
#3675 = ORIENTED_EDGE('',*,*,#3486,.T.);
#3676 = ORIENTED_EDGE('',*,*,#3677,.F.);
#3677 = EDGE_CURVE('',#3358,#3479,#3678,.T.);
#3678 = LINE('',#3679,#3680);
#3679 = CARTESIAN_POINT('',(3.199557701275,3.449999952316,2.730705684121
    ));
#3680 = VECTOR('',#3681,1.);
#3681 = DIRECTION('',(0.,-1.,3.514310490125E-15));
#3682 = ORIENTED_EDGE('',*,*,#3383,.F.);
#3683 = ORIENTED_EDGE('',*,*,#3655,.T.);
#3684 = PLANE('',#3685);
#3685 = AXIS2_PLACEMENT_3D('',#3686,#3687,#3688);
#3686 = CARTESIAN_POINT('',(3.199557701275,3.449999952316,3.953327939336
    ));
#3687 = DIRECTION('',(-1.,0.,0.));
#3688 = DIRECTION('',(0.,0.,1.));
#3689 = ADVANCED_FACE('',(#3690),#3701,.F.);
#3690 = FACE_BOUND('',#3691,.T.);
#3691 = EDGE_LOOP('',(#3692,#3693,#3699,#3700));
#3692 = ORIENTED_EDGE('',*,*,#3478,.T.);
#3693 = ORIENTED_EDGE('',*,*,#3694,.F.);
#3694 = EDGE_CURVE('',#3360,#3469,#3695,.T.);
#3695 = LINE('',#3696,#3697);
#3696 = CARTESIAN_POINT('',(5.401274924407,3.449999952316,2.730705684121
    ));
#3697 = VECTOR('',#3698,1.);
#3698 = DIRECTION('',(0.,-1.,3.514310490125E-15));
#3699 = ORIENTED_EDGE('',*,*,#3357,.F.);
#3700 = ORIENTED_EDGE('',*,*,#3677,.T.);
#3701 = PLANE('',#3702);
#3702 = AXIS2_PLACEMENT_3D('',#3703,#3704,#3705);
#3703 = CARTESIAN_POINT('',(5.401274924407,3.449999952316,2.730705684121
    ));
#3704 = DIRECTION('',(0.,-3.514310490125E-15,-1.));
#3705 = DIRECTION('',(0.,1.,-3.514310490125E-15));
#3706 = ADVANCED_FACE('',(#3707),#3713,.F.);
#3707 = FACE_BOUND('',#3708,.T.);
#3708 = EDGE_LOOP('',(#3709,#3710,#3711,#3712));
#3709 = ORIENTED_EDGE('',*,*,#3468,.T.);
#3710 = ORIENTED_EDGE('',*,*,#3662,.F.);
#3711 = ORIENTED_EDGE('',*,*,#3367,.F.);
#3712 = ORIENTED_EDGE('',*,*,#3694,.T.);
#3713 = PLANE('',#3714);
#3714 = AXIS2_PLACEMENT_3D('',#3715,#3716,#3717);
#3715 = CARTESIAN_POINT('',(5.401274924407,3.449999952316,3.953327939336
    ));
#3716 = DIRECTION('',(1.,0.,0.));
#3717 = DIRECTION('',(0.,0.,-1.));
#3718 = ADVANCED_FACE('',(#3719),#3735,.F.);
#3719 = FACE_BOUND('',#3720,.T.);
#3720 = EDGE_LOOP('',(#3721,#3722,#3728,#3729));
#3721 = ORIENTED_EDGE('',*,*,#3460,.T.);
#3722 = ORIENTED_EDGE('',*,*,#3723,.F.);
#3723 = EDGE_CURVE('',#3342,#3453,#3724,.T.);
#3724 = LINE('',#3725,#3726);
#3725 = CARTESIAN_POINT('',(-5.41127515315,3.449999952316,3.953327939336
    ));
#3726 = VECTOR('',#3727,1.);
#3727 = DIRECTION('',(0.,-1.,3.514310490125E-15));
#3728 = ORIENTED_EDGE('',*,*,#3341,.F.);
#3729 = ORIENTED_EDGE('',*,*,#3730,.T.);
#3730 = EDGE_CURVE('',#3334,#3437,#3731,.T.);
#3731 = LINE('',#3732,#3733);
#3732 = CARTESIAN_POINT('',(-3.209557930018,3.449999952316,
    3.953327939336));
#3733 = VECTOR('',#3734,1.);
#3734 = DIRECTION('',(0.,-1.,3.514310490125E-15));
#3735 = PLANE('',#3736);
#3736 = AXIS2_PLACEMENT_3D('',#3737,#3738,#3739);
#3737 = CARTESIAN_POINT('',(-5.41127515315,3.449999952316,3.953327939336
    ));
#3738 = DIRECTION('',(0.,3.514310490125E-15,1.));
#3739 = DIRECTION('',(0.,-1.,3.514310490125E-15));
#3740 = ADVANCED_FACE('',(#3741),#3752,.F.);
#3741 = FACE_BOUND('',#3742,.T.);
#3742 = EDGE_LOOP('',(#3743,#3744,#3750,#3751));
#3743 = ORIENTED_EDGE('',*,*,#3452,.T.);
#3744 = ORIENTED_EDGE('',*,*,#3745,.F.);
#3745 = EDGE_CURVE('',#3324,#3445,#3746,.T.);
#3746 = LINE('',#3747,#3748);
#3747 = CARTESIAN_POINT('',(-5.41127515315,3.449999952316,2.730705684121
    ));
#3748 = VECTOR('',#3749,1.);
#3749 = DIRECTION('',(0.,-1.,3.514310490125E-15));
#3750 = ORIENTED_EDGE('',*,*,#3349,.F.);
#3751 = ORIENTED_EDGE('',*,*,#3723,.T.);
#3752 = PLANE('',#3753);
#3753 = AXIS2_PLACEMENT_3D('',#3754,#3755,#3756);
#3754 = CARTESIAN_POINT('',(-5.41127515315,3.449999952316,3.953327939336
    ));
#3755 = DIRECTION('',(-1.,0.,0.));
#3756 = DIRECTION('',(0.,0.,1.));
#3757 = ADVANCED_FACE('',(#3758),#3769,.F.);
#3758 = FACE_BOUND('',#3759,.T.);
#3759 = EDGE_LOOP('',(#3760,#3761,#3767,#3768));
#3760 = ORIENTED_EDGE('',*,*,#3444,.T.);
#3761 = ORIENTED_EDGE('',*,*,#3762,.F.);
#3762 = EDGE_CURVE('',#3326,#3435,#3763,.T.);
#3763 = LINE('',#3764,#3765);
#3764 = CARTESIAN_POINT('',(-3.209557930018,3.449999952316,
    2.730705684121));
#3765 = VECTOR('',#3766,1.);
#3766 = DIRECTION('',(0.,-1.,3.514310490125E-15));
#3767 = ORIENTED_EDGE('',*,*,#3323,.F.);
#3768 = ORIENTED_EDGE('',*,*,#3745,.T.);
#3769 = PLANE('',#3770);
#3770 = AXIS2_PLACEMENT_3D('',#3771,#3772,#3773);
#3771 = CARTESIAN_POINT('',(-5.41127515315,3.449999952316,2.730705684121
    ));
#3772 = DIRECTION('',(0.,-3.514310490125E-15,-1.));
#3773 = DIRECTION('',(0.,1.,-3.514310490125E-15));
#3774 = ADVANCED_FACE('',(#3775),#3781,.F.);
#3775 = FACE_BOUND('',#3776,.T.);
#3776 = EDGE_LOOP('',(#3777,#3778,#3779,#3780));
#3777 = ORIENTED_EDGE('',*,*,#3434,.T.);
#3778 = ORIENTED_EDGE('',*,*,#3730,.F.);
#3779 = ORIENTED_EDGE('',*,*,#3333,.F.);
#3780 = ORIENTED_EDGE('',*,*,#3762,.T.);
#3781 = PLANE('',#3782);
#3782 = AXIS2_PLACEMENT_3D('',#3783,#3784,#3785);
#3783 = CARTESIAN_POINT('',(-3.209557930018,3.449999952316,
    3.953327939336));
#3784 = DIRECTION('',(1.,0.,0.));
#3785 = DIRECTION('',(0.,0.,-1.));
#3786 = ADVANCED_FACE('',(#3787),#3803,.F.);
#3787 = FACE_BOUND('',#3788,.T.);
#3788 = EDGE_LOOP('',(#3789,#3795,#3796,#3802));
#3789 = ORIENTED_EDGE('',*,*,#3790,.F.);
#3790 = EDGE_CURVE('',#3077,#2968,#3791,.T.);
#3791 = LINE('',#3792,#3793);
#3792 = CARTESIAN_POINT('',(5.401274924407,3.449999952316,3.953327939336
    ));
#3793 = VECTOR('',#3794,1.);
#3794 = DIRECTION('',(0.,-1.,3.514310490125E-15));
#3795 = ORIENTED_EDGE('',*,*,#3076,.T.);
#3796 = ORIENTED_EDGE('',*,*,#3797,.T.);
#3797 = EDGE_CURVE('',#3079,#2976,#3798,.T.);
#3798 = LINE('',#3799,#3800);
#3799 = CARTESIAN_POINT('',(5.401274924407,3.449999952316,2.730705684121
    ));
#3800 = VECTOR('',#3801,1.);
#3801 = DIRECTION('',(0.,-1.,3.514310490125E-15));
#3802 = ORIENTED_EDGE('',*,*,#2975,.F.);
#3803 = PLANE('',#3804);
#3804 = AXIS2_PLACEMENT_3D('',#3805,#3806,#3807);
#3805 = CARTESIAN_POINT('',(5.401274924407,3.449999952316,3.953327939336
    ));
#3806 = DIRECTION('',(1.,0.,0.));
#3807 = DIRECTION('',(0.,0.,-1.));
#3808 = ADVANCED_FACE('',(#3809),#3820,.F.);
#3809 = FACE_BOUND('',#3810,.T.);
#3810 = EDGE_LOOP('',(#3811,#3812,#3813,#3819));
#3811 = ORIENTED_EDGE('',*,*,#3797,.F.);
#3812 = ORIENTED_EDGE('',*,*,#3102,.T.);
#3813 = ORIENTED_EDGE('',*,*,#3814,.T.);
#3814 = EDGE_CURVE('',#3095,#2984,#3815,.T.);
#3815 = LINE('',#3816,#3817);
#3816 = CARTESIAN_POINT('',(3.199557701275,3.449999952316,2.730705684121
    ));
#3817 = VECTOR('',#3818,1.);
#3818 = DIRECTION('',(0.,-1.,3.514310490125E-15));
#3819 = ORIENTED_EDGE('',*,*,#2983,.F.);
#3820 = PLANE('',#3821);
#3821 = AXIS2_PLACEMENT_3D('',#3822,#3823,#3824);
#3822 = CARTESIAN_POINT('',(5.401274924407,3.449999952316,2.730705684121
    ));
#3823 = DIRECTION('',(0.,-3.514310490125E-15,-1.));
#3824 = DIRECTION('',(0.,1.,-3.514310490125E-15));
#3825 = ADVANCED_FACE('',(#3826),#3837,.F.);
#3826 = FACE_BOUND('',#3827,.T.);
#3827 = EDGE_LOOP('',(#3828,#3829,#3830,#3836));
#3828 = ORIENTED_EDGE('',*,*,#3814,.F.);
#3829 = ORIENTED_EDGE('',*,*,#3094,.T.);
#3830 = ORIENTED_EDGE('',*,*,#3831,.T.);
#3831 = EDGE_CURVE('',#3087,#2966,#3832,.T.);
#3832 = LINE('',#3833,#3834);
#3833 = CARTESIAN_POINT('',(3.199557701275,3.449999952316,3.953327939336
    ));
#3834 = VECTOR('',#3835,1.);
#3835 = DIRECTION('',(0.,-1.,3.514310490125E-15));
#3836 = ORIENTED_EDGE('',*,*,#2991,.F.);
#3837 = PLANE('',#3838);
#3838 = AXIS2_PLACEMENT_3D('',#3839,#3840,#3841);
#3839 = CARTESIAN_POINT('',(3.199557701275,3.449999952316,3.953327939336
    ));
#3840 = DIRECTION('',(-1.,0.,0.));
#3841 = DIRECTION('',(0.,0.,1.));
#3842 = ADVANCED_FACE('',(#3843),#3849,.F.);
#3843 = FACE_BOUND('',#3844,.T.);
#3844 = EDGE_LOOP('',(#3845,#3846,#3847,#3848));
#3845 = ORIENTED_EDGE('',*,*,#3831,.F.);
#3846 = ORIENTED_EDGE('',*,*,#3086,.T.);
#3847 = ORIENTED_EDGE('',*,*,#3790,.T.);
#3848 = ORIENTED_EDGE('',*,*,#2965,.F.);
#3849 = PLANE('',#3850);
#3850 = AXIS2_PLACEMENT_3D('',#3851,#3852,#3853);
#3851 = CARTESIAN_POINT('',(5.401274924407,3.449999952316,3.953327939336
    ));
#3852 = DIRECTION('',(0.,3.514310490125E-15,1.));
#3853 = DIRECTION('',(0.,-1.,3.514310490125E-15));
#3854 = ADVANCED_FACE('',(#3855),#3871,.F.);
#3855 = FACE_BOUND('',#3856,.T.);
#3856 = EDGE_LOOP('',(#3857,#3863,#3864,#3870));
#3857 = ORIENTED_EDGE('',*,*,#3858,.F.);
#3858 = EDGE_CURVE('',#3043,#2934,#3859,.T.);
#3859 = LINE('',#3860,#3861);
#3860 = CARTESIAN_POINT('',(-3.209557930018,3.449999952316,
    3.953327939336));
#3861 = VECTOR('',#3862,1.);
#3862 = DIRECTION('',(0.,-1.,3.514310490125E-15));
#3863 = ORIENTED_EDGE('',*,*,#3042,.T.);
#3864 = ORIENTED_EDGE('',*,*,#3865,.T.);
#3865 = EDGE_CURVE('',#3045,#2942,#3866,.T.);
#3866 = LINE('',#3867,#3868);
#3867 = CARTESIAN_POINT('',(-3.209557930018,3.449999952316,
    2.730705684121));
#3868 = VECTOR('',#3869,1.);
#3869 = DIRECTION('',(0.,-1.,3.514310490125E-15));
#3870 = ORIENTED_EDGE('',*,*,#2941,.F.);
#3871 = PLANE('',#3872);
#3872 = AXIS2_PLACEMENT_3D('',#3873,#3874,#3875);
#3873 = CARTESIAN_POINT('',(-3.209557930018,3.449999952316,
    3.953327939336));
#3874 = DIRECTION('',(1.,0.,0.));
#3875 = DIRECTION('',(0.,0.,-1.));
#3876 = ADVANCED_FACE('',(#3877),#3888,.F.);
#3877 = FACE_BOUND('',#3878,.T.);
#3878 = EDGE_LOOP('',(#3879,#3880,#3881,#3887));
#3879 = ORIENTED_EDGE('',*,*,#3865,.F.);
#3880 = ORIENTED_EDGE('',*,*,#3068,.T.);
#3881 = ORIENTED_EDGE('',*,*,#3882,.T.);
#3882 = EDGE_CURVE('',#3061,#2950,#3883,.T.);
#3883 = LINE('',#3884,#3885);
#3884 = CARTESIAN_POINT('',(-5.41127515315,3.449999952316,2.730705684121
    ));
#3885 = VECTOR('',#3886,1.);
#3886 = DIRECTION('',(0.,-1.,3.514310490125E-15));
#3887 = ORIENTED_EDGE('',*,*,#2949,.F.);
#3888 = PLANE('',#3889);
#3889 = AXIS2_PLACEMENT_3D('',#3890,#3891,#3892);
#3890 = CARTESIAN_POINT('',(-5.41127515315,3.449999952316,2.730705684121
    ));
#3891 = DIRECTION('',(0.,-3.514310490125E-15,-1.));
#3892 = DIRECTION('',(0.,1.,-3.514310490125E-15));
#3893 = ADVANCED_FACE('',(#3894),#3905,.F.);
#3894 = FACE_BOUND('',#3895,.T.);
#3895 = EDGE_LOOP('',(#3896,#3897,#3898,#3904));
#3896 = ORIENTED_EDGE('',*,*,#3882,.F.);
#3897 = ORIENTED_EDGE('',*,*,#3060,.T.);
#3898 = ORIENTED_EDGE('',*,*,#3899,.T.);
#3899 = EDGE_CURVE('',#3053,#2932,#3900,.T.);
#3900 = LINE('',#3901,#3902);
#3901 = CARTESIAN_POINT('',(-5.41127515315,3.449999952316,3.953327939336
    ));
#3902 = VECTOR('',#3903,1.);
#3903 = DIRECTION('',(0.,-1.,3.514310490125E-15));
#3904 = ORIENTED_EDGE('',*,*,#2957,.F.);
#3905 = PLANE('',#3906);
#3906 = AXIS2_PLACEMENT_3D('',#3907,#3908,#3909);
#3907 = CARTESIAN_POINT('',(-5.41127515315,3.449999952316,3.953327939336
    ));
#3908 = DIRECTION('',(-1.,0.,0.));
#3909 = DIRECTION('',(0.,0.,1.));
#3910 = ADVANCED_FACE('',(#3911),#3917,.F.);
#3911 = FACE_BOUND('',#3912,.T.);
#3912 = EDGE_LOOP('',(#3913,#3914,#3915,#3916));
#3913 = ORIENTED_EDGE('',*,*,#3899,.F.);
#3914 = ORIENTED_EDGE('',*,*,#3052,.T.);
#3915 = ORIENTED_EDGE('',*,*,#3858,.T.);
#3916 = ORIENTED_EDGE('',*,*,#2931,.F.);
#3917 = PLANE('',#3918);
#3918 = AXIS2_PLACEMENT_3D('',#3919,#3920,#3921);
#3919 = CARTESIAN_POINT('',(-5.41127515315,3.449999952316,3.953327939336
    ));
#3920 = DIRECTION('',(0.,3.514310490125E-15,1.));
#3921 = DIRECTION('',(0.,-1.,3.514310490125E-15));
#3922 = ADVANCED_FACE('',(#3923),#3948,.F.);
#3923 = FACE_BOUND('',#3924,.T.);
#3924 = EDGE_LOOP('',(#3925,#3926,#3934,#3942));
#3925 = ORIENTED_EDGE('',*,*,#2660,.T.);
#3926 = ORIENTED_EDGE('',*,*,#3927,.F.);
#3927 = EDGE_CURVE('',#3928,#2663,#3930,.T.);
#3928 = VERTEX_POINT('',#3929);
#3929 = CARTESIAN_POINT('',(2.994999844164,1.999999972357,7.800000395291
    ));
#3930 = LINE('',#3931,#3932);
#3931 = CARTESIAN_POINT('',(2.994999844164,1.999999972357,7.800000395291
    ));
#3932 = VECTOR('',#3933,1.);
#3933 = DIRECTION('',(0.,0.,1.));
#3934 = ORIENTED_EDGE('',*,*,#3935,.F.);
#3935 = EDGE_CURVE('',#3936,#3928,#3938,.T.);
#3936 = VERTEX_POINT('',#3937);
#3937 = CARTESIAN_POINT('',(2.994999844164,-1.999999972357,
    7.800000395291));
#3938 = LINE('',#3939,#3940);
#3939 = CARTESIAN_POINT('',(2.994999844164,1.999999972357,7.800000395291
    ));
#3940 = VECTOR('',#3941,1.);
#3941 = DIRECTION('',(-2.168404344971E-16,1.,0.));
#3942 = ORIENTED_EDGE('',*,*,#3943,.T.);
#3943 = EDGE_CURVE('',#3936,#2661,#3944,.T.);
#3944 = LINE('',#3945,#3946);
#3945 = CARTESIAN_POINT('',(2.994999844164,-1.999999972357,
    7.800000395291));
#3946 = VECTOR('',#3947,1.);
#3947 = DIRECTION('',(0.,0.,1.));
#3948 = PLANE('',#3949);
#3949 = AXIS2_PLACEMENT_3D('',#3950,#3951,#3952);
#3950 = CARTESIAN_POINT('',(2.994999844164,1.999999972357,7.800000395291
    ));
#3951 = DIRECTION('',(1.,2.168404344971E-16,0.));
#3952 = DIRECTION('',(-2.168404344971E-16,1.,0.));
#3953 = ADVANCED_FACE('',(#3954),#3972,.F.);
#3954 = FACE_BOUND('',#3955,.T.);
#3955 = EDGE_LOOP('',(#3956,#3957,#3958,#3966));
#3956 = ORIENTED_EDGE('',*,*,#2670,.T.);
#3957 = ORIENTED_EDGE('',*,*,#3943,.F.);
#3958 = ORIENTED_EDGE('',*,*,#3959,.F.);
#3959 = EDGE_CURVE('',#3960,#3936,#3962,.T.);
#3960 = VERTEX_POINT('',#3961);
#3961 = CARTESIAN_POINT('',(-3.005000072908,-1.999999972357,
    7.800000395291));
#3962 = LINE('',#3963,#3964);
#3963 = CARTESIAN_POINT('',(-3.005000072908,-1.999999972357,
    7.800000395291));
#3964 = VECTOR('',#3965,1.);
#3965 = DIRECTION('',(1.,0.,0.));
#3966 = ORIENTED_EDGE('',*,*,#3967,.T.);
#3967 = EDGE_CURVE('',#3960,#2671,#3968,.T.);
#3968 = LINE('',#3969,#3970);
#3969 = CARTESIAN_POINT('',(-3.005000072908,-1.999999972357,
    7.800000395291));
#3970 = VECTOR('',#3971,1.);
#3971 = DIRECTION('',(0.,0.,1.));
#3972 = PLANE('',#3973);
#3973 = AXIS2_PLACEMENT_3D('',#3974,#3975,#3976);
#3974 = CARTESIAN_POINT('',(-3.005000072908,-1.999999972357,
    7.800000395291));
#3975 = DIRECTION('',(0.,-1.,0.));
#3976 = DIRECTION('',(0.,0.,-1.));
#3977 = ADVANCED_FACE('',(#3978),#3996,.F.);
#3978 = FACE_BOUND('',#3979,.T.);
#3979 = EDGE_LOOP('',(#3980,#3981,#3982,#3990));
#3980 = ORIENTED_EDGE('',*,*,#2678,.T.);
#3981 = ORIENTED_EDGE('',*,*,#3967,.F.);
#3982 = ORIENTED_EDGE('',*,*,#3983,.F.);
#3983 = EDGE_CURVE('',#3984,#3960,#3986,.T.);
#3984 = VERTEX_POINT('',#3985);
#3985 = CARTESIAN_POINT('',(-3.005000072908,1.999999972357,
    7.800000395291));
#3986 = LINE('',#3987,#3988);
#3987 = CARTESIAN_POINT('',(-3.005000072908,1.999999972357,
    7.800000395291));
#3988 = VECTOR('',#3989,1.);
#3989 = DIRECTION('',(1.084202172486E-16,-1.,0.));
#3990 = ORIENTED_EDGE('',*,*,#3991,.T.);
#3991 = EDGE_CURVE('',#3984,#2679,#3992,.T.);
#3992 = LINE('',#3993,#3994);
#3993 = CARTESIAN_POINT('',(-3.005000072908,1.999999972357,
    7.800000395291));
#3994 = VECTOR('',#3995,1.);
#3995 = DIRECTION('',(0.,0.,1.));
#3996 = PLANE('',#3997);
#3997 = AXIS2_PLACEMENT_3D('',#3998,#3999,#4000);
#3998 = CARTESIAN_POINT('',(-3.005000072908,1.999999972357,
    7.800000395291));
#3999 = DIRECTION('',(-1.,-1.084202172486E-16,0.));
#4000 = DIRECTION('',(1.084202172486E-16,-1.,0.));
#4001 = ADVANCED_FACE('',(#4002),#4013,.F.);
#4002 = FACE_BOUND('',#4003,.T.);
#4003 = EDGE_LOOP('',(#4004,#4005,#4006,#4012));
#4004 = ORIENTED_EDGE('',*,*,#2686,.T.);
#4005 = ORIENTED_EDGE('',*,*,#3991,.F.);
#4006 = ORIENTED_EDGE('',*,*,#4007,.F.);
#4007 = EDGE_CURVE('',#3928,#3984,#4008,.T.);
#4008 = LINE('',#4009,#4010);
#4009 = CARTESIAN_POINT('',(-3.005000072908,1.999999972357,
    7.800000395291));
#4010 = VECTOR('',#4011,1.);
#4011 = DIRECTION('',(-1.,-0.,-0.));
#4012 = ORIENTED_EDGE('',*,*,#3927,.T.);
#4013 = PLANE('',#4014);
#4014 = AXIS2_PLACEMENT_3D('',#4015,#4016,#4017);
#4015 = CARTESIAN_POINT('',(-3.005000072908,1.999999972357,
    7.800000395291));
#4016 = DIRECTION('',(0.,1.,0.));
#4017 = DIRECTION('',(0.,-0.,1.));
#4018 = ADVANCED_FACE('',(#4019),#4025,.T.);
#4019 = FACE_BOUND('',#4020,.T.);
#4020 = EDGE_LOOP('',(#4021,#4022,#4023,#4024));
#4021 = ORIENTED_EDGE('',*,*,#3935,.T.);
#4022 = ORIENTED_EDGE('',*,*,#4007,.T.);
#4023 = ORIENTED_EDGE('',*,*,#3983,.T.);
#4024 = ORIENTED_EDGE('',*,*,#3959,.T.);
#4025 = PLANE('',#4026);
#4026 = AXIS2_PLACEMENT_3D('',#4027,#4028,#4029);
#4027 = CARTESIAN_POINT('',(-5.00011437181E-03,0.,7.800000395291));
#4028 = DIRECTION('',(0.,0.,1.));
#4029 = DIRECTION('',(1.,0.,-0.));
#4030 = ( GEOMETRIC_REPRESENTATION_CONTEXT(3) 
GLOBAL_UNCERTAINTY_ASSIGNED_CONTEXT((#4034)) 
GLOBAL_UNIT_ASSIGNED_CONTEXT((#4031,#4032,#4033)) REPRESENTATION_CONTEXT
('Context #1','3D Context with UNIT and UNCERTAINTY') );
#4031 = ( LENGTH_UNIT() NAMED_UNIT(*) SI_UNIT(.MILLI.,.METRE.) );
#4032 = ( NAMED_UNIT(*) PLANE_ANGLE_UNIT() SI_UNIT($,.RADIAN.) );
#4033 = ( NAMED_UNIT(*) SI_UNIT($,.STERADIAN.) SOLID_ANGLE_UNIT() );
#4034 = UNCERTAINTY_MEASURE_WITH_UNIT(LENGTH_MEASURE(1.E-07),#4031,
  'distance_accuracy_value','confusion accuracy');
#4035 = CONTEXT_DEPENDENT_SHAPE_REPRESENTATION(#4036,#4038);
#4036 = ( REPRESENTATION_RELATIONSHIP('','',#2533,#10) 
REPRESENTATION_RELATIONSHIP_WITH_TRANSFORMATION(#4037) 
SHAPE_REPRESENTATION_RELATIONSHIP() );
#4037 = ITEM_DEFINED_TRANSFORMATION('','',#11,#23);
#4038 = PRODUCT_DEFINITION_SHAPE('Placement','Placement of an item',
  #4039);
#4039 = NEXT_ASSEMBLY_USAGE_OCCURRENCE('189',
  'SW-TH_SS-12D10L8~SW-TH_SS-12D10L8~8Asf','',#5,#2528,$);
#4040 = PRODUCT_RELATED_PRODUCT_CATEGORY('part',$,(#2530));
#4041 = MECHANICAL_DESIGN_GEOMETRIC_PRESENTATION_REPRESENTATION('',(
    #4042),#2515);
#4042 = STYLED_ITEM('color',(#4043),#1606);
#4043 = PRESENTATION_STYLE_ASSIGNMENT((#4044,#4050));
#4044 = SURFACE_STYLE_USAGE(.BOTH.,#4045);
#4045 = SURFACE_SIDE_STYLE('',(#4046));
#4046 = SURFACE_STYLE_FILL_AREA(#4047);
#4047 = FILL_AREA_STYLE('',(#4048));
#4048 = FILL_AREA_STYLE_COLOUR('',#4049);
#4049 = COLOUR_RGB('',0.25098037884,0.25098037884,0.25098037884);
#4050 = CURVE_STYLE('',#4051,POSITIVE_LENGTH_MEASURE(0.1),#4052);
#4051 = DRAUGHTING_PRE_DEFINED_CURVE_FONT('continuous');
#4052 = COLOUR_RGB('',9.803921802644E-02,9.803921802644E-02,
  9.803921802644E-02);
#4053 = MECHANICAL_DESIGN_GEOMETRIC_PRESENTATION_REPRESENTATION('',(
    #4054,#4063,#4071,#4078,#4085,#4092,#4099,#4106,#4113,#4120,#4127,
    #4134,#4141,#4148,#4155,#4162,#4169,#4176,#4183,#4190,#4197,#4204,
    #4211,#4218,#4225,#4232,#4239,#4246),#1587);
#4054 = STYLED_ITEM('color',(#4055),#41);
#4055 = PRESENTATION_STYLE_ASSIGNMENT((#4056,#4061));
#4056 = SURFACE_STYLE_USAGE(.BOTH.,#4057);
#4057 = SURFACE_SIDE_STYLE('',(#4058));
#4058 = SURFACE_STYLE_FILL_AREA(#4059);
#4059 = FILL_AREA_STYLE('',(#4060));
#4060 = FILL_AREA_STYLE_COLOUR('',#4049);
#4061 = CURVE_STYLE('',#4062,POSITIVE_LENGTH_MEASURE(0.1),#4052);
#4062 = DRAUGHTING_PRE_DEFINED_CURVE_FONT('continuous');
#4063 = OVER_RIDING_STYLED_ITEM('overriding color',(#4064),#861,#4054);
#4064 = PRESENTATION_STYLE_ASSIGNMENT((#4065));
#4065 = SURFACE_STYLE_USAGE(.BOTH.,#4066);
#4066 = SURFACE_SIDE_STYLE('',(#4067));
#4067 = SURFACE_STYLE_FILL_AREA(#4068);
#4068 = FILL_AREA_STYLE('',(#4069));
#4069 = FILL_AREA_STYLE_COLOUR('',#4070);
#4070 = COLOUR_RGB('',0.752941202324,0.752941202324,0.752941202324);
#4071 = OVER_RIDING_STYLED_ITEM('overriding color',(#4072),#892,#4054);
#4072 = PRESENTATION_STYLE_ASSIGNMENT((#4073));
#4073 = SURFACE_STYLE_USAGE(.BOTH.,#4074);
#4074 = SURFACE_SIDE_STYLE('',(#4075));
#4075 = SURFACE_STYLE_FILL_AREA(#4076);
#4076 = FILL_AREA_STYLE('',(#4077));
#4077 = FILL_AREA_STYLE_COLOUR('',#4070);
#4078 = OVER_RIDING_STYLED_ITEM('overriding color',(#4079),#923,#4054);
#4079 = PRESENTATION_STYLE_ASSIGNMENT((#4080));
#4080 = SURFACE_STYLE_USAGE(.BOTH.,#4081);
#4081 = SURFACE_SIDE_STYLE('',(#4082));
#4082 = SURFACE_STYLE_FILL_AREA(#4083);
#4083 = FILL_AREA_STYLE('',(#4084));
#4084 = FILL_AREA_STYLE_COLOUR('',#4070);
#4085 = OVER_RIDING_STYLED_ITEM('overriding color',(#4086),#954,#4054);
#4086 = PRESENTATION_STYLE_ASSIGNMENT((#4087));
#4087 = SURFACE_STYLE_USAGE(.BOTH.,#4088);
#4088 = SURFACE_SIDE_STYLE('',(#4089));
#4089 = SURFACE_STYLE_FILL_AREA(#4090);
#4090 = FILL_AREA_STYLE('',(#4091));
#4091 = FILL_AREA_STYLE_COLOUR('',#4070);
#4092 = OVER_RIDING_STYLED_ITEM('overriding color',(#4093),#987,#4054);
#4093 = PRESENTATION_STYLE_ASSIGNMENT((#4094));
#4094 = SURFACE_STYLE_USAGE(.BOTH.,#4095);
#4095 = SURFACE_SIDE_STYLE('',(#4096));
#4096 = SURFACE_STYLE_FILL_AREA(#4097);
#4097 = FILL_AREA_STYLE('',(#4098));
#4098 = FILL_AREA_STYLE_COLOUR('',#4070);
#4099 = OVER_RIDING_STYLED_ITEM('overriding color',(#4100),#1018,#4054);
#4100 = PRESENTATION_STYLE_ASSIGNMENT((#4101));
#4101 = SURFACE_STYLE_USAGE(.BOTH.,#4102);
#4102 = SURFACE_SIDE_STYLE('',(#4103));
#4103 = SURFACE_STYLE_FILL_AREA(#4104);
#4104 = FILL_AREA_STYLE('',(#4105));
#4105 = FILL_AREA_STYLE_COLOUR('',#4070);
#4106 = OVER_RIDING_STYLED_ITEM('overriding color',(#4107),#1049,#4054);
#4107 = PRESENTATION_STYLE_ASSIGNMENT((#4108));
#4108 = SURFACE_STYLE_USAGE(.BOTH.,#4109);
#4109 = SURFACE_SIDE_STYLE('',(#4110));
#4110 = SURFACE_STYLE_FILL_AREA(#4111);
#4111 = FILL_AREA_STYLE('',(#4112));
#4112 = FILL_AREA_STYLE_COLOUR('',#4070);
#4113 = OVER_RIDING_STYLED_ITEM('overriding color',(#4114),#1071,#4054);
#4114 = PRESENTATION_STYLE_ASSIGNMENT((#4115));
#4115 = SURFACE_STYLE_USAGE(.BOTH.,#4116);
#4116 = SURFACE_SIDE_STYLE('',(#4117));
#4117 = SURFACE_STYLE_FILL_AREA(#4118);
#4118 = FILL_AREA_STYLE('',(#4119));
#4119 = FILL_AREA_STYLE_COLOUR('',#4070);
#4120 = OVER_RIDING_STYLED_ITEM('overriding color',(#4121),#1087,#4054);
#4121 = PRESENTATION_STYLE_ASSIGNMENT((#4122));
#4122 = SURFACE_STYLE_USAGE(.BOTH.,#4123);
#4123 = SURFACE_SIDE_STYLE('',(#4124));
#4124 = SURFACE_STYLE_FILL_AREA(#4125);
#4125 = FILL_AREA_STYLE('',(#4126));
#4126 = FILL_AREA_STYLE_COLOUR('',#4070);
#4127 = OVER_RIDING_STYLED_ITEM('overriding color',(#4128),#1103,#4054);
#4128 = PRESENTATION_STYLE_ASSIGNMENT((#4129));
#4129 = SURFACE_STYLE_USAGE(.BOTH.,#4130);
#4130 = SURFACE_SIDE_STYLE('',(#4131));
#4131 = SURFACE_STYLE_FILL_AREA(#4132);
#4132 = FILL_AREA_STYLE('',(#4133));
#4133 = FILL_AREA_STYLE_COLOUR('',#4070);
#4134 = OVER_RIDING_STYLED_ITEM('overriding color',(#4135),#1134,#4054);
#4135 = PRESENTATION_STYLE_ASSIGNMENT((#4136));
#4136 = SURFACE_STYLE_USAGE(.BOTH.,#4137);
#4137 = SURFACE_SIDE_STYLE('',(#4138));
#4138 = SURFACE_STYLE_FILL_AREA(#4139);
#4139 = FILL_AREA_STYLE('',(#4140));
#4140 = FILL_AREA_STYLE_COLOUR('',#4070);
#4141 = OVER_RIDING_STYLED_ITEM('overriding color',(#4142),#1165,#4054);
#4142 = PRESENTATION_STYLE_ASSIGNMENT((#4143));
#4143 = SURFACE_STYLE_USAGE(.BOTH.,#4144);
#4144 = SURFACE_SIDE_STYLE('',(#4145));
#4145 = SURFACE_STYLE_FILL_AREA(#4146);
#4146 = FILL_AREA_STYLE('',(#4147));
#4147 = FILL_AREA_STYLE_COLOUR('',#4070);
#4148 = OVER_RIDING_STYLED_ITEM('overriding color',(#4149),#1196,#4054);
#4149 = PRESENTATION_STYLE_ASSIGNMENT((#4150));
#4150 = SURFACE_STYLE_USAGE(.BOTH.,#4151);
#4151 = SURFACE_SIDE_STYLE('',(#4152));
#4152 = SURFACE_STYLE_FILL_AREA(#4153);
#4153 = FILL_AREA_STYLE('',(#4154));
#4154 = FILL_AREA_STYLE_COLOUR('',#4070);
#4155 = OVER_RIDING_STYLED_ITEM('overriding color',(#4156),#1229,#4054);
#4156 = PRESENTATION_STYLE_ASSIGNMENT((#4157));
#4157 = SURFACE_STYLE_USAGE(.BOTH.,#4158);
#4158 = SURFACE_SIDE_STYLE('',(#4159));
#4159 = SURFACE_STYLE_FILL_AREA(#4160);
#4160 = FILL_AREA_STYLE('',(#4161));
#4161 = FILL_AREA_STYLE_COLOUR('',#4070);
#4162 = OVER_RIDING_STYLED_ITEM('overriding color',(#4163),#1260,#4054);
#4163 = PRESENTATION_STYLE_ASSIGNMENT((#4164));
#4164 = SURFACE_STYLE_USAGE(.BOTH.,#4165);
#4165 = SURFACE_SIDE_STYLE('',(#4166));
#4166 = SURFACE_STYLE_FILL_AREA(#4167);
#4167 = FILL_AREA_STYLE('',(#4168));
#4168 = FILL_AREA_STYLE_COLOUR('',#4070);
#4169 = OVER_RIDING_STYLED_ITEM('overriding color',(#4170),#1291,#4054);
#4170 = PRESENTATION_STYLE_ASSIGNMENT((#4171));
#4171 = SURFACE_STYLE_USAGE(.BOTH.,#4172);
#4172 = SURFACE_SIDE_STYLE('',(#4173));
#4173 = SURFACE_STYLE_FILL_AREA(#4174);
#4174 = FILL_AREA_STYLE('',(#4175));
#4175 = FILL_AREA_STYLE_COLOUR('',#4070);
#4176 = OVER_RIDING_STYLED_ITEM('overriding color',(#4177),#1313,#4054);
#4177 = PRESENTATION_STYLE_ASSIGNMENT((#4178));
#4178 = SURFACE_STYLE_USAGE(.BOTH.,#4179);
#4179 = SURFACE_SIDE_STYLE('',(#4180));
#4180 = SURFACE_STYLE_FILL_AREA(#4181);
#4181 = FILL_AREA_STYLE('',(#4182));
#4182 = FILL_AREA_STYLE_COLOUR('',#4070);
#4183 = OVER_RIDING_STYLED_ITEM('overriding color',(#4184),#1329,#4054);
#4184 = PRESENTATION_STYLE_ASSIGNMENT((#4185));
#4185 = SURFACE_STYLE_USAGE(.BOTH.,#4186);
#4186 = SURFACE_SIDE_STYLE('',(#4187));
#4187 = SURFACE_STYLE_FILL_AREA(#4188);
#4188 = FILL_AREA_STYLE('',(#4189));
#4189 = FILL_AREA_STYLE_COLOUR('',#4070);
#4190 = OVER_RIDING_STYLED_ITEM('overriding color',(#4191),#1345,#4054);
#4191 = PRESENTATION_STYLE_ASSIGNMENT((#4192));
#4192 = SURFACE_STYLE_USAGE(.BOTH.,#4193);
#4193 = SURFACE_SIDE_STYLE('',(#4194));
#4194 = SURFACE_STYLE_FILL_AREA(#4195);
#4195 = FILL_AREA_STYLE('',(#4196));
#4196 = FILL_AREA_STYLE_COLOUR('',#4070);
#4197 = OVER_RIDING_STYLED_ITEM('overriding color',(#4198),#1376,#4054);
#4198 = PRESENTATION_STYLE_ASSIGNMENT((#4199));
#4199 = SURFACE_STYLE_USAGE(.BOTH.,#4200);
#4200 = SURFACE_SIDE_STYLE('',(#4201));
#4201 = SURFACE_STYLE_FILL_AREA(#4202);
#4202 = FILL_AREA_STYLE('',(#4203));
#4203 = FILL_AREA_STYLE_COLOUR('',#4070);
#4204 = OVER_RIDING_STYLED_ITEM('overriding color',(#4205),#1407,#4054);
#4205 = PRESENTATION_STYLE_ASSIGNMENT((#4206));
#4206 = SURFACE_STYLE_USAGE(.BOTH.,#4207);
#4207 = SURFACE_SIDE_STYLE('',(#4208));
#4208 = SURFACE_STYLE_FILL_AREA(#4209);
#4209 = FILL_AREA_STYLE('',(#4210));
#4210 = FILL_AREA_STYLE_COLOUR('',#4070);
#4211 = OVER_RIDING_STYLED_ITEM('overriding color',(#4212),#1438,#4054);
#4212 = PRESENTATION_STYLE_ASSIGNMENT((#4213));
#4213 = SURFACE_STYLE_USAGE(.BOTH.,#4214);
#4214 = SURFACE_SIDE_STYLE('',(#4215));
#4215 = SURFACE_STYLE_FILL_AREA(#4216);
#4216 = FILL_AREA_STYLE('',(#4217));
#4217 = FILL_AREA_STYLE_COLOUR('',#4070);
#4218 = OVER_RIDING_STYLED_ITEM('overriding color',(#4219),#1471,#4054);
#4219 = PRESENTATION_STYLE_ASSIGNMENT((#4220));
#4220 = SURFACE_STYLE_USAGE(.BOTH.,#4221);
#4221 = SURFACE_SIDE_STYLE('',(#4222));
#4222 = SURFACE_STYLE_FILL_AREA(#4223);
#4223 = FILL_AREA_STYLE('',(#4224));
#4224 = FILL_AREA_STYLE_COLOUR('',#4070);
#4225 = OVER_RIDING_STYLED_ITEM('overriding color',(#4226),#1502,#4054);
#4226 = PRESENTATION_STYLE_ASSIGNMENT((#4227));
#4227 = SURFACE_STYLE_USAGE(.BOTH.,#4228);
#4228 = SURFACE_SIDE_STYLE('',(#4229));
#4229 = SURFACE_STYLE_FILL_AREA(#4230);
#4230 = FILL_AREA_STYLE('',(#4231));
#4231 = FILL_AREA_STYLE_COLOUR('',#4070);
#4232 = OVER_RIDING_STYLED_ITEM('overriding color',(#4233),#1533,#4054);
#4233 = PRESENTATION_STYLE_ASSIGNMENT((#4234));
#4234 = SURFACE_STYLE_USAGE(.BOTH.,#4235);
#4235 = SURFACE_SIDE_STYLE('',(#4236));
#4236 = SURFACE_STYLE_FILL_AREA(#4237);
#4237 = FILL_AREA_STYLE('',(#4238));
#4238 = FILL_AREA_STYLE_COLOUR('',#4070);
#4239 = OVER_RIDING_STYLED_ITEM('overriding color',(#4240),#1555,#4054);
#4240 = PRESENTATION_STYLE_ASSIGNMENT((#4241));
#4241 = SURFACE_STYLE_USAGE(.BOTH.,#4242);
#4242 = SURFACE_SIDE_STYLE('',(#4243));
#4243 = SURFACE_STYLE_FILL_AREA(#4244);
#4244 = FILL_AREA_STYLE('',(#4245));
#4245 = FILL_AREA_STYLE_COLOUR('',#4070);
#4246 = OVER_RIDING_STYLED_ITEM('overriding color',(#4247),#1571,#4054);
#4247 = PRESENTATION_STYLE_ASSIGNMENT((#4248));
#4248 = SURFACE_STYLE_USAGE(.BOTH.,#4249);
#4249 = SURFACE_SIDE_STYLE('',(#4250));
#4250 = SURFACE_STYLE_FILL_AREA(#4251);
#4251 = FILL_AREA_STYLE('',(#4252));
#4252 = FILL_AREA_STYLE_COLOUR('',#4070);
#4253 = MECHANICAL_DESIGN_GEOMETRIC_PRESENTATION_REPRESENTATION('',(
    #4254,#4263),#4030);
#4254 = STYLED_ITEM('color',(#4255),#2534);
#4255 = PRESENTATION_STYLE_ASSIGNMENT((#4256,#4261));
#4256 = SURFACE_STYLE_USAGE(.BOTH.,#4257);
#4257 = SURFACE_SIDE_STYLE('',(#4258));
#4258 = SURFACE_STYLE_FILL_AREA(#4259);
#4259 = FILL_AREA_STYLE('',(#4260));
#4260 = FILL_AREA_STYLE_COLOUR('',#4070);
#4261 = CURVE_STYLE('',#4262,POSITIVE_LENGTH_MEASURE(0.1),#4052);
#4262 = DRAUGHTING_PRE_DEFINED_CURVE_FONT('continuous');
#4263 = OVER_RIDING_STYLED_ITEM('overriding color',(#4264),#4018,#4254);
#4264 = PRESENTATION_STYLE_ASSIGNMENT((#4265));
#4265 = SURFACE_STYLE_USAGE(.BOTH.,#4266);
#4266 = SURFACE_SIDE_STYLE('',(#4267));
#4267 = SURFACE_STYLE_FILL_AREA(#4268);
#4268 = FILL_AREA_STYLE('',(#4269));
#4269 = FILL_AREA_STYLE_COLOUR('',#4049);
ENDSEC;
END-ISO-10303-21;
