ISO-10303-21;
HEADER;
FILE_DESCRIPTION (( 'STEP AP214' ),
    '1' );
FILE_NAME ('Switch.STEP',
    '2025-10-10T16:31:24',
    ( '' ),
    ( '' ),
    'SwSTEP 2.0',
    'SolidWorks 2025',
    '' );
FILE_SCHEMA (( 'AUTOMOTIVE_DESIGN' ));
ENDSEC;

DATA;
#1 = DIRECTION ( 'NONE',  ( 0.000000000000000000, 0.000000000000000000, -1.000000000000000000 ) ) ;
#2 = DIRECTION ( 'NONE',  ( 0.000000000000000000, 0.000000000000000000, 1.000000000000000000 ) ) ;
#3 = VECTOR ( 'NONE', #709, 1000.000000000000114 ) ;
#4 = VECTOR ( 'NONE', #1012, 1000.000000000000000 ) ;
#5 = EDGE_CURVE ( 'NONE', #95, #2098, #1208, .T. ) ;
#6 = VECTOR ( 'NONE', #622, 1000.000000000000000 ) ;
#7 = AXIS2_PLACEMENT_3D ( 'NONE', #743, #1238, #1922 ) ;
#8 = DIRECTION ( 'NONE',  ( 1.000000000000000000, 4.336808689942015764E-16, -0.000000000000000000 ) ) ;
#9 = EDGE_CURVE ( 'NONE', #1647, #1035, #1024, .T. ) ;
#10 = CARTESIAN_POINT ( 'NONE',  ( 2.100000000000000089, -1.674999999999999822, 1.699999999999999956 ) ) ;
#11 = DIRECTION ( 'NONE',  ( 0.000000000000000000, 0.000000000000000000, 1.000000000000000000 ) ) ;
#12 = ORIENTED_EDGE ( 'NONE', *, *, #348, .F. ) ;
#13 = CARTESIAN_POINT ( 'NONE',  ( 1.357178454011113145, -1.624109207094916796, 1.399999999999999911 ) ) ;
#14 = VECTOR ( 'NONE', #158, 1000.000000000000000 ) ;
#15 = ORIENTED_EDGE ( 'NONE', *, *, #1382, .F. ) ;
#16 = DIRECTION ( 'NONE',  ( 1.000000000000000000, -0.000000000000000000, -0.000000000000000000 ) ) ;
#17 = CARTESIAN_POINT ( 'NONE',  ( -0.2500000000000000000, -1.710385654761122430E-16, 2.500000000000000000 ) ) ;
#18 = VERTEX_POINT ( 'NONE', #1845 ) ;
#19 = ORIENTED_EDGE ( 'NONE', *, *, #769, .T. ) ;
#20 = CARTESIAN_POINT ( 'NONE',  ( -2.049109207094908403, 1.624109207094909468, 1.399999999999999911 ) ) ;
#21 = CARTESIAN_POINT ( 'NONE',  ( -2.049109207094908403, 0.9321784540110916728, 1.699999999999999956 ) ) ;
#22 = ADVANCED_FACE ( 'NONE', ( #2025 ), #423, .F. ) ;
#23 = CARTESIAN_POINT ( 'NONE',  ( 2.100000000000000089, -0.8000000000000001554, 0.2000000000000000111 ) ) ;
#24 = VERTEX_POINT ( 'NONE', #1690 ) ;
#25 = DIRECTION ( 'NONE',  ( 0.000000000000000000, -0.000000000000000000, 1.000000000000000000 ) ) ;
#26 = ORIENTED_EDGE ( 'NONE', *, *, #590, .F. ) ;
#27 = DIRECTION ( 'NONE',  ( -1.000000000000000000, -4.336808689942023159E-16, 0.000000000000000000 ) ) ;
#28 = DIRECTION ( 'NONE',  ( 0.000000000000000000, -1.000000000000000000, -0.000000000000000000 ) ) ;
#29 = ORIENTED_EDGE ( 'NONE', *, *, #1936, .T. ) ;
#30 = CARTESIAN_POINT ( 'NONE',  ( 2.049109207094931051, -1.624109207094895480, 1.849999999999999867 ) ) ;
#31 = LINE ( 'NONE', #1643, #1633 ) ;
#32 = CARTESIAN_POINT ( 'NONE',  ( -1.374755052141436451, 1.360865678657484645, 1.699999999999999956 ) ) ;
#33 = EDGE_LOOP ( 'NONE', ( #335, #637, #1623, #366 ) ) ;
#34 = EDGE_CURVE ( 'NONE', #655, #98, #519, .T. ) ;
#35 = DIRECTION ( 'NONE',  ( 0.000000000000000000, 0.000000000000000000, 1.000000000000000000 ) ) ;
#36 = ORIENTED_EDGE ( 'NONE', *, *, #5, .T. ) ;
#37 = LINE ( 'NONE', #1137, #1232 ) ;
#38 = EDGE_CURVE ( 'NONE', #658, #1830, #235, .T. ) ;
#39 = DIRECTION ( 'NONE',  ( -1.000000000000000000, 0.000000000000000000, -0.000000000000000000 ) ) ;
#40 = ORIENTED_EDGE ( 'NONE', *, *, #1850, .T. ) ;
#41 = VECTOR ( 'NONE', #535, 1000.000000000000000 ) ;
#42 = FACE_OUTER_BOUND ( 'NONE', #592, .T. ) ;
#43 = VECTOR ( 'NONE', #1949, 1000.000000000000000 ) ;
#44 = DIRECTION ( 'NONE',  ( 0.000000000000000000, -0.000000000000000000, 1.000000000000000000 ) ) ;
#45 = VECTOR ( 'NONE', #8, 1000.000000000000000 ) ;
#46 = ORIENTED_EDGE ( 'NONE', *, *, #925, .T. ) ;
#47 = LINE ( 'NONE', #367, #211 ) ;
#48 = EDGE_CURVE ( 'NONE', #837, #1469, #245, .T. ) ;
#49 = ORIENTED_EDGE ( 'NONE', *, *, #1094, .T. ) ;
#50 = CARTESIAN_POINT ( 'NONE',  ( -1.599309933548893836, -0.7631993070328708662, 1.849999999999999867 ) ) ;
#51 = EDGE_CURVE ( 'NONE', #724, #1899, #1539, .T. ) ;
#52 = FACE_OUTER_BOUND ( 'NONE', #674, .T. ) ;
#53 = ORIENTED_EDGE ( 'NONE', *, *, #539, .T. ) ;
#54 = ORIENTED_EDGE ( 'NONE', *, *, #489, .T. ) ;
#55 = DIRECTION ( 'NONE',  ( 1.000000000000000000, 4.336808689942017736E-16, -0.000000000000000000 ) ) ;
#56 = CARTESIAN_POINT ( 'NONE',  ( 2.100000000000000089, -1.674999999999999822, 1.699999999999999956 ) ) ;
#57 = VERTEX_POINT ( 'NONE', #570 ) ;
#58 = LINE ( 'NONE', #1836, #1903 ) ;
#59 = CARTESIAN_POINT ( 'NONE',  ( 2.049109207094908403, 1.624109207094923457, 1.399999999999999911 ) ) ;
#60 = CARTESIAN_POINT ( 'NONE',  ( -1.357178454011090496, -1.675000000000000044, 1.699999999999999956 ) ) ;
#61 = ORIENTED_EDGE ( 'NONE', *, *, #569, .F. ) ;
#62 = DIRECTION ( 'NONE',  ( -1.000000000000000000, -2.444399792232536709E-14, 0.000000000000000000 ) ) ;
#63 = EDGE_CURVE ( 'NONE', #2032, #776, #577, .T. ) ;
#64 = CARTESIAN_POINT ( 'NONE',  ( -1.188199307032871133, -1.174309933548894014, 1.849999999999999867 ) ) ;
#65 = PLANE ( 'NONE',  #312 ) ;
#66 = ORIENTED_EDGE ( 'NONE', *, *, #1443, .F. ) ;
#67 = DIRECTION ( 'NONE',  ( -1.000000000000000000, 2.748278662340042347E-13, -0.000000000000000000 ) ) ;
#68 = DIRECTION ( 'NONE',  ( -1.000000000000000000, 0.000000000000000000, 0.000000000000000000 ) ) ;
#69 = DIRECTION ( 'NONE',  ( 1.000000000000000000, -0.000000000000000000, -0.000000000000000000 ) ) ;
#70 = VERTEX_POINT ( 'NONE', #1551 ) ;
#71 = ORIENTED_EDGE ( 'NONE', *, *, #650, .T. ) ;
#72 = LINE ( 'NONE', #1067, #1292 ) ;
#73 = EDGE_CURVE ( 'NONE', #686, #940, #1093, .T. ) ;
#74 = DIRECTION ( 'NONE',  ( -1.000000000000000000, 0.000000000000000000, 0.000000000000000000 ) ) ;
#75 = EDGE_CURVE ( 'NONE', #1036, #1393, #905, .T. ) ;
#76 = ORIENTED_EDGE ( 'NONE', *, *, #1042, .T. ) ;
#77 = AXIS2_PLACEMENT_3D ( 'NONE', #1455, #313, #344 ) ;
#78 = AXIS2_PLACEMENT_3D ( 'NONE', #358, #998, #1648 ) ;
#79 = CARTESIAN_POINT ( 'NONE',  ( -1.110925387270270459, -1.360865678657484645, 1.399999999999999911 ) ) ;
#80 = VECTOR ( 'NONE', #1459, 1000.000000000000000 ) ;
#81 = VECTOR ( 'NONE', #1541, 1000.000000000000000 ) ;
#82 = LINE ( 'NONE', #544, #1327 ) ;
#83 = LINE ( 'NONE', #1793, #642 ) ;
#84 = EDGE_LOOP ( 'NONE', ( #295, #1233, #1709, #527 ) ) ;
#85 = CARTESIAN_POINT ( 'NONE',  ( 2.049109207094913732, 0.9321784540111057726, 1.399999999999999911 ) ) ;
#86 = PLANE ( 'NONE',  #1703 ) ;
#87 = LINE ( 'NONE', #1994, #146 ) ;
#88 = ORIENTED_EDGE ( 'NONE', *, *, #1706, .F. ) ;
#89 = DIRECTION ( 'NONE',  ( 0.000000000000000000, 0.000000000000000000, 1.000000000000000000 ) ) ;
#90 = EDGE_CURVE ( 'NONE', #2028, #919, #288, .T. ) ;
#91 = ORIENTED_EDGE ( 'NONE', *, *, #1446, .T. ) ;
#92 = LINE ( 'NONE', #731, #1227 ) ;
#93 = DIRECTION ( 'NONE',  ( -1.000000000000000000, 4.336808689942017736E-16, 0.000000000000000000 ) ) ;
#94 = ORIENTED_EDGE ( 'NONE', *, *, #1287, .F. ) ;
#95 = VERTEX_POINT ( 'NONE', #1586 ) ;
#96 = DIRECTION ( 'NONE',  ( -0.000000000000000000, -0.000000000000000000, -1.000000000000000000 ) ) ;
#97 = CARTESIAN_POINT ( 'NONE',  ( -1.599309933548893836, -0.7631993070328708662, 1.699999999999999956 ) ) ;
#98 = VERTEX_POINT ( 'NONE', #1114 ) ;
#99 = DIRECTION ( 'NONE',  ( 1.000000000000000000, 0.000000000000000000, 0.000000000000000000 ) ) ;
#100 = EDGE_CURVE ( 'NONE', #130, #1213, #1761, .T. ) ;
#101 = ORIENTED_EDGE ( 'NONE', *, *, #167, .F. ) ;
#102 = EDGE_CURVE ( 'NONE', #655, #554, #289, .T. ) ;
#103 = LINE ( 'NONE', #454, #1126 ) ;
#104 = LINE ( 'NONE', #1569, #1533 ) ;
#105 = CYLINDRICAL_SURFACE ( 'NONE', #714, 0.2638296648711684900 ) ;
#106 = ORIENTED_EDGE ( 'NONE', *, *, #1303, .F. ) ;
#107 = DIRECTION ( 'NONE',  ( 0.000000000000000000, 0.000000000000000000, 1.000000000000000000 ) ) ;
#108 = VECTOR ( 'NONE', #2, 1000.000000000000000 ) ;
#109 = AXIS2_PLACEMENT_3D ( 'NONE', #208, #1454, #829 ) ;
#110 = AXIS2_PLACEMENT_3D ( 'NONE', #1234, #430, #466 ) ;
#111 = AXIS2_PLACEMENT_3D ( 'NONE', #2026, #2015, #694 ) ;
#112 = EDGE_CURVE ( 'NONE', #1318, #1899, #115, .T. ) ;
#113 = ORIENTED_EDGE ( 'NONE', *, *, #1131, .F. ) ;
#114 = AXIS2_PLACEMENT_3D ( 'NONE', #1352, #1854, #735 ) ;
#115 = LINE ( 'NONE', #755, #1297 ) ;
#116 = EDGE_CURVE ( 'NONE', #2071, #754, #1408, .T. ) ;
#117 = VECTOR ( 'NONE', #133, 1000.000000000000000 ) ;
#118 = CARTESIAN_POINT ( 'NONE',  ( -2.100000000000000089, -1.675000000000000044, 0.000000000000000000 ) ) ;
#119 = SHAPE_DEFINITION_REPRESENTATION ( #974, #2008 ) ;
#120 = LINE ( 'NONE', #761, #517 ) ;
#121 = VERTEX_POINT ( 'NONE', #2062 ) ;
#122 = DIRECTION ( 'NONE',  ( 0.000000000000000000, -0.000000000000000000, 1.000000000000000000 ) ) ;
#123 = ORIENTED_EDGE ( 'NONE', *, *, #903, .T. ) ;
#124 = ORIENTED_EDGE ( 'NONE', *, *, #202, .F. ) ;
#125 = CARTESIAN_POINT ( 'NONE',  ( -2.600000000000000533, 1.350000000000000089, 0.2000000000000000111 ) ) ;
#126 = DIRECTION ( 'NONE',  ( 0.000000000000000000, 0.000000000000000000, -1.000000000000000000 ) ) ;
#127 = CARTESIAN_POINT ( 'NONE',  ( 2.100000000000000089, 0.8000000000000001554, 0.2000000000000000111 ) ) ;
#128 = EDGE_CURVE ( 'NONE', #172, #1950, #773, .T. ) ;
#129 = CARTESIAN_POINT ( 'NONE',  ( -1.374755052141436451, -1.360865678657484645, 1.699999999999999956 ) ) ;
#130 = VERTEX_POINT ( 'NONE', #604 ) ;
#131 = CARTESIAN_POINT ( 'NONE',  ( -1.188199307032871133, -1.174309933548894014, 1.399999999999999911 ) ) ;
#132 = ORIENTED_EDGE ( 'NONE', *, *, #1186, .F. ) ;
#133 = DIRECTION ( 'NONE',  ( 0.000000000000000000, 0.000000000000000000, 1.000000000000000000 ) ) ;
#134 = CARTESIAN_POINT ( 'NONE',  ( -2.100000000000000089, 1.350000000000000311, 0.000000000000000000 ) ) ;
#135 = CARTESIAN_POINT ( 'NONE',  ( 1.357178454011090940, 1.675000000000000266, 1.699999999999999956 ) ) ;
#136 = EDGE_CURVE ( 'NONE', #837, #2098, #484, .T. ) ;
#137 =( NAMED_UNIT ( * ) PLANE_ANGLE_UNIT ( ) SI_UNIT ( $, .RADIAN. ) );
#138 = VERTEX_POINT ( 'NONE', #125 ) ;
#139 = CARTESIAN_POINT ( 'NONE',  ( -2.049109207094908403, 0.9321784540110916728, 1.849999999999999867 ) ) ;
#140 = EDGE_CURVE ( 'NONE', #995, #1089, #1576, .T. ) ;
#141 = ORIENTED_EDGE ( 'NONE', *, *, #1546, .F. ) ;
#142 = AXIS2_PLACEMENT_3D ( 'NONE', #869, #574, #99 ) ;
#143 = ORIENTED_EDGE ( 'NONE', *, *, #948, .T. ) ;
#144 = DIRECTION ( 'NONE',  ( 0.000000000000000000, 0.000000000000000000, -1.000000000000000000 ) ) ;
#145 = AXIS2_PLACEMENT_3D ( 'NONE', #981, #1294, #1636 ) ;
#146 = VECTOR ( 'NONE', #1210, 1000.000000000000000 ) ;
#147 = VECTOR ( 'NONE', #957, 1000.000000000000000 ) ;
#148 = FACE_OUTER_BOUND ( 'NONE', #1821, .T. ) ;
#149 = AXIS2_PLACEMENT_3D ( 'NONE', #875, #1683, #1219 ) ;
#150 = DIRECTION ( 'NONE',  ( -0.000000000000000000, -0.000000000000000000, 1.000000000000000000 ) ) ;
#151 = LINE ( 'NONE', #2049, #1665 ) ;
#152 = LINE ( 'NONE', #438, #80 ) ;
#153 = ORIENTED_EDGE ( 'NONE', *, *, #1106, .T. ) ;
#154 = ADVANCED_FACE ( 'NONE', ( #1900 ), #1105, .T. ) ;
#155 = ORIENTED_EDGE ( 'NONE', *, *, #862, .F. ) ;
#156 = DIRECTION ( 'NONE',  ( 0.000000000000000000, -1.000000000000000000, 0.000000000000000000 ) ) ;
#157 = CARTESIAN_POINT ( 'NONE',  ( -1.357178454011090496, -1.624109207094926344, 1.699999999999999956 ) ) ;
#158 = DIRECTION ( 'NONE',  ( -0.000000000000000000, 1.000000000000000000, -0.000000000000000000 ) ) ;
#159 = FILL_AREA_STYLE ('',( #1100 ) ) ;
#160 = DIRECTION ( 'NONE',  ( 1.000000000000000000, -1.754953696987463240E-14, 0.000000000000000000 ) ) ;
#161 = UNCERTAINTY_MEASURE_WITH_UNIT (LENGTH_MEASURE( 1.000000000000000082E-05 ), #1893, 'distance_accuracy_value', 'NONE');
#162 = ORIENTED_EDGE ( 'NONE', *, *, #195, .F. ) ;
#163 = CARTESIAN_POINT ( 'NONE',  ( 2.100000000000000089, -1.350000000000000311, 0.2000000000000000111 ) ) ;
#164 = ADVANCED_FACE ( 'NONE', ( #442, #304 ), #1445, .T. ) ;
#165 = ORIENTED_EDGE ( 'NONE', *, *, #1948, .T. ) ;
#166 = CARTESIAN_POINT ( 'NONE',  ( -2.100000000000000089, -0.8000000000000001554, 0.000000000000000000 ) ) ;
#167 = EDGE_CURVE ( 'NONE', #995, #2071, #103, .T. ) ;
#168 = CARTESIAN_POINT ( 'NONE',  ( -2.100000000000000089, -0.8000000000000001554, 0.2000000000000000111 ) ) ;
#169 = CARTESIAN_POINT ( 'NONE',  ( 2.100000000000000089, -1.350000000000000311, 0.2000000000000000111 ) ) ;
#170 = LINE ( 'NONE', #317, #1537 ) ;
#171 = CARTESIAN_POINT ( 'NONE',  ( -1.357178454011090496, -1.624109207094926344, 1.849999999999999867 ) ) ;
#172 = VERTEX_POINT ( 'NONE', #954 ) ;
#173 = PLANE ( 'NONE',  #1225 ) ;
#174 = ORIENTED_EDGE ( 'NONE', *, *, #849, .F. ) ;
#175 = CARTESIAN_POINT ( 'NONE',  ( 2.600000000000000533, 1.350000000000000089, 0.2000000000000000111 ) ) ;
#176 = DIRECTION ( 'NONE',  ( 1.000000000000000000, 0.000000000000000000, 0.000000000000000000 ) ) ;
#177 = ORIENTED_EDGE ( 'NONE', *, *, #2057, .T. ) ;
#178 = CIRCLE ( 'NONE', #345, 1.129999999999999449 ) ;
#179 = AXIS2_PLACEMENT_3D ( 'NONE', #1178, #203, #825 ) ;
#180 = EDGE_LOOP ( 'NONE', ( #174, #762, #879, #1573 ) ) ;
#181 = ADVANCED_FACE ( 'NONE', ( #796 ), #1753, .F. ) ;
#182 = CARTESIAN_POINT ( 'NONE',  ( -2.049109207094908403, 0.9321784540110916728, 1.399999999999999911 ) ) ;
#183 = LINE ( 'NONE', #824, #147 ) ;
#184 = CARTESIAN_POINT ( 'NONE',  ( 2.600000000000000533, 1.350000000000000089, 0.2000000000000000111 ) ) ;
#185 = VERTEX_POINT ( 'NONE', #942 ) ;
#186 = CARTESIAN_POINT ( 'NONE',  ( 1.357178454011090940, 1.624109207094935670, 1.699999999999999956 ) ) ;
#187 = ORIENTED_EDGE ( 'NONE', *, *, #386, .F. ) ;
#188 = LINE ( 'NONE', #1796, #1460 ) ;
#189 = LINE ( 'NONE', #168, #884 ) ;
#190 = ORIENTED_EDGE ( 'NONE', *, *, #332, .F. ) ;
#191 = PLANE ( 'NONE',  #682 ) ;
#192 = ADVANCED_FACE ( 'NONE', ( #2091 ), #1425, .T. ) ;
#193 = CARTESIAN_POINT ( 'NONE',  ( -2.600000000000000533, -0.8000000000000001554, 0.2000000000000000111 ) ) ;
#194 = DIRECTION ( 'NONE',  ( -0.000000000000000000, 0.000000000000000000, 1.000000000000000000 ) ) ;
#195 = EDGE_CURVE ( 'NONE', #2052, #1173, #1567, .T. ) ;
#196 = EDGE_LOOP ( 'NONE', ( #1704, #814, #275, #1713, #1916 ) ) ;
#197 = CARTESIAN_POINT ( 'NONE',  ( 2.100000000000000089, 1.350000000000000311, 0.2000000000000000111 ) ) ;
#198 = PLANE ( 'NONE',  #78 ) ;
#199 = PLANE ( 'NONE',  #1325 ) ;
#200 = VERTEX_POINT ( 'NONE', #787 ) ;
#201 = DIRECTION ( 'NONE',  ( -0.000000000000000000, 1.000000000000000000, -0.000000000000000000 ) ) ;
#202 = EDGE_CURVE ( 'NONE', #845, #658, #627, .T. ) ;
#203 = DIRECTION ( 'NONE',  ( -0.000000000000000000, 0.000000000000000000, -1.000000000000000000 ) ) ;
#204 = ORIENTED_EDGE ( 'NONE', *, *, #1691, .F. ) ;
#205 = DIRECTION ( 'NONE',  ( 3.071168969728058618E-14, -1.000000000000000000, 0.000000000000000000 ) ) ;
#206 = EDGE_CURVE ( 'NONE', #1833, #459, #433, .T. ) ;
#207 = ORIENTED_EDGE ( 'NONE', *, *, #1797, .T. ) ;
#208 = CARTESIAN_POINT ( 'NONE',  ( -2.100000000000000089, -1.675000000000000044, 1.699999999999999956 ) ) ;
#209 = CARTESIAN_POINT ( 'NONE',  ( 2.049109207094931051, -1.624109207094895480, 1.399999999999999911 ) ) ;
#210 = ORIENTED_EDGE ( 'NONE', *, *, #1642, .T. ) ;
#211 = VECTOR ( 'NONE', #1144, 1000.000000000000000 ) ;
#212 = DIRECTION ( 'NONE',  ( -1.000000000000000000, -4.336808689942016257E-16, 0.000000000000000000 ) ) ;
#213 = CIRCLE ( 'NONE', #1059, 0.2638296648711658809 ) ;
#214 = VECTOR ( 'NONE', #1033, 1000.000000000000000 ) ;
#215 = LINE ( 'NONE', #328, #43 ) ;
#216 = VECTOR ( 'NONE', #96, 1000.000000000000000 ) ;
#217 = ORIENTED_EDGE ( 'NONE', *, *, #202, .T. ) ;
#218 = CARTESIAN_POINT ( 'NONE',  ( 1.188199307032876462, 1.174309933548899343, 1.399999999999999911 ) ) ;
#219 = VECTOR ( 'NONE', #144, 1000.000000000000000 ) ;
#220 = EDGE_CURVE ( 'NONE', #264, #1799, #1954, .T. ) ;
#221 = LINE ( 'NONE', #1373, #1290 ) ;
#222 = VECTOR ( 'NONE', #150, 1000.000000000000000 ) ;
#223 = CARTESIAN_POINT ( 'NONE',  ( 0.2500000000000004441, -1.129999999999999449, 2.500000000000000000 ) ) ;
#224 = ORIENTED_EDGE ( 'NONE', *, *, #578, .F. ) ;
#225 = CARTESIAN_POINT ( 'NONE',  ( 2.600000000000000533, 1.350000000000000089, 0.2000000000000000111 ) ) ;
#226 = CARTESIAN_POINT ( 'NONE',  ( 1.357178454011090940, 1.675000000000000266, 1.399999999999999911 ) ) ;
#227 = DIRECTION ( 'NONE',  ( 0.000000000000000000, 0.000000000000000000, 1.000000000000000000 ) ) ;
#228 = VERTEX_POINT ( 'NONE', #1159 ) ;
#229 = DIRECTION ( 'NONE',  ( -0.000000000000000000, -0.000000000000000000, 1.000000000000000000 ) ) ;
#230 = ORIENTED_EDGE ( 'NONE', *, *, #959, .F. ) ;
#231 = CARTESIAN_POINT ( 'NONE',  ( -2.100000000000000089, -0.8000000000000001554, 0.2000000000000000111 ) ) ;
#232 = EDGE_CURVE ( 'NONE', #2053, #632, #1786, .T. ) ;
#233 = LINE ( 'NONE', #223, #1901 ) ;
#234 = EDGE_LOOP ( 'NONE', ( #1516, #1976, #1531, #1550, #1470 ) ) ;
#235 = LINE ( 'NONE', #742, #1295 ) ;
#236 = EDGE_CURVE ( 'NONE', #70, #228, #1308, .T. ) ;
#237 = CARTESIAN_POINT ( 'NONE',  ( 2.049109207094931051, -1.624109207094895480, 1.399999999999999911 ) ) ;
#238 = CARTESIAN_POINT ( 'NONE',  ( 2.100000000000000089, 1.675000000000000266, 0.000000000000000000 ) ) ;
#239 = ORIENTED_EDGE ( 'NONE', *, *, #1766, .F. ) ;
#240 = CARTESIAN_POINT ( 'NONE',  ( -0.2499999999999999445, 1.129999999999999227, 2.500000000000000000 ) ) ;
#241 = VERTEX_POINT ( 'NONE', #50 ) ;
#242 = CARTESIAN_POINT ( 'NONE',  ( 2.600000000000000533, 1.350000000000000089, 0.000000000000000000 ) ) ;
#243 = CARTESIAN_POINT ( 'NONE',  ( -2.100000000000000089, -1.675000000000000044, 0.000000000000000000 ) ) ;
#244 = EDGE_LOOP ( 'NONE', ( #958, #190, #1521, #1415 ) ) ;
#245 = LINE ( 'NONE', #2033, #1906 ) ;
#246 = LINE ( 'NONE', #885, #81 ) ;
#247 = EDGE_CURVE ( 'NONE', #1856, #776, #848, .T. ) ;
#248 = VECTOR ( 'NONE', #1128, 1000.000000000000000 ) ;
#249 = FACE_OUTER_BOUND ( 'NONE', #582, .T. ) ;
#250 = VERTEX_POINT ( 'NONE', #503 ) ;
#251 = AXIS2_PLACEMENT_3D ( 'NONE', #492, #1134, #664 ) ;
#252 = VECTOR ( 'NONE', #416, 1000.000000000000000 ) ;
#253 = DIRECTION ( 'NONE',  ( -1.000000000000000000, 0.000000000000000000, 0.000000000000000000 ) ) ;
#254 = STYLED_ITEM ( 'NONE', ( #1110 ), #785 ) ;
#255 = LINE ( 'NONE', #1349, #1429 ) ;
#256 = VECTOR ( 'NONE', #1595, 1000.000000000000000 ) ;
#257 = LINE ( 'NONE', #1669, #1361 ) ;
#258 = ORIENTED_EDGE ( 'NONE', *, *, #1982, .F. ) ;
#259 = APPLICATION_CONTEXT ( 'automotive_design' ) ;
#260 = EDGE_LOOP ( 'NONE', ( #1506, #1375, #692, #997, #1973 ) ) ;
#261 = CARTESIAN_POINT ( 'NONE',  ( 2.100000000000000089, -1.674999999999999822, 0.000000000000000000 ) ) ;
#262 = EDGE_CURVE ( 'NONE', #1393, #632, #37, .T. ) ;
#263 = CARTESIAN_POINT ( 'NONE',  ( -2.600000000000000533, 1.350000000000000089, 0.2000000000000000111 ) ) ;
#264 = VERTEX_POINT ( 'NONE', #804 ) ;
#265 = FACE_OUTER_BOUND ( 'NONE', #499, .T. ) ;
#266 = EDGE_CURVE ( 'NONE', #1689, #976, #1504, .T. ) ;
#267 = ORIENTED_EDGE ( 'NONE', *, *, #140, .F. ) ;
#268 = DIRECTION ( 'NONE',  ( -1.000000000000000000, 0.000000000000000000, 0.000000000000000000 ) ) ;
#269 = CARTESIAN_POINT ( 'NONE',  ( 1.357178454011090940, 1.624109207094935670, 1.399999999999999911 ) ) ;
#270 = DIRECTION ( 'NONE',  ( 1.000000000000000000, 0.000000000000000000, 0.000000000000000000 ) ) ;
#271 = ORIENTED_EDGE ( 'NONE', *, *, #1443, .T. ) ;
#272 = EDGE_CURVE ( 'NONE', #185, #1125, #1490, .T. ) ;
#273 = LINE ( 'NONE', #777, #349 ) ;
#274 = ADVANCED_FACE ( 'NONE', ( #1655 ), #1298, .T. ) ;
#275 = ORIENTED_EDGE ( 'NONE', *, *, #1277, .F. ) ;
#276 = DIRECTION ( 'NONE',  ( 1.000000000000000000, 0.000000000000000000, -0.000000000000000000 ) ) ;
#277 = DIRECTION ( 'NONE',  ( 0.000000000000000000, 0.000000000000000000, 1.000000000000000000 ) ) ;
#278 =( LENGTH_UNIT ( ) NAMED_UNIT ( * ) SI_UNIT ( .MILLI., .METRE. ) );
#279 = ORIENTED_EDGE ( 'NONE', *, *, #140, .T. ) ;
#280 = CARTESIAN_POINT ( 'NONE',  ( 2.049109207094913732, 0.9321784540111057726, 1.399999999999999911 ) ) ;
#281 = VECTOR ( 'NONE', #1338, 1000.000000000000000 ) ;
#282 = VECTOR ( 'NONE', #962, 1000.000000000000000 ) ;
#283 = EDGE_LOOP ( 'NONE', ( #279, #877, #440, #975, #1877, #1744 ) ) ;
#284 = VECTOR ( 'NONE', #947, 1000.000000000000000 ) ;
#285 = AXIS2_PLACEMENT_3D ( 'NONE', #1430, #918, #1749 ) ;
#286 = EDGE_CURVE ( 'NONE', #1889, #70, #1127, .T. ) ;
#287 = EDGE_LOOP ( 'NONE', ( #2024, #1966, #1357, #1792 ) ) ;
#288 = CIRCLE ( 'NONE', #1540, 0.2638296648711658809 ) ;
#289 = LINE ( 'NONE', #1920, #117 ) ;
#290 = CARTESIAN_POINT ( 'NONE',  ( 1.374755052141438671, 1.360865678657494193, 1.399999999999999911 ) ) ;
#291 = DIRECTION ( 'NONE',  ( -1.000000000000000000, 0.000000000000000000, 0.000000000000000000 ) ) ;
#292 = ORIENTED_EDGE ( 'NONE', *, *, #1386, .F. ) ;
#293 = DIRECTION ( 'NONE',  ( 1.000000000000000000, 0.000000000000000000, -0.000000000000000000 ) ) ;
#294 = EDGE_LOOP ( 'NONE', ( #980, #547, #2082, #1627 ) ) ;
#295 = ORIENTED_EDGE ( 'NONE', *, *, #1328, .F. ) ;
#296 = DIRECTION ( 'NONE',  ( 1.000000000000000000, 0.000000000000000000, -0.000000000000000000 ) ) ;
#297 = ADVANCED_FACE ( 'NONE', ( #656 ), #1776, .F. ) ;
#298 = DIRECTION ( 'NONE',  ( 0.000000000000000000, 0.000000000000000000, 1.000000000000000000 ) ) ;
#299 = CARTESIAN_POINT ( 'NONE',  ( 0.000000000000000000, 0.000000000000000000, 1.399999999999999911 ) ) ;
#300 = EDGE_CURVE ( 'NONE', #1695, #130, #188, .T. ) ;
#301 = ORIENTED_EDGE ( 'NONE', *, *, #1131, .T. ) ;
#302 = CARTESIAN_POINT ( 'NONE',  ( -1.599309933548894058, 0.7631993070328706441, 1.699999999999999956 ) ) ;
#303 = VERTEX_POINT ( 'NONE', #667 ) ;
#304 = FACE_BOUND ( 'NONE', #1376, .T. ) ;
#305 = CARTESIAN_POINT ( 'NONE',  ( -1.379999999999999449, -1.710385654761122430E-16, 2.500000000000000000 ) ) ;
#306 = EDGE_CURVE ( 'NONE', #1245, #24, #983, .T. ) ;
#307 = FACE_OUTER_BOUND ( 'NONE', #521, .T. ) ;
#308 = ORIENTED_EDGE ( 'NONE', *, *, #1991, .F. ) ;
#309 = AXIS2_PLACEMENT_3D ( 'NONE', #1961, #25, #522 ) ;
#310 = EDGE_LOOP ( 'NONE', ( #53, #868, #301, #1081 ) ) ;
#311 = DIRECTION ( 'NONE',  ( 0.000000000000000000, -0.000000000000000000, 1.000000000000000000 ) ) ;
#312 = AXIS2_PLACEMENT_3D ( 'NONE', #405, #227, #2035 ) ;
#313 = DIRECTION ( 'NONE',  ( 1.754953696987463240E-14, 1.000000000000000000, -0.000000000000000000 ) ) ;
#314 = VECTOR ( 'NONE', #1421, 1000.000000000000000 ) ;
#315 = VECTOR ( 'NONE', #1745, 1000.000000000000000 ) ;
#316 = CARTESIAN_POINT ( 'NONE',  ( -0.2499999999999999445, 1.129999999999999227, 2.500000000000000000 ) ) ;
#317 = CARTESIAN_POINT ( 'NONE',  ( -2.100000000000000089, 1.675000000000000044, 1.699999999999999956 ) ) ;
#318 = ADVANCED_FACE ( 'NONE', ( #1818 ), #323, .F. ) ;
#319 = ORIENTED_EDGE ( 'NONE', *, *, #1580, .T. ) ;
#320 = DIRECTION ( 'NONE',  ( -0.000000000000000000, 1.000000000000000000, -0.000000000000000000 ) ) ;
#321 = EDGE_CURVE ( 'NONE', #1245, #1174, #1944, .T. ) ;
#322 = VERTEX_POINT ( 'NONE', #1964 ) ;
#323 = PLANE ( 'NONE',  #612 ) ;
#324 = CARTESIAN_POINT ( 'NONE',  ( 2.049109207094931051, -1.624109207094895480, 1.849999999999999867 ) ) ;
#325 = CARTESIAN_POINT ( 'NONE',  ( 2.100000000000000089, -1.674999999999999822, 0.000000000000000000 ) ) ;
#326 = LINE ( 'NONE', #651, #614 ) ;
#327 = UNCERTAINTY_MEASURE_WITH_UNIT (LENGTH_MEASURE( 1.000000000000000082E-05 ), #278, 'distance_accuracy_value', 'NONE');
#328 = CARTESIAN_POINT ( 'NONE',  ( 1.181254620290881574, 1.181254620290883350, 1.699999999999999956 ) ) ;
#329 = ORIENTED_EDGE ( 'NONE', *, *, #1328, .T. ) ;
#330 = LINE ( 'NONE', #968, #1086 ) ;
#331 = EDGE_LOOP ( 'NONE', ( #1346, #258, #1451, #1143 ) ) ;
#332 = EDGE_CURVE ( 'NONE', #586, #845, #971, .T. ) ;
#333 = DIRECTION ( 'NONE',  ( -8.673617379884035472E-16, -1.000000000000000000, 0.000000000000000000 ) ) ;
#334 = DIRECTION ( 'NONE',  ( 0.000000000000000000, -1.000000000000000000, 0.000000000000000000 ) ) ;
#335 = ORIENTED_EDGE ( 'NONE', *, *, #805, .F. ) ;
#336 = CARTESIAN_POINT ( 'NONE',  ( 1.357178454011113145, -1.624109207094916796, 1.399999999999999911 ) ) ;
#337 = LINE ( 'NONE', #993, #516 ) ;
#338 = CARTESIAN_POINT ( 'NONE',  ( -1.599309933548894058, 0.7631993070328706441, 1.849999999999999867 ) ) ;
#339 = ORIENTED_EDGE ( 'NONE', *, *, #272, .F. ) ;
#340 = DIRECTION ( 'NONE',  ( -0.000000000000000000, -0.000000000000000000, -1.000000000000000000 ) ) ;
#341 = VERTEX_POINT ( 'NONE', #175 ) ;
#342 = DIRECTION ( 'NONE',  ( 1.000000000000000000, -8.673617379884035472E-16, 0.000000000000000000 ) ) ;
#343 = ADVANCED_FACE ( 'NONE', ( #525 ), #198, .T. ) ;
#344 = DIRECTION ( 'NONE',  ( -1.000000000000000000, 1.754953696987463240E-14, 0.000000000000000000 ) ) ;
#345 = AXIS2_PLACEMENT_3D ( 'NONE', #17, #1626, #176 ) ;
#346 = AXIS2_PLACEMENT_3D ( 'NONE', #390, #895, #1851 ) ;
#347 = VERTEX_POINT ( 'NONE', #840 ) ;
#348 = EDGE_CURVE ( 'NONE', #1671, #1348, #566, .T. ) ;
#349 = VECTOR ( 'NONE', #771, 1000.000000000000000 ) ;
#350 = VECTOR ( 'NONE', #413, 1000.000000000000000 ) ;
#351 = PLANE ( 'NONE',  #1934 ) ;
#352 = VECTOR ( 'NONE', #1394, 1000.000000000000000 ) ;
#353 = DIRECTION ( 'NONE',  ( 1.000000000000000000, 0.000000000000000000, 0.000000000000000000 ) ) ;
#354 = DIRECTION ( 'NONE',  ( 0.000000000000000000, 1.000000000000000000, 0.000000000000000000 ) ) ;
#355 = ORIENTED_EDGE ( 'NONE', *, *, #1371, .F. ) ;
#356 = FACE_OUTER_BOUND ( 'NONE', #1342, .T. ) ;
#357 = ORIENTED_EDGE ( 'NONE', *, *, #364, .F. ) ;
#358 = CARTESIAN_POINT ( 'NONE',  ( 1.599309933548894502, 0.7631993070328713102, 1.399999999999999911 ) ) ;
#359 = DIRECTION ( 'NONE',  ( 1.000000000000000000, 0.000000000000000000, 0.000000000000000000 ) ) ;
#360 = ORIENTED_EDGE ( 'NONE', *, *, #693, .F. ) ;
#361 = ADVANCED_FACE ( 'NONE', ( #1360 ), #1017, .F. ) ;
#362 = APPLICATION_CONTEXT ( 'automotive_design' ) ;
#363 = CARTESIAN_POINT ( 'NONE',  ( 2.049109207094913732, 0.9321784540111057726, 1.849999999999999867 ) ) ;
#364 = EDGE_CURVE ( 'NONE', #374, #1695, #255, .T. ) ;
#365 = CARTESIAN_POINT ( 'NONE',  ( -1.374755052141436451, -1.360865678657484645, 1.399999999999999911 ) ) ;
#366 = ORIENTED_EDGE ( 'NONE', *, *, #1651, .T. ) ;
#367 = CARTESIAN_POINT ( 'NONE',  ( 2.100000000000000089, 1.675000000000000266, 1.399999999999999911 ) ) ;
#368 = DIRECTION ( 'NONE',  ( -1.000000000000000000, 0.000000000000000000, 0.000000000000000000 ) ) ;
#369 = DIRECTION ( 'NONE',  ( -0.000000000000000000, -1.000000000000000000, -0.000000000000000000 ) ) ;
#370 = ORIENTED_EDGE ( 'NONE', *, *, #439, .F. ) ;
#371 = DIRECTION ( 'NONE',  ( 0.000000000000000000, -1.000000000000000000, -0.000000000000000000 ) ) ;
#372 = EDGE_CURVE ( 'NONE', #537, #754, #221, .T. ) ;
#373 = CARTESIAN_POINT ( 'NONE',  ( 1.188199307032872021, -1.174309933548893792, 1.849999999999999867 ) ) ;
#374 = VERTEX_POINT ( 'NONE', #861 ) ;
#375 = CARTESIAN_POINT ( 'NONE',  ( -2.100000000000000089, -0.9321784540110776840, 1.699999999999999956 ) ) ;
#376 = DIRECTION ( 'NONE',  ( -0.000000000000000000, -0.000000000000000000, 1.000000000000000000 ) ) ;
#377 = CARTESIAN_POINT ( 'NONE',  ( 2.049109207094908403, 1.624109207094923457, 1.849999999999999867 ) ) ;
#378 = ORIENTED_EDGE ( 'NONE', *, *, #247, .F. ) ;
#379 = VERTEX_POINT ( 'NONE', #59 ) ;
#380 = CIRCLE ( 'NONE', #1192, 0.2638296648711623837 ) ;
#381 = FACE_OUTER_BOUND ( 'NONE', #1682, .T. ) ;
#382 = VECTOR ( 'NONE', #662, 1000.000000000000000 ) ;
#383 = DIRECTION ( 'NONE',  ( -1.000000000000000000, -5.162867488026211121E-17, 0.000000000000000000 ) ) ;
#384 = VECTOR ( 'NONE', #898, 1000.000000000000000 ) ;
#385 = ORIENTED_EDGE ( 'NONE', *, *, #1420, .T. ) ;
#386 = EDGE_CURVE ( 'NONE', #1005, #200, #1041, .T. ) ;
#387 = DIRECTION ( 'NONE',  ( 0.000000000000000000, 0.000000000000000000, -1.000000000000000000 ) ) ;
#388 = AXIS2_PLACEMENT_3D ( 'NONE', #1721, #2072, #276 ) ;
#389 = ORIENTED_EDGE ( 'NONE', *, *, #300, .T. ) ;
#390 = CARTESIAN_POINT ( 'NONE',  ( 1.785865678657471811, -0.9497550521414565017, 1.399999999999999911 ) ) ;
#391 = EDGE_CURVE ( 'NONE', #1036, #1211, #82, .T. ) ;
#392 = DIRECTION ( 'NONE',  ( 0.000000000000000000, 0.000000000000000000, 1.000000000000000000 ) ) ;
#393 = ORIENTED_EDGE ( 'NONE', *, *, #625, .F. ) ;
#394 = EDGE_LOOP ( 'NONE', ( #728, #26, #267, #1879 ) ) ;
#395 = DIRECTION ( 'NONE',  ( -1.000000000000000000, 0.000000000000000000, 0.000000000000000000 ) ) ;
#396 = DIRECTION ( 'NONE',  ( 2.748278662340041843E-13, 1.000000000000000000, 0.000000000000000000 ) ) ;
#397 = ORIENTED_EDGE ( 'NONE', *, *, #471, .F. ) ;
#398 = CARTESIAN_POINT ( 'NONE',  ( -2.049109207094908403, -0.9321784540110916728, 1.699999999999999956 ) ) ;
#399 = FACE_OUTER_BOUND ( 'NONE', #331, .T. ) ;
#400 = EDGE_CURVE ( 'NONE', #250, #1021, #1181, .T. ) ;
#401 = CARTESIAN_POINT ( 'NONE',  ( 2.600000000000000533, -0.8000000000000001554, 0.2000000000000000111 ) ) ;
#402 = ORIENTED_EDGE ( 'NONE', *, *, #689, .F. ) ;
#403 = DIRECTION ( 'NONE',  ( -1.000000000000000000, -5.162867488026211121E-17, 0.000000000000000000 ) ) ;
#404 = CARTESIAN_POINT ( 'NONE',  ( -2.100000000000000089, 1.350000000000000311, 0.2000000000000000111 ) ) ;
#405 = CARTESIAN_POINT ( 'NONE',  ( -1.785865678657466926, 0.9497550521414440672, 1.849999999999999867 ) ) ;
#406 = ORIENTED_EDGE ( 'NONE', *, *, #400, .F. ) ;
#407 = CARTESIAN_POINT ( 'NONE',  ( 1.357178454011090940, 1.624109207094935670, 1.849999999999999867 ) ) ;
#408 = DIRECTION ( 'NONE',  ( -0.000000000000000000, -0.000000000000000000, 1.000000000000000000 ) ) ;
#409 = CARTESIAN_POINT ( 'NONE',  ( -2.100000000000000089, 0.8000000000000001554, 0.000000000000000000 ) ) ;
#410 = ORIENTED_EDGE ( 'NONE', *, *, #2031, .T. ) ;
#411 = ORIENTED_EDGE ( 'NONE', *, *, #1475, .T. ) ;
#412 = ADVANCED_FACE ( 'NONE', ( #399 ), #1513, .T. ) ;
#413 = DIRECTION ( 'NONE',  ( -0.000000000000000000, -0.000000000000000000, 1.000000000000000000 ) ) ;
#414 = EDGE_CURVE ( 'NONE', #1645, #1635, #2011, .T. ) ;
#415 = VECTOR ( 'NONE', #387, 1000.000000000000000 ) ;
#416 = DIRECTION ( 'NONE',  ( 0.000000000000000000, 1.000000000000000000, 0.000000000000000000 ) ) ;
#417 = ORIENTED_EDGE ( 'NONE', *, *, #220, .T. ) ;
#418 = VECTOR ( 'NONE', #921, 1000.000000000000000 ) ;
#419 = VECTOR ( 'NONE', #1548, 999.9999999999998863 ) ;
#420 = PLANE ( 'NONE',  #1262 ) ;
#421 = VECTOR ( 'NONE', #1857, 1000.000000000000000 ) ;
#422 = ORIENTED_EDGE ( 'NONE', *, *, #972, .T. ) ;
#423 = PLANE ( 'NONE',  #1124 ) ;
#424 = FACE_OUTER_BOUND ( 'NONE', #1575, .T. ) ;
#425 = AXIS2_PLACEMENT_3D ( 'NONE', #299, #1099, #798 ) ;
#426 = ADVANCED_FACE ( 'NONE', ( #1214 ), #1858, .T. ) ;
#427 = CARTESIAN_POINT ( 'NONE',  ( 0.2500000000000000000, -1.795771558269313837E-17, 2.500000000000000000 ) ) ;
#428 = EDGE_CURVE ( 'NONE', #2098, #932, #1524, .T. ) ;
#429 = ORIENTED_EDGE ( 'NONE', *, *, #364, .T. ) ;
#430 = DIRECTION ( 'NONE',  ( -0.000000000000000000, 0.000000000000000000, -1.000000000000000000 ) ) ;
#431 = ORIENTED_EDGE ( 'NONE', *, *, #1924, .F. ) ;
#432 = ORIENTED_EDGE ( 'NONE', *, *, #1287, .T. ) ;
#433 = LINE ( 'NONE', #1075, #952 ) ;
#434 = LINE ( 'NONE', #1578, #684 ) ;
#435 = CARTESIAN_POINT ( 'NONE',  ( 0.000000000000000000, 0.000000000000000000, 0.000000000000000000 ) ) ;
#436 = LINE ( 'NONE', #607, #1570 ) ;
#437 = ORIENTED_EDGE ( 'NONE', *, *, #206, .F. ) ;
#438 = CARTESIAN_POINT ( 'NONE',  ( -2.100000000000000089, -1.350000000000000311, 0.000000000000000000 ) ) ;
#439 = EDGE_CURVE ( 'NONE', #765, #57, #1204, .T. ) ;
#440 = ORIENTED_EDGE ( 'NONE', *, *, #1277, .T. ) ;
#441 = ORIENTED_EDGE ( 'NONE', *, *, #1446, .F. ) ;
#442 = FACE_OUTER_BOUND ( 'NONE', #1170, .T. ) ;
#443 = FACE_OUTER_BOUND ( 'NONE', #794, .T. ) ;
#444 = CARTESIAN_POINT ( 'NONE',  ( 2.100000000000000089, 0.9321784540111057726, 1.399999999999999911 ) ) ;
#445 = ORIENTED_EDGE ( 'NONE', *, *, #1472, .F. ) ;
#446 = FACE_OUTER_BOUND ( 'NONE', #1727, .T. ) ;
#447 = AXIS2_PLACEMENT_3D ( 'NONE', #2093, #1778, #359 ) ;
#448 = VECTOR ( 'NONE', #498, 1000.000000000000000 ) ;
#449 = EDGE_CURVE ( 'NONE', #536, #1469, #1052, .T. ) ;
#450 = ORIENTED_EDGE ( 'NONE', *, *, #778, .T. ) ;
#451 = EDGE_CURVE ( 'NONE', #1685, #632, #92, .T. ) ;
#452 = VECTOR ( 'NONE', #701, 1000.000000000000000 ) ;
#453 = VECTOR ( 'NONE', #605, 1000.000000000000000 ) ;
#454 = CARTESIAN_POINT ( 'NONE',  ( 1.357178454011090940, 1.675000000000000266, 1.399999999999999911 ) ) ;
#455 = CARTESIAN_POINT ( 'NONE',  ( -1.374755052141436451, -1.360865678657484645, 1.399999999999999911 ) ) ;
#456 = DIRECTION ( 'NONE',  ( 1.000000000000000000, 0.000000000000000000, 0.000000000000000000 ) ) ;
#457 = ORIENTED_EDGE ( 'NONE', *, *, #1625, .T. ) ;
#458 = PLANE ( 'NONE',  #1196 ) ;
#459 = VERTEX_POINT ( 'NONE', #688 ) ;
#460 = CARTESIAN_POINT ( 'NONE',  ( -2.100000000000000089, 1.350000000000000311, 0.2000000000000000111 ) ) ;
#461 = ADVANCED_FACE ( 'NONE', ( #1339 ), #1987, .F. ) ;
#462 = LINE ( 'NONE', #2063, #453 ) ;
#463 = CARTESIAN_POINT ( 'NONE',  ( -2.600000000000000533, -0.8000000000000001554, 0.000000000000000000 ) ) ;
#464 = CARTESIAN_POINT ( 'NONE',  ( -2.049109207094908403, -1.624109207094909468, 1.849999999999999867 ) ) ;
#465 = VERTEX_POINT ( 'NONE', #1132 ) ;
#466 = DIRECTION ( 'NONE',  ( -1.000000000000000000, 0.000000000000000000, 0.000000000000000000 ) ) ;
#467 = EDGE_LOOP ( 'NONE', ( #1275, #239, #904, #1274 ) ) ;
#468 = ORIENTED_EDGE ( 'NONE', *, *, #1082, .T. ) ;
#469 = CARTESIAN_POINT ( 'NONE',  ( -2.049109207094908403, 1.624109207094909468, 1.399999999999999911 ) ) ;
#470 = FACE_OUTER_BOUND ( 'NONE', #196, .T. ) ;
#471 = EDGE_CURVE ( 'NONE', #894, #18, #917, .T. ) ;
#472 = LINE ( 'NONE', #620, #314 ) ;
#473 = ADVANCED_FACE ( 'NONE', ( #844 ), #1003, .T. ) ;
#474 = CARTESIAN_POINT ( 'NONE',  ( 0.2500000000000000000, -1.795771558269313837E-17, 1.699999999999999956 ) ) ;
#475 = ORIENTED_EDGE ( 'NONE', *, *, #449, .T. ) ;
#476 = VECTOR ( 'NONE', #1194, 1000.000000000000000 ) ;
#477 = AXIS2_PLACEMENT_3D ( 'NONE', #890, #396, #1062 ) ;
#478 = VERTEX_POINT ( 'NONE', #836 ) ;
#479 = CARTESIAN_POINT ( 'NONE',  ( -2.100000000000000089, -1.350000000000000311, 0.2000000000000000111 ) ) ;
#480 = VECTOR ( 'NONE', #67, 1000.000000000000000 ) ;
#481 =( GEOMETRIC_REPRESENTATION_CONTEXT ( 3 ) GLOBAL_UNCERTAINTY_ASSIGNED_CONTEXT ( ( #327 ) ) GLOBAL_UNIT_ASSIGNED_CONTEXT ( ( #278, #137, #1401 ) ) REPRESENTATION_CONTEXT ( 'NONE', 'WORKASPACE' ) );
#482 = FACE_OUTER_BOUND ( 'NONE', #1282, .T. ) ;
#483 = VECTOR ( 'NONE', #1915, 1000.000000000000000 ) ;
#484 = CIRCLE ( 'NONE', #1873, 0.2638296648711684900 ) ;
#485 = ADVANCED_FACE ( 'NONE', ( #1474 ), #979, .F. ) ;
#486 = DIRECTION ( 'NONE',  ( -0.000000000000000000, -0.000000000000000000, -1.000000000000000000 ) ) ;
#487 = CARTESIAN_POINT ( 'NONE',  ( -2.049109207094908403, 1.624109207094909468, 1.849999999999999867 ) ) ;
#488 = AXIS2_PLACEMENT_3D ( 'NONE', #1270, #2064, #1588 ) ;
#489 = EDGE_CURVE ( 'NONE', #776, #1174, #1461, .T. ) ;
#490 = CARTESIAN_POINT ( 'NONE',  ( 1.357178454011090940, 1.624109207094935670, 1.399999999999999911 ) ) ;
#491 = ORIENTED_EDGE ( 'NONE', *, *, #598, .F. ) ;
#492 = CARTESIAN_POINT ( 'NONE',  ( -1.785865678657466926, 0.9497550521414440672, 1.399999999999999911 ) ) ;
#493 = ORIENTED_EDGE ( 'NONE', *, *, #386, .T. ) ;
#494 = CARTESIAN_POINT ( 'NONE',  ( -1.374755052141436451, -1.360865678657484645, 1.849999999999999867 ) ) ;
#495 = CARTESIAN_POINT ( 'NONE',  ( -1.357178454011090496, -1.624109207094926344, 1.399999999999999911 ) ) ;
#496 = DIRECTION ( 'NONE',  ( 1.000000000000000000, -2.444399792232536393E-14, 0.000000000000000000 ) ) ;
#497 = LINE ( 'NONE', #1441, #1090 ) ;
#498 = DIRECTION ( 'NONE',  ( -0.000000000000000000, -0.000000000000000000, 1.000000000000000000 ) ) ;
#499 = EDGE_LOOP ( 'NONE', ( #1013, #738, #2096, #1359, #696 ) ) ;
#500 = EDGE_CURVE ( 'NONE', #1195, #130, #1485, .T. ) ;
#501 = FACE_OUTER_BOUND ( 'NONE', #1759, .T. ) ;
#502 = ORIENTED_EDGE ( 'NONE', *, *, #1921, .T. ) ;
#503 = CARTESIAN_POINT ( 'NONE',  ( -2.100000000000000089, -1.350000000000000311, 0.2000000000000000111 ) ) ;
#504 = CARTESIAN_POINT ( 'NONE',  ( -2.100000000000000089, 1.350000000000000311, 0.000000000000000000 ) ) ;
#505 = ORIENTED_EDGE ( 'NONE', *, *, #1046, .T. ) ;
#506 = DIRECTION ( 'NONE',  ( 1.000000000000000000, 0.000000000000000000, 0.000000000000000000 ) ) ;
#507 = PLANE ( 'NONE',  #2048 ) ;
#508 = DIRECTION ( 'NONE',  ( 0.000000000000000000, -1.000000000000000000, 0.000000000000000000 ) ) ;
#509 = ORIENTED_EDGE ( 'NONE', *, *, #1963, .F. ) ;
#510 = DIRECTION ( 'NONE',  ( -0.7071067811865474617, 0.7071067811865474617, 0.000000000000000000 ) ) ;
#511 = EDGE_CURVE ( 'NONE', #772, #1164, #1835, .T. ) ;
#512 = VERTEX_POINT ( 'NONE', #1791 ) ;
#513 = CARTESIAN_POINT ( 'NONE',  ( -2.100000000000000089, 0.9321784540110916728, 1.399999999999999911 ) ) ;
#514 = CARTESIAN_POINT ( 'NONE',  ( -1.599309933548893836, -0.7631993070328708662, 1.399999999999999911 ) ) ;
#515 = VECTOR ( 'NONE', #567, 1000.000000000000000 ) ;
#516 = VECTOR ( 'NONE', #978, 1000.000000000000000 ) ;
#517 = VECTOR ( 'NONE', #2056, 1000.000000000000000 ) ;
#518 = LINE ( 'NONE', #336, #1061 ) ;
#519 = CIRCLE ( 'NONE', #114, 0.2638296648711595527 ) ;
#520 = CARTESIAN_POINT ( 'NONE',  ( 2.100000000000000089, 1.350000000000000311, 0.2000000000000000111 ) ) ;
#521 = EDGE_LOOP ( 'NONE', ( #1066, #1122, #826, #937, #923 ) ) ;
#522 = DIRECTION ( 'NONE',  ( 1.000000000000000000, 0.000000000000000000, 0.000000000000000000 ) ) ;
#523 =( GEOMETRIC_REPRESENTATION_CONTEXT ( 3 ) GLOBAL_UNCERTAINTY_ASSIGNED_CONTEXT ( ( #161 ) ) GLOBAL_UNIT_ASSIGNED_CONTEXT ( ( #1893, #630, #1923 ) ) REPRESENTATION_CONTEXT ( 'NONE', 'WORKASPACE' ) );
#524 = ORIENTED_EDGE ( 'NONE', *, *, #1991, .T. ) ;
#525 = FACE_OUTER_BOUND ( 'NONE', #1070, .T. ) ;
#526 = DIRECTION ( 'NONE',  ( 0.000000000000000000, -0.000000000000000000, 1.000000000000000000 ) ) ;
#527 = ORIENTED_EDGE ( 'NONE', *, *, #1484, .T. ) ;
#528 = EDGE_CURVE ( 'NONE', #710, #2028, #213, .T. ) ;
#529 = DIRECTION ( 'NONE',  ( -0.000000000000000000, -0.000000000000000000, 1.000000000000000000 ) ) ;
#530 = CARTESIAN_POINT ( 'NONE',  ( 1.188199307032876462, 1.174309933548899343, 1.849999999999999867 ) ) ;
#531 = ORIENTED_EDGE ( 'NONE', *, *, #400, .T. ) ;
#532 = CARTESIAN_POINT ( 'NONE',  ( 1.357178454011113145, -1.674999999999999822, 1.399999999999999911 ) ) ;
#533 = ORIENTED_EDGE ( 'NONE', *, *, #2022, .F. ) ;
#534 = CARTESIAN_POINT ( 'NONE',  ( 1.357178454011090940, 1.675000000000000266, 1.399999999999999911 ) ) ;
#535 = DIRECTION ( 'NONE',  ( -1.000000000000000000, 0.000000000000000000, 0.000000000000000000 ) ) ;
#536 = VERTEX_POINT ( 'NONE', #530 ) ;
#537 = VERTEX_POINT ( 'NONE', #1336 ) ;
#538 = CARTESIAN_POINT ( 'NONE',  ( 0.2500000000000004441, -1.129999999999999449, 2.500000000000000000 ) ) ;
#539 = EDGE_CURVE ( 'NONE', #1195, #911, #1345, .T. ) ;
#540 = CARTESIAN_POINT ( 'NONE',  ( 1.357178454011090940, 1.624109207094935670, 1.849999999999999867 ) ) ;
#541 = EDGE_CURVE ( 'NONE', #341, #586, #966, .T. ) ;
#542 = ORIENTED_EDGE ( 'NONE', *, *, #1604, .T. ) ;
#543 = LINE ( 'NONE', #1556, #2039 ) ;
#544 = CARTESIAN_POINT ( 'NONE',  ( -2.100000000000000089, 0.8000000000000001554, 0.2000000000000000111 ) ) ;
#545 = DIRECTION ( 'NONE',  ( -1.000000000000000000, 0.000000000000000000, 0.000000000000000000 ) ) ;
#546 = EDGE_LOOP ( 'NONE', ( #450, #1853, #1051, #422 ) ) ;
#547 = ORIENTED_EDGE ( 'NONE', *, *, #136, .T. ) ;
#548 = VECTOR ( 'NONE', #510, 1000.000000000000114 ) ;
#549 = LINE ( 'NONE', #1519, #1634 ) ;
#550 = AXIS2_PLACEMENT_3D ( 'NONE', #231, #698, #870 ) ;
#551 = VECTOR ( 'NONE', #631, 1000.000000000000000 ) ;
#552 = VECTOR ( 'NONE', #201, 1000.000000000000000 ) ;
#553 = CARTESIAN_POINT ( 'NONE',  ( -1.357178454011090274, 1.624109207094929674, 1.849999999999999867 ) ) ;
#554 = VERTEX_POINT ( 'NONE', #373 ) ;
#555 = DIRECTION ( 'NONE',  ( 0.000000000000000000, 0.000000000000000000, 1.000000000000000000 ) ) ;
#556 = EDGE_CURVE ( 'NONE', #341, #1348, #1167, .T. ) ;
#557 = CARTESIAN_POINT ( 'NONE',  ( 2.100000000000000089, 1.350000000000000311, 0.2000000000000000111 ) ) ;
#558 = LINE ( 'NONE', #243, #611 ) ;
#559 = EDGE_LOOP ( 'NONE', ( #1074, #1928, #1605, #46 ) ) ;
#560 = CARTESIAN_POINT ( 'NONE',  ( -2.600000000000000533, 1.350000000000000089, 0.000000000000000000 ) ) ;
#561 = FACE_OUTER_BOUND ( 'NONE', #1653, .T. ) ;
#562 = CARTESIAN_POINT ( 'NONE',  ( 1.188199307032872021, -1.174309933548893792, 1.699999999999999956 ) ) ;
#563 = ORIENTED_EDGE ( 'NONE', *, *, #1253, .F. ) ;
#564 = LINE ( 'NONE', #1212, #421 ) ;
#565 = EDGE_CURVE ( 'NONE', #576, #1671, #1659, .T. ) ;
#566 = LINE ( 'NONE', #242, #1733 ) ;
#567 = DIRECTION ( 'NONE',  ( 1.000000000000000000, 4.336808689942015764E-16, -0.000000000000000000 ) ) ;
#568 = ORIENTED_EDGE ( 'NONE', *, *, #102, .F. ) ;
#569 = EDGE_CURVE ( 'NONE', #2052, #1036, #1824, .T. ) ;
#570 = CARTESIAN_POINT ( 'NONE',  ( 2.100000000000000089, 0.9321784540111057726, 1.699999999999999956 ) ) ;
#571 = CARTESIAN_POINT ( 'NONE',  ( 2.100000000000000089, -0.8000000000000001554, 0.2000000000000000111 ) ) ;
#572 = CARTESIAN_POINT ( 'NONE',  ( -2.049109207094908403, 0.9321784540110916728, 1.399999999999999911 ) ) ;
#573 = ORIENTED_EDGE ( 'NONE', *, *, #1514, .F. ) ;
#574 = DIRECTION ( 'NONE',  ( 0.000000000000000000, 0.000000000000000000, 1.000000000000000000 ) ) ;
#575 = EDGE_CURVE ( 'NONE', #98, #303, #1971, .T. ) ;
#576 = VERTEX_POINT ( 'NONE', #652 ) ;
#577 = LINE ( 'NONE', #1218, #384 ) ;
#578 = EDGE_CURVE ( 'NONE', #347, #837, #215, .T. ) ;
#579 = DIRECTION ( 'NONE',  ( -4.336808689942016257E-16, 1.000000000000000000, 0.000000000000000000 ) ) ;
#580 = AXIS2_PLACEMENT_3D ( 'NONE', #1545, #89, #1380 ) ;
#581 = DIRECTION ( 'NONE',  ( -0.000000000000000000, 0.000000000000000000, 1.000000000000000000 ) ) ;
#582 = EDGE_LOOP ( 'NONE', ( #106, #1743, #1184, #1444 ) ) ;
#583 = CARTESIAN_POINT ( 'NONE',  ( 1.599309933548894502, -0.7631993070328704221, 1.849999999999999867 ) ) ;
#584 = CIRCLE ( 'NONE', #749, 1.129999999999999449 ) ;
#585 = VECTOR ( 'NONE', #156, 1000.000000000000000 ) ;
#586 = VERTEX_POINT ( 'NONE', #520 ) ;
#587 = ORIENTED_EDGE ( 'NONE', *, *, #1875, .T. ) ;
#588 = PRODUCT_DEFINITION ( 'UNKNOWN', '', #1029, #623 ) ;
#589 = CARTESIAN_POINT ( 'NONE',  ( 2.100000000000000089, -1.674999999999999822, 1.699999999999999956 ) ) ;
#590 = EDGE_CURVE ( 'NONE', #1089, #1523, #1509, .T. ) ;
#591 = SURFACE_SIDE_STYLE ('',( #1279 ) ) ;
#592 = EDGE_LOOP ( 'NONE', ( #681, #1406, #493, #1379 ) ) ;
#593 = PLANE ( 'NONE',  #1022 ) ;
#594 = VERTEX_POINT ( 'NONE', #338 ) ;
#595 = ORIENTED_EDGE ( 'NONE', *, *, #1228, .F. ) ;
#596 = DIRECTION ( 'NONE',  ( -1.000000000000000000, 0.000000000000000000, 0.000000000000000000 ) ) ;
#597 = DIRECTION ( 'NONE',  ( 1.000000000000000000, 0.000000000000000000, 0.000000000000000000 ) ) ;
#598 = EDGE_CURVE ( 'NONE', #1223, #57, #1805, .T. ) ;
#599 = PLANE ( 'NONE',  #285 ) ;
#600 = EDGE_LOOP ( 'NONE', ( #1911, #2090, #207, #1073 ) ) ;
#601 = DIRECTION ( 'NONE',  ( -0.7071067811865469066, -0.7071067811865482389, 0.000000000000000000 ) ) ;
#602 = ADVANCED_FACE ( 'NONE', ( #994 ), #1847, .F. ) ;
#603 = VERTEX_POINT ( 'NONE', #97 ) ;
#604 = CARTESIAN_POINT ( 'NONE',  ( 2.100000000000000089, -0.8000000000000001554, 0.000000000000000000 ) ) ;
#605 = DIRECTION ( 'NONE',  ( 0.000000000000000000, 0.000000000000000000, -1.000000000000000000 ) ) ;
#606 = CARTESIAN_POINT ( 'NONE',  ( 2.100000000000000089, -1.350000000000000311, 0.2000000000000000111 ) ) ;
#607 = CARTESIAN_POINT ( 'NONE',  ( -1.379999999999999449, -1.710385654761122430E-16, 2.500000000000000000 ) ) ;
#608 = ORIENTED_EDGE ( 'NONE', *, *, #1420, .F. ) ;
#609 = AXIS2_PLACEMENT_3D ( 'NONE', #774, #1892, #629 ) ;
#610 = LINE ( 'NONE', #1726, #1291 ) ;
#611 = VECTOR ( 'NONE', #369, 1000.000000000000000 ) ;
#612 = AXIS2_PLACEMENT_3D ( 'NONE', #1616, #1, #644 ) ;
#613 = ADVANCED_FACE ( 'NONE', ( #2017 ), #65, .T. ) ;
#614 = VECTOR ( 'NONE', #965, 1000.000000000000000 ) ;
#615 = AXIS2_PLACEMENT_3D ( 'NONE', #1199, #1864, #1025 ) ;
#616 = ORIENTED_EDGE ( 'NONE', *, *, #887, .F. ) ;
#617 = DIRECTION ( 'NONE',  ( 0.000000000000000000, 0.000000000000000000, 1.000000000000000000 ) ) ;
#618 = DIRECTION ( 'NONE',  ( 0.000000000000000000, 1.000000000000000000, 0.000000000000000000 ) ) ;
#619 = CARTESIAN_POINT ( 'NONE',  ( 1.357178454011090940, 1.675000000000000266, 1.699999999999999956 ) ) ;
#620 = CARTESIAN_POINT ( 'NONE',  ( 2.049109207094908403, 1.624109207094923457, 1.849999999999999867 ) ) ;
#621 = ORIENTED_EDGE ( 'NONE', *, *, #556, .F. ) ;
#622 = DIRECTION ( 'NONE',  ( -1.000000000000000000, -4.336808689942023159E-16, 0.000000000000000000 ) ) ;
#623 = PRODUCT_DEFINITION_CONTEXT ( 'detailed design', #362, 'design' ) ;
#624 = ORIENTED_EDGE ( 'NONE', *, *, #665, .F. ) ;
#625 = EDGE_CURVE ( 'NONE', #172, #1435, #1220, .T. ) ;
#626 = ORIENTED_EDGE ( 'NONE', *, *, #539, .F. ) ;
#627 = LINE ( 'NONE', #634, #1402 ) ;
#628 = ADVANCED_FACE ( 'NONE', ( #1865 ), #105, .T. ) ;
#629 = DIRECTION ( 'NONE',  ( 1.000000000000000000, 0.000000000000000000, -0.000000000000000000 ) ) ;
#630 =( NAMED_UNIT ( * ) PLANE_ANGLE_UNIT ( ) SI_UNIT ( $, .RADIAN. ) );
#631 = DIRECTION ( 'NONE',  ( -0.000000000000000000, -0.000000000000000000, 1.000000000000000000 ) ) ;
#632 = VERTEX_POINT ( 'NONE', #1561 ) ;
#633 = ORIENTED_EDGE ( 'NONE', *, *, #578, .T. ) ;
#634 = CARTESIAN_POINT ( 'NONE',  ( 2.100000000000000089, -1.674999999999999822, 0.000000000000000000 ) ) ;
#635 = EDGE_CURVE ( 'NONE', #990, #121, #867, .T. ) ;
#636 = FACE_OUTER_BOUND ( 'NONE', #260, .T. ) ;
#637 = ORIENTED_EDGE ( 'NONE', *, *, #511, .F. ) ;
#638 = FACE_OUTER_BOUND ( 'NONE', #1217, .T. ) ;
#639 = CARTESIAN_POINT ( 'NONE',  ( -1.357178454011090274, 1.624109207094929674, 1.399999999999999911 ) ) ;
#640 = EDGE_LOOP ( 'NONE', ( #61, #752, #1139, #1795 ) ) ;
#641 = FACE_OUTER_BOUND ( 'NONE', #33, .T. ) ;
#642 = VECTOR ( 'NONE', #340, 1000.000000000000000 ) ;
#643 = ORIENTED_EDGE ( 'NONE', *, *, #2057, .F. ) ;
#644 = DIRECTION ( 'NONE',  ( 1.000000000000000000, 0.000000000000000000, 0.000000000000000000 ) ) ;
#645 = VECTOR ( 'NONE', #1887, 1000.000000000000000 ) ;
#646 = COLOUR_RGB ( '',0.7921568627450980005, 0.8196078431372548767, 0.9333333333333333481 ) ;
#647 = LINE ( 'NONE', #1115, #108 ) ;
#648 = VECTOR ( 'NONE', #1929, 1000.000000000000000 ) ;
#649 = CARTESIAN_POINT ( 'NONE',  ( 2.100000000000000089, 1.350000000000000089, 0.000000000000000000 ) ) ;
#650 = EDGE_CURVE ( 'NONE', #1469, #932, #1193, .T. ) ;
#651 = CARTESIAN_POINT ( 'NONE',  ( -2.600000000000000533, 1.350000000000000089, 0.2000000000000000111 ) ) ;
#652 = CARTESIAN_POINT ( 'NONE',  ( 2.600000000000000533, 0.8000000000000001554, 0.2000000000000000111 ) ) ;
#653 = EDGE_LOOP ( 'NONE', ( #1890, #1039, #1198, #770 ) ) ;
#654 = CARTESIAN_POINT ( 'NONE',  ( -1.181254620290882462, -1.181254620290882462, 1.699999999999999956 ) ) ;
#655 = VERTEX_POINT ( 'NONE', #562 ) ;
#656 = FACE_OUTER_BOUND ( 'NONE', #1862, .T. ) ;
#657 = FACE_OUTER_BOUND ( 'NONE', #961, .T. ) ;
#658 = VERTEX_POINT ( 'NONE', #238 ) ;
#659 = DIRECTION ( 'NONE',  ( 1.000000000000000000, 0.000000000000000000, 0.000000000000000000 ) ) ;
#660 = DIRECTION ( 'NONE',  ( -4.260897150916591680E-15, 1.000000000000000000, -0.000000000000000000 ) ) ;
#661 = ADVANCED_FACE ( 'NONE', ( #876 ), #1543, .T. ) ;
#662 = DIRECTION ( 'NONE',  ( 0.000000000000000000, 0.000000000000000000, -1.000000000000000000 ) ) ;
#663 = ORIENTED_EDGE ( 'NONE', *, *, #1267, .T. ) ;
#664 = DIRECTION ( 'NONE',  ( 1.000000000000000000, 0.000000000000000000, 0.000000000000000000 ) ) ;
#665 = EDGE_CURVE ( 'NONE', #1660, #1621, #87, .T. ) ;
#666 = ORIENTED_EDGE ( 'NONE', *, *, #1228, .T. ) ;
#667 = CARTESIAN_POINT ( 'NONE',  ( 1.357178454011113145, -1.674999999999999822, 1.699999999999999956 ) ) ;
#668 = DIRECTION ( 'NONE',  ( 0.000000000000000000, 0.000000000000000000, -1.000000000000000000 ) ) ;
#669 = ORIENTED_EDGE ( 'NONE', *, *, #625, .T. ) ;
#670 = DIRECTION ( 'NONE',  ( -0.7071067811865470176, -0.7071067811865481278, 0.000000000000000000 ) ) ;
#671 = CARTESIAN_POINT ( 'NONE',  ( -2.100000000000000089, 1.350000000000000311, 0.2000000000000000111 ) ) ;
#672 = ORIENTED_EDGE ( 'NONE', *, *, #1884, .F. ) ;
#673 = FACE_OUTER_BOUND ( 'NONE', #1158, .T. ) ;
#674 = EDGE_LOOP ( 'NONE', ( #1995, #357, #113, #764 ) ) ;
#675 = ADVANCED_FACE ( 'NONE', ( #1355 ), #1855, .T. ) ;
#676 = DIRECTION ( 'NONE',  ( -0.000000000000000000, -1.000000000000000000, -0.000000000000000000 ) ) ;
#677 = VECTOR ( 'NONE', #1014, 1000.000000000000000 ) ;
#678 = DIRECTION ( 'NONE',  ( -0.000000000000000000, 1.000000000000000000, -0.000000000000000000 ) ) ;
#679 = AXIS2_PLACEMENT_3D ( 'NONE', #2051, #1574, #122 ) ;
#680 = AXIS2_PLACEMENT_3D ( 'NONE', #1620, #11, #695 ) ;
#681 = ORIENTED_EDGE ( 'NONE', *, *, #2068, .F. ) ;
#682 = AXIS2_PLACEMENT_3D ( 'NONE', #1957, #2094, #496 ) ;
#683 = PLANE ( 'NONE',  #1091 ) ;
#684 = VECTOR ( 'NONE', #1913, 1000.000000000000000 ) ;
#685 = DIRECTION ( 'NONE',  ( 1.000000000000000000, 0.000000000000000000, 0.000000000000000000 ) ) ;
#686 = VERTEX_POINT ( 'NONE', #900 ) ;
#687 = DIRECTION ( 'NONE',  ( 1.000000000000000000, 0.000000000000000000, 0.000000000000000000 ) ) ;
#688 = CARTESIAN_POINT ( 'NONE',  ( -2.100000000000000089, -0.9321784540110776840, 1.699999999999999956 ) ) ;
#689 = EDGE_CURVE ( 'NONE', #1125, #1927, #1553, .T. ) ;
#690 = LINE ( 'NONE', #1998, #3 ) ;
#691 = ORIENTED_EDGE ( 'NONE', *, *, #1094, .F. ) ;
#692 = ORIENTED_EDGE ( 'NONE', *, *, #590, .T. ) ;
#693 = EDGE_CURVE ( 'NONE', #554, #1866, #745, .T. ) ;
#694 = DIRECTION ( 'NONE',  ( -6.267691774955223038E-15, 1.000000000000000000, 0.000000000000000000 ) ) ;
#695 = DIRECTION ( 'NONE',  ( 1.000000000000000000, 0.000000000000000000, 0.000000000000000000 ) ) ;
#696 = ORIENTED_EDGE ( 'NONE', *, *, #51, .F. ) ;
#697 = DIRECTION ( 'NONE',  ( -1.000000000000000000, 0.000000000000000000, 0.000000000000000000 ) ) ;
#698 = DIRECTION ( 'NONE',  ( 0.000000000000000000, 1.000000000000000000, 0.000000000000000000 ) ) ;
#699 = DIRECTION ( 'NONE',  ( 0.000000000000000000, 0.000000000000000000, 1.000000000000000000 ) ) ;
#700 = EDGE_LOOP ( 'NONE', ( #1807, #810, #1149, #1133, #1329 ) ) ;
#701 = DIRECTION ( 'NONE',  ( -0.000000000000000000, 1.000000000000000000, -0.000000000000000000 ) ) ;
#702 = CARTESIAN_POINT ( 'NONE',  ( -2.100000000000000089, -1.675000000000000044, 1.699999999999999956 ) ) ;
#703 = EDGE_CURVE ( 'NONE', #765, #1221, #718, .T. ) ;
#704 = CARTESIAN_POINT ( 'NONE',  ( 1.785865678657471811, 0.9497550521414565017, 1.399999999999999911 ) ) ;
#705 = VERTEX_POINT ( 'NONE', #540 ) ;
#706 = LINE ( 'NONE', #1867, #1160 ) ;
#707 = VERTEX_POINT ( 'NONE', #2003 ) ;
#708 = CARTESIAN_POINT ( 'NONE',  ( 2.049109207094913732, 0.9321784540111057726, 1.399999999999999911 ) ) ;
#709 = DIRECTION ( 'NONE',  ( 0.7071067811865474617, 0.7071067811865474617, 0.000000000000000000 ) ) ;
#710 = VERTEX_POINT ( 'NONE', #1048 ) ;
#711 = ORIENTED_EDGE ( 'NONE', *, *, #262, .F. ) ;
#712 = VECTOR ( 'NONE', #93, 1000.000000000000000 ) ;
#713 = LINE ( 'NONE', #404, #1838 ) ;
#714 = AXIS2_PLACEMENT_3D ( 'NONE', #704, #1707, #1038 ) ;
#715 = VECTOR ( 'NONE', #1717, 1000.000000000000000 ) ;
#716 = CIRCLE ( 'NONE', #1905, 0.2638296648711758174 ) ;
#717 = EDGE_CURVE ( 'NONE', #322, #1889, #584, .T. ) ;
#718 = LINE ( 'NONE', #1200, #1365 ) ;
#719 = VERTEX_POINT ( 'NONE', #907 ) ;
#720 = CARTESIAN_POINT ( 'NONE',  ( -2.100000000000000089, -0.8000000000000001554, 0.2000000000000000111 ) ) ;
#721 = ADVANCED_FACE ( 'NONE', ( #1187 ), #1368, .F. ) ;
#722 = CARTESIAN_POINT ( 'NONE',  ( 2.100000000000000089, 0.9321784540111057726, 1.399999999999999911 ) ) ;
#723 = DIRECTION ( 'NONE',  ( 1.000000000000000000, 0.000000000000000000, 0.000000000000000000 ) ) ;
#724 = VERTEX_POINT ( 'NONE', #553 ) ;
#725 = ORIENTED_EDGE ( 'NONE', *, *, #1060, .F. ) ;
#726 = LINE ( 'NONE', #702, #216 ) ;
#727 = CARTESIAN_POINT ( 'NONE',  ( 2.049109207094926610, -0.9321784540110777950, 1.399999999999999911 ) ) ;
#728 = ORIENTED_EDGE ( 'NONE', *, *, #2022, .T. ) ;
#729 = ADVANCED_FACE ( 'NONE', ( #249 ), #2065, .T. ) ;
#730 = LINE ( 'NONE', #375, #480 ) ;
#731 = CARTESIAN_POINT ( 'NONE',  ( -2.100000000000000089, -0.8000000000000001554, 0.2000000000000000111 ) ) ;
#732 = ADVANCED_FACE ( 'NONE', ( #1581 ), #1271, .F. ) ;
#733 = PLANE ( 'NONE',  #1258 ) ;
#734 = ORIENTED_EDGE ( 'NONE', *, *, #9, .T. ) ;
#735 = DIRECTION ( 'NONE',  ( 1.000000000000000000, 0.000000000000000000, 0.000000000000000000 ) ) ;
#736 = CARTESIAN_POINT ( 'NONE',  ( -2.600000000000000533, 1.350000000000000089, 0.000000000000000000 ) ) ;
#737 = DIRECTION ( 'NONE',  ( 1.000000000000000000, -0.000000000000000000, -0.000000000000000000 ) ) ;
#738 = ORIENTED_EDGE ( 'NONE', *, *, #1068, .F. ) ;
#739 = CARTESIAN_POINT ( 'NONE',  ( -2.049109207094908403, -1.624109207094909468, 1.399999999999999911 ) ) ;
#740 = EDGE_CURVE ( 'NONE', #24, #719, #1197, .T. ) ;
#741 = ORIENTED_EDGE ( 'NONE', *, *, #300, .F. ) ;
#742 = CARTESIAN_POINT ( 'NONE',  ( 2.100000000000000089, 1.675000000000000266, 0.000000000000000000 ) ) ;
#743 = CARTESIAN_POINT ( 'NONE',  ( 1.785865678657471811, -0.9497550521414565017, 1.699999999999999956 ) ) ;
#744 = VECTOR ( 'NONE', #1043, 1000.000000000000000 ) ;
#745 = CIRCLE ( 'NONE', #1019, 0.2638296648711595527 ) ;
#746 = CARTESIAN_POINT ( 'NONE',  ( 1.785865678657471811, 0.9497550521414565017, 1.849999999999999867 ) ) ;
#747 = ORIENTED_EDGE ( 'NONE', *, *, #1615, .F. ) ;
#748 = VECTOR ( 'NONE', #1996, 1000.000000000000000 ) ;
#749 = AXIS2_PLACEMENT_3D ( 'NONE', #427, #1069, #270 ) ;
#750 = FACE_OUTER_BOUND ( 'NONE', #1201, .T. ) ;
#751 = VECTOR ( 'NONE', #1714, 1000.000000000000000 ) ;
#752 = ORIENTED_EDGE ( 'NONE', *, *, #948, .F. ) ;
#753 = AXIS2_PLACEMENT_3D ( 'NONE', #494, #1810, #1147 ) ;
#754 = VERTEX_POINT ( 'NONE', #1088 ) ;
#755 = CARTESIAN_POINT ( 'NONE',  ( -2.049109207094908403, 1.624109207094909468, 1.399999999999999911 ) ) ;
#756 = VECTOR ( 'NONE', #789, 1000.000000000000114 ) ;
#757 = EDGE_CURVE ( 'NONE', #932, #1464, #472, .T. ) ;
#758 = CARTESIAN_POINT ( 'NONE',  ( 0.000000000000000000, 0.000000000000000000, 1.399999999999999911 ) ) ;
#759 = CARTESIAN_POINT ( 'NONE',  ( 2.049109207094913732, 0.9321784540111057726, 1.699999999999999956 ) ) ;
#760 = EDGE_CURVE ( 'NONE', #1829, #1695, #1412, .T. ) ;
#761 = CARTESIAN_POINT ( 'NONE',  ( -1.357178454011090496, -1.675000000000000044, 1.399999999999999911 ) ) ;
#762 = ORIENTED_EDGE ( 'NONE', *, *, #1577, .T. ) ;
#763 = CARTESIAN_POINT ( 'NONE',  ( 1.357178454011113145, -1.624109207094916796, 1.399999999999999911 ) ) ;
#764 = ORIENTED_EDGE ( 'NONE', *, *, #1097, .T. ) ;
#765 = VERTEX_POINT ( 'NONE', #444 ) ;
#766 = CARTESIAN_POINT ( 'NONE',  ( 1.785865678657471811, 0.9497550521414565017, 1.699999999999999956 ) ) ;
#767 = LINE ( 'NONE', #1468, #248 ) ;
#768 = DIRECTION ( 'NONE',  ( 0.000000000000000000, -0.000000000000000000, 1.000000000000000000 ) ) ;
#769 = EDGE_CURVE ( 'NONE', #1307, #537, #1767, .T. ) ;
#770 = ORIENTED_EDGE ( 'NONE', *, *, #1771, .F. ) ;
#771 = DIRECTION ( 'NONE',  ( -1.000000000000000000, 2.748278662340042347E-13, -0.000000000000000000 ) ) ;
#772 = VERTEX_POINT ( 'NONE', #316 ) ;
#773 = LINE ( 'NONE', #1268, #1842 ) ;
#774 = CARTESIAN_POINT ( 'NONE',  ( 0.000000000000000000, 0.000000000000000000, 0.000000000000000000 ) ) ;
#775 = FACE_OUTER_BOUND ( 'NONE', #640, .T. ) ;
#776 = VERTEX_POINT ( 'NONE', #464 ) ;
#777 = CARTESIAN_POINT ( 'NONE',  ( -2.100000000000000089, -0.9321784540110776840, 1.399999999999999911 ) ) ;
#778 = EDGE_CURVE ( 'NONE', #1223, #1950, #1894, .T. ) ;
#779 = AXIS2_PLACEMENT_3D ( 'NONE', #1006, #811, #802 ) ;
#780 = AXIS2_PLACEMENT_3D ( 'NONE', #746, #1684, #1715 ) ;
#781 = ORIENTED_EDGE ( 'NONE', *, *, #1679, .F. ) ;
#782 = ADVANCED_FACE ( 'NONE', ( #1250 ), #599, .F. ) ;
#783 = VECTOR ( 'NONE', #1630, 1000.000000000000000 ) ;
#784 = AXIS2_PLACEMENT_3D ( 'NONE', #1650, #486, #1286 ) ;
#785 = MANIFOLD_SOLID_BREP ( 'Cut-Extrude1', #1229 ) ;
#786 = VERTEX_POINT ( 'NONE', #1599 ) ;
#787 = CARTESIAN_POINT ( 'NONE',  ( -2.600000000000000533, -0.8000000000000001554, 0.2000000000000000111 ) ) ;
#788 = DIRECTION ( 'NONE',  ( 0.000000000000000000, 0.000000000000000000, 1.000000000000000000 ) ) ;
#789 = DIRECTION ( 'NONE',  ( -0.7071067811865474617, 0.7071067811865474617, -0.000000000000000000 ) ) ;
#790 = SURFACE_STYLE_USAGE ( .BOTH. , #591 ) ;
#791 = CARTESIAN_POINT ( 'NONE',  ( -2.100000000000000089, 0.9321784540110916728, 1.699999999999999956 ) ) ;
#792 = ORIENTED_EDGE ( 'NONE', *, *, #528, .F. ) ;
#793 = EDGE_CURVE ( 'NONE', #1635, #990, #151, .T. ) ;
#794 = EDGE_LOOP ( 'NONE', ( #1028, #2058, #524, #204 ) ) ;
#795 = EDGE_CURVE ( 'NONE', #1272, #2032, #2087, .T. ) ;
#796 = FACE_OUTER_BOUND ( 'NONE', #467, .T. ) ;
#797 = CARTESIAN_POINT ( 'NONE',  ( 0.000000000000000000, 0.000000000000000000, 1.399999999999999911 ) ) ;
#798 = DIRECTION ( 'NONE',  ( 1.000000000000000000, 0.000000000000000000, -0.000000000000000000 ) ) ;
#799 = DIRECTION ( 'NONE',  ( 0.000000000000000000, 0.000000000000000000, 1.000000000000000000 ) ) ;
#800 = LINE ( 'NONE', #1141, #1734 ) ;
#801 = ORIENTED_EDGE ( 'NONE', *, *, #821, .F. ) ;
#802 = DIRECTION ( 'NONE',  ( 1.000000000000000000, 0.000000000000000000, 0.000000000000000000 ) ) ;
#803 = ORIENTED_EDGE ( 'NONE', *, *, #1936, .F. ) ;
#804 = CARTESIAN_POINT ( 'NONE',  ( 1.599309933548893392, -0.7631993070328694229, 1.699999999999999956 ) ) ;
#805 = EDGE_CURVE ( 'NONE', #1164, #894, #436, .T. ) ;
#806 = DIRECTION ( 'NONE',  ( 0.000000000000000000, 0.000000000000000000, 1.000000000000000000 ) ) ;
#807 = FACE_OUTER_BOUND ( 'NONE', #1385, .T. ) ;
#808 = DIRECTION ( 'NONE',  ( -0.000000000000000000, -0.000000000000000000, -1.000000000000000000 ) ) ;
#809 = DIRECTION ( 'NONE',  ( 0.000000000000000000, 0.000000000000000000, 1.000000000000000000 ) ) ;
#810 = ORIENTED_EDGE ( 'NONE', *, *, #1859, .T. ) ;
#811 = DIRECTION ( 'NONE',  ( 0.000000000000000000, -0.000000000000000000, 1.000000000000000000 ) ) ;
#812 = VECTOR ( 'NONE', #392, 1000.000000000000000 ) ;
#813 = AXIS2_PLACEMENT_3D ( 'NONE', #365, #809, #857 ) ;
#814 = ORIENTED_EDGE ( 'NONE', *, *, #5, .F. ) ;
#815 = CARTESIAN_POINT ( 'NONE',  ( -1.357178454011090496, -1.624109207094926344, 1.399999999999999911 ) ) ;
#816 = CIRCLE ( 'NONE', #2007, 1.129999999999999449 ) ;
#817 = PRESENTATION_LAYER_ASSIGNMENT (  '', '', ( #254 ) ) ;
#818 = LINE ( 'NONE', #504, #1057 ) ;
#819 = AXIS2_PLACEMENT_3D ( 'NONE', #758, #1107, #1735 ) ;
#820 = ORIENTED_EDGE ( 'NONE', *, *, #1186, .T. ) ;
#821 = EDGE_CURVE ( 'NONE', #512, #949, #120, .T. ) ;
#822 = LINE ( 'NONE', #30, #1806 ) ;
#823 = ADVANCED_FACE ( 'NONE', ( #1301 ), #1482, .T. ) ;
#824 = CARTESIAN_POINT ( 'NONE',  ( -2.049109207094908403, -0.9321784540110916728, 1.399999999999999911 ) ) ;
#825 = DIRECTION ( 'NONE',  ( -1.000000000000000000, 0.000000000000000000, 0.000000000000000000 ) ) ;
#826 = ORIENTED_EDGE ( 'NONE', *, *, #862, .T. ) ;
#827 = FACE_OUTER_BOUND ( 'NONE', #2069, .T. ) ;
#828 = ORIENTED_EDGE ( 'NONE', *, *, #90, .T. ) ;
#829 = DIRECTION ( 'NONE',  ( 0.000000000000000000, 0.000000000000000000, -1.000000000000000000 ) ) ;
#830 = LINE ( 'NONE', #1787, #1764 ) ;
#831 = ORIENTED_EDGE ( 'NONE', *, *, #1205, .T. ) ;
#832 = ORIENTED_EDGE ( 'NONE', *, *, #1332, .F. ) ;
#833 = LINE ( 'NONE', #325, #1433 ) ;
#834 = CARTESIAN_POINT ( 'NONE',  ( 0.2499999999999993616, 1.129999999999999449, 2.500000000000000000 ) ) ;
#835 = ADVANCED_FACE ( 'NONE', ( #638 ), #1001, .T. ) ;
#836 = CARTESIAN_POINT ( 'NONE',  ( 2.049109207094926610, -0.9321784540110777950, 1.849999999999999867 ) ) ;
#837 = VERTEX_POINT ( 'NONE', #1779 ) ;
#838 = CARTESIAN_POINT ( 'NONE',  ( 1.357178454011113145, -1.624109207094916796, 1.399999999999999911 ) ) ;
#839 = ORIENTED_EDGE ( 'NONE', *, *, #272, .T. ) ;
#840 = CARTESIAN_POINT ( 'NONE',  ( 1.188199307032876462, 1.174309933548899343, 1.699999999999999956 ) ) ;
#841 = LINE ( 'NONE', #1965, #1937 ) ;
#842 = ORIENTED_EDGE ( 'NONE', *, *, #575, .F. ) ;
#843 = LINE ( 'NONE', #1494, #45 ) ;
#844 = FACE_OUTER_BOUND ( 'NONE', #600, .T. ) ;
#845 = VERTEX_POINT ( 'NONE', #649 ) ;
#846 = EDGE_CURVE ( 'NONE', #1866, #1285, #1801, .T. ) ;
#847 = CYLINDRICAL_SURFACE ( 'NONE', #1458, 1.129999999999999449 ) ;
#848 = LINE ( 'NONE', #1283, #648 ) ;
#849 = EDGE_CURVE ( 'NONE', #1990, #1800, #1618, .T. ) ;
#850 = VECTOR ( 'NONE', #69, 1000.000000000000000 ) ;
#851 = LINE ( 'NONE', #1505, #1802 ) ;
#852 = AXIS2_PLACEMENT_3D ( 'NONE', #1171, #1330, #1319 ) ;
#853 = ORIENTED_EDGE ( 'NONE', *, *, #116, .T. ) ;
#854 = CIRCLE ( 'NONE', #7, 0.2638296648711758174 ) ;
#855 = CARTESIAN_POINT ( 'NONE',  ( -1.110925387270270459, 1.360865678657484645, 1.849999999999999867 ) ) ;
#856 = AXIS2_PLACEMENT_3D ( 'NONE', #469, #596, #1247 ) ;
#857 = DIRECTION ( 'NONE',  ( 1.000000000000000000, 0.000000000000000000, 0.000000000000000000 ) ) ;
#858 = ORIENTED_EDGE ( 'NONE', *, *, #1667, .T. ) ;
#859 = FACE_OUTER_BOUND ( 'NONE', #1740, .T. ) ;
#860 = ADVANCED_FACE ( 'NONE', ( #807 ), #351, .F. ) ;
#861 = CARTESIAN_POINT ( 'NONE',  ( 2.600000000000000533, -0.8000000000000001554, 0.2000000000000000111 ) ) ;
#862 = EDGE_CURVE ( 'NONE', #1285, #478, #822, .T. ) ;
#863 = LINE ( 'NONE', #1549, #515 ) ;
#864 = ORIENTED_EDGE ( 'NONE', *, *, #1165, .T. ) ;
#865 = DIRECTION ( 'NONE',  ( -1.000000000000000000, 0.000000000000000000, 0.000000000000000000 ) ) ;
#866 = DIRECTION ( 'NONE',  ( 0.000000000000000000, 0.000000000000000000, 1.000000000000000000 ) ) ;
#867 = LINE ( 'NONE', #1027, #252 ) ;
#868 = ORIENTED_EDGE ( 'NONE', *, *, #1371, .T. ) ;
#869 = CARTESIAN_POINT ( 'NONE',  ( 1.374755052141438671, 1.360865678657494193, 1.849999999999999867 ) ) ;
#870 = DIRECTION ( 'NONE',  ( 0.000000000000000000, -0.000000000000000000, 1.000000000000000000 ) ) ;
#871 = CARTESIAN_POINT ( 'NONE',  ( -2.049109207094908403, 0.9321784540110916728, 1.699999999999999956 ) ) ;
#872 = ORIENTED_EDGE ( 'NONE', *, *, #1888, .F. ) ;
#873 = EDGE_LOOP ( 'NONE', ( #71, #1809, #858, #1593, #475 ) ) ;
#874 = ADVANCED_FACE ( 'NONE', ( #1449 ), #191, .T. ) ;
#875 = CARTESIAN_POINT ( 'NONE',  ( 0.2499999999999993616, 1.129999999999999449, 2.500000000000000000 ) ) ;
#876 = FACE_OUTER_BOUND ( 'NONE', #2010, .T. ) ;
#877 = ORIENTED_EDGE ( 'NONE', *, *, #1993, .T. ) ;
#878 = CARTESIAN_POINT ( 'NONE',  ( -2.049109207094908403, -0.9321784540110916728, 1.399999999999999911 ) ) ;
#879 = ORIENTED_EDGE ( 'NONE', *, *, #959, .T. ) ;
#880 = DIRECTION ( 'NONE',  ( 0.000000000000000000, 1.000000000000000000, 0.000000000000000000 ) ) ;
#881 = DIRECTION ( 'NONE',  ( -1.000000000000000000, 0.000000000000000000, 0.000000000000000000 ) ) ;
#882 = ORIENTED_EDGE ( 'NONE', *, *, #910, .F. ) ;
#883 = DIRECTION ( 'NONE',  ( 0.000000000000000000, 0.000000000000000000, 1.000000000000000000 ) ) ;
#884 = VECTOR ( 'NONE', #999, 1000.000000000000000 ) ;
#885 = CARTESIAN_POINT ( 'NONE',  ( -1.357178454011090274, 1.624109207094929674, 1.399999999999999911 ) ) ;
#886 = VECTOR ( 'NONE', #1479, 1000.000000000000000 ) ;
#887 = EDGE_CURVE ( 'NONE', #1927, #1318, #1176, .T. ) ;
#888 = AXIS2_PLACEMENT_3D ( 'NONE', #1563, #107, #293 ) ;
#889 = VECTOR ( 'NONE', #1658, 1000.000000000000000 ) ;
#890 = CARTESIAN_POINT ( 'NONE',  ( -2.100000000000000089, -0.9321784540110776840, 1.399999999999999911 ) ) ;
#891 = ADVANCED_FACE ( 'NONE', ( #964 ), #1946, .T. ) ;
#892 = ORIENTED_EDGE ( 'NONE', *, *, #1663, .F. ) ;
#893 = DIRECTION ( 'NONE',  ( 0.000000000000000000, 0.000000000000000000, 1.000000000000000000 ) ) ;
#894 = VERTEX_POINT ( 'NONE', #1010 ) ;
#895 = DIRECTION ( 'NONE',  ( 0.000000000000000000, 0.000000000000000000, 1.000000000000000000 ) ) ;
#896 = CARTESIAN_POINT ( 'NONE',  ( -2.100000000000000089, 0.8000000000000001554, 0.000000000000000000 ) ) ;
#897 = ORIENTED_EDGE ( 'NONE', *, *, #565, .T. ) ;
#898 = DIRECTION ( 'NONE',  ( 0.000000000000000000, 0.000000000000000000, 1.000000000000000000 ) ) ;
#899 = PLANE ( 'NONE',  #149 ) ;
#900 = CARTESIAN_POINT ( 'NONE',  ( -1.188199307032871133, 1.174309933548894014, 1.849999999999999867 ) ) ;
#901 = ORIENTED_EDGE ( 'NONE', *, *, #1529, .F. ) ;
#902 = CARTESIAN_POINT ( 'NONE',  ( -1.110925387270270459, -1.360865678657484645, 1.849999999999999867 ) ) ;
#903 = EDGE_CURVE ( 'NONE', #2098, #57, #1140, .T. ) ;
#904 = ORIENTED_EDGE ( 'NONE', *, *, #1202, .F. ) ;
#905 = LINE ( 'NONE', #1559, #352 ) ;
#906 = CARTESIAN_POINT ( 'NONE',  ( 2.049109207094908403, 1.624109207094923457, 1.399999999999999911 ) ) ;
#907 = CARTESIAN_POINT ( 'NONE',  ( -1.188199307032871133, -1.174309933548894014, 1.699999999999999956 ) ) ;
#908 = ORIENTED_EDGE ( 'NONE', *, *, #75, .T. ) ;
#909 = FACE_OUTER_BOUND ( 'NONE', #2066, .T. ) ;
#910 = EDGE_CURVE ( 'NONE', #1150, #990, #833, .T. ) ;
#911 = VERTEX_POINT ( 'NONE', #169 ) ;
#912 = EDGE_CURVE ( 'NONE', #1830, #1173, #1322, .T. ) ;
#913 = DIRECTION ( 'NONE',  ( -0.000000000000000000, -1.000000000000000000, -0.000000000000000000 ) ) ;
#914 = CARTESIAN_POINT ( 'NONE',  ( -2.100000000000000089, 0.9321784540110916728, 1.399999999999999911 ) ) ;
#915 = PRODUCT_CONTEXT ( 'NONE', #259, 'mechanical' ) ;
#916 = AXIS2_PLACEMENT_3D ( 'NONE', #1535, #699, #545 ) ;
#917 = CIRCLE ( 'NONE', #680, 1.129999999999999449 ) ;
#918 = DIRECTION ( 'NONE',  ( 5.162867488026211121E-17, -1.000000000000000000, 0.000000000000000000 ) ) ;
#919 = VERTEX_POINT ( 'NONE', #1457 ) ;
#920 = VECTOR ( 'NONE', #866, 1000.000000000000000 ) ;
#921 = DIRECTION ( 'NONE',  ( -0.000000000000000000, -0.000000000000000000, 1.000000000000000000 ) ) ;
#922 = ORIENTED_EDGE ( 'NONE', *, *, #1356, .F. ) ;
#923 = ORIENTED_EDGE ( 'NONE', *, *, #1771, .T. ) ;
#924 = DIRECTION ( 'NONE',  ( -1.000000000000000000, -5.162867488026211121E-17, 0.000000000000000000 ) ) ;
#925 = EDGE_CURVE ( 'NONE', #1582, #98, #518, .T. ) ;
#926 = LINE ( 'NONE', #1560, #256 ) ;
#927 = CARTESIAN_POINT ( 'NONE',  ( -2.049109207094908403, 0.9321784540110916728, 1.399999999999999911 ) ) ;
#928 = CARTESIAN_POINT ( 'NONE',  ( 0.000000000000000000, 0.000000000000000000, 0.2000000000000000111 ) ) ;
#929 = VERTEX_POINT ( 'NONE', #1166 ) ;
#930 = CARTESIAN_POINT ( 'NONE',  ( 2.100000000000000089, -1.674999999999999822, 1.399999999999999911 ) ) ;
#931 = ORIENTED_EDGE ( 'NONE', *, *, #1813, .F. ) ;
#932 = VERTEX_POINT ( 'NONE', #363 ) ;
#933 = DIRECTION ( 'NONE',  ( 0.000000000000000000, 0.000000000000000000, -1.000000000000000000 ) ) ;
#934 = CARTESIAN_POINT ( 'NONE',  ( -1.357178454011090496, -1.624109207094926344, 1.849999999999999867 ) ) ;
#935 = CARTESIAN_POINT ( 'NONE',  ( -2.049109207094908403, -1.624109207094909468, 1.399999999999999911 ) ) ;
#936 = EDGE_CURVE ( 'NONE', #1507, #322, #843, .T. ) ;
#937 = ORIENTED_EDGE ( 'NONE', *, *, #1060, .T. ) ;
#938 = ADVANCED_FACE ( 'NONE', ( #42 ), #683, .T. ) ;
#939 = LINE ( 'NONE', #1909, #6 ) ;
#940 = VERTEX_POINT ( 'NONE', #855 ) ;
#941 = ORIENTED_EDGE ( 'NONE', *, *, #1436, .F. ) ;
#942 = CARTESIAN_POINT ( 'NONE',  ( -2.100000000000000089, 1.675000000000000044, 1.399999999999999911 ) ) ;
#943 = DIRECTION ( 'NONE',  ( -7.521230129946267646E-15, 1.000000000000000000, 0.000000000000000000 ) ) ;
#944 = DIRECTION ( 'NONE',  ( 0.000000000000000000, 0.000000000000000000, -1.000000000000000000 ) ) ;
#945 = ADVANCED_FACE ( 'NONE', ( #1353 ), #86, .F. ) ;
#946 = CIRCLE ( 'NONE', #916, 0.2638296648711658809 ) ;
#947 = DIRECTION ( 'NONE',  ( -1.000000000000000000, 8.673617379884035472E-16, 0.000000000000000000 ) ) ;
#948 = EDGE_CURVE ( 'NONE', #138, #2052, #713, .T. ) ;
#949 = VERTEX_POINT ( 'NONE', #2001 ) ;
#950 = VECTOR ( 'NONE', #1789, 1000.000000000000000 ) ;
#951 = ORIENTED_EDGE ( 'NONE', *, *, #206, .T. ) ;
#952 = VECTOR ( 'NONE', #913, 1000.000000000000000 ) ;
#953 = AXIS2_PLACEMENT_3D ( 'NONE', #906, #1722, #943 ) ;
#954 = CARTESIAN_POINT ( 'NONE',  ( 2.049109207094926610, -0.9321784540110777950, 1.399999999999999911 ) ) ;
#955 = CARTESIAN_POINT ( 'NONE',  ( 2.100000000000000089, 0.8000000000000001554, 0.000000000000000000 ) ) ;
#956 = DIRECTION ( 'NONE',  ( -0.000000000000000000, 0.000000000000000000, -1.000000000000000000 ) ) ;
#957 = DIRECTION ( 'NONE',  ( 0.000000000000000000, 0.000000000000000000, 1.000000000000000000 ) ) ;
#958 = ORIENTED_EDGE ( 'NONE', *, *, #1332, .T. ) ;
#959 = EDGE_CURVE ( 'NONE', #1871, #594, #1508, .T. ) ;
#960 = DIRECTION ( 'NONE',  ( 0.000000000000000000, -1.000000000000000000, 0.000000000000000000 ) ) ;
#961 = EDGE_LOOP ( 'NONE', ( #389, #1281, #2089, #429 ) ) ;
#962 = DIRECTION ( 'NONE',  ( -0.000000000000000000, -1.000000000000000000, -0.000000000000000000 ) ) ;
#963 = PLANE ( 'NONE',  #77 ) ;
#964 = FACE_OUTER_BOUND ( 'NONE', #653, .T. ) ;
#965 = DIRECTION ( 'NONE',  ( 0.000000000000000000, 0.000000000000000000, -1.000000000000000000 ) ) ;
#966 = LINE ( 'NONE', #1304, #4 ) ;
#967 = ORIENTED_EDGE ( 'NONE', *, *, #565, .F. ) ;
#968 = CARTESIAN_POINT ( 'NONE',  ( 2.100000000000000089, -0.9321784540110777950, 1.399999999999999911 ) ) ;
#969 = EDGE_CURVE ( 'NONE', #512, #1150, #726, .T. ) ;
#970 = ORIENTED_EDGE ( 'NONE', *, *, #306, .T. ) ;
#971 = LINE ( 'NONE', #1007, #1902 ) ;
#972 = EDGE_CURVE ( 'NONE', #1324, #1223, #1874, .T. ) ;
#973 = LINE ( 'NONE', #988, #1967 ) ;
#974 = PRODUCT_DEFINITION_SHAPE ( 'NONE', 'NONE',  #588 ) ;
#975 = ORIENTED_EDGE ( 'NONE', *, *, #1354, .T. ) ;
#976 = VERTEX_POINT ( 'NONE', #64 ) ;
#977 = DIRECTION ( 'NONE',  ( -1.000000000000000000, 0.000000000000000000, -0.000000000000000000 ) ) ;
#978 = DIRECTION ( 'NONE',  ( -0.000000000000000000, 1.000000000000000000, -0.000000000000000000 ) ) ;
#979 = PLANE ( 'NONE',  #179 ) ;
#980 = ORIENTED_EDGE ( 'NONE', *, *, #48, .F. ) ;
#981 = CARTESIAN_POINT ( 'NONE',  ( -1.599309933548894058, 0.7631993070328708662, 1.399999999999999911 ) ) ;
#982 = VECTOR ( 'NONE', #1955, 1000.000000000000000 ) ;
#983 = CIRCLE ( 'NONE', #852, 0.2638296648711658809 ) ;
#984 = ORIENTED_EDGE ( 'NONE', *, *, #38, .T. ) ;
#985 = DIRECTION ( 'NONE',  ( 0.000000000000000000, 0.000000000000000000, 1.000000000000000000 ) ) ;
#986 = VECTOR ( 'NONE', #1280, 1000.000000000000000 ) ;
#987 = VECTOR ( 'NONE', #395, 1000.000000000000000 ) ;
#988 = CARTESIAN_POINT ( 'NONE',  ( -1.357178454011090496, -1.624109207094926344, 1.399999999999999911 ) ) ;
#989 = ORIENTED_EDGE ( 'NONE', *, *, #414, .T. ) ;
#990 = VERTEX_POINT ( 'NONE', #261 ) ;
#991 = EDGE_CURVE ( 'NONE', #537, #185, #549, .T. ) ;
#992 = DIRECTION ( 'NONE',  ( 0.000000000000000000, 0.000000000000000000, -1.000000000000000000 ) ) ;
#993 = CARTESIAN_POINT ( 'NONE',  ( -2.600000000000000533, 1.350000000000000089, 0.2000000000000000111 ) ) ;
#994 = FACE_OUTER_BOUND ( 'NONE', #1760, .T. ) ;
#995 = VERTEX_POINT ( 'NONE', #226 ) ;
#996 = DIRECTION ( 'NONE',  ( -4.336808689942017736E-16, 1.000000000000000000, 0.000000000000000000 ) ) ;
#997 = ORIENTED_EDGE ( 'NONE', *, *, #1032, .T. ) ;
#998 = DIRECTION ( 'NONE',  ( -0.7071067811865470176, -0.7071067811865481278, 0.000000000000000000 ) ) ;
#999 = DIRECTION ( 'NONE',  ( 1.000000000000000000, -0.000000000000000000, -0.000000000000000000 ) ) ;
#1000 = EDGE_LOOP ( 'NONE', ( #94, #1431, #187, #1820 ) ) ;
#1001 = CYLINDRICAL_SURFACE ( 'NONE', #784, 1.129999999999999449 ) ;
#1002 = EDGE_CURVE ( 'NONE', #374, #1195, #1058, .T. ) ;
#1003 = CYLINDRICAL_SURFACE ( 'NONE', #813, 0.2638296648711658809 ) ;
#1004 = ADVANCED_FACE ( 'NONE', ( #424 ), #1377, .T. ) ;
#1005 = VERTEX_POINT ( 'NONE', #1831 ) ;
#1006 = CARTESIAN_POINT ( 'NONE',  ( -1.785865678657466926, 0.9497550521414440672, 1.699999999999999956 ) ) ;
#1007 = CARTESIAN_POINT ( 'NONE',  ( 2.100000000000000089, 1.350000000000000311, 0.2000000000000000111 ) ) ;
#1008 = CARTESIAN_POINT ( 'NONE',  ( -2.049109207094908403, 1.624109207094909468, 1.399999999999999911 ) ) ;
#1009 = ORIENTED_EDGE ( 'NONE', *, *, #348, .T. ) ;
#1010 = CARTESIAN_POINT ( 'NONE',  ( -1.379999999999999449, -1.710385654761122430E-16, 1.699999999999999956 ) ) ;
#1011 = ADVANCED_FACE ( 'NONE', ( #561 ), #899, .F. ) ;
#1012 = DIRECTION ( 'NONE',  ( -1.000000000000000000, 4.336808689942017736E-16, 0.000000000000000000 ) ) ;
#1013 = ORIENTED_EDGE ( 'NONE', *, *, #1046, .F. ) ;
#1014 = DIRECTION ( 'NONE',  ( 0.000000000000000000, 0.000000000000000000, 1.000000000000000000 ) ) ;
#1015 = ADVANCED_FACE ( 'NONE', ( #381 ), #1344, .T. ) ;
#1016 = ORIENTED_EDGE ( 'NONE', *, *, #912, .F. ) ;
#1017 = PLANE ( 'NONE',  #1932 ) ;
#1018 = AXIS2_PLACEMENT_3D ( 'NONE', #1817, #996, #1465 ) ;
#1019 = AXIS2_PLACEMENT_3D ( 'NONE', #1530, #1674, #74 ) ;
#1020 = DIRECTION ( 'NONE',  ( 0.000000000000000000, -1.000000000000000000, 0.000000000000000000 ) ) ;
#1021 = VERTEX_POINT ( 'NONE', #1672 ) ;
#1022 = AXIS2_PLACEMENT_3D ( 'NONE', #1414, #2059, #1092 ) ;
#1023 = VECTOR ( 'NONE', #659, 1000.000000000000000 ) ;
#1024 = LINE ( 'NONE', #560, #452 ) ;
#1025 = DIRECTION ( 'NONE',  ( 1.000000000000000000, 0.000000000000000000, 0.000000000000000000 ) ) ;
#1026 = AXIS2_PLACEMENT_3D ( 'NONE', #2085, #1096, #933 ) ;
#1027 = CARTESIAN_POINT ( 'NONE',  ( 2.100000000000000089, -1.674999999999999822, 0.000000000000000000 ) ) ;
#1028 = ORIENTED_EDGE ( 'NONE', *, *, #1215, .F. ) ;
#1029 = PRODUCT_DEFINITION_FORMATION_WITH_SPECIFIED_SOURCE ( 'ANY', '', #1492, .NOT_KNOWN. ) ;
#1030 = CARTESIAN_POINT ( 'NONE',  ( 2.100000000000000089, -1.674999999999999822, 1.399999999999999911 ) ) ;
#1031 = ORIENTED_EDGE ( 'NONE', *, *, #286, .F. ) ;
#1032 = EDGE_CURVE ( 'NONE', #1523, #705, #72, .T. ) ;
#1033 = DIRECTION ( 'NONE',  ( -0.000000000000000000, 1.000000000000000000, -0.000000000000000000 ) ) ;
#1034 = LINE ( 'NONE', #1053, #712 ) ;
#1035 = VERTEX_POINT ( 'NONE', #736 ) ;
#1036 = VERTEX_POINT ( 'NONE', #1846 ) ;
#1037 = CARTESIAN_POINT ( 'NONE',  ( -1.599309933548894058, 0.7631993070328706441, 1.399999999999999911 ) ) ;
#1038 = DIRECTION ( 'NONE',  ( 1.000000000000000000, 0.000000000000000000, 0.000000000000000000 ) ) ;
#1039 = ORIENTED_EDGE ( 'NONE', *, *, #1910, .T. ) ;
#1040 = LINE ( 'NONE', #407, #1432 ) ;
#1041 = LINE ( 'NONE', #1997, #214 ) ;
#1042 = EDGE_CURVE ( 'NONE', #1435, #1582, #1388, .T. ) ;
#1043 = DIRECTION ( 'NONE',  ( -0.000000000000000000, 1.000000000000000000, -0.000000000000000000 ) ) ;
#1044 = ORIENTED_EDGE ( 'NONE', *, *, #306, .F. ) ;
#1045 = ORIENTED_EDGE ( 'NONE', *, *, #793, .T. ) ;
#1046 = EDGE_CURVE ( 'NONE', #919, #724, #1528, .T. ) ;
#1047 = DIRECTION ( 'NONE',  ( 0.000000000000000000, 0.000000000000000000, 1.000000000000000000 ) ) ;
#1048 = CARTESIAN_POINT ( 'NONE',  ( -1.188199307032871133, 1.174309933548894014, 1.699999999999999956 ) ) ;
#1049 = ORIENTED_EDGE ( 'NONE', *, *, #2083, .T. ) ;
#1050 = DIRECTION ( 'NONE',  ( -1.000000000000000000, 1.754953696987463240E-14, -0.000000000000000000 ) ) ;
#1051 = ORIENTED_EDGE ( 'NONE', *, *, #1604, .F. ) ;
#1052 = LINE ( 'NONE', #1697, #419 ) ;
#1053 = CARTESIAN_POINT ( 'NONE',  ( 2.100000000000000089, 1.350000000000000311, 0.000000000000000000 ) ) ;
#1054 = ORIENTED_EDGE ( 'NONE', *, *, #1888, .T. ) ;
#1055 = CARTESIAN_POINT ( 'NONE',  ( -1.357178454011090496, 1.624109207094926344, 1.849999999999999867 ) ) ;
#1056 = CIRCLE ( 'NONE', #142, 0.2638296648711697667 ) ;
#1057 = VECTOR ( 'NONE', #1299, 1000.000000000000000 ) ;
#1058 = LINE ( 'NONE', #571, #987 ) ;
#1059 = AXIS2_PLACEMENT_3D ( 'NONE', #32, #44, #685 ) ;
#1060 = EDGE_CURVE ( 'NONE', #478, #1799, #716, .T. ) ;
#1061 = VECTOR ( 'NONE', #529, 1000.000000000000000 ) ;
#1062 = DIRECTION ( 'NONE',  ( -1.000000000000000000, 2.748278662340041843E-13, 0.000000000000000000 ) ) ;
#1063 = ORIENTED_EDGE ( 'NONE', *, *, #449, .F. ) ;
#1064 = FACE_OUTER_BOUND ( 'NONE', #1943, .T. ) ;
#1065 = ORIENTED_EDGE ( 'NONE', *, *, #1794, .T. ) ;
#1066 = ORIENTED_EDGE ( 'NONE', *, *, #693, .T. ) ;
#1067 = CARTESIAN_POINT ( 'NONE',  ( 1.357178454011090940, 1.624109207094935670, 1.399999999999999911 ) ) ;
#1068 = EDGE_CURVE ( 'NONE', #1307, #919, #246, .T. ) ;
#1069 = DIRECTION ( 'NONE',  ( 0.000000000000000000, 0.000000000000000000, 1.000000000000000000 ) ) ;
#1070 = EDGE_LOOP ( 'NONE', ( #88, #633, #1315, #1063 ) ) ;
#1071 = LINE ( 'NONE', #131, #715 ) ;
#1072 = ADVANCED_FACE ( 'NONE', ( #443 ), #1747, .T. ) ;
#1073 = ORIENTED_EDGE ( 'NONE', *, *, #266, .F. ) ;
#1074 = ORIENTED_EDGE ( 'NONE', *, *, #575, .T. ) ;
#1075 = CARTESIAN_POINT ( 'NONE',  ( -2.100000000000000089, -1.675000000000000044, 1.699999999999999956 ) ) ;
#1076 = PLANE ( 'NONE',  #1975 ) ;
#1077 = DIRECTION ( 'NONE',  ( 1.000000000000000000, 0.000000000000000000, 0.000000000000000000 ) ) ;
#1078 = DIRECTION ( 'NONE',  ( -0.000000000000000000, -0.000000000000000000, -1.000000000000000000 ) ) ;
#1079 = ORIENTED_EDGE ( 'NONE', *, *, #1397, .F. ) ;
#1080 = DIRECTION ( 'NONE',  ( -0.000000000000000000, 0.000000000000000000, 1.000000000000000000 ) ) ;
#1081 = ORIENTED_EDGE ( 'NONE', *, *, #1002, .T. ) ;
#1082 = EDGE_CURVE ( 'NONE', #1950, #264, #854, .T. ) ;
#1083 = ORIENTED_EDGE ( 'NONE', *, *, #266, .T. ) ;
#1084 = CARTESIAN_POINT ( 'NONE',  ( 2.100000000000000089, 1.675000000000000266, 1.699999999999999956 ) ) ;
#1085 = CARTESIAN_POINT ( 'NONE',  ( -1.110925387270270459, 1.360865678657484645, 1.699999999999999956 ) ) ;
#1086 = VECTOR ( 'NONE', #253, 1000.000000000000000 ) ;
#1087 = VECTOR ( 'NONE', #1632, 1000.000000000000000 ) ;
#1088 = CARTESIAN_POINT ( 'NONE',  ( -1.357178454011090496, 1.675000000000000044, 1.699999999999999956 ) ) ;
#1089 = VERTEX_POINT ( 'NONE', #269 ) ;
#1090 = VECTOR ( 'NONE', #1619, 1000.000000000000000 ) ;
#1091 = AXIS2_PLACEMENT_3D ( 'NONE', #1335, #977, #1983 ) ;
#1092 = DIRECTION ( 'NONE',  ( 1.000000000000000000, 0.000000000000000000, 0.000000000000000000 ) ) ;
#1093 = CIRCLE ( 'NONE', #1840, 0.2638296648711658809 ) ;
#1094 = EDGE_CURVE ( 'NONE', #1213, #1671, #434, .T. ) ;
#1095 = ORIENTED_EDGE ( 'NONE', *, *, #1952, .F. ) ;
#1096 = DIRECTION ( 'NONE',  ( 1.000000000000000000, 0.000000000000000000, 0.000000000000000000 ) ) ;
#1097 = EDGE_CURVE ( 'NONE', #786, #1829, #462, .T. ) ;
#1098 = PLANE ( 'NONE',  #609 ) ;
#1099 = DIRECTION ( 'NONE',  ( 0.000000000000000000, 0.000000000000000000, 1.000000000000000000 ) ) ;
#1100 = FILL_AREA_STYLE_COLOUR ( '', #646 ) ;
#1101 = EDGE_LOOP ( 'NONE', ( #1266, #820, #663, #271, #1681, #1476 ) ) ;
#1102 = DIRECTION ( 'NONE',  ( 0.000000000000000000, -0.000000000000000000, -1.000000000000000000 ) ) ;
#1103 = ORIENTED_EDGE ( 'NONE', *, *, #136, .F. ) ;
#1104 = ORIENTED_EDGE ( 'NONE', *, *, #569, .T. ) ;
#1105 = PLANE ( 'NONE',  #856 ) ;
#1106 = EDGE_CURVE ( 'NONE', #1950, #478, #1754, .T. ) ;
#1107 = DIRECTION ( 'NONE',  ( 0.000000000000000000, 0.000000000000000000, -1.000000000000000000 ) ) ;
#1108 = LINE ( 'NONE', #1914, #14 ) ;
#1109 = ADVANCED_FACE ( 'NONE', ( #470 ), #1278, .T. ) ;
#1110 = PRESENTATION_STYLE_ASSIGNMENT (( #790 ) ) ;
#1111 = LINE ( 'NONE', #930, #645 ) ;
#1112 = ORIENTED_EDGE ( 'NONE', *, *, #1146, .F. ) ;
#1113 = ORIENTED_EDGE ( 'NONE', *, *, #1952, .T. ) ;
#1114 = CARTESIAN_POINT ( 'NONE',  ( 1.357178454011113145, -1.624109207094916796, 1.699999999999999956 ) ) ;
#1115 = CARTESIAN_POINT ( 'NONE',  ( -1.188199307032871133, 1.174309933548894014, 1.399999999999999911 ) ) ;
#1116 = APPLICATION_PROTOCOL_DEFINITION ( 'draft international standard', 'automotive_design', 1998, #259 ) ;
#1117 = DIRECTION ( 'NONE',  ( -1.000000000000000000, 0.000000000000000000, 0.000000000000000000 ) ) ;
#1118 = ADVANCED_FACE ( 'NONE', ( #1256 ), #1076, .F. ) ;
#1119 = VECTOR ( 'NONE', #35, 1000.000000000000000 ) ;
#1120 = LINE ( 'NONE', #1313, #1777 ) ;
#1121 = VECTOR ( 'NONE', #1191, 1000.000000000000000 ) ;
#1122 = ORIENTED_EDGE ( 'NONE', *, *, #846, .T. ) ;
#1123 = CARTESIAN_POINT ( 'NONE',  ( -1.357178454011090496, -1.624109207094926344, 1.699999999999999956 ) ) ;
#1124 = AXIS2_PLACEMENT_3D ( 'NONE', #225, #865, #1517 ) ;
#1125 = VERTEX_POINT ( 'NONE', #914 ) ;
#1126 = VECTOR ( 'NONE', #1276, 1000.000000000000000 ) ;
#1127 = LINE ( 'NONE', #1637, #2040 ) ;
#1128 = DIRECTION ( 'NONE',  ( 0.000000000000000000, -1.000000000000000000, 0.000000000000000000 ) ) ;
#1129 = CARTESIAN_POINT ( 'NONE',  ( 2.049109207094913732, 0.9321784540111057726, 1.699999999999999956 ) ) ;
#1130 = LINE ( 'NONE', #1610, #551 ) ;
#1131 = EDGE_CURVE ( 'NONE', #786, #374, #1439, .T. ) ;
#1132 = CARTESIAN_POINT ( 'NONE',  ( -2.100000000000000089, -0.9321784540110776840, 1.399999999999999911 ) ) ;
#1133 = ORIENTED_EDGE ( 'NONE', *, *, #1303, .T. ) ;
#1134 = DIRECTION ( 'NONE',  ( 0.000000000000000000, 0.000000000000000000, 1.000000000000000000 ) ) ;
#1135 = ADVANCED_FACE ( 'NONE', ( #148 ), #1269, .T. ) ;
#1136 = ORIENTED_EDGE ( 'NONE', *, *, #910, .T. ) ;
#1137 = CARTESIAN_POINT ( 'NONE',  ( -2.100000000000000089, -1.675000000000000044, 0.000000000000000000 ) ) ;
#1138 = DIRECTION ( 'NONE',  ( 7.521230129946267646E-15, -1.000000000000000000, 0.000000000000000000 ) ) ;
#1139 = ORIENTED_EDGE ( 'NONE', *, *, #1978, .F. ) ;
#1140 = LINE ( 'NONE', #1129, #1023 ) ;
#1141 = CARTESIAN_POINT ( 'NONE',  ( 2.600000000000000533, 1.350000000000000089, 0.2000000000000000111 ) ) ;
#1142 = DIRECTION ( 'NONE',  ( 0.000000000000000000, 0.000000000000000000, 1.000000000000000000 ) ) ;
#1143 = ORIENTED_EDGE ( 'NONE', *, *, #451, .T. ) ;
#1144 = DIRECTION ( 'NONE',  ( -1.000000000000000000, 0.000000000000000000, 0.000000000000000000 ) ) ;
#1145 = ORIENTED_EDGE ( 'NONE', *, *, #740, .F. ) ;
#1146 = EDGE_CURVE ( 'NONE', #707, #1213, #104, .T. ) ;
#1147 = DIRECTION ( 'NONE',  ( 1.000000000000000000, 0.000000000000000000, 0.000000000000000000 ) ) ;
#1148 = CARTESIAN_POINT ( 'NONE',  ( 2.100000000000000089, -0.9321784540110777950, 1.699999999999999956 ) ) ;
#1149 = ORIENTED_EDGE ( 'NONE', *, *, #511, .T. ) ;
#1150 = VERTEX_POINT ( 'NONE', #118 ) ;
#1151 = CARTESIAN_POINT ( 'NONE',  ( -1.374755052141436451, 1.360865678657484645, 1.399999999999999911 ) ) ;
#1152 = CARTESIAN_POINT ( 'NONE',  ( -1.357178454011090496, 1.675000000000000044, 1.399999999999999911 ) ) ;
#1153 = DIRECTION ( 'NONE',  ( 1.000000000000000000, 0.000000000000000000, 0.000000000000000000 ) ) ;
#1154 = ORIENTED_EDGE ( 'NONE', *, *, #991, .F. ) ;
#1155 = AXIS2_PLACEMENT_3D ( 'NONE', #455, #788, #597 ) ;
#1156 = CARTESIAN_POINT ( 'NONE',  ( -1.374755052141436451, -1.360865678657484645, 1.849999999999999867 ) ) ;
#1157 = AXIS2_PLACEMENT_3D ( 'NONE', #534, #1652, #194 ) ;
#1158 = EDGE_LOOP ( 'NONE', ( #1895, #2013, #1639, #1536, #1752 ) ) ;
#1159 = CARTESIAN_POINT ( 'NONE',  ( -0.2499999999999999445, 1.129999999999999227, 1.699999999999999956 ) ) ;
#1160 = VECTOR ( 'NONE', #2020, 1000.000000000000000 ) ;
#1161 = ADVANCED_FACE ( 'NONE', ( #2086 ), #2055, .F. ) ;
#1162 = CARTESIAN_POINT ( 'NONE',  ( -2.600000000000000533, -1.349999999999999867, 0.000000000000000000 ) ) ;
#1163 = AXIS2_PLACEMENT_3D ( 'NONE', #290, #298, #1418 ) ;
#1164 = VERTEX_POINT ( 'NONE', #305 ) ;
#1165 = EDGE_CURVE ( 'NONE', #465, #512, #926, .T. ) ;
#1166 = CARTESIAN_POINT ( 'NONE',  ( 0.2500000000000004441, -1.129999999999999449, 1.699999999999999956 ) ) ;
#1167 = LINE ( 'NONE', #184, #1396 ) ;
#1168 = ORIENTED_EDGE ( 'NONE', *, *, #1728, .F. ) ;
#1169 = PLANE ( 'NONE',  #1395 ) ;
#1170 = EDGE_LOOP ( 'NONE', ( #781, #1079, #1649, #1145, #1044, #1481, #502, #842, #1527, #1489, #1496, #1407, #1235, #1999, #1103, #224, #141, #533, #853, #1337, #1424, #792, #941, #1478, #292, #951 ) ) ;
#1171 = CARTESIAN_POINT ( 'NONE',  ( -1.374755052141436451, -1.360865678657484645, 1.699999999999999956 ) ) ;
#1172 = DIRECTION ( 'NONE',  ( 1.000000000000000000, 0.000000000000000000, 0.000000000000000000 ) ) ;
#1173 = VERTEX_POINT ( 'NONE', #134 ) ;
#1174 = VERTEX_POINT ( 'NONE', #934 ) ;
#1175 = ADVANCED_FACE ( 'NONE', ( #1409 ), #1587, .T. ) ;
#1176 = LINE ( 'NONE', #20, #552 ) ;
#1177 = ADVANCED_FACE ( 'NONE', ( #1248 ), #1098, .F. ) ;
#1178 = CARTESIAN_POINT ( 'NONE',  ( 1.785865678657471811, 0.9497550521414565017, 1.849999999999999867 ) ) ;
#1179 = ORIENTED_EDGE ( 'NONE', *, *, #1730, .T. ) ;
#1180 = CARTESIAN_POINT ( 'NONE',  ( 2.600000000000000533, 0.8000000000000001554, 0.000000000000000000 ) ) ;
#1181 = LINE ( 'NONE', #1839, #1259 ) ;
#1182 = LINE ( 'NONE', #896, #41 ) ;
#1183 = ORIENTED_EDGE ( 'NONE', *, *, #1921, .F. ) ;
#1184 = ORIENTED_EDGE ( 'NONE', *, *, #471, .T. ) ;
#1185 = CARTESIAN_POINT ( 'NONE',  ( -1.357178454011090274, 1.624109207094929674, 1.399999999999999911 ) ) ;
#1186 = EDGE_CURVE ( 'NONE', #1899, #1800, #767, .T. ) ;
#1187 = FACE_OUTER_BOUND ( 'NONE', #1562, .T. ) ;
#1188 = ORIENTED_EDGE ( 'NONE', *, *, #1436, .T. ) ;
#1189 = DIRECTION ( 'NONE',  ( -0.000000000000000000, -0.000000000000000000, -1.000000000000000000 ) ) ;
#1190 = ORIENTED_EDGE ( 'NONE', *, *, #236, .T. ) ;
#1191 = DIRECTION ( 'NONE',  ( 1.000000000000000000, 0.000000000000000000, 0.000000000000000000 ) ) ;
#1192 = AXIS2_PLACEMENT_3D ( 'NONE', #2012, #526, #1172 ) ;
#1193 = CIRCLE ( 'NONE', #780, 0.2638296648711682679 ) ;
#1194 = DIRECTION ( 'NONE',  ( 1.000000000000000000, 8.673617379884035472E-16, 0.000000000000000000 ) ) ;
#1195 = VERTEX_POINT ( 'NONE', #1480 ) ;
#1196 = AXIS2_PLACEMENT_3D ( 'NONE', #280, #1741, #1102 ) ;
#1197 = CIRCLE ( 'NONE', #1463, 0.2638296648711658809 ) ;
#1198 = ORIENTED_EDGE ( 'NONE', *, *, #102, .T. ) ;
#1199 = CARTESIAN_POINT ( 'NONE',  ( 1.374755052141438671, -1.360865678657494193, 1.399999999999999911 ) ) ;
#1200 = CARTESIAN_POINT ( 'NONE',  ( 2.100000000000000089, 0.9321784540111057726, 1.399999999999999911 ) ) ;
#1201 = EDGE_LOOP ( 'NONE', ( #2036, #1512, #1113, #1675 ) ) ;
#1202 = EDGE_CURVE ( 'NONE', #949, #1272, #973, .T. ) ;
#1203 = DIRECTION ( 'NONE',  ( -1.000000000000000000, 0.000000000000000000, 0.000000000000000000 ) ) ;
#1204 = LINE ( 'NONE', #722, #1399 ) ;
#1205 = EDGE_CURVE ( 'NONE', #98, #1866, #841, .T. ) ;
#1206 = CARTESIAN_POINT ( 'NONE',  ( -2.049109207094908403, -0.9321784540110916728, 1.399999999999999911 ) ) ;
#1207 = ORIENTED_EDGE ( 'NONE', *, *, #1032, .F. ) ;
#1208 = LINE ( 'NONE', #85, #1768 ) ;
#1209 = CARTESIAN_POINT ( 'NONE',  ( 1.785865678657471811, -0.9497550521414565017, 1.849999999999999867 ) ) ;
#1210 = DIRECTION ( 'NONE',  ( -0.000000000000000000, -0.000000000000000000, 1.000000000000000000 ) ) ;
#1211 = VERTEX_POINT ( 'NONE', #1284 ) ;
#1212 = CARTESIAN_POINT ( 'NONE',  ( 1.357178454011113145, -1.674999999999999822, 1.399999999999999911 ) ) ;
#1213 = VERTEX_POINT ( 'NONE', #955 ) ;
#1214 = FACE_OUTER_BOUND ( 'NONE', #1712, .T. ) ;
#1215 = EDGE_CURVE ( 'NONE', #603, #241, #1447, .T. ) ;
#1216 = DIRECTION ( 'NONE',  ( 1.000000000000000000, 0.000000000000000000, 0.000000000000000000 ) ) ;
#1217 = EDGE_LOOP ( 'NONE', ( #1985, #1031, #1300, #1526 ) ) ;
#1218 = CARTESIAN_POINT ( 'NONE',  ( -2.049109207094908403, -1.624109207094909468, 1.399999999999999911 ) ) ;
#1219 = DIRECTION ( 'NONE',  ( 1.000000000000000000, 4.336808689942023159E-16, 0.000000000000000000 ) ) ;
#1220 = LINE ( 'NONE', #727, #1499 ) ;
#1221 = VERTEX_POINT ( 'NONE', #1762 ) ;
#1222 = CARTESIAN_POINT ( 'NONE',  ( -2.600000000000000533, 0.8000000000000001554, 0.000000000000000000 ) ) ;
#1223 = VERTEX_POINT ( 'NONE', #1148 ) ;
#1224 = CARTESIAN_POINT ( 'NONE',  ( -1.374755052141436451, 1.360865678657484645, 1.849999999999999867 ) ) ;
#1225 = AXIS2_PLACEMENT_3D ( 'NONE', #163, #1951, #1613 ) ;
#1226 = ADVANCED_FACE ( 'NONE', ( #636 ), #963, .T. ) ;
#1227 = VECTOR ( 'NONE', #1383, 1000.000000000000000 ) ;
#1228 = EDGE_CURVE ( 'NONE', #1035, #1173, #818, .T. ) ;
#1229 = CLOSED_SHELL ( 'NONE', ( #1175, #823, #729, #1118, #297, #721, #782, #164, #1177, #412, #938, #274, #732, #1501, #661, #675, #2047, #1542, #1392, #1316, #318, #1746, #22, #361, #1757, #835, #1011, #1555, #945, #192, #1640, #1411, #1488, #1557, #154, #613, #1015, #891, #426, #1004, #1589, #1783, #473, #874, #1612, #1072, #1240, #1823, #628, #343, #1135, #1226, #1109, #485, #461, #1863, #2070, #602, #181, #1265, #2044, #1756, #1708, #2002, #860, #1161 ) ) ;
#1230 = VECTOR ( 'NONE', #2079, 1000.000000000000000 ) ;
#1231 = DIRECTION ( 'NONE',  ( 0.000000000000000000, 1.000000000000000000, 0.000000000000000000 ) ) ;
#1232 = VECTOR ( 'NONE', #676, 1000.000000000000000 ) ;
#1233 = ORIENTED_EDGE ( 'NONE', *, *, #75, .F. ) ;
#1234 = CARTESIAN_POINT ( 'NONE',  ( 1.374755052141438671, -1.360865678657494193, 1.849999999999999867 ) ) ;
#1235 = ORIENTED_EDGE ( 'NONE', *, *, #598, .T. ) ;
#1236 = ORIENTED_EDGE ( 'NONE', *, *, #2031, .F. ) ;
#1237 = EDGE_LOOP ( 'NONE', ( #1750, #616, #410, #1788, #132 ) ) ;
#1238 = DIRECTION ( 'NONE',  ( 0.000000000000000000, -0.000000000000000000, 1.000000000000000000 ) ) ;
#1239 = PLANE ( 'NONE',  #488 ) ;
#1240 = ADVANCED_FACE ( 'NONE', ( #1979 ), #1333, .T. ) ;
#1241 = CARTESIAN_POINT ( 'NONE',  ( -2.049109207094908403, -1.624109207094909468, 1.399999999999999911 ) ) ;
#1242 = EDGE_CURVE ( 'NONE', #200, #1685, #189, .T. ) ;
#1243 = ORIENTED_EDGE ( 'NONE', *, *, #1354, .F. ) ;
#1244 = CARTESIAN_POINT ( 'NONE',  ( -1.357178454011090496, -1.624109207094926344, 1.399999999999999911 ) ) ;
#1245 = VERTEX_POINT ( 'NONE', #157 ) ;
#1246 = ORIENTED_EDGE ( 'NONE', *, *, #821, .T. ) ;
#1247 = DIRECTION ( 'NONE',  ( 0.000000000000000000, 0.000000000000000000, 1.000000000000000000 ) ) ;
#1248 = FACE_OUTER_BOUND ( 'NONE', #1918, .T. ) ;
#1249 = FACE_OUTER_BOUND ( 'NONE', #283, .T. ) ;
#1250 = FACE_OUTER_BOUND ( 'NONE', #1701, .T. ) ;
#1251 = VERTEX_POINT ( 'NONE', #1162 ) ;
#1252 = DIRECTION ( 'NONE',  ( 0.000000000000000000, 0.000000000000000000, 1.000000000000000000 ) ) ;
#1253 = EDGE_CURVE ( 'NONE', #710, #686, #647, .T. ) ;
#1254 = ORIENTED_EDGE ( 'NONE', *, *, #1475, .F. ) ;
#1255 = CARTESIAN_POINT ( 'NONE',  ( 1.357178454011090940, 1.675000000000000266, 1.399999999999999911 ) ) ;
#1256 = FACE_OUTER_BOUND ( 'NONE', #2041, .T. ) ;
#1257 = PLANE ( 'NONE',  #1405 ) ;
#1258 = AXIS2_PLACEMENT_3D ( 'NONE', #401, #881, #1843 ) ;
#1259 = VECTOR ( 'NONE', #1678, 1000.000000000000000 ) ;
#1260 = CARTESIAN_POINT ( 'NONE',  ( 2.600000000000000533, -0.8000000000000001554, 0.000000000000000000 ) ) ;
#1261 = ORIENTED_EDGE ( 'NONE', *, *, #247, .T. ) ;
#1262 = AXIS2_PLACEMENT_3D ( 'NONE', #2006, #555, #1849 ) ;
#1263 = AXIS2_PLACEMENT_3D ( 'NONE', #1822, #1935, #670 ) ;
#1264 = PLANE ( 'NONE',  #1933 ) ;
#1265 = ADVANCED_FACE ( 'NONE', ( #482 ), #1930, .F. ) ;
#1266 = ORIENTED_EDGE ( 'NONE', *, *, #51, .T. ) ;
#1267 = EDGE_CURVE ( 'NONE', #1800, #594, #1969, .T. ) ;
#1268 = CARTESIAN_POINT ( 'NONE',  ( 2.049109207094926610, -0.9321784540110777950, 1.399999999999999911 ) ) ;
#1269 = CYLINDRICAL_SURFACE ( 'NONE', #1163, 0.2638296648711697667 ) ;
#1270 = CARTESIAN_POINT ( 'NONE',  ( 0.000000000000000000, 0.000000000000000000, 0.2000000000000000111 ) ) ;
#1271 = PLANE ( 'NONE',  #1400 ) ;
#1272 = VERTEX_POINT ( 'NONE', #495 ) ;
#1273 = CARTESIAN_POINT ( 'NONE',  ( -2.100000000000000089, -1.350000000000000311, 0.2000000000000000111 ) ) ;
#1274 = ORIENTED_EDGE ( 'NONE', *, *, #1663, .T. ) ;
#1275 = ORIENTED_EDGE ( 'NONE', *, *, #1602, .T. ) ;
#1276 = DIRECTION ( 'NONE',  ( -0.000000000000000000, -0.000000000000000000, 1.000000000000000000 ) ) ;
#1277 = EDGE_CURVE ( 'NONE', #379, #95, #1798, .T. ) ;
#1278 = PLANE ( 'NONE',  #953 ) ;
#1279 = SURFACE_STYLE_FILL_AREA ( #159 ) ;
#1280 = DIRECTION ( 'NONE',  ( -0.7071067811865470176, -0.7071067811865481278, 0.000000000000000000 ) ) ;
#1281 = ORIENTED_EDGE ( 'NONE', *, *, #500, .F. ) ;
#1282 = EDGE_LOOP ( 'NONE', ( #1603, #864, #1246, #1544, #1980, #91 ) ) ;
#1283 = CARTESIAN_POINT ( 'NONE',  ( -2.049109207094908403, -1.624109207094909468, 1.849999999999999867 ) ) ;
#1284 = CARTESIAN_POINT ( 'NONE',  ( -2.600000000000000533, 0.8000000000000001554, 0.2000000000000000111 ) ) ;
#1285 = VERTEX_POINT ( 'NONE', #324 ) ;
#1286 = DIRECTION ( 'NONE',  ( -1.000000000000000000, 0.000000000000000000, 0.000000000000000000 ) ) ;
#1287 = EDGE_CURVE ( 'NONE', #1685, #250, #830, .T. ) ;
#1288 = VECTOR ( 'NONE', #1138, 1000.000000000000000 ) ;
#1289 = DIRECTION ( 'NONE',  ( 1.000000000000000000, 2.914476675354177510E-14, -0.000000000000000000 ) ) ;
#1290 = VECTOR ( 'NONE', #376, 1000.000000000000000 ) ;
#1291 = VECTOR ( 'NONE', #1252, 1000.000000000000000 ) ;
#1292 = VECTOR ( 'NONE', #1552, 1000.000000000000000 ) ;
#1293 = EDGE_LOOP ( 'NONE', ( #1442, #1065, #1486, #563 ) ) ;
#1294 = DIRECTION ( 'NONE',  ( 0.7071067811865475727, -0.7071067811865475727, 0.000000000000000000 ) ) ;
#1295 = VECTOR ( 'NONE', #403, 1000.000000000000000 ) ;
#1296 = ORIENTED_EDGE ( 'NONE', *, *, #972, .F. ) ;
#1297 = VECTOR ( 'NONE', #617, 1000.000000000000000 ) ;
#1298 = PLANE ( 'NONE',  #1804 ) ;
#1299 = DIRECTION ( 'NONE',  ( 1.000000000000000000, 4.336808689942017736E-16, -0.000000000000000000 ) ) ;
#1300 = ORIENTED_EDGE ( 'NONE', *, *, #717, .F. ) ;
#1301 = FACE_OUTER_BOUND ( 'NONE', #1293, .T. ) ;
#1302 = CARTESIAN_POINT ( 'NONE',  ( 1.181254620290883794, -1.181254620290881796, 1.699999999999999956 ) ) ;
#1303 = EDGE_CURVE ( 'NONE', #1164, #1507, #178, .T. ) ;
#1304 = CARTESIAN_POINT ( 'NONE',  ( 2.100000000000000089, 1.350000000000000311, 0.2000000000000000111 ) ) ;
#1305 = ORIENTED_EDGE ( 'NONE', *, *, #372, .F. ) ;
#1306 = LINE ( 'NONE', #1808, #281 ) ;
#1307 = VERTEX_POINT ( 'NONE', #1811 ) ;
#1308 = LINE ( 'NONE', #1502, #1772 ) ;
#1309 = CARTESIAN_POINT ( 'NONE',  ( 2.100000000000000089, -0.8000000000000001554, 0.2000000000000000111 ) ) ;
#1310 = ORIENTED_EDGE ( 'NONE', *, *, #9, .F. ) ;
#1311 = ORIENTED_EDGE ( 'NONE', *, *, #1884, .T. ) ;
#1312 = DIRECTION ( 'NONE',  ( 1.000000000000000000, 5.162867488026211121E-17, -0.000000000000000000 ) ) ;
#1313 = CARTESIAN_POINT ( 'NONE',  ( 1.357178454011090940, 1.624109207094935670, 1.399999999999999911 ) ) ;
#1314 = DIRECTION ( 'NONE',  ( 0.000000000000000000, 0.000000000000000000, -1.000000000000000000 ) ) ;
#1315 = ORIENTED_EDGE ( 'NONE', *, *, #48, .T. ) ;
#1316 = ADVANCED_FACE ( 'NONE', ( #657 ), #199, .F. ) ;
#1317 = CYLINDRICAL_SURFACE ( 'NONE', #251, 0.2638296648711623837 ) ;
#1318 = VERTEX_POINT ( 'NONE', #1008 ) ;
#1319 = DIRECTION ( 'NONE',  ( 1.000000000000000000, 0.000000000000000000, 0.000000000000000000 ) ) ;
#1320 = CARTESIAN_POINT ( 'NONE',  ( 2.049109207094908403, 1.624109207094923457, 1.399999999999999911 ) ) ;
#1321 = ORIENTED_EDGE ( 'NONE', *, *, #439, .T. ) ;
#1322 = LINE ( 'NONE', #1968, #950 ) ;
#1323 = DIRECTION ( 'NONE',  ( 0.000000000000000000, -1.000000000000000000, 0.000000000000000000 ) ) ;
#1324 = VERTEX_POINT ( 'NONE', #1700 ) ;
#1325 = AXIS2_PLACEMENT_3D ( 'NONE', #1309, #28, #668 ) ;
#1326 = DIRECTION ( 'NONE',  ( -0.000000000000000000, -0.000000000000000000, -1.000000000000000000 ) ) ;
#1327 = VECTOR ( 'NONE', #68, 1000.000000000000000 ) ;
#1328 = EDGE_CURVE ( 'NONE', #1393, #1647, #1182, .T. ) ;
#1329 = ORIENTED_EDGE ( 'NONE', *, *, #936, .T. ) ;
#1330 = DIRECTION ( 'NONE',  ( 0.000000000000000000, -0.000000000000000000, 1.000000000000000000 ) ) ;
#1331 = MECHANICAL_DESIGN_GEOMETRIC_PRESENTATION_REPRESENTATION (  '', ( #254 ), #481 ) ;
#1332 = EDGE_CURVE ( 'NONE', #1348, #845, #1034, .T. ) ;
#1333 = PLANE ( 'NONE',  #1629 ) ;
#1334 = ORIENTED_EDGE ( 'NONE', *, *, #969, .F. ) ;
#1335 = CARTESIAN_POINT ( 'NONE',  ( -2.600000000000000533, -0.8000000000000001554, 0.2000000000000000111 ) ) ;
#1336 = CARTESIAN_POINT ( 'NONE',  ( -1.357178454011090496, 1.675000000000000044, 1.399999999999999911 ) ) ;
#1337 = ORIENTED_EDGE ( 'NONE', *, *, #1898, .F. ) ;
#1338 = DIRECTION ( 'NONE',  ( 0.000000000000000000, 0.000000000000000000, -1.000000000000000000 ) ) ;
#1339 = FACE_OUTER_BOUND ( 'NONE', #394, .T. ) ;
#1340 = LINE ( 'NONE', #1206, #744 ) ;
#1341 = ORIENTED_EDGE ( 'NONE', *, *, #34, .T. ) ;
#1342 = EDGE_LOOP ( 'NONE', ( #230, #1188, #1956, #66 ) ) ;
#1343 = EDGE_CURVE ( 'NONE', #1582, #1645, #1384, .T. ) ;
#1344 = CYLINDRICAL_SURFACE ( 'NONE', #615, 0.2638296648711595527 ) ;
#1345 = LINE ( 'NONE', #1644, #1087 ) ;
#1346 = ORIENTED_EDGE ( 'NONE', *, *, #232, .F. ) ;
#1347 = LINE ( 'NONE', #1391, #415 ) ;
#1348 = VERTEX_POINT ( 'NONE', #1374 ) ;
#1349 = CARTESIAN_POINT ( 'NONE',  ( 2.600000000000000533, -0.8000000000000001554, 0.2000000000000000111 ) ) ;
#1350 = LINE ( 'NONE', #871, #850 ) ;
#1351 = ORIENTED_EDGE ( 'NONE', *, *, #100, .T. ) ;
#1352 = CARTESIAN_POINT ( 'NONE',  ( 1.374755052141438671, -1.360865678657494193, 1.699999999999999956 ) ) ;
#1353 = FACE_OUTER_BOUND ( 'NONE', #1422, .T. ) ;
#1354 = EDGE_CURVE ( 'NONE', #95, #765, #257, .T. ) ;
#1355 = FACE_OUTER_BOUND ( 'NONE', #84, .T. ) ;
#1356 = EDGE_CURVE ( 'NONE', #322, #929, #233, .T. ) ;
#1357 = ORIENTED_EDGE ( 'NONE', *, *, #1215, .T. ) ;
#1358 = DIRECTION ( 'NONE',  ( -1.000000000000000000, -2.444399792232536393E-14, 0.000000000000000000 ) ) ;
#1359 = ORIENTED_EDGE ( 'NONE', *, *, #112, .T. ) ;
#1360 = FACE_OUTER_BOUND ( 'NONE', #244, .T. ) ;
#1361 = VECTOR ( 'NONE', #723, 1000.000000000000000 ) ;
#1362 = VECTOR ( 'NONE', #1495, 1000.000000000000000 ) ;
#1363 = DIRECTION ( 'NONE',  ( 0.7071067811865474617, 0.7071067811865474617, 0.000000000000000000 ) ) ;
#1364 = EDGE_LOOP ( 'NONE', ( #19, #1554, #839, #2014, #1785, #1981 ) ) ;
#1365 = VECTOR ( 'NONE', #1231, 1000.000000000000000 ) ;
#1366 = ORIENTED_EDGE ( 'NONE', *, *, #2068, .T. ) ;
#1367 = CARTESIAN_POINT ( 'NONE',  ( 2.100000000000000089, -0.9321784540110777950, 1.399999999999999911 ) ) ;
#1368 = PLANE ( 'NONE',  #1972 ) ;
#1369 = ORIENTED_EDGE ( 'NONE', *, *, #2092, .F. ) ;
#1370 = CARTESIAN_POINT ( 'NONE',  ( -1.785865678657466926, -0.9497550521414440672, 1.849999999999999867 ) ) ;
#1371 = EDGE_CURVE ( 'NONE', #911, #786, #1852, .T. ) ;
#1372 = ORIENTED_EDGE ( 'NONE', *, *, #1386, .T. ) ;
#1373 = CARTESIAN_POINT ( 'NONE',  ( -1.357178454011090496, 1.675000000000000044, 1.399999999999999911 ) ) ;
#1374 = CARTESIAN_POINT ( 'NONE',  ( 2.600000000000000533, 1.350000000000000089, 0.000000000000000000 ) ) ;
#1375 = ORIENTED_EDGE ( 'NONE', *, *, #1993, .F. ) ;
#1376 = EDGE_LOOP ( 'NONE', ( #509, #15, #397, #2050, #1773 ) ) ;
#1377 = PLANE ( 'NONE',  #111 ) ;
#1378 = DIRECTION ( 'NONE',  ( 6.267691774955223038E-15, -1.000000000000000000, 0.000000000000000000 ) ) ;
#1379 = ORIENTED_EDGE ( 'NONE', *, *, #1982, .T. ) ;
#1380 = DIRECTION ( 'NONE',  ( 1.000000000000000000, 0.000000000000000000, 0.000000000000000000 ) ) ;
#1381 = ORIENTED_EDGE ( 'NONE', *, *, #262, .T. ) ;
#1382 = EDGE_CURVE ( 'NONE', #18, #929, #863, .T. ) ;
#1383 = DIRECTION ( 'NONE',  ( 0.000000000000000000, 0.000000000000000000, -1.000000000000000000 ) ) ;
#1384 = LINE ( 'NONE', #1680, #1661 ) ;
#1385 = EDGE_LOOP ( 'NONE', ( #1372, #1236, #402, #29 ) ) ;
#1386 = EDGE_CURVE ( 'NONE', #1833, #1990, #1350, .T. ) ;
#1387 = ORIENTED_EDGE ( 'NONE', *, *, #635, .F. ) ;
#1388 = LINE ( 'NONE', #237, #1503 ) ;
#1389 = DIRECTION ( 'NONE',  ( 0.000000000000000000, -1.000000000000000000, -0.000000000000000000 ) ) ;
#1390 = ORIENTED_EDGE ( 'NONE', *, *, #793, .F. ) ;
#1391 = CARTESIAN_POINT ( 'NONE',  ( -2.600000000000000533, -1.349999999999999867, 0.2000000000000000111 ) ) ;
#1392 = ADVANCED_FACE ( 'NONE', ( #52 ), #733, .F. ) ;
#1393 = VERTEX_POINT ( 'NONE', #409 ) ;
#1394 = DIRECTION ( 'NONE',  ( 0.000000000000000000, 0.000000000000000000, -1.000000000000000000 ) ) ;
#1395 = AXIS2_PLACEMENT_3D ( 'NONE', #13, #205, #1498 ) ;
#1396 = VECTOR ( 'NONE', #1314, 1000.000000000000000 ) ;
#1397 = EDGE_CURVE ( 'NONE', #603, #1621, #380, .T. ) ;
#1398 = DIRECTION ( 'NONE',  ( 0.000000000000000000, 0.000000000000000000, 1.000000000000000000 ) ) ;
#1399 = VECTOR ( 'NONE', #408, 1000.000000000000000 ) ;
#1400 = AXIS2_PLACEMENT_3D ( 'NONE', #928, #956, #1117 ) ;
#1401 =( NAMED_UNIT ( * ) SI_UNIT ( $, .STERADIAN. ) SOLID_ANGLE_UNIT ( ) );
#1402 = VECTOR ( 'NONE', #1881, 1000.000000000000000 ) ;
#1403 = ORIENTED_EDGE ( 'NONE', *, *, #1580, .F. ) ;
#1404 = CARTESIAN_POINT ( 'NONE',  ( -2.100000000000000089, 1.675000000000000044, 0.000000000000000000 ) ) ;
#1405 = AXIS2_PLACEMENT_3D ( 'NONE', #1419, #2078, #1748 ) ;
#1406 = ORIENTED_EDGE ( 'NONE', *, *, #1625, .F. ) ;
#1407 = ORIENTED_EDGE ( 'NONE', *, *, #778, .F. ) ;
#1408 = LINE ( 'NONE', #1084, #1939 ) ;
#1409 = FACE_OUTER_BOUND ( 'NONE', #2030, .T. ) ;
#1410 = DIRECTION ( 'NONE',  ( 0.000000000000000000, 0.000000000000000000, 1.000000000000000000 ) ) ;
#1411 = ADVANCED_FACE ( 'NONE', ( #1860 ), #1525, .T. ) ;
#1412 = LINE ( 'NONE', #1260, #1736 ) ;
#1413 = EDGE_LOOP ( 'NONE', ( #672, #406, #587, #457 ) ) ;
#1414 = CARTESIAN_POINT ( 'NONE',  ( 0.000000000000000000, 0.000000000000000000, 0.2000000000000000111 ) ) ;
#1415 = ORIENTED_EDGE ( 'NONE', *, *, #556, .T. ) ;
#1416 = ORIENTED_EDGE ( 'NONE', *, *, #1068, .T. ) ;
#1417 = DIRECTION ( 'NONE',  ( 1.000000000000000000, 0.000000000000000000, 0.000000000000000000 ) ) ;
#1418 = DIRECTION ( 'NONE',  ( 1.000000000000000000, 0.000000000000000000, 0.000000000000000000 ) ) ;
#1419 = CARTESIAN_POINT ( 'NONE',  ( 2.100000000000000089, -0.9321784540110777950, 1.399999999999999911 ) ) ;
#1420 = EDGE_CURVE ( 'NONE', #1021, #1150, #558, .T. ) ;
#1421 = DIRECTION ( 'NONE',  ( -7.521230129946267646E-15, 1.000000000000000000, -0.000000000000000000 ) ) ;
#1422 = EDGE_LOOP ( 'NONE', ( #1493, #922, #1453, #1611 ) ) ;
#1423 = PLANE ( 'NONE',  #888 ) ;
#1424 = ORIENTED_EDGE ( 'NONE', *, *, #90, .F. ) ;
#1425 = PLANE ( 'NONE',  #388 ) ;
#1426 = CARTESIAN_POINT ( 'NONE',  ( -1.785865678657466926, -0.9497550521414440672, 1.399999999999999911 ) ) ;
#1427 = LINE ( 'NONE', #127, #1710 ) ;
#1428 = AXIS2_PLACEMENT_3D ( 'NONE', #1156, #1646, #687 ) ;
#1429 = VECTOR ( 'NONE', #2021, 1000.000000000000000 ) ;
#1430 = CARTESIAN_POINT ( 'NONE',  ( 2.100000000000000089, 1.675000000000000266, 1.699999999999999956 ) ) ;
#1431 = ORIENTED_EDGE ( 'NONE', *, *, #1242, .F. ) ;
#1432 = VECTOR ( 'NONE', #1050, 1000.000000000000000 ) ;
#1433 = VECTOR ( 'NONE', #1312, 1000.000000000000000 ) ;
#1434 = CARTESIAN_POINT ( 'NONE',  ( -2.049109207094908403, -0.9321784540110916728, 1.849999999999999867 ) ) ;
#1435 = VERTEX_POINT ( 'NONE', #209 ) ;
#1436 = EDGE_CURVE ( 'NONE', #1871, #710, #851, .T. ) ;
#1437 = ORIENTED_EDGE ( 'NONE', *, *, #1106, .F. ) ;
#1438 = CARTESIAN_POINT ( 'NONE',  ( -1.374755052141436451, 1.360865678657484645, 1.699999999999999956 ) ) ;
#1439 = LINE ( 'NONE', #2076, #1841 ) ;
#1440 = DIRECTION ( 'NONE',  ( -0.000000000000000000, -0.000000000000000000, -1.000000000000000000 ) ) ;
#1441 = CARTESIAN_POINT ( 'NONE',  ( 2.100000000000000089, -1.350000000000000311, 0.000000000000000000 ) ) ;
#1442 = ORIENTED_EDGE ( 'NONE', *, *, #528, .T. ) ;
#1443 = EDGE_CURVE ( 'NONE', #594, #686, #690, .T. ) ;
#1444 = ORIENTED_EDGE ( 'NONE', *, *, #1718, .F. ) ;
#1445 = PLANE ( 'NONE',  #2045 ) ;
#1446 = EDGE_CURVE ( 'NONE', #2032, #1660, #1340, .T. ) ;
#1447 = LINE ( 'NONE', #514, #982 ) ;
#1448 = LINE ( 'NONE', #606, #1673 ) ;
#1449 = FACE_OUTER_BOUND ( 'NONE', #234, .T. ) ;
#1450 = DIRECTION ( 'NONE',  ( 0.000000000000000000, 0.000000000000000000, 1.000000000000000000 ) ) ;
#1451 = ORIENTED_EDGE ( 'NONE', *, *, #1242, .T. ) ;
#1452 = CARTESIAN_POINT ( 'NONE',  ( 2.049109207094908403, 1.624109207094923457, 1.399999999999999911 ) ) ;
#1453 = ORIENTED_EDGE ( 'NONE', *, *, #936, .F. ) ;
#1454 = DIRECTION ( 'NONE',  ( 1.000000000000000000, 0.000000000000000000, 0.000000000000000000 ) ) ;
#1455 = CARTESIAN_POINT ( 'NONE',  ( 1.357178454011090940, 1.624109207094935670, 1.399999999999999911 ) ) ;
#1456 = EDGE_CURVE ( 'NONE', #1435, #1285, #1988, .T. ) ;
#1457 = CARTESIAN_POINT ( 'NONE',  ( -1.357178454011090274, 1.624109207094929674, 1.699999999999999956 ) ) ;
#1458 = AXIS2_PLACEMENT_3D ( 'NONE', #1941, #1326, #1974 ) ;
#1459 = DIRECTION ( 'NONE',  ( -1.000000000000000000, 8.673617379884035472E-16, 0.000000000000000000 ) ) ;
#1460 = VECTOR ( 'NONE', #368, 1000.000000000000000 ) ;
#1461 = LINE ( 'NONE', #171, #1362 ) ;
#1462 = VECTOR ( 'NONE', #1947, 1000.000000000000000 ) ;
#1463 = AXIS2_PLACEMENT_3D ( 'NONE', #129, #768, #456 ) ;
#1464 = VERTEX_POINT ( 'NONE', #377 ) ;
#1465 = DIRECTION ( 'NONE',  ( -1.000000000000000000, -4.336808689942017736E-16, 0.000000000000000000 ) ) ;
#1466 = VERTEX_POINT ( 'NONE', #60 ) ;
#1467 = CARTESIAN_POINT ( 'NONE',  ( 1.599309933548893392, -0.7631993070328694229, 1.399999999999999911 ) ) ;
#1468 = CARTESIAN_POINT ( 'NONE',  ( -2.049109207094908403, 1.624109207094909468, 1.849999999999999867 ) ) ;
#1469 = VERTEX_POINT ( 'NONE', #1688 ) ;
#1470 = ORIENTED_EDGE ( 'NONE', *, *, #489, .F. ) ;
#1471 = CARTESIAN_POINT ( 'NONE',  ( -2.049109207094908403, 0.9321784540110916728, 1.399999999999999911 ) ) ;
#1472 = EDGE_CURVE ( 'NONE', #940, #724, #946, .T. ) ;
#1473 = LINE ( 'NONE', #193, #783 ) ;
#1474 = FACE_OUTER_BOUND ( 'NONE', #873, .T. ) ;
#1475 = EDGE_CURVE ( 'NONE', #1221, #658, #83, .T. ) ;
#1476 = ORIENTED_EDGE ( 'NONE', *, *, #1472, .T. ) ;
#1477 = CARTESIAN_POINT ( 'NONE',  ( -0.2499999999999997780, -1.129999999999999671, 2.500000000000000000 ) ) ;
#1478 = ORIENTED_EDGE ( 'NONE', *, *, #1577, .F. ) ;
#1479 = DIRECTION ( 'NONE',  ( 0.000000000000000000, 0.000000000000000000, 1.000000000000000000 ) ) ;
#1480 = CARTESIAN_POINT ( 'NONE',  ( 2.100000000000000089, -0.8000000000000001554, 0.2000000000000000111 ) ) ;
#1481 = ORIENTED_EDGE ( 'NONE', *, *, #1602, .F. ) ;
#1482 = CYLINDRICAL_SURFACE ( 'NONE', #1538, 0.2638296648711658809 ) ;
#1483 = DIRECTION ( 'NONE',  ( -4.260897150916591680E-15, 1.000000000000000000, 0.000000000000000000 ) ) ;
#1484 = EDGE_CURVE ( 'NONE', #1211, #1647, #1306, .T. ) ;
#1485 = LINE ( 'NONE', #23, #382 ) ;
#1486 = ORIENTED_EDGE ( 'NONE', *, *, #73, .F. ) ;
#1487 = LINE ( 'NONE', #1452, #1119 ) ;
#1488 = ADVANCED_FACE ( 'NONE', ( #356 ), #1654, .T. ) ;
#1489 = ORIENTED_EDGE ( 'NONE', *, *, #1910, .F. ) ;
#1490 = LINE ( 'NONE', #513, #282 ) ;
#1491 = DIRECTION ( 'NONE',  ( 0.7071067811865475727, 0.7071067811865475727, -0.000000000000000000 ) ) ;
#1492 = PRODUCT ( 'Switch', 'Switch', '', ( #915 ) ) ;
#1493 = ORIENTED_EDGE ( 'NONE', *, *, #1382, .T. ) ;
#1494 = CARTESIAN_POINT ( 'NONE',  ( 0.2500000000000004441, -1.129999999999999449, 2.500000000000000000 ) ) ;
#1495 = DIRECTION ( 'NONE',  ( 1.000000000000000000, -2.444399792232536709E-14, -0.000000000000000000 ) ) ;
#1496 = ORIENTED_EDGE ( 'NONE', *, *, #1082, .F. ) ;
#1497 = CIRCLE ( 'NONE', #779, 0.2638296648711623837 ) ;
#1498 = DIRECTION ( 'NONE',  ( 1.000000000000000000, 3.071168969728058618E-14, 0.000000000000000000 ) ) ;
#1499 = VECTOR ( 'NONE', #1378, 1000.000000000000000 ) ;
#1500 = ORIENTED_EDGE ( 'NONE', *, *, #769, .F. ) ;
#1501 = ADVANCED_FACE ( 'NONE', ( #501 ), #1622, .T. ) ;
#1502 = CARTESIAN_POINT ( 'NONE',  ( 0.2499999999999993616, 1.129999999999999449, 1.699999999999999956 ) ) ;
#1503 = VECTOR ( 'NONE', #1992, 1000.000000000000000 ) ;
#1504 = CIRCLE ( 'NONE', #753, 0.2638296648711658809 ) ;
#1505 = CARTESIAN_POINT ( 'NONE',  ( -1.181254620290882462, 1.181254620290882462, 1.699999999999999956 ) ) ;
#1506 = ORIENTED_EDGE ( 'NONE', *, *, #1518, .F. ) ;
#1507 = VERTEX_POINT ( 'NONE', #1477 ) ;
#1508 = LINE ( 'NONE', #1037, #2077 ) ;
#1509 = LINE ( 'NONE', #490, #448 ) ;
#1510 = ORIENTED_EDGE ( 'NONE', *, *, #100, .F. ) ;
#1511 = CARTESIAN_POINT ( 'NONE',  ( -1.357178454011090496, 1.624109207094926344, 1.399999999999999911 ) ) ;
#1512 = ORIENTED_EDGE ( 'NONE', *, *, #2092, .T. ) ;
#1513 = PLANE ( 'NONE',  #550 ) ;
#1514 = EDGE_CURVE ( 'NONE', #586, #707, #1774, .T. ) ;
#1515 = CARTESIAN_POINT ( 'NONE',  ( -1.374755052141436451, 1.360865678657484645, 1.399999999999999911 ) ) ;
#1516 = ORIENTED_EDGE ( 'NONE', *, *, #63, .F. ) ;
#1517 = DIRECTION ( 'NONE',  ( 0.000000000000000000, 0.000000000000000000, 1.000000000000000000 ) ) ;
#1518 = EDGE_CURVE ( 'NONE', #379, #1464, #1487, .T. ) ;
#1519 = CARTESIAN_POINT ( 'NONE',  ( -2.100000000000000089, 1.675000000000000044, 1.399999999999999911 ) ) ;
#1520 = DIRECTION ( 'NONE',  ( -1.000000000000000000, 0.000000000000000000, -0.000000000000000000 ) ) ;
#1521 = ORIENTED_EDGE ( 'NONE', *, *, #541, .F. ) ;
#1522 = PLANE ( 'NONE',  #1597 ) ;
#1523 = VERTEX_POINT ( 'NONE', #186 ) ;
#1524 = LINE ( 'NONE', #708, #1598 ) ;
#1525 = CYLINDRICAL_SURFACE ( 'NONE', #1568, 0.2638296648711658809 ) ;
#1526 = ORIENTED_EDGE ( 'NONE', *, *, #1356, .T. ) ;
#1527 = ORIENTED_EDGE ( 'NONE', *, *, #34, .F. ) ;
#1528 = LINE ( 'NONE', #1185, #920 ) ;
#1529 = EDGE_CURVE ( 'NONE', #1221, #995, #47, .T. ) ;
#1530 = CARTESIAN_POINT ( 'NONE',  ( 1.374755052141438671, -1.360865678657494193, 1.849999999999999867 ) ) ;
#1531 = ORIENTED_EDGE ( 'NONE', *, *, #1766, .T. ) ;
#1532 = CARTESIAN_POINT ( 'NONE',  ( 2.600000000000000533, -0.8000000000000001554, 0.000000000000000000 ) ) ;
#1533 = VECTOR ( 'NONE', #126, 1000.000000000000000 ) ;
#1534 = DIRECTION ( 'NONE',  ( -4.336808689942017736E-16, -1.000000000000000000, 0.000000000000000000 ) ) ;
#1535 = CARTESIAN_POINT ( 'NONE',  ( -1.374755052141436451, 1.360865678657484645, 1.849999999999999867 ) ) ;
#1536 = ORIENTED_EDGE ( 'NONE', *, *, #1456, .T. ) ;
#1537 = VECTOR ( 'NONE', #808, 1000.000000000000000 ) ;
#1538 = AXIS2_PLACEMENT_3D ( 'NONE', #1151, #1814, #506 ) ;
#1539 = LINE ( 'NONE', #1055, #1738 ) ;
#1540 = AXIS2_PLACEMENT_3D ( 'NONE', #1438, #1891, #1417 ) ;
#1541 = DIRECTION ( 'NONE',  ( -0.000000000000000000, -0.000000000000000000, 1.000000000000000000 ) ) ;
#1542 = ADVANCED_FACE ( 'NONE', ( #827 ), #173, .F. ) ;
#1543 = PLANE ( 'NONE',  #1970 ) ;
#1544 = ORIENTED_EDGE ( 'NONE', *, *, #1202, .T. ) ;
#1545 = CARTESIAN_POINT ( 'NONE',  ( -0.2500000000000000000, -1.710385654761122430E-16, 1.699999999999999956 ) ) ;
#1546 = EDGE_CURVE ( 'NONE', #1523, #347, #1834, .T. ) ;
#1547 = ORIENTED_EDGE ( 'NONE', *, *, #969, .T. ) ;
#1548 = DIRECTION ( 'NONE',  ( 0.7071067811865482389, -0.7071067811865469066, -0.000000000000000000 ) ) ;
#1549 = CARTESIAN_POINT ( 'NONE',  ( 0.2500000000000004441, -1.129999999999999449, 1.699999999999999956 ) ) ;
#1550 = ORIENTED_EDGE ( 'NONE', *, *, #321, .T. ) ;
#1551 = CARTESIAN_POINT ( 'NONE',  ( 0.2499999999999993616, 1.129999999999999449, 1.699999999999999956 ) ) ;
#1552 = DIRECTION ( 'NONE',  ( 0.000000000000000000, 0.000000000000000000, 1.000000000000000000 ) ) ;
#1553 = LINE ( 'NONE', #572, #1765 ) ;
#1554 = ORIENTED_EDGE ( 'NONE', *, *, #991, .T. ) ;
#1555 = ADVANCED_FACE ( 'NONE', ( #641 ), #847, .T. ) ;
#1556 = CARTESIAN_POINT ( 'NONE',  ( -0.2499999999999997780, -1.129999999999999671, 2.500000000000000000 ) ) ;
#1557 = ADVANCED_FACE ( 'NONE', ( #2097 ), #1317, .T. ) ;
#1558 = ORIENTED_EDGE ( 'NONE', *, *, #1484, .F. ) ;
#1559 = CARTESIAN_POINT ( 'NONE',  ( -2.100000000000000089, 0.8000000000000001554, 0.2000000000000000111 ) ) ;
#1560 = CARTESIAN_POINT ( 'NONE',  ( -2.100000000000000089, -1.675000000000000044, 1.399999999999999911 ) ) ;
#1561 = CARTESIAN_POINT ( 'NONE',  ( -2.100000000000000089, -0.8000000000000001554, 0.000000000000000000 ) ) ;
#1562 = EDGE_LOOP ( 'NONE', ( #1183, #892, #801, #1547, #1136, #1390, #2060, #1179 ) ) ;
#1563 = CARTESIAN_POINT ( 'NONE',  ( -1.374755052141436451, -1.360865678657484645, 1.849999999999999867 ) ) ;
#1564 = ORIENTED_EDGE ( 'NONE', *, *, #635, .T. ) ;
#1565 = EDGE_CURVE ( 'NONE', #719, #603, #1784, .T. ) ;
#1566 = ORIENTED_EDGE ( 'NONE', *, *, #1546, .T. ) ;
#1567 = LINE ( 'NONE', #460, #219 ) ;
#1568 = AXIS2_PLACEMENT_3D ( 'NONE', #1515, #1819, #1216 ) ;
#1569 = CARTESIAN_POINT ( 'NONE',  ( 2.100000000000000089, 0.8000000000000001554, 0.2000000000000000111 ) ) ;
#1570 = VECTOR ( 'NONE', #1078, 1000.000000000000000 ) ;
#1571 = APPLICATION_PROTOCOL_DEFINITION ( 'draft international standard', 'automotive_design', 1998, #362 ) ;
#1572 = VECTOR ( 'NONE', #16, 1000.000000000000000 ) ;
#1573 = ORIENTED_EDGE ( 'NONE', *, *, #1267, .F. ) ;
#1574 = DIRECTION ( 'NONE',  ( -0.000000000000000000, 1.000000000000000000, 0.000000000000000000 ) ) ;
#1575 = EDGE_LOOP ( 'NONE', ( #1677, #393, #1638, #153, #155 ) ) ;
#1576 = LINE ( 'NONE', #1255, #585 ) ;
#1577 = EDGE_CURVE ( 'NONE', #1990, #1871, #1497, .T. ) ;
#1578 = CARTESIAN_POINT ( 'NONE',  ( 2.100000000000000089, 0.8000000000000001554, 0.000000000000000000 ) ) ;
#1579 = PLANE ( 'NONE',  #425 ) ;
#1580 = EDGE_CURVE ( 'NONE', #1174, #1689, #1931, .T. ) ;
#1581 = FACE_OUTER_BOUND ( 'NONE', #1000, .T. ) ;
#1582 = VERTEX_POINT ( 'NONE', #838 ) ;
#1583 = LINE ( 'NONE', #1244, #418 ) ;
#1584 = ORIENTED_EDGE ( 'NONE', *, *, #912, .T. ) ;
#1585 = ORIENTED_EDGE ( 'NONE', *, *, #286, .T. ) ;
#1586 = CARTESIAN_POINT ( 'NONE',  ( 2.049109207094913732, 0.9321784540111057726, 1.399999999999999911 ) ) ;
#1587 = CYLINDRICAL_SURFACE ( 'NONE', #1155, 0.2638296648711658809 ) ;
#1588 = DIRECTION ( 'NONE',  ( -1.000000000000000000, 0.000000000000000000, 0.000000000000000000 ) ) ;
#1589 = ADVANCED_FACE ( 'NONE', ( #673 ), #1169, .T. ) ;
#1590 = ORIENTED_EDGE ( 'NONE', *, *, #1146, .T. ) ;
#1591 = PLANE ( 'NONE',  #679 ) ;
#1592 = ORIENTED_EDGE ( 'NONE', *, *, #1693, .T. ) ;
#1593 = ORIENTED_EDGE ( 'NONE', *, *, #1615, .T. ) ;
#1594 = DIRECTION ( 'NONE',  ( 1.000000000000000000, 0.000000000000000000, 0.000000000000000000 ) ) ;
#1595 = DIRECTION ( 'NONE',  ( -0.000000000000000000, -1.000000000000000000, -0.000000000000000000 ) ) ;
#1596 = LINE ( 'NONE', #927, #222 ) ;
#1597 = AXIS2_PLACEMENT_3D ( 'NONE', #1511, #2029, #1358 ) ;
#1598 = VECTOR ( 'NONE', #1827, 1000.000000000000000 ) ;
#1599 = CARTESIAN_POINT ( 'NONE',  ( 2.600000000000000533, -1.349999999999999867, 0.2000000000000000111 ) ) ;
#1600 = AXIS2_PLACEMENT_3D ( 'NONE', #1925, #1739, #291 ) ;
#1601 = PLANE ( 'NONE',  #110 ) ;
#1602 = EDGE_CURVE ( 'NONE', #1466, #1245, #1986, .T. ) ;
#1603 = ORIENTED_EDGE ( 'NONE', *, *, #1813, .T. ) ;
#1604 = EDGE_CURVE ( 'NONE', #1324, #172, #330, .T. ) ;
#1605 = ORIENTED_EDGE ( 'NONE', *, *, #1343, .F. ) ;
#1606 = CARTESIAN_POINT ( 'NONE',  ( 2.100000000000000089, -1.674999999999999822, 0.000000000000000000 ) ) ;
#1607 = DIRECTION ( 'NONE',  ( -0.7071067811865474617, 0.7071067811865474617, 0.000000000000000000 ) ) ;
#1608 = FACE_OUTER_BOUND ( 'NONE', #546, .T. ) ;
#1609 = CARTESIAN_POINT ( 'NONE',  ( 2.100000000000000089, -0.9321784540110777950, 1.699999999999999956 ) ) ;
#1610 = CARTESIAN_POINT ( 'NONE',  ( -2.100000000000000089, 0.9321784540110916728, 1.399999999999999911 ) ) ;
#1611 = ORIENTED_EDGE ( 'NONE', *, *, #1718, .T. ) ;
#1612 = ADVANCED_FACE ( 'NONE', ( #1064 ), #1676, .T. ) ;
#1613 = DIRECTION ( 'NONE',  ( -1.000000000000000000, -8.673617379884035472E-16, 0.000000000000000000 ) ) ;
#1614 = ORIENTED_EDGE ( 'NONE', *, *, #703, .F. ) ;
#1615 = EDGE_CURVE ( 'NONE', #705, #536, #1056, .T. ) ;
#1616 = CARTESIAN_POINT ( 'NONE',  ( 0.000000000000000000, 0.000000000000000000, 0.2000000000000000111 ) ) ;
#1617 = CARTESIAN_POINT ( 'NONE',  ( -1.599309933548894058, -0.7631993070328708662, 1.399999999999999911 ) ) ;
#1618 = LINE ( 'NONE', #1471, #1769 ) ;
#1619 = DIRECTION ( 'NONE',  ( 1.000000000000000000, 8.673617379884035472E-16, 0.000000000000000000 ) ) ;
#1620 = CARTESIAN_POINT ( 'NONE',  ( -0.2500000000000000000, -1.710385654761122430E-16, 1.699999999999999956 ) ) ;
#1621 = VERTEX_POINT ( 'NONE', #398 ) ;
#1622 = PLANE ( 'NONE',  #1018 ) ;
#1623 = ORIENTED_EDGE ( 'NONE', *, *, #1728, .T. ) ;
#1624 = DIRECTION ( 'NONE',  ( 0.000000000000000000, 0.000000000000000000, -1.000000000000000000 ) ) ;
#1625 = EDGE_CURVE ( 'NONE', #1005, #1251, #1347, .T. ) ;
#1626 = DIRECTION ( 'NONE',  ( 0.000000000000000000, 0.000000000000000000, 1.000000000000000000 ) ) ;
#1627 = ORIENTED_EDGE ( 'NONE', *, *, #650, .F. ) ;
#1628 = CARTESIAN_POINT ( 'NONE',  ( 1.357178454011113145, -1.624109207094916796, 1.849999999999999867 ) ) ;
#1629 = AXIS2_PLACEMENT_3D ( 'NONE', #1617, #1491, #1607 ) ;
#1630 = DIRECTION ( 'NONE',  ( 0.000000000000000000, 0.000000000000000000, -1.000000000000000000 ) ) ;
#1631 = VECTOR ( 'NONE', #354, 1000.000000000000000 ) ;
#1632 = DIRECTION ( 'NONE',  ( 0.000000000000000000, -1.000000000000000000, 0.000000000000000000 ) ) ;
#1633 = VECTOR ( 'NONE', #660, 1000.000000000000000 ) ;
#1634 = VECTOR ( 'NONE', #1705, 1000.000000000000000 ) ;
#1635 = VERTEX_POINT ( 'NONE', #1030 ) ;
#1636 = DIRECTION ( 'NONE',  ( 0.7071067811865474617, 0.7071067811865474617, 0.000000000000000000 ) ) ;
#1637 = CARTESIAN_POINT ( 'NONE',  ( 0.2499999999999993616, 1.129999999999999449, 2.500000000000000000 ) ) ;
#1638 = ORIENTED_EDGE ( 'NONE', *, *, #128, .T. ) ;
#1639 = ORIENTED_EDGE ( 'NONE', *, *, #1042, .F. ) ;
#1640 = ADVANCED_FACE ( 'NONE', ( #265 ), #1522, .T. ) ;
#1641 = DIRECTION ( 'NONE',  ( -6.267691774955223038E-15, 1.000000000000000000, 0.000000000000000000 ) ) ;
#1642 = EDGE_CURVE ( 'NONE', #24, #1689, #1664, .T. ) ;
#1643 = CARTESIAN_POINT ( 'NONE',  ( -1.357178454011090496, 1.675000000000000044, 1.699999999999999956 ) ) ;
#1644 = CARTESIAN_POINT ( 'NONE',  ( 2.100000000000000089, -0.8000000000000001554, 0.2000000000000000111 ) ) ;
#1645 = VERTEX_POINT ( 'NONE', #532 ) ;
#1646 = DIRECTION ( 'NONE',  ( 0.000000000000000000, 0.000000000000000000, 1.000000000000000000 ) ) ;
#1647 = VERTEX_POINT ( 'NONE', #1222 ) ;
#1648 = DIRECTION ( 'NONE',  ( 0.7071067811865481278, -0.7071067811865470176, 0.000000000000000000 ) ) ;
#1649 = ORIENTED_EDGE ( 'NONE', *, *, #1565, .F. ) ;
#1650 = CARTESIAN_POINT ( 'NONE',  ( 0.2500000000000000000, -1.795771558269313837E-17, 2.500000000000000000 ) ) ;
#1651 = EDGE_CURVE ( 'NONE', #228, #894, #1868, .T. ) ;
#1652 = DIRECTION ( 'NONE',  ( -1.000000000000000000, 0.000000000000000000, -0.000000000000000000 ) ) ;
#1653 = EDGE_LOOP ( 'NONE', ( #1190, #1168, #2018, #1585 ) ) ;
#1654 = PLANE ( 'NONE',  #145 ) ;
#1655 = FACE_OUTER_BOUND ( 'NONE', #1413, .T. ) ;
#1656 = DIRECTION ( 'NONE',  ( -0.000000000000000000, -0.000000000000000000, -1.000000000000000000 ) ) ;
#1657 = ORIENTED_EDGE ( 'NONE', *, *, #1924, .T. ) ;
#1658 = DIRECTION ( 'NONE',  ( 1.000000000000000000, 3.071168969728058618E-14, 0.000000000000000000 ) ) ;
#1659 = LINE ( 'NONE', #1815, #1870 ) ;
#1660 = VERTEX_POINT ( 'NONE', #878 ) ;
#1661 = VECTOR ( 'NONE', #1020, 1000.000000000000000 ) ;
#1662 = AXIS2_PLACEMENT_3D ( 'NONE', #1876, #1389, #2027 ) ;
#1663 = EDGE_CURVE ( 'NONE', #949, #1466, #58, .T. ) ;
#1664 = LINE ( 'NONE', #79, #677 ) ;
#1665 = VECTOR ( 'NONE', #1440, 1000.000000000000000 ) ;
#1666 = DIRECTION ( 'NONE',  ( 1.000000000000000000, -4.336808689942017736E-16, 0.000000000000000000 ) ) ;
#1667 = EDGE_CURVE ( 'NONE', #1464, #705, #1040, .T. ) ;
#1668 = VECTOR ( 'NONE', #985, 1000.000000000000000 ) ;
#1669 = CARTESIAN_POINT ( 'NONE',  ( 2.049109207094913732, 0.9321784540111057726, 1.399999999999999911 ) ) ;
#1670 = EDGE_LOOP ( 'NONE', ( #49, #967, #1369, #1590 ) ) ;
#1671 = VERTEX_POINT ( 'NONE', #1180 ) ;
#1672 = CARTESIAN_POINT ( 'NONE',  ( -2.100000000000000089, -1.350000000000000311, 0.000000000000000000 ) ) ;
#1673 = VECTOR ( 'NONE', #944, 1000.000000000000000 ) ;
#1674 = DIRECTION ( 'NONE',  ( 0.000000000000000000, 0.000000000000000000, 1.000000000000000000 ) ) ;
#1675 = ORIENTED_EDGE ( 'NONE', *, *, #541, .T. ) ;
#1676 = PLANE ( 'NONE',  #1698 ) ;
#1677 = ORIENTED_EDGE ( 'NONE', *, *, #1456, .F. ) ;
#1678 = DIRECTION ( 'NONE',  ( 0.000000000000000000, 0.000000000000000000, -1.000000000000000000 ) ) ;
#1679 = EDGE_CURVE ( 'NONE', #1621, #459, #730, .T. ) ;
#1680 = CARTESIAN_POINT ( 'NONE',  ( 1.357178454011113145, -1.624109207094916796, 1.399999999999999911 ) ) ;
#1681 = ORIENTED_EDGE ( 'NONE', *, *, #73, .T. ) ;
#1682 = EDGE_LOOP ( 'NONE', ( #568, #1341, #831, #360 ) ) ;
#1683 = DIRECTION ( 'NONE',  ( 4.336808689942023159E-16, -1.000000000000000000, 0.000000000000000000 ) ) ;
#1684 = DIRECTION ( 'NONE',  ( 0.000000000000000000, 0.000000000000000000, 1.000000000000000000 ) ) ;
#1685 = VERTEX_POINT ( 'NONE', #720 ) ;
#1686 = LINE ( 'NONE', #240, #1837 ) ;
#1687 = CARTESIAN_POINT ( 'NONE',  ( 1.357178454011113145, -1.674999999999999822, 1.399999999999999911 ) ) ;
#1688 = CARTESIAN_POINT ( 'NONE',  ( 1.599309933548894502, 0.7631993070328713102, 1.849999999999999867 ) ) ;
#1689 = VERTEX_POINT ( 'NONE', #902 ) ;
#1690 = CARTESIAN_POINT ( 'NONE',  ( -1.110925387270270459, -1.360865678657484645, 1.699999999999999956 ) ) ;
#1691 = EDGE_CURVE ( 'NONE', #241, #1856, #1702, .T. ) ;
#1692 = DIRECTION ( 'NONE',  ( 1.000000000000000000, 0.000000000000000000, 0.000000000000000000 ) ) ;
#1693 = EDGE_CURVE ( 'NONE', #465, #459, #706, .T. ) ;
#1694 = DIRECTION ( 'NONE',  ( -5.162867488026211121E-17, 1.000000000000000000, 0.000000000000000000 ) ) ;
#1695 = VERTEX_POINT ( 'NONE', #1532 ) ;
#1696 = LINE ( 'NONE', #218, #748 ) ;
#1697 = CARTESIAN_POINT ( 'NONE',  ( 1.599309933548894502, 0.7631993070328713102, 1.849999999999999867 ) ) ;
#1698 = AXIS2_PLACEMENT_3D ( 'NONE', #739, #697, #893 ) ;
#1699 = VECTOR ( 'NONE', #508, 1000.000000000000000 ) ;
#1700 = CARTESIAN_POINT ( 'NONE',  ( 2.100000000000000089, -0.9321784540110777950, 1.399999999999999911 ) ) ;
#1701 = EDGE_LOOP ( 'NONE', ( #2000, #101, #901, #411, #984, #872, #1154, #2004 ) ) ;
#1702 = CIRCLE ( 'NONE', #2075, 0.2638296648711623837 ) ;
#1703 = AXIS2_PLACEMENT_3D ( 'NONE', #538, #579, #212 ) ;
#1704 = ORIENTED_EDGE ( 'NONE', *, *, #428, .F. ) ;
#1705 = DIRECTION ( 'NONE',  ( -1.000000000000000000, -0.000000000000000000, -0.000000000000000000 ) ) ;
#1706 = EDGE_CURVE ( 'NONE', #347, #536, #1696, .T. ) ;
#1707 = DIRECTION ( 'NONE',  ( 0.000000000000000000, 0.000000000000000000, 1.000000000000000000 ) ) ;
#1708 = ADVANCED_FACE ( 'NONE', ( #859 ), #420, .T. ) ;
#1709 = ORIENTED_EDGE ( 'NONE', *, *, #391, .T. ) ;
#1710 = VECTOR ( 'NONE', #1723, 1000.000000000000000 ) ;
#1711 = DIRECTION ( 'NONE',  ( -0.000000000000000000, -0.000000000000000000, -1.000000000000000000 ) ) ;
#1712 = EDGE_LOOP ( 'NONE', ( #1437, #468, #417, #725 ) ) ;
#1713 = ORIENTED_EDGE ( 'NONE', *, *, #1518, .T. ) ;
#1714 = DIRECTION ( 'NONE',  ( 0.000000000000000000, 0.000000000000000000, 1.000000000000000000 ) ) ;
#1715 = DIRECTION ( 'NONE',  ( -1.000000000000000000, 0.000000000000000000, 0.000000000000000000 ) ) ;
#1716 = ORIENTED_EDGE ( 'NONE', *, *, #38, .F. ) ;
#1717 = DIRECTION ( 'NONE',  ( 0.000000000000000000, 0.000000000000000000, 1.000000000000000000 ) ) ;
#1718 = EDGE_CURVE ( 'NONE', #1507, #18, #543, .T. ) ;
#1719 = ORIENTED_EDGE ( 'NONE', *, *, #63, .T. ) ;
#1720 = EDGE_LOOP ( 'NONE', ( #1775, #828, #505, #445 ) ) ;
#1721 = CARTESIAN_POINT ( 'NONE',  ( 0.2500000000000000000, -1.795771558269313837E-17, 2.500000000000000000 ) ) ;
#1722 = DIRECTION ( 'NONE',  ( 1.000000000000000000, 7.521230129946267646E-15, -0.000000000000000000 ) ) ;
#1723 = DIRECTION ( 'NONE',  ( 1.000000000000000000, 0.000000000000000000, 0.000000000000000000 ) ) ;
#1724 = DIRECTION ( 'NONE',  ( 0.000000000000000000, 1.000000000000000000, 0.000000000000000000 ) ) ;
#1725 = ORIENTED_EDGE ( 'NONE', *, *, #665, .T. ) ;
#1726 = CARTESIAN_POINT ( 'NONE',  ( -1.110925387270270459, 1.360865678657484645, 1.399999999999999911 ) ) ;
#1727 = EDGE_LOOP ( 'NONE', ( #123, #370, #1243, #36 ) ) ;
#1728 = EDGE_CURVE ( 'NONE', #772, #228, #1686, .T. ) ;
#1729 = ORIENTED_EDGE ( 'NONE', *, *, #232, .T. ) ;
#1730 = EDGE_CURVE ( 'NONE', #1645, #303, #564, .T. ) ;
#1731 = CARTESIAN_POINT ( 'NONE',  ( 0.000000000000000000, 0.000000000000000000, 1.699999999999999956 ) ) ;
#1732 = VECTOR ( 'NONE', #320, 1000.000000000000000 ) ;
#1733 = VECTOR ( 'NONE', #880, 1000.000000000000000 ) ;
#1734 = VECTOR ( 'NONE', #1790, 1000.000000000000000 ) ;
#1735 = DIRECTION ( 'NONE',  ( -1.000000000000000000, 0.000000000000000000, -0.000000000000000000 ) ) ;
#1736 = VECTOR ( 'NONE', #1724, 1000.000000000000000 ) ;
#1737 = LINE ( 'NONE', #1883, #756 ) ;
#1738 = VECTOR ( 'NONE', #62, 1000.000000000000000 ) ;
#1739 = DIRECTION ( 'NONE',  ( -0.000000000000000000, -0.000000000000000000, -1.000000000000000000 ) ) ;
#1740 = EDGE_LOOP ( 'NONE', ( #542, #669, #76, #2084, #989, #40 ) ) ;
#1741 = DIRECTION ( 'NONE',  ( 0.000000000000000000, -1.000000000000000000, 0.000000000000000000 ) ) ;
#1742 = VECTOR ( 'NONE', #1289, 1000.000000000000000 ) ;
#1743 = ORIENTED_EDGE ( 'NONE', *, *, #805, .T. ) ;
#1744 = ORIENTED_EDGE ( 'NONE', *, *, #1529, .T. ) ;
#1745 = DIRECTION ( 'NONE',  ( 0.000000000000000000, 1.000000000000000000, 0.000000000000000000 ) ) ;
#1746 = ADVANCED_FACE ( 'NONE', ( #1758 ), #1591, .F. ) ;
#1747 = CYLINDRICAL_SURFACE ( 'NONE', #2042, 0.2638296648711623837 ) ;
#1748 = DIRECTION ( 'NONE',  ( 0.000000000000000000, -0.000000000000000000, 1.000000000000000000 ) ) ;
#1749 = DIRECTION ( 'NONE',  ( 1.000000000000000000, 5.162867488026211121E-17, 0.000000000000000000 ) ) ;
#1750 = ORIENTED_EDGE ( 'NONE', *, *, #112, .F. ) ;
#1751 = CARTESIAN_POINT ( 'NONE',  ( 1.357178454011113145, -1.624109207094916796, 1.849999999999999867 ) ) ;
#1752 = ORIENTED_EDGE ( 'NONE', *, *, #846, .F. ) ;
#1753 = PLANE ( 'NONE',  #1026 ) ;
#1754 = LINE ( 'NONE', #1882, #751 ) ;
#1755 = CARTESIAN_POINT ( 'NONE',  ( -2.100000000000000089, 1.350000000000000311, 0.2000000000000000111 ) ) ;
#1756 = ADVANCED_FACE ( 'NONE', ( #1878 ), #1264, .F. ) ;
#1757 = ADVANCED_FACE ( 'NONE', ( #750 ), #593, .F. ) ;
#1758 = FACE_OUTER_BOUND ( 'NONE', #1670, .T. ) ;
#1759 = EDGE_LOOP ( 'NONE', ( #595, #1816, #143, #2061 ) ) ;
#1760 = EDGE_LOOP ( 'NONE', ( #2080, #1812, #931, #1725 ) ) ;
#1761 = LINE ( 'NONE', #1606, #315 ) ;
#1762 = CARTESIAN_POINT ( 'NONE',  ( 2.100000000000000089, 1.675000000000000266, 1.399999999999999911 ) ) ;
#1763 = DIRECTION ( 'NONE',  ( 0.000000000000000000, -1.000000000000000000, 0.000000000000000000 ) ) ;
#1764 = VECTOR ( 'NONE', #334, 1000.000000000000000 ) ;
#1765 = VECTOR ( 'NONE', #737, 1000.000000000000000 ) ;
#1766 = EDGE_CURVE ( 'NONE', #1272, #1245, #1583, .T. ) ;
#1767 = LINE ( 'NONE', #1907, #483 ) ;
#1768 = VECTOR ( 'NONE', #2043, 1000.000000000000000 ) ;
#1769 = VECTOR ( 'NONE', #799, 1000.000000000000000 ) ;
#1770 = CARTESIAN_POINT ( 'NONE',  ( 2.049109207094926610, -0.9321784540110777950, 1.699999999999999956 ) ) ;
#1771 = EDGE_CURVE ( 'NONE', #1799, #554, #2037, .T. ) ;
#1772 = VECTOR ( 'NONE', #27, 1000.000000000000000 ) ;
#1773 = ORIENTED_EDGE ( 'NONE', *, *, #236, .F. ) ;
#1774 = LINE ( 'NONE', #197, #2073 ) ;
#1775 = ORIENTED_EDGE ( 'NONE', *, *, #1794, .F. ) ;
#1776 = PLANE ( 'NONE',  #109 ) ;
#1777 = VECTOR ( 'NONE', #160, 1000.000000000000000 ) ;
#1778 = DIRECTION ( 'NONE',  ( 0.000000000000000000, 0.000000000000000000, 1.000000000000000000 ) ) ;
#1779 = CARTESIAN_POINT ( 'NONE',  ( 1.599309933548894280, 0.7631993070328713102, 1.699999999999999956 ) ) ;
#1780 = LINE ( 'NONE', #10, #1462 ) ;
#1781 = CARTESIAN_POINT ( 'NONE',  ( 1.357178454011113145, -1.624109207094916796, 1.699999999999999956 ) ) ;
#1782 = ORIENTED_EDGE ( 'NONE', *, *, #1898, .T. ) ;
#1783 = ADVANCED_FACE ( 'NONE', ( #307 ), #1601, .F. ) ;
#1784 = LINE ( 'NONE', #654, #548 ) ;
#1785 = ORIENTED_EDGE ( 'NONE', *, *, #887, .T. ) ;
#1786 = LINE ( 'NONE', #166, #1572 ) ;
#1787 = CARTESIAN_POINT ( 'NONE',  ( -2.100000000000000089, -0.8000000000000001554, 0.2000000000000000111 ) ) ;
#1788 = ORIENTED_EDGE ( 'NONE', *, *, #849, .T. ) ;
#1789 = DIRECTION ( 'NONE',  ( -0.000000000000000000, -1.000000000000000000, -0.000000000000000000 ) ) ;
#1790 = DIRECTION ( 'NONE',  ( 0.000000000000000000, 1.000000000000000000, 0.000000000000000000 ) ) ;
#1791 = CARTESIAN_POINT ( 'NONE',  ( -2.100000000000000089, -1.675000000000000044, 1.399999999999999911 ) ) ;
#1792 = ORIENTED_EDGE ( 'NONE', *, *, #2083, .F. ) ;
#1793 = CARTESIAN_POINT ( 'NONE',  ( 2.100000000000000089, 1.675000000000000266, 1.699999999999999956 ) ) ;
#1794 = EDGE_CURVE ( 'NONE', #2028, #940, #610, .T. ) ;
#1795 = ORIENTED_EDGE ( 'NONE', *, *, #391, .F. ) ;
#1796 = CARTESIAN_POINT ( 'NONE',  ( 2.100000000000000089, -0.8000000000000001554, 0.000000000000000000 ) ) ;
#1797 = EDGE_CURVE ( 'NONE', #719, #976, #1071, .T. ) ;
#1798 = LINE ( 'NONE', #1320, #1288 ) ;
#1799 = VERTEX_POINT ( 'NONE', #1897 ) ;
#1800 = VERTEX_POINT ( 'NONE', #139 ) ;
#1801 = LINE ( 'NONE', #1628, #889 ) ;
#1802 = VECTOR ( 'NONE', #1363, 1000.000000000000114 ) ;
#1803 = DIRECTION ( 'NONE',  ( 1.000000000000000000, 4.260897150916591680E-15, 0.000000000000000000 ) ) ;
#1804 = AXIS2_PLACEMENT_3D ( 'NONE', #479, #333, #342 ) ;
#1805 = LINE ( 'NONE', #56, #1631 ) ;
#1806 = VECTOR ( 'NONE', #1641, 1000.000000000000000 ) ;
#1807 = ORIENTED_EDGE ( 'NONE', *, *, #717, .T. ) ;
#1808 = CARTESIAN_POINT ( 'NONE',  ( -2.600000000000000533, 0.8000000000000001554, 0.2000000000000000111 ) ) ;
#1809 = ORIENTED_EDGE ( 'NONE', *, *, #757, .T. ) ;
#1810 = DIRECTION ( 'NONE',  ( 0.000000000000000000, 0.000000000000000000, 1.000000000000000000 ) ) ;
#1811 = CARTESIAN_POINT ( 'NONE',  ( -1.357178454011090274, 1.624109207094929674, 1.399999999999999911 ) ) ;
#1812 = ORIENTED_EDGE ( 'NONE', *, *, #1693, .F. ) ;
#1813 = EDGE_CURVE ( 'NONE', #1660, #465, #273, .T. ) ;
#1814 = DIRECTION ( 'NONE',  ( 0.000000000000000000, 0.000000000000000000, 1.000000000000000000 ) ) ;
#1815 = CARTESIAN_POINT ( 'NONE',  ( 2.600000000000000533, 0.8000000000000001554, 0.2000000000000000111 ) ) ;
#1816 = ORIENTED_EDGE ( 'NONE', *, *, #1948, .F. ) ;
#1817 = CARTESIAN_POINT ( 'NONE',  ( -2.100000000000000089, 1.350000000000000311, 0.2000000000000000111 ) ) ;
#1818 = FACE_OUTER_BOUND ( 'NONE', #310, .T. ) ;
#1819 = DIRECTION ( 'NONE',  ( 0.000000000000000000, 0.000000000000000000, 1.000000000000000000 ) ) ;
#1820 = ORIENTED_EDGE ( 'NONE', *, *, #1875, .F. ) ;
#1821 = EDGE_LOOP ( 'NONE', ( #1207, #1566, #1919, #747 ) ) ;
#1822 = CARTESIAN_POINT ( 'NONE',  ( 1.599309933548894502, -0.7631993070328704221, 1.399999999999999911 ) ) ;
#1823 = ADVANCED_FACE ( 'NONE', ( #909 ), #1423, .T. ) ;
#1824 = LINE ( 'NONE', #671, #2074 ) ;
#1825 = ORIENTED_EDGE ( 'NONE', *, *, #760, .F. ) ;
#1826 = DIRECTION ( 'NONE',  ( 0.000000000000000000, 0.000000000000000000, 1.000000000000000000 ) ) ;
#1827 = DIRECTION ( 'NONE',  ( 0.000000000000000000, 0.000000000000000000, 1.000000000000000000 ) ) ;
#1828 = CARTESIAN_POINT ( 'NONE',  ( 2.049109207094931051, -1.624109207094895480, 1.399999999999999911 ) ) ;
#1829 = VERTEX_POINT ( 'NONE', #2067 ) ;
#1830 = VERTEX_POINT ( 'NONE', #1404 ) ;
#1831 = CARTESIAN_POINT ( 'NONE',  ( -2.600000000000000533, -1.349999999999999867, 0.2000000000000000111 ) ) ;
#1832 = CARTESIAN_POINT ( 'NONE',  ( 2.100000000000000089, -1.674999999999999822, 1.699999999999999956 ) ) ;
#1833 = VERTEX_POINT ( 'NONE', #791 ) ;
#1834 = CIRCLE ( 'NONE', #309, 0.2638296648711697667 ) ;
#1835 = CIRCLE ( 'NONE', #2005, 1.129999999999999449 ) ;
#1836 = CARTESIAN_POINT ( 'NONE',  ( -1.357178454011090496, -1.675000000000000044, 1.399999999999999911 ) ) ;
#1837 = VECTOR ( 'NONE', #1711, 1000.000000000000000 ) ;
#1838 = VECTOR ( 'NONE', #55, 1000.000000000000000 ) ;
#1839 = CARTESIAN_POINT ( 'NONE',  ( -2.100000000000000089, -1.350000000000000311, 0.2000000000000000111 ) ) ;
#1840 = AXIS2_PLACEMENT_3D ( 'NONE', #1224, #1872, #268 ) ;
#1841 = VECTOR ( 'NONE', #618, 1000.000000000000000 ) ;
#1842 = VECTOR ( 'NONE', #2054, 1000.000000000000000 ) ;
#1843 = DIRECTION ( 'NONE',  ( 0.000000000000000000, 0.000000000000000000, 1.000000000000000000 ) ) ;
#1844 = ORIENTED_EDGE ( 'NONE', *, *, #1978, .T. ) ;
#1845 = CARTESIAN_POINT ( 'NONE',  ( -0.2499999999999997780, -1.129999999999999671, 1.699999999999999956 ) ) ;
#1846 = CARTESIAN_POINT ( 'NONE',  ( -2.100000000000000089, 0.8000000000000001554, 0.2000000000000000111 ) ) ;
#1847 = PLANE ( 'NONE',  #477 ) ;
#1848 = EDGE_LOOP ( 'NONE', ( #1782, #1305, #1500, #1416 ) ) ;
#1849 = DIRECTION ( 'NONE',  ( 1.000000000000000000, 0.000000000000000000, -0.000000000000000000 ) ) ;
#1850 = EDGE_CURVE ( 'NONE', #1635, #1324, #1111, .T. ) ;
#1851 = DIRECTION ( 'NONE',  ( 1.000000000000000000, 0.000000000000000000, 0.000000000000000000 ) ) ;
#1852 = LINE ( 'NONE', #2023, #476 ) ;
#1853 = ORIENTED_EDGE ( 'NONE', *, *, #128, .F. ) ;
#1854 = DIRECTION ( 'NONE',  ( 0.000000000000000000, -0.000000000000000000, 1.000000000000000000 ) ) ;
#1855 = PLANE ( 'NONE',  #1662 ) ;
#1856 = VERTEX_POINT ( 'NONE', #1434 ) ;
#1857 = DIRECTION ( 'NONE',  ( -0.000000000000000000, -0.000000000000000000, 1.000000000000000000 ) ) ;
#1858 = CYLINDRICAL_SURFACE ( 'NONE', #346, 0.2638296648711758174 ) ;
#1859 = EDGE_CURVE ( 'NONE', #1889, #772, #939, .T. ) ;
#1860 = FACE_OUTER_BOUND ( 'NONE', #1720, .T. ) ;
#1861 = ORIENTED_EDGE ( 'NONE', *, *, #321, .F. ) ;
#1862 = EDGE_LOOP ( 'NONE', ( #1989, #1592, #437, #803, #339, #1054, #1584, #162, #1104, #908, #1381, #1886, #432, #531, #385, #1334 ) ) ;
#1863 = ADVANCED_FACE ( 'NONE', ( #446 ), #458, .F. ) ;
#1864 = DIRECTION ( 'NONE',  ( 0.000000000000000000, 0.000000000000000000, 1.000000000000000000 ) ) ;
#1865 = FACE_OUTER_BOUND ( 'NONE', #294, .T. ) ;
#1866 = VERTEX_POINT ( 'NONE', #1751 ) ;
#1867 = CARTESIAN_POINT ( 'NONE',  ( -2.100000000000000089, -0.9321784540110776840, 1.399999999999999911 ) ) ;
#1868 = CIRCLE ( 'NONE', #580, 1.129999999999999449 ) ;
#1869 = VECTOR ( 'NONE', #601, 999.9999999999998863 ) ;
#1870 = VECTOR ( 'NONE', #1984, 1000.000000000000000 ) ;
#1871 = VERTEX_POINT ( 'NONE', #302 ) ;
#1872 = DIRECTION ( 'NONE',  ( 0.000000000000000000, 0.000000000000000000, 1.000000000000000000 ) ) ;
#1873 = AXIS2_PLACEMENT_3D ( 'NONE', #766, #1912, #1594 ) ;
#1874 = LINE ( 'NONE', #1367, #350 ) ;
#1875 = EDGE_CURVE ( 'NONE', #250, #1005, #2081, .T. ) ;
#1876 = CARTESIAN_POINT ( 'NONE',  ( -2.100000000000000089, 0.8000000000000001554, 0.2000000000000000111 ) ) ;
#1877 = ORIENTED_EDGE ( 'NONE', *, *, #703, .T. ) ;
#1878 = FACE_OUTER_BOUND ( 'NONE', #559, .T. ) ;
#1879 = ORIENTED_EDGE ( 'NONE', *, *, #167, .T. ) ;
#1880 = ORIENTED_EDGE ( 'NONE', *, *, #1097, .F. ) ;
#1881 = DIRECTION ( 'NONE',  ( 0.000000000000000000, 1.000000000000000000, 0.000000000000000000 ) ) ;
#1882 = CARTESIAN_POINT ( 'NONE',  ( 2.049109207094926610, -0.9321784540110777950, 1.399999999999999911 ) ) ;
#1883 = CARTESIAN_POINT ( 'NONE',  ( -1.599309933548894058, -0.7631993070328708662, 1.849999999999999867 ) ) ;
#1884 = EDGE_CURVE ( 'NONE', #1021, #1251, #152, .T. ) ;
#1885 = DIRECTION ( 'NONE',  ( -1.000000000000000000, 2.444399792232536709E-14, -0.000000000000000000 ) ) ;
#1886 = ORIENTED_EDGE ( 'NONE', *, *, #451, .F. ) ;
#1887 = DIRECTION ( 'NONE',  ( 0.000000000000000000, 1.000000000000000000, 0.000000000000000000 ) ) ;
#1888 = EDGE_CURVE ( 'NONE', #185, #1830, #170, .T. ) ;
#1889 = VERTEX_POINT ( 'NONE', #834 ) ;
#1890 = ORIENTED_EDGE ( 'NONE', *, *, #220, .F. ) ;
#1891 = DIRECTION ( 'NONE',  ( 0.000000000000000000, -0.000000000000000000, 1.000000000000000000 ) ) ;
#1892 = DIRECTION ( 'NONE',  ( 0.000000000000000000, -0.000000000000000000, 1.000000000000000000 ) ) ;
#1893 =( LENGTH_UNIT ( ) NAMED_UNIT ( * ) SI_UNIT ( .MILLI., .METRE. ) );
#1894 = LINE ( 'NONE', #1609, #1230 ) ;
#1895 = ORIENTED_EDGE ( 'NONE', *, *, #1205, .F. ) ;
#1896 = PRODUCT_RELATED_PRODUCT_CATEGORY ( 'part', '', ( #1492 ) ) ;
#1897 = CARTESIAN_POINT ( 'NONE',  ( 1.599309933548893392, -0.7631993070328694229, 1.849999999999999867 ) ) ;
#1898 = EDGE_CURVE ( 'NONE', #919, #754, #31, .T. ) ;
#1899 = VERTEX_POINT ( 'NONE', #487 ) ;
#1900 = FACE_OUTER_BOUND ( 'NONE', #1237, .T. ) ;
#1901 = VECTOR ( 'NONE', #1656, 1000.000000000000000 ) ;
#1902 = VECTOR ( 'NONE', #1624, 1000.000000000000000 ) ;
#1903 = VECTOR ( 'NONE', #229, 1000.000000000000000 ) ;
#1904 = DIRECTION ( 'NONE',  ( -1.000000000000000000, 0.000000000000000000, 0.000000000000000000 ) ) ;
#1905 = AXIS2_PLACEMENT_3D ( 'NONE', #1209, #1047, #1692 ) ;
#1906 = VECTOR ( 'NONE', #883, 1000.000000000000000 ) ;
#1907 = CARTESIAN_POINT ( 'NONE',  ( -1.357178454011090496, 1.675000000000000044, 1.399999999999999911 ) ) ;
#1908 = ORIENTED_EDGE ( 'NONE', *, *, #500, .T. ) ;
#1909 = CARTESIAN_POINT ( 'NONE',  ( 0.2499999999999993616, 1.129999999999999449, 2.500000000000000000 ) ) ;
#1910 = EDGE_CURVE ( 'NONE', #264, #655, #1926, .T. ) ;
#1911 = ORIENTED_EDGE ( 'NONE', *, *, #1642, .F. ) ;
#1912 = DIRECTION ( 'NONE',  ( 0.000000000000000000, -0.000000000000000000, 1.000000000000000000 ) ) ;
#1913 = DIRECTION ( 'NONE',  ( 1.000000000000000000, 0.000000000000000000, 0.000000000000000000 ) ) ;
#1914 = CARTESIAN_POINT ( 'NONE',  ( -2.600000000000000533, -0.8000000000000001554, 0.000000000000000000 ) ) ;
#1915 = DIRECTION ( 'NONE',  ( -4.260897150916591680E-15, 1.000000000000000000, -0.000000000000000000 ) ) ;
#1916 = ORIENTED_EDGE ( 'NONE', *, *, #757, .F. ) ;
#1917 = DIRECTION ( 'NONE',  ( -1.000000000000000000, 0.000000000000000000, -0.000000000000000000 ) ) ;
#1918 = EDGE_LOOP ( 'NONE', ( #1016, #1716, #124, #832, #12, #691, #1510, #741, #1825, #431, #1387, #882, #608, #1311, #1366, #1729, #711, #329, #734, #666 ) ) ;
#1919 = ORIENTED_EDGE ( 'NONE', *, *, #1706, .T. ) ;
#1920 = CARTESIAN_POINT ( 'NONE',  ( 1.188199307032872021, -1.174309933548893792, 1.399999999999999911 ) ) ;
#1921 = EDGE_CURVE ( 'NONE', #1466, #303, #1780, .T. ) ;
#1922 = DIRECTION ( 'NONE',  ( 1.000000000000000000, 0.000000000000000000, 0.000000000000000000 ) ) ;
#1923 =( NAMED_UNIT ( * ) SI_UNIT ( $, .STERADIAN. ) SOLID_ANGLE_UNIT ( ) );
#1924 = EDGE_CURVE ( 'NONE', #121, #1829, #497, .T. ) ;
#1925 = CARTESIAN_POINT ( 'NONE',  ( -0.2500000000000000000, -1.710385654761122430E-16, 2.500000000000000000 ) ) ;
#1926 = LINE ( 'NONE', #1302, #986 ) ;
#1927 = VERTEX_POINT ( 'NONE', #2088 ) ;
#1928 = ORIENTED_EDGE ( 'NONE', *, *, #1730, .F. ) ;
#1929 = DIRECTION ( 'NONE',  ( -0.000000000000000000, -1.000000000000000000, -0.000000000000000000 ) ) ;
#1930 = PLANE ( 'NONE',  #2038 ) ;
#1931 = CIRCLE ( 'NONE', #1428, 0.2638296648711658809 ) ;
#1932 = AXIS2_PLACEMENT_3D ( 'NONE', #557, #1534, #1666 ) ;
#1933 = AXIS2_PLACEMENT_3D ( 'NONE', #763, #1917, #1080 ) ;
#1934 = AXIS2_PLACEMENT_3D ( 'NONE', #182, #371, #992 ) ;
#1935 = DIRECTION ( 'NONE',  ( -0.7071067811865481278, 0.7071067811865470176, 0.000000000000000000 ) ) ;
#1936 = EDGE_CURVE ( 'NONE', #1125, #1833, #1130, .T. ) ;
#1937 = VECTOR ( 'NONE', #806, 1000.000000000000000 ) ;
#1938 = LINE ( 'NONE', #619, #2016 ) ;
#1939 = VECTOR ( 'NONE', #924, 1000.000000000000000 ) ;
#1940 = ORIENTED_EDGE ( 'NONE', *, *, #1850, .F. ) ;
#1941 = CARTESIAN_POINT ( 'NONE',  ( -0.2500000000000000000, -1.710385654761122430E-16, 2.500000000000000000 ) ) ;
#1942 = AXIS2_PLACEMENT_3D ( 'NONE', #435, #1410, #1077 ) ;
#1943 = EDGE_LOOP ( 'NONE', ( #308, #624, #441, #1719, #378 ) ) ;
#1944 = LINE ( 'NONE', #815, #886 ) ;
#1945 = DIRECTION ( 'NONE',  ( 0.000000000000000000, 0.000000000000000000, -1.000000000000000000 ) ) ;
#1946 = PLANE ( 'NONE',  #1263 ) ;
#1947 = DIRECTION ( 'NONE',  ( 1.000000000000000000, 5.162867488026211121E-17, -0.000000000000000000 ) ) ;
#1948 = EDGE_CURVE ( 'NONE', #138, #1035, #326, .T. ) ;
#1949 = DIRECTION ( 'NONE',  ( 0.7071067811865481278, -0.7071067811865470176, -0.000000000000000000 ) ) ;
#1950 = VERTEX_POINT ( 'NONE', #1770 ) ;
#1951 = DIRECTION ( 'NONE',  ( -8.673617379884035472E-16, 1.000000000000000000, 0.000000000000000000 ) ) ;
#1952 = EDGE_CURVE ( 'NONE', #576, #341, #800, .T. ) ;
#1953 = ORIENTED_EDGE ( 'NONE', *, *, #332, .T. ) ;
#1954 = LINE ( 'NONE', #1467, #1668 ) ;
#1955 = DIRECTION ( 'NONE',  ( 0.000000000000000000, 0.000000000000000000, 1.000000000000000000 ) ) ;
#1956 = ORIENTED_EDGE ( 'NONE', *, *, #1253, .T. ) ;
#1957 = CARTESIAN_POINT ( 'NONE',  ( -1.357178454011090496, -1.624109207094926344, 1.399999999999999911 ) ) ;
#1958 = FACE_OUTER_BOUND ( 'NONE', #1848, .T. ) ;
#1959 = CARTESIAN_POINT ( 'NONE',  ( -0.2500000000000000000, -1.710385654761122430E-16, 2.500000000000000000 ) ) ;
#1960 = ORIENTED_EDGE ( 'NONE', *, *, #1691, .T. ) ;
#1961 = CARTESIAN_POINT ( 'NONE',  ( 1.374755052141438671, 1.360865678657494193, 1.699999999999999956 ) ) ;
#1962 = EDGE_LOOP ( 'NONE', ( #1009, #621, #1095, #897 ) ) ;
#1963 = EDGE_CURVE ( 'NONE', #929, #70, #816, .T. ) ;
#1964 = CARTESIAN_POINT ( 'NONE',  ( 0.2500000000000004441, -1.129999999999999449, 2.500000000000000000 ) ) ;
#1965 = CARTESIAN_POINT ( 'NONE',  ( 1.357178454011113145, -1.624109207094916796, 1.399999999999999911 ) ) ;
#1966 = ORIENTED_EDGE ( 'NONE', *, *, #1565, .T. ) ;
#1967 = VECTOR ( 'NONE', #678, 1000.000000000000000 ) ;
#1968 = CARTESIAN_POINT ( 'NONE',  ( -2.100000000000000089, -1.675000000000000044, 0.000000000000000000 ) ) ;
#1969 = CIRCLE ( 'NONE', #447, 0.2638296648711623837 ) ;
#1970 = AXIS2_PLACEMENT_3D ( 'NONE', #263, #1520, #581 ) ;
#1971 = LINE ( 'NONE', #1781, #1699 ) ;
#1972 = AXIS2_PLACEMENT_3D ( 'NONE', #1832, #1694, #383 ) ;
#1973 = ORIENTED_EDGE ( 'NONE', *, *, #1667, .F. ) ;
#1974 = DIRECTION ( 'NONE',  ( -1.000000000000000000, 0.000000000000000000, 0.000000000000000000 ) ) ;
#1975 = AXIS2_PLACEMENT_3D ( 'NONE', #589, #1904, #277 ) ;
#1976 = ORIENTED_EDGE ( 'NONE', *, *, #795, .F. ) ;
#1977 = DIRECTION ( 'NONE',  ( -0.000000000000000000, -0.000000000000000000, -1.000000000000000000 ) ) ;
#1978 = EDGE_CURVE ( 'NONE', #1211, #138, #337, .T. ) ;
#1979 = FACE_OUTER_BOUND ( 'NONE', #287, .T. ) ;
#1980 = ORIENTED_EDGE ( 'NONE', *, *, #795, .T. ) ;
#1981 = ORIENTED_EDGE ( 'NONE', *, *, #2019, .T. ) ;
#1982 = EDGE_CURVE ( 'NONE', #200, #2053, #1473, .T. ) ;
#1983 = DIRECTION ( 'NONE',  ( -0.000000000000000000, 0.000000000000000000, 1.000000000000000000 ) ) ;
#1984 = DIRECTION ( 'NONE',  ( 0.000000000000000000, 0.000000000000000000, -1.000000000000000000 ) ) ;
#1985 = ORIENTED_EDGE ( 'NONE', *, *, #1963, .T. ) ;
#1986 = LINE ( 'NONE', #1123, #1732 ) ;
#1987 = PLANE ( 'NONE',  #1157 ) ;
#1988 = LINE ( 'NONE', #1828, #812 ) ;
#1989 = ORIENTED_EDGE ( 'NONE', *, *, #1165, .F. ) ;
#1990 = VERTEX_POINT ( 'NONE', #21 ) ;
#1991 = EDGE_CURVE ( 'NONE', #1621, #1856, #183, .T. ) ;
#1992 = DIRECTION ( 'NONE',  ( -1.000000000000000000, -3.071168969728058618E-14, 0.000000000000000000 ) ) ;
#1993 = EDGE_CURVE ( 'NONE', #1089, #379, #1120, .T. ) ;
#1994 = CARTESIAN_POINT ( 'NONE',  ( -2.049109207094908403, -0.9321784540110916728, 1.399999999999999911 ) ) ;
#1995 = ORIENTED_EDGE ( 'NONE', *, *, #760, .T. ) ;
#1996 = DIRECTION ( 'NONE',  ( 0.000000000000000000, 0.000000000000000000, 1.000000000000000000 ) ) ;
#1997 = CARTESIAN_POINT ( 'NONE',  ( -2.600000000000000533, -0.8000000000000001554, 0.2000000000000000111 ) ) ;
#1998 = CARTESIAN_POINT ( 'NONE',  ( -1.599309933548894058, 0.7631993070328708662, 1.849999999999999867 ) ) ;
#1999 = ORIENTED_EDGE ( 'NONE', *, *, #903, .F. ) ;
#2000 = ORIENTED_EDGE ( 'NONE', *, *, #116, .F. ) ;
#2001 = CARTESIAN_POINT ( 'NONE',  ( -1.357178454011090496, -1.675000000000000044, 1.399999999999999911 ) ) ;
#2002 = ADVANCED_FACE ( 'NONE', ( #1958 ), #507, .F. ) ;
#2003 = CARTESIAN_POINT ( 'NONE',  ( 2.100000000000000089, 0.8000000000000001554, 0.2000000000000000111 ) ) ;
#2004 = ORIENTED_EDGE ( 'NONE', *, *, #372, .T. ) ;
#2005 = AXIS2_PLACEMENT_3D ( 'NONE', #1959, #1142, #1153 ) ;
#2006 = CARTESIAN_POINT ( 'NONE',  ( 0.000000000000000000, 0.000000000000000000, 1.399999999999999911 ) ) ;
#2007 = AXIS2_PLACEMENT_3D ( 'NONE', #474, #1450, #353 ) ;
#2008 = ADVANCED_BREP_SHAPE_REPRESENTATION ( 'Switch', ( #785, #1942 ), #523 ) ;
#2009 = VECTOR ( 'NONE', #1885, 1000.000000000000000 ) ;
#2010 = EDGE_LOOP ( 'NONE', ( #1310, #1558, #1844, #165 ) ) ;
#2011 = LINE ( 'NONE', #1687, #1121 ) ;
#2012 = CARTESIAN_POINT ( 'NONE',  ( -1.785865678657466926, -0.9497550521414440672, 1.699999999999999956 ) ) ;
#2013 = ORIENTED_EDGE ( 'NONE', *, *, #925, .F. ) ;
#2014 = ORIENTED_EDGE ( 'NONE', *, *, #689, .T. ) ;
#2015 = DIRECTION ( 'NONE',  ( 1.000000000000000000, 6.267691774955223038E-15, -0.000000000000000000 ) ) ;
#2016 = VECTOR ( 'NONE', #1763, 1000.000000000000000 ) ;
#2017 = FACE_OUTER_BOUND ( 'NONE', #1101, .T. ) ;
#2018 = ORIENTED_EDGE ( 'NONE', *, *, #1859, .F. ) ;
#2019 = EDGE_CURVE ( 'NONE', #1318, #1307, #2095, .T. ) ;
#2020 = DIRECTION ( 'NONE',  ( -0.000000000000000000, -0.000000000000000000, 1.000000000000000000 ) ) ;
#2021 = DIRECTION ( 'NONE',  ( 0.000000000000000000, 0.000000000000000000, -1.000000000000000000 ) ) ;
#2022 = EDGE_CURVE ( 'NONE', #2071, #1523, #1938, .T. ) ;
#2023 = CARTESIAN_POINT ( 'NONE',  ( 2.100000000000000089, -1.350000000000000311, 0.2000000000000000111 ) ) ;
#2024 = ORIENTED_EDGE ( 'NONE', *, *, #1797, .F. ) ;
#2025 = FACE_OUTER_BOUND ( 'NONE', #1962, .T. ) ;
#2026 = CARTESIAN_POINT ( 'NONE',  ( 2.049109207094931051, -1.624109207094895480, 1.399999999999999911 ) ) ;
#2027 = DIRECTION ( 'NONE',  ( 0.000000000000000000, 0.000000000000000000, -1.000000000000000000 ) ) ;
#2028 = VERTEX_POINT ( 'NONE', #1085 ) ;
#2029 = DIRECTION ( 'NONE',  ( -2.444399792232536393E-14, 1.000000000000000000, 0.000000000000000000 ) ) ;
#2030 = EDGE_LOOP ( 'NONE', ( #970, #210, #1403, #1861 ) ) ;
#2031 = EDGE_CURVE ( 'NONE', #1927, #1990, #1596, .T. ) ;
#2032 = VERTEX_POINT ( 'NONE', #935 ) ;
#2033 = CARTESIAN_POINT ( 'NONE',  ( 1.599309933548894502, 0.7631993070328713102, 1.399999999999999911 ) ) ;
#2034 = DIRECTION ( 'NONE',  ( 0.000000000000000000, 0.000000000000000000, 1.000000000000000000 ) ) ;
#2035 = DIRECTION ( 'NONE',  ( 1.000000000000000000, 0.000000000000000000, -0.000000000000000000 ) ) ;
#2036 = ORIENTED_EDGE ( 'NONE', *, *, #1514, .T. ) ;
#2037 = LINE ( 'NONE', #583, #1869 ) ;
#2038 = AXIS2_PLACEMENT_3D ( 'NONE', #797, #1945, #39 ) ;
#2039 = VECTOR ( 'NONE', #1189, 1000.000000000000000 ) ;
#2040 = VECTOR ( 'NONE', #1977, 1000.000000000000000 ) ;
#2041 = EDGE_LOOP ( 'NONE', ( #491, #1296, #1940, #1045, #1564, #643, #626, #1908, #1351, #1112, #573, #1953, #217, #1254, #1614, #1321 ) ) ;
#2042 = AXIS2_PLACEMENT_3D ( 'NONE', #1426, #1398, #2046 ) ;
#2043 = DIRECTION ( 'NONE',  ( -0.000000000000000000, -0.000000000000000000, 1.000000000000000000 ) ) ;
#2044 = ADVANCED_FACE ( 'NONE', ( #1608 ), #1257, .F. ) ;
#2045 = AXIS2_PLACEMENT_3D ( 'NONE', #1731, #311, #296 ) ;
#2046 = DIRECTION ( 'NONE',  ( 1.000000000000000000, 0.000000000000000000, 0.000000000000000000 ) ) ;
#2047 = ADVANCED_FACE ( 'NONE', ( #775 ), #1239, .F. ) ;
#2048 = AXIS2_PLACEMENT_3D ( 'NONE', #1152, #1803, #1483 ) ;
#2049 = CARTESIAN_POINT ( 'NONE',  ( 2.100000000000000089, -1.674999999999999822, 1.699999999999999956 ) ) ;
#2050 = ORIENTED_EDGE ( 'NONE', *, *, #1651, .F. ) ;
#2051 = CARTESIAN_POINT ( 'NONE',  ( 2.100000000000000089, 0.8000000000000001554, 0.2000000000000000111 ) ) ;
#2052 = VERTEX_POINT ( 'NONE', #1755 ) ;
#2053 = VERTEX_POINT ( 'NONE', #463 ) ;
#2054 = DIRECTION ( 'NONE',  ( -0.000000000000000000, -0.000000000000000000, 1.000000000000000000 ) ) ;
#2055 = PLANE ( 'NONE',  #819 ) ;
#2056 = DIRECTION ( 'NONE',  ( 1.000000000000000000, -0.000000000000000000, -0.000000000000000000 ) ) ;
#2057 = EDGE_CURVE ( 'NONE', #911, #121, #1448, .T. ) ;
#2058 = ORIENTED_EDGE ( 'NONE', *, *, #1397, .T. ) ;
#2059 = DIRECTION ( 'NONE',  ( 0.000000000000000000, 0.000000000000000000, -1.000000000000000000 ) ) ;
#2060 = ORIENTED_EDGE ( 'NONE', *, *, #414, .F. ) ;
#2061 = ORIENTED_EDGE ( 'NONE', *, *, #195, .T. ) ;
#2062 = CARTESIAN_POINT ( 'NONE',  ( 2.100000000000000089, -1.350000000000000311, 0.000000000000000000 ) ) ;
#2063 = CARTESIAN_POINT ( 'NONE',  ( 2.600000000000000533, -1.349999999999999867, 0.2000000000000000111 ) ) ;
#2064 = DIRECTION ( 'NONE',  ( -0.000000000000000000, 0.000000000000000000, -1.000000000000000000 ) ) ;
#2065 = CYLINDRICAL_SURFACE ( 'NONE', #1600, 1.129999999999999449 ) ;
#2066 = EDGE_LOOP ( 'NONE', ( #319, #1083, #1049, #1960, #1261, #54 ) ) ;
#2067 = CARTESIAN_POINT ( 'NONE',  ( 2.600000000000000533, -1.349999999999999867, 0.000000000000000000 ) ) ;
#2068 = EDGE_CURVE ( 'NONE', #1251, #2053, #1108, .T. ) ;
#2069 = EDGE_LOOP ( 'NONE', ( #1657, #1880, #355, #177 ) ) ;
#2070 = ADVANCED_FACE ( 'NONE', ( #1249 ), #1579, .T. ) ;
#2071 = VERTEX_POINT ( 'NONE', #135 ) ;
#2072 = DIRECTION ( 'NONE',  ( 0.000000000000000000, 0.000000000000000000, 1.000000000000000000 ) ) ;
#2073 = VECTOR ( 'NONE', #960, 1000.000000000000000 ) ;
#2074 = VECTOR ( 'NONE', #1323, 1000.000000000000000 ) ;
#2075 = AXIS2_PLACEMENT_3D ( 'NONE', #1370, #1826, #1203 ) ;
#2076 = CARTESIAN_POINT ( 'NONE',  ( 2.600000000000000533, -0.8000000000000001554, 0.2000000000000000111 ) ) ;
#2077 = VECTOR ( 'NONE', #2034, 1000.000000000000000 ) ;
#2078 = DIRECTION ( 'NONE',  ( 0.000000000000000000, 1.000000000000000000, 0.000000000000000000 ) ) ;
#2079 = DIRECTION ( 'NONE',  ( -1.000000000000000000, 0.000000000000000000, 0.000000000000000000 ) ) ;
#2080 = ORIENTED_EDGE ( 'NONE', *, *, #1679, .T. ) ;
#2081 = LINE ( 'NONE', #1273, #284 ) ;
#2082 = ORIENTED_EDGE ( 'NONE', *, *, #428, .T. ) ;
#2083 = EDGE_CURVE ( 'NONE', #976, #241, #1737, .T. ) ;
#2084 = ORIENTED_EDGE ( 'NONE', *, *, #1343, .T. ) ;
#2085 = CARTESIAN_POINT ( 'NONE',  ( -1.357178454011090496, -1.624109207094926344, 1.399999999999999911 ) ) ;
#2086 = FACE_OUTER_BOUND ( 'NONE', #1364, .T. ) ;
#2087 = LINE ( 'NONE', #1241, #2009 ) ;
#2088 = CARTESIAN_POINT ( 'NONE',  ( -2.049109207094908403, 0.9321784540110916728, 1.399999999999999911 ) ) ;
#2089 = ORIENTED_EDGE ( 'NONE', *, *, #1002, .F. ) ;
#2090 = ORIENTED_EDGE ( 'NONE', *, *, #740, .T. ) ;
#2091 = FACE_OUTER_BOUND ( 'NONE', #700, .T. ) ;
#2092 = EDGE_CURVE ( 'NONE', #707, #576, #1427, .T. ) ;
#2093 = CARTESIAN_POINT ( 'NONE',  ( -1.785865678657466926, 0.9497550521414440672, 1.849999999999999867 ) ) ;
#2094 = DIRECTION ( 'NONE',  ( -2.444399792232536393E-14, -1.000000000000000000, 0.000000000000000000 ) ) ;
#2095 = LINE ( 'NONE', #639, #1742 ) ;
#2096 = ORIENTED_EDGE ( 'NONE', *, *, #2019, .F. ) ;
#2097 = FACE_OUTER_BOUND ( 'NONE', #180, .T. ) ;
#2098 = VERTEX_POINT ( 'NONE', #759 ) ;
ENDSEC;
END-ISO-10303-21;
