SolidWorks IGES file using analytic representation for surfaces         S      1
1H,,1H;,13HSwitch.SLDPRT,53HC:\Users\sanja\Desktop\Simbhu\Avionics_Bay\SG      1
witch.IGS,15HSolidWorks 2025,15HSolidWorks 2025,32,308,15,308,15,13HSwitG      2
ch.SLDPRT,1.,2,2HMM,50,0.125,13H251010.221915,1E-08,499990.,5Hsanja,,   G      3
11,0,13H251010.221915;                                                  G      4
     314       1       0       0       0                        00000200D      1
     314       0       8       1       0                               0D      2
     314       2       0       0       0                        00000200D      3
     314       0       8       1       0                               0D      4
     110       3       0       0       0                        01010000D      5
     110       0       0       2       0                               0D      6
     110       5       0       0       0                        01010000D      7
     110       0       0       2       0                               0D      8
     120       7       0       0       0                        01010000D      9
     120       0       0       1       0                               0D     10
     126       8       0       0       0                        01010500D     11
     126       0       0       2       0                               0D     12
     100      10       0       0       0                        01010000D     13
     100       0       0       2       0                               0D     14
     126      12       0       0       0                        01010500D     15
     126       0       0       2       0                               0D     16
     110      14       0       0       0                        01010000D     17
     110       0       0       2       0                               0D     18
     126      16       0       0       0                        01010500D     19
     126       0       0       2       0                               0D     20
     124      18       0       0       0                        00000000D     21
     124       0       0       4       0                               0D     22
     100      22       0       0       0              21        01010000D     23
     100       0       0       2       0                               0D     24
     126      24       0       0       0                        01010500D     25
     126       0       0       2       0                               0D     26
     110      26       0       0       0                        01010000D     27
     110       0       0       2       0                               0D     28
     102      28       0       0       0                        01010500D     29
     102       0       0       1       0                               0D     30
     102      29       0       0       0                        01010000D     31
     102       0       0       1       0                               0D     32
     142      30       0       0       0                        00010500D     33
     142       0       0       1       0                               0D     34
     144      31       0       0       0                        00000000D     35
     144       0      -3       1       0                               0D     36
     314      32       0       0       0                        00000200D     37
     314       0       8       1       0                               0D     38
     110      33       0       0       0                        01010000D     39
     110       0       0       2       0                               0D     40
     110      35       0       0       0                        01010000D     41
     110       0       0       1       0                               0D     42
     120      36       0       0       0                        01010000D     43
     120       0       0       1       0                               0D     44
     126      37       0       0       0                        01010500D     45
     126       0       0       2       0                               0D     46
     100      39       0       0       0                        01010000D     47
     100       0       0       2       0                               0D     48
     126      41       0       0       0                        01010500D     49
     126       0       0       2       0                               0D     50
     110      43       0       0       0                        01010000D     51
     110       0       0       1       0                               0D     52
     126      44       0       0       0                        01010500D     53
     126       0       0       2       0                               0D     54
     124      46       0       0       0                        00000000D     55
     124       0       0       4       0                               0D     56
     100      50       0       0       0              55        01010000D     57
     100       0       0       2       0                               0D     58
     126      52       0       0       0                        01010500D     59
     126       0       0       2       0                               0D     60
     110      54       0       0       0                        01010000D     61
     110       0       0       1       0                               0D     62
     102      55       0       0       0                        01010500D     63
     102       0       0       1       0                               0D     64
     102      56       0       0       0                        01010000D     65
     102       0       0       1       0                               0D     66
     142      57       0       0       0                        00010500D     67
     142       0       0       1       0                               0D     68
     144      58       0       0       0                        00000000D     69
     144       0     -37       1       0                               0D     70
     110      59       0       0       0                        01010000D     71
     110       0       0       1       0                               0D     72
     110      60       0       0       0                        01010000D     73
     110       0       0       1       0                               0D     74
     120      61       0       0       0                        01010000D     75
     120       0       0       1       0                               0D     76
     126      62       0       0       0                        01010500D     77
     126       0       0       2       0                               0D     78
     124      64       0       0       0                        00000000D     79
     124       0       0       3       0                               0D     80
     100      67       0       0       0              79        01010000D     81
     100       0       0       1       0                               0D     82
     126      68       0       0       0                        01010500D     83
     126       0       0       2       0                               0D     84
     110      70       0       0       0                        01010000D     85
     110       0       0       1       0                               0D     86
     126      71       0       0       0                        01010500D     87
     126       0       0       2       0                               0D     88
     100      73       0       0       0                        01010000D     89
     100       0       0       1       0                               0D     90
     126      74       0       0       0                        01010500D     91
     126       0       0       2       0                               0D     92
     110      76       0       0       0                        01010000D     93
     110       0       0       1       0                               0D     94
     102      77       0       0       0                        01010500D     95
     102       0       0       1       0                               0D     96
     102      78       0       0       0                        01010000D     97
     102       0       0       1       0                               0D     98
     142      79       0       0       0                        00010500D     99
     142       0       0       1       0                               0D    100
     144      80       0       0       0                        00000000D    101
     144       0      -1       1       0                               0D    102
     314      81       0       0       0                        00000200D    103
     314       0       8       1       0                               0D    104
     128      82       0       0       0                        01010000D    105
     128       0       0       3       0                               0D    106
     126      85       0       0       0                        01010500D    107
     126       0       0       2       0                               0D    108
     110      87       0       0       0                        01010000D    109
     110       0       0       1       0                               0D    110
     126      88       0       0       0                        01010500D    111
     126       0       0       2       0                               0D    112
     110      90       0       0       0                        01010000D    113
     110       0       0       1       0                               0D    114
     126      91       0       0       0                        01010500D    115
     126       0       0       2       0                               0D    116
     110      93       0       0       0                        01010000D    117
     110       0       0       1       0                               0D    118
     126      94       0       0       0                        01010500D    119
     126       0       0       2       0                               0D    120
     110      96       0       0       0                        01010000D    121
     110       0       0       1       0                               0D    122
     126      97       0       0       0                        01010500D    123
     126       0       0       2       0                               0D    124
     110      99       0       0       0                        01010000D    125
     110       0       0       1       0                               0D    126
     126     100       0       0       0                        01010500D    127
     126       0       0       2       0                               0D    128
     110     102       0       0       0                        01010000D    129
     110       0       0       1       0                               0D    130
     126     103       0       0       0                        01010500D    131
     126       0       0       2       0                               0D    132
     110     105       0       0       0                        01010000D    133
     110       0       0       1       0                               0D    134
     126     106       0       0       0                        01010500D    135
     126       0       0       2       0                               0D    136
     110     108       0       0       0                        01010000D    137
     110       0       0       1       0                               0D    138
     126     109       0       0       0                        01010500D    139
     126       0       0       2       0                               0D    140
     110     111       0       0       0                        01010000D    141
     110       0       0       1       0                               0D    142
     126     112       0       0       0                        01010500D    143
     126       0       0       2       0                               0D    144
     110     114       0       0       0                        01010000D    145
     110       0       0       1       0                               0D    146
     126     115       0       0       0                        01010500D    147
     126       0       0       2       0                               0D    148
     110     117       0       0       0                        01010000D    149
     110       0       0       1       0                               0D    150
     126     118       0       0       0                        01010500D    151
     126       0       0       2       0                               0D    152
     110     120       0       0       0                        01010000D    153
     110       0       0       1       0                               0D    154
     126     121       0       0       0                        01010500D    155
     126       0       0       2       0                               0D    156
     110     123       0       0       0                        01010000D    157
     110       0       0       1       0                               0D    158
     126     124       0       0       0                        01010500D    159
     126       0       0       2       0                               0D    160
     110     126       0       0       0                        01010000D    161
     110       0       0       1       0                               0D    162
     126     127       0       0       0                        01010500D    163
     126       0       0       2       0                               0D    164
     110     129       0       0       0                        01010000D    165
     110       0       0       1       0                               0D    166
     126     130       0       0       0                        01010500D    167
     126       0       0       2       0                               0D    168
     110     132       0       0       0                        01010000D    169
     110       0       0       1       0                               0D    170
     102     133       0       0       0                        01010500D    171
     102       0       0       2       0                               0D    172
     102     135       0       0       0                        01010000D    173
     102       0       0       2       0                               0D    174
     142     137       0       0       0                        00010500D    175
     142       0       0       1       0                               0D    176
     144     138       0       0       0                        00000000D    177
     144       0    -103       1       0                               0D    178
     314     139       0       0       0                        00000200D    179
     314       0       8       1       0                               0D    180
     128     140       0       0       0                        01010000D    181
     128       0       0       3       0                               0D    182
     126     143       0       0       0                        01010500D    183
     126       0       0       2       0                               0D    184
     110     145       0       0       0                        01010000D    185
     110       0       0       1       0                               0D    186
     126     146       0       0       0                        01010500D    187
     126       0       0       2       0                               0D    188
     110     148       0       0       0                        01010000D    189
     110       0       0       1       0                               0D    190
     126     149       0       0       0                        01010500D    191
     126       0       0       2       0                               0D    192
     110     151       0       0       0                        01010000D    193
     110       0       0       1       0                               0D    194
     126     152       0       0       0                        01010500D    195
     126       0       0       2       0                               0D    196
     110     154       0       0       0                        01010000D    197
     110       0       0       1       0                               0D    198
     126     155       0       0       0                        01010500D    199
     126       0       0       2       0                               0D    200
     110     157       0       0       0                        01010000D    201
     110       0       0       1       0                               0D    202
     126     158       0       0       0                        01010500D    203
     126       0       0       2       0                               0D    204
     110     160       0       0       0                        01010000D    205
     110       0       0       1       0                               0D    206
     126     161       0       0       0                        01010500D    207
     126       0       0       2       0                               0D    208
     110     163       0       0       0                        01010000D    209
     110       0       0       1       0                               0D    210
     126     164       0       0       0                        01010500D    211
     126       0       0       2       0                               0D    212
     110     166       0       0       0                        01010000D    213
     110       0       0       1       0                               0D    214
     126     167       0       0       0                        01010500D    215
     126       0       0       2       0                               0D    216
     110     169       0       0       0                        01010000D    217
     110       0       0       1       0                               0D    218
     126     170       0       0       0                        01010500D    219
     126       0       0       2       0                               0D    220
     110     172       0       0       0                        01010000D    221
     110       0       0       1       0                               0D    222
     126     173       0       0       0                        01010500D    223
     126       0       0       2       0                               0D    224
     110     175       0       0       0                        01010000D    225
     110       0       0       1       0                               0D    226
     126     176       0       0       0                        01010500D    227
     126       0       0       2       0                               0D    228
     110     178       0       0       0                        01010000D    229
     110       0       0       1       0                               0D    230
     126     179       0       0       0                        01010500D    231
     126       0       0       2       0                               0D    232
     110     181       0       0       0                        01010000D    233
     110       0       0       1       0                               0D    234
     126     182       0       0       0                        01010500D    235
     126       0       0       2       0                               0D    236
     110     184       0       0       0                        01010000D    237
     110       0       0       1       0                               0D    238
     126     185       0       0       0                        01010500D    239
     126       0       0       2       0                               0D    240
     110     187       0       0       0                        01010000D    241
     110       0       0       1       0                               0D    242
     126     188       0       0       0                        01010500D    243
     126       0       0       2       0                               0D    244
     110     190       0       0       0                        01010000D    245
     110       0       0       1       0                               0D    246
     102     191       0       0       0                        01010500D    247
     102       0       0       2       0                               0D    248
     102     193       0       0       0                        01010000D    249
     102       0       0       2       0                               0D    250
     142     195       0       0       0                        00010500D    251
     142       0       0       1       0                               0D    252
     144     196       0       0       0                        00000000D    253
     144       0    -179       1       0                               0D    254
     314     197       0       0       0                        00000200D    255
     314       0       8       1       0                               0D    256
     128     198       0       0       0                        01010000D    257
     128       0       0       3       0                               0D    258
     126     201       0       0       0                        01010500D    259
     126       0       0       2       0                               0D    260
     110     203       0       0       0                        01010000D    261
     110       0       0       1       0                               0D    262
     126     204       0       0       0                        01010500D    263
     126       0       0       2       0                               0D    264
     110     206       0       0       0                        01010000D    265
     110       0       0       1       0                               0D    266
     126     207       0       0       0                        01010500D    267
     126       0       0       2       0                               0D    268
     110     209       0       0       0                        01010000D    269
     110       0       0       1       0                               0D    270
     126     210       0       0       0                        01010500D    271
     126       0       0       2       0                               0D    272
     110     212       0       0       0                        01010000D    273
     110       0       0       1       0                               0D    274
     126     213       0       0       0                        01010500D    275
     126       0       0       2       0                               0D    276
     110     215       0       0       0                        01010000D    277
     110       0       0       1       0                               0D    278
     126     216       0       0       0                        01010500D    279
     126       0       0       2       0                               0D    280
     110     218       0       0       0                        01010000D    281
     110       0       0       1       0                               0D    282
     126     219       0       0       0                        01010500D    283
     126       0       0       2       0                               0D    284
     110     221       0       0       0                        01010000D    285
     110       0       0       1       0                               0D    286
     126     222       0       0       0                        01010500D    287
     126       0       0       2       0                               0D    288
     110     224       0       0       0                        01010000D    289
     110       0       0       1       0                               0D    290
     102     225       0       0       0                        01010500D    291
     102       0       0       1       0                               0D    292
     102     226       0       0       0                        01010000D    293
     102       0       0       1       0                               0D    294
     142     227       0       0       0                        00010500D    295
     142       0       0       1       0                               0D    296
     144     228       0       0       0                        00000000D    297
     144       0    -255       1       0                               0D    298
     314     229       0       0       0                        00000200D    299
     314       0       8       1       0                               0D    300
     128     230       0       0       0                        01010000D    301
     128       0       0       2       0                               0D    302
     126     232       0       0       0                        01010500D    303
     126       0       0       2       0                               0D    304
     110     234       0       0       0                        01010000D    305
     110       0       0       1       0                               0D    306
     126     235       0       0       0                        01010500D    307
     126       0       0       2       0                               0D    308
     110     237       0       0       0                        01010000D    309
     110       0       0       1       0                               0D    310
     126     238       0       0       0                        01010500D    311
     126       0       0       2       0                               0D    312
     110     240       0       0       0                        01010000D    313
     110       0       0       1       0                               0D    314
     126     241       0       0       0                        01010500D    315
     126       0       0       2       0                               0D    316
     110     243       0       0       0                        01010000D    317
     110       0       0       1       0                               0D    318
     126     244       0       0       0                        01010500D    319
     126       0       0       2       0                               0D    320
     110     246       0       0       0                        01010000D    321
     110       0       0       1       0                               0D    322
     126     247       0       0       0                        01010500D    323
     126       0       0       2       0                               0D    324
     110     249       0       0       0                        01010000D    325
     110       0       0       1       0                               0D    326
     126     250       0       0       0                        01010500D    327
     126       0       0       2       0                               0D    328
     110     252       0       0       0                        01010000D    329
     110       0       0       1       0                               0D    330
     126     253       0       0       0                        01010500D    331
     126       0       0       2       0                               0D    332
     110     255       0       0       0                        01010000D    333
     110       0       0       1       0                               0D    334
     102     256       0       0       0                        01010500D    335
     102       0       0       1       0                               0D    336
     102     257       0       0       0                        01010000D    337
     102       0       0       1       0                               0D    338
     142     258       0       0       0                        00010500D    339
     142       0       0       1       0                               0D    340
     144     259       0       0       0                        00000000D    341
     144       0    -299       1       0                               0D    342
     314     260       0       0       0                        00000200D    343
     314       0       8       1       0                               0D    344
     128     261       0       0       0                        01010000D    345
     128       0       0       3       0                               0D    346
     126     264       0       0       0                        01010500D    347
     126       0       0       2       0                               0D    348
     110     266       0       0       0                        01010000D    349
     110       0       0       1       0                               0D    350
     126     267       0       0       0                        01010500D    351
     126       0       0      12       0                               0D    352
     124     279       0       0       0                        00000000D    353
     124       0       0       4       0                               0D    354
     100     283       0       0       0             353        01010000D    355
     100       0       0       2       0                               0D    356
     126     285       0       0       0                        01010500D    357
     126       0       0       2       0                               0D    358
     110     287       0       0       0                        01010000D    359
     110       0       0       2       0                               0D    360
     126     289       0       0       0                        01010500D    361
     126       0       0       4       0                               0D    362
     124     293       0       0       0                        00000000D    363
     124       0       0       4       0                               0D    364
     100     297       0       0       0             363        01010000D    365
     100       0       0       2       0                               0D    366
     126     299       0       0       0                        01010500D    367
     126       0       0       7       0                               0D    368
     124     306       0       0       0                        00000000D    369
     124       0       0       4       0                               0D    370
     100     310       0       0       0             369        01010000D    371
     100       0       0       2       0                               0D    372
     126     312       0       0       0                        01010500D    373
     126       0       0       2       0                               0D    374
     110     314       0       0       0                        01010000D    375
     110       0       0       1       0                               0D    376
     126     315       0       0       0                        01010500D    377
     126       0       0       2       0                               0D    378
     110     317       0       0       0                        01010000D    379
     110       0       0       1       0                               0D    380
     126     318       0       0       0                        01010500D    381
     126       0       0       2       0                               0D    382
     110     320       0       0       0                        01010000D    383
     110       0       0       1       0                               0D    384
     126     321       0       0       0                        01010500D    385
     126       0       0      12       0                               0D    386
     124     333       0       0       0                        00000000D    387
     124       0       0       4       0                               0D    388
     100     337       0       0       0             387        01010000D    389
     100       0       0       2       0                               0D    390
     126     339       0       0       0                        01010500D    391
     126       0       0       2       0                               0D    392
     110     341       0       0       0                        01010000D    393
     110       0       0       1       0                               0D    394
     126     342       0       0       0                        01010500D    395
     126       0       0      12       0                               0D    396
     124     354       0       0       0                        00000000D    397
     124       0       0       4       0                               0D    398
     100     358       0       0       0             397        01010000D    399
     100       0       0       2       0                               0D    400
     126     360       0       0       0                        01010500D    401
     126       0       0       2       0                               0D    402
     110     362       0       0       0                        01010000D    403
     110       0       0       1       0                               0D    404
     126     363       0       0       0                        01010500D    405
     126       0       0       2       0                               0D    406
     110     365       0       0       0                        01010000D    407
     110       0       0       1       0                               0D    408
     126     366       0       0       0                        01010500D    409
     126       0       0       2       0                               0D    410
     110     368       0       0       0                        01010000D    411
     110       0       0       1       0                               0D    412
     126     369       0       0       0                        01010500D    413
     126       0       0      12       0                               0D    414
     124     381       0       0       0                        00000000D    415
     124       0       0       4       0                               0D    416
     100     385       0       0       0             415        01010000D    417
     100       0       0       2       0                               0D    418
     126     387       0       0       0                        01010500D    419
     126       0       0       2       0                               0D    420
     110     389       0       0       0                        01010000D    421
     110       0       0       1       0                               0D    422
     126     390       0       0       0                        01010500D    423
     126       0       0      12       0                               0D    424
     124     402       0       0       0                        00000000D    425
     124       0       0       4       0                               0D    426
     100     406       0       0       0             425        01010000D    427
     100       0       0       2       0                               0D    428
     126     408       0       0       0                        01010500D    429
     126       0       0       2       0                               0D    430
     110     410       0       0       0                        01010000D    431
     110       0       0       1       0                               0D    432
     126     411       0       0       0                        01010500D    433
     126       0       0       2       0                               0D    434
     110     413       0       0       0                        01010000D    435
     110       0       0       1       0                               0D    436
     126     414       0       0       0                        01010500D    437
     126       0       0       2       0                               0D    438
     110     416       0       0       0                        01010000D    439
     110       0       0       1       0                               0D    440
     126     417       0       0       0                        01010500D    441
     126       0       0       7       0                               0D    442
     124     424       0       0       0                        00000000D    443
     124       0       0       4       0                               0D    444
     100     428       0       0       0             443        01010000D    445
     100       0       0       2       0                               0D    446
     126     430       0       0       0                        01010500D    447
     126       0       0       4       0                               0D    448
     124     434       0       0       0                        00000000D    449
     124       0       0       4       0                               0D    450
     100     438       0       0       0             449        01010000D    451
     100       0       0       2       0                               0D    452
     126     440       0       0       0                        01010500D    453
     126       0       0       2       0                               0D    454
     110     442       0       0       0                        01010000D    455
     110       0       0       1       0                               0D    456
     126     443       0       0       0                        01010500D    457
     126       0       0      12       0                               0D    458
     124     455       0       0       0                        00000000D    459
     124       0       0       4       0                               0D    460
     100     459       0       0       0             459        01010000D    461
     100       0       0       2       0                               0D    462
     126     461       0       0       0                        01010500D    463
     126       0       0       2       0                               0D    464
     110     463       0       0       0                        01010000D    465
     110       0       0       1       0                               0D    466
     126     464       0       0       0                        01010500D    467
     126       0       0       2       0                               0D    468
     110     466       0       0       0                        01010000D    469
     110       0       0       1       0                               0D    470
     102     467       0       0       0                        01010500D    471
     102       0       0       2       0                               0D    472
     102     469       0       0       0                        01010000D    473
     102       0       0       2       0                               0D    474
     142     471       0       0       0                        00010500D    475
     142       0       0       1       0                               0D    476
     126     472       0       0       0                        01010500D    477
     126       0       0      22       0                               0D    478
     124     494       0       0       0                        00000000D    479
     124       0       0       3       0                               0D    480
     100     497       0       0       0             479        01010000D    481
     100       0       0       1       0                               0D    482
     126     498       0       0       0                        01010500D    483
     126       0       0       2       0                               0D    484
     110     500       0       0       0                        01010000D    485
     110       0       0       1       0                               0D    486
     126     501       0       0       0                        01010500D    487
     126       0       0      11       0                               0D    488
     124     512       0       0       0                        00000000D    489
     124       0       0       3       0                               0D    490
     100     515       0       0       0             489        01010000D    491
     100       0       0       1       0                               0D    492
     126     516       0       0       0                        01010500D    493
     126       0       0      12       0                               0D    494
     124     528       0       0       0                        00000000D    495
     124       0       0       4       0                               0D    496
     100     532       0       0       0             495        01010000D    497
     100       0       0       1       0                               0D    498
     126     533       0       0       0                        01010500D    499
     126       0       0       2       0                               0D    500
     110     535       0       0       0                        01010000D    501
     110       0       0       1       0                               0D    502
     102     536       0       0       0                        01010500D    503
     102       0       0       1       0                               0D    504
     102     537       0       0       0                        01010000D    505
     102       0       0       1       0                               0D    506
     142     538       0       0       0                        00010500D    507
     142       0       0       1       0                               0D    508
     144     539       0       0       0                        00000000D    509
     144       0    -343       1       0                               0D    510
     128     540       0       0       0                        01010000D    511
     128       0       0       2       0                               0D    512
     126     542       0       0       0                        01010500D    513
     126       0       0       2       0                               0D    514
     110     544       0       0       0                        01010000D    515
     110       0       0       1       0                               0D    516
     126     545       0       0       0                        01010500D    517
     126       0       0       2       0                               0D    518
     110     547       0       0       0                        01010000D    519
     110       0       0       1       0                               0D    520
     126     548       0       0       0                        01010500D    521
     126       0       0       2       0                               0D    522
     110     550       0       0       0                        01010000D    523
     110       0       0       1       0                               0D    524
     126     551       0       0       0                        01010500D    525
     126       0       0       2       0                               0D    526
     110     553       0       0       0                        01010000D    527
     110       0       0       1       0                               0D    528
     126     554       0       0       0                        01010500D    529
     126       0       0       2       0                               0D    530
     110     556       0       0       0                        01010000D    531
     110       0       0       1       0                               0D    532
     126     557       0       0       0                        01010500D    533
     126       0       0       2       0                               0D    534
     110     559       0       0       0                        01010000D    535
     110       0       0       1       0                               0D    536
     126     560       0       0       0                        01010500D    537
     126       0       0       2       0                               0D    538
     110     562       0       0       0                        01010000D    539
     110       0       0       1       0                               0D    540
     126     563       0       0       0                        01010500D    541
     126       0       0       2       0                               0D    542
     110     565       0       0       0                        01010000D    543
     110       0       0       1       0                               0D    544
     126     566       0       0       0                        01010500D    545
     126       0       0       2       0                               0D    546
     110     568       0       0       0                        01010000D    547
     110       0       0       1       0                               0D    548
     126     569       0       0       0                        01010500D    549
     126       0       0       2       0                               0D    550
     110     571       0       0       0                        01010000D    551
     110       0       0       1       0                               0D    552
     126     572       0       0       0                        01010500D    553
     126       0       0       2       0                               0D    554
     110     574       0       0       0                        01010000D    555
     110       0       0       1       0                               0D    556
     126     575       0       0       0                        01010500D    557
     126       0       0       2       0                               0D    558
     110     577       0       0       0                        01010000D    559
     110       0       0       1       0                               0D    560
     126     578       0       0       0                        01010500D    561
     126       0       0       2       0                               0D    562
     110     580       0       0       0                        01010000D    563
     110       0       0       1       0                               0D    564
     126     581       0       0       0                        01010500D    565
     126       0       0       2       0                               0D    566
     110     583       0       0       0                        01010000D    567
     110       0       0       1       0                               0D    568
     126     584       0       0       0                        01010500D    569
     126       0       0       2       0                               0D    570
     110     586       0       0       0                        01010000D    571
     110       0       0       1       0                               0D    572
     126     587       0       0       0                        01010500D    573
     126       0       0       2       0                               0D    574
     110     589       0       0       0                        01010000D    575
     110       0       0       1       0                               0D    576
     126     590       0       0       0                        01010500D    577
     126       0       0       2       0                               0D    578
     110     592       0       0       0                        01010000D    579
     110       0       0       1       0                               0D    580
     126     593       0       0       0                        01010500D    581
     126       0       0       2       0                               0D    582
     110     595       0       0       0                        01010000D    583
     110       0       0       1       0                               0D    584
     126     596       0       0       0                        01010500D    585
     126       0       0       2       0                               0D    586
     110     598       0       0       0                        01010000D    587
     110       0       0       1       0                               0D    588
     126     599       0       0       0                        01010500D    589
     126       0       0       2       0                               0D    590
     110     601       0       0       0                        01010000D    591
     110       0       0       1       0                               0D    592
     102     602       0       0       0                        01010500D    593
     102       0       0       2       0                               0D    594
     102     604       0       0       0                        01010000D    595
     102       0       0       2       0                               0D    596
     142     606       0       0       0                        00010500D    597
     142       0       0       1       0                               0D    598
     144     607       0       0       0                        00000000D    599
     144       0      -1       1       0                               0D    600
     128     608       0       0       0                        01010000D    601
     128       0       0       2       0                               0D    602
     126     610       0       0       0                        01010500D    603
     126       0       0       2       0                               0D    604
     110     612       0       0       0                        01010000D    605
     110       0       0       1       0                               0D    606
     126     613       0       0       0                        01010500D    607
     126       0       0       2       0                               0D    608
     110     615       0       0       0                        01010000D    609
     110       0       0       1       0                               0D    610
     126     616       0       0       0                        01010500D    611
     126       0       0       2       0                               0D    612
     110     618       0       0       0                        01010000D    613
     110       0       0       1       0                               0D    614
     126     619       0       0       0                        01010500D    615
     126       0       0       2       0                               0D    616
     110     621       0       0       0                        01010000D    617
     110       0       0       1       0                               0D    618
     102     622       0       0       0                        01010500D    619
     102       0       0       1       0                               0D    620
     102     623       0       0       0                        01010000D    621
     102       0       0       1       0                               0D    622
     142     624       0       0       0                        00010500D    623
     142       0       0       1       0                               0D    624
     144     625       0       0       0                        00000000D    625
     144       0      -1       1       0                               0D    626
     128     626       0       0       0                        01010000D    627
     128       0       0       2       0                               0D    628
     126     628       0       0       0                        01010500D    629
     126       0       0       2       0                               0D    630
     110     630       0       0       0                        01010000D    631
     110       0       0       1       0                               0D    632
     126     631       0       0       0                        01010500D    633
     126       0       0       2       0                               0D    634
     110     633       0       0       0                        01010000D    635
     110       0       0       1       0                               0D    636
     126     634       0       0       0                        01010500D    637
     126       0       0       2       0                               0D    638
     110     636       0       0       0                        01010000D    639
     110       0       0       1       0                               0D    640
     126     637       0       0       0                        01010500D    641
     126       0       0       2       0                               0D    642
     110     639       0       0       0                        01010000D    643
     110       0       0       1       0                               0D    644
     102     640       0       0       0                        01010500D    645
     102       0       0       1       0                               0D    646
     102     641       0       0       0                        01010000D    647
     102       0       0       1       0                               0D    648
     142     642       0       0       0                        00010500D    649
     142       0       0       1       0                               0D    650
     144     643       0       0       0                        00000000D    651
     144       0      -1       1       0                               0D    652
     128     644       0       0       0                        01010000D    653
     128       0       0       3       0                               0D    654
     126     647       0       0       0                        01010500D    655
     126       0       0       2       0                               0D    656
     110     649       0       0       0                        01010000D    657
     110       0       0       1       0                               0D    658
     126     650       0       0       0                        01010500D    659
     126       0       0       2       0                               0D    660
     110     652       0       0       0                        01010000D    661
     110       0       0       1       0                               0D    662
     126     653       0       0       0                        01010500D    663
     126       0       0       2       0                               0D    664
     110     655       0       0       0                        01010000D    665
     110       0       0       1       0                               0D    666
     126     656       0       0       0                        01010500D    667
     126       0       0       2       0                               0D    668
     110     658       0       0       0                        01010000D    669
     110       0       0       1       0                               0D    670
     102     659       0       0       0                        01010500D    671
     102       0       0       1       0                               0D    672
     102     660       0       0       0                        01010000D    673
     102       0       0       1       0                               0D    674
     142     661       0       0       0                        00010500D    675
     142       0       0       1       0                               0D    676
     144     662       0       0       0                        00000000D    677
     144       0      -1       1       0                               0D    678
     128     663       0       0       0                        01010000D    679
     128       0       0       3       0                               0D    680
     126     666       0       0       0                        01010500D    681
     126       0       0       2       0                               0D    682
     110     668       0       0       0                        01010000D    683
     110       0       0       1       0                               0D    684
     126     669       0       0       0                        01010500D    685
     126       0       0       2       0                               0D    686
     110     671       0       0       0                        01010000D    687
     110       0       0       1       0                               0D    688
     126     672       0       0       0                        01010500D    689
     126       0       0       2       0                               0D    690
     110     674       0       0       0                        01010000D    691
     110       0       0       1       0                               0D    692
     126     675       0       0       0                        01010500D    693
     126       0       0       2       0                               0D    694
     110     677       0       0       0                        01010000D    695
     110       0       0       1       0                               0D    696
     102     678       0       0       0                        01010500D    697
     102       0       0       1       0                               0D    698
     102     679       0       0       0                        01010000D    699
     102       0       0       1       0                               0D    700
     142     680       0       0       0                        00010500D    701
     142       0       0       1       0                               0D    702
     144     681       0       0       0                        00000000D    703
     144       0      -1       1       0                               0D    704
     128     682       0       0       0                        01010000D    705
     128       0       0       2       0                               0D    706
     126     684       0       0       0                        01010500D    707
     126       0       0       2       0                               0D    708
     110     686       0       0       0                        01010000D    709
     110       0       0       1       0                               0D    710
     126     687       0       0       0                        01010500D    711
     126       0       0       2       0                               0D    712
     110     689       0       0       0                        01010000D    713
     110       0       0       1       0                               0D    714
     126     690       0       0       0                        01010500D    715
     126       0       0       2       0                               0D    716
     110     692       0       0       0                        01010000D    717
     110       0       0       1       0                               0D    718
     126     693       0       0       0                        01010500D    719
     126       0       0       2       0                               0D    720
     110     695       0       0       0                        01010000D    721
     110       0       0       1       0                               0D    722
     102     696       0       0       0                        01010500D    723
     102       0       0       1       0                               0D    724
     102     697       0       0       0                        01010000D    725
     102       0       0       1       0                               0D    726
     142     698       0       0       0                        00010500D    727
     142       0       0       1       0                               0D    728
     144     699       0       0       0                        00000000D    729
     144       0      -1       1       0                               0D    730
     128     700       0       0       0                        01010000D    731
     128       0       0       2       0                               0D    732
     126     702       0       0       0                        01010500D    733
     126       0       0       2       0                               0D    734
     110     704       0       0       0                        01010000D    735
     110       0       0       1       0                               0D    736
     126     705       0       0       0                        01010500D    737
     126       0       0       2       0                               0D    738
     110     707       0       0       0                        01010000D    739
     110       0       0       1       0                               0D    740
     126     708       0       0       0                        01010500D    741
     126       0       0       2       0                               0D    742
     110     710       0       0       0                        01010000D    743
     110       0       0       1       0                               0D    744
     126     711       0       0       0                        01010500D    745
     126       0       0       2       0                               0D    746
     110     713       0       0       0                        01010000D    747
     110       0       0       1       0                               0D    748
     102     714       0       0       0                        01010500D    749
     102       0       0       1       0                               0D    750
     102     715       0       0       0                        01010000D    751
     102       0       0       1       0                               0D    752
     142     716       0       0       0                        00010500D    753
     142       0       0       1       0                               0D    754
     144     717       0       0       0                        00000000D    755
     144       0      -1       1       0                               0D    756
     128     718       0       0       0                        01010000D    757
     128       0       0       2       0                               0D    758
     126     720       0       0       0                        01010500D    759
     126       0       0       2       0                               0D    760
     110     722       0       0       0                        01010000D    761
     110       0       0       1       0                               0D    762
     126     723       0       0       0                        01010500D    763
     126       0       0       2       0                               0D    764
     110     725       0       0       0                        01010000D    765
     110       0       0       1       0                               0D    766
     126     726       0       0       0                        01010500D    767
     126       0       0       2       0                               0D    768
     110     728       0       0       0                        01010000D    769
     110       0       0       1       0                               0D    770
     126     729       0       0       0                        01010500D    771
     126       0       0       2       0                               0D    772
     110     731       0       0       0                        01010000D    773
     110       0       0       1       0                               0D    774
     102     732       0       0       0                        01010500D    775
     102       0       0       1       0                               0D    776
     102     733       0       0       0                        01010000D    777
     102       0       0       1       0                               0D    778
     142     734       0       0       0                        00010500D    779
     142       0       0       1       0                               0D    780
     144     735       0       0       0                        00000000D    781
     144       0      -1       1       0                               0D    782
     128     736       0       0       0                        01010000D    783
     128       0       0       2       0                               0D    784
     126     738       0       0       0                        01010500D    785
     126       0       0       2       0                               0D    786
     110     740       0       0       0                        01010000D    787
     110       0       0       1       0                               0D    788
     126     741       0       0       0                        01010500D    789
     126       0       0       2       0                               0D    790
     110     743       0       0       0                        01010000D    791
     110       0       0       1       0                               0D    792
     126     744       0       0       0                        01010500D    793
     126       0       0       2       0                               0D    794
     110     746       0       0       0                        01010000D    795
     110       0       0       1       0                               0D    796
     126     747       0       0       0                        01010500D    797
     126       0       0       2       0                               0D    798
     110     749       0       0       0                        01010000D    799
     110       0       0       1       0                               0D    800
     102     750       0       0       0                        01010500D    801
     102       0       0       1       0                               0D    802
     102     751       0       0       0                        01010000D    803
     102       0       0       1       0                               0D    804
     142     752       0       0       0                        00010500D    805
     142       0       0       1       0                               0D    806
     144     753       0       0       0                        00000000D    807
     144       0      -1       1       0                               0D    808
     128     754       0       0       0                        01010000D    809
     128       0       0       2       0                               0D    810
     126     756       0       0       0                        01010500D    811
     126       0       0       2       0                               0D    812
     110     758       0       0       0                        01010000D    813
     110       0       0       1       0                               0D    814
     126     759       0       0       0                        01010500D    815
     126       0       0       2       0                               0D    816
     110     761       0       0       0                        01010000D    817
     110       0       0       1       0                               0D    818
     126     762       0       0       0                        01010500D    819
     126       0       0       2       0                               0D    820
     110     764       0       0       0                        01010000D    821
     110       0       0       1       0                               0D    822
     126     765       0       0       0                        01010500D    823
     126       0       0       2       0                               0D    824
     110     767       0       0       0                        01010000D    825
     110       0       0       1       0                               0D    826
     102     768       0       0       0                        01010500D    827
     102       0       0       1       0                               0D    828
     102     769       0       0       0                        01010000D    829
     102       0       0       1       0                               0D    830
     142     770       0       0       0                        00010500D    831
     142       0       0       1       0                               0D    832
     144     771       0       0       0                        00000000D    833
     144       0      -1       1       0                               0D    834
     128     772       0       0       0                        01010000D    835
     128       0       0       2       0                               0D    836
     126     774       0       0       0                        01010500D    837
     126       0       0       2       0                               0D    838
     110     776       0       0       0                        01010000D    839
     110       0       0       1       0                               0D    840
     126     777       0       0       0                        01010500D    841
     126       0       0       2       0                               0D    842
     110     779       0       0       0                        01010000D    843
     110       0       0       1       0                               0D    844
     126     780       0       0       0                        01010500D    845
     126       0       0       2       0                               0D    846
     110     782       0       0       0                        01010000D    847
     110       0       0       1       0                               0D    848
     126     783       0       0       0                        01010500D    849
     126       0       0       2       0                               0D    850
     110     785       0       0       0                        01010000D    851
     110       0       0       1       0                               0D    852
     102     786       0       0       0                        01010500D    853
     102       0       0       1       0                               0D    854
     102     787       0       0       0                        01010000D    855
     102       0       0       1       0                               0D    856
     142     788       0       0       0                        00010500D    857
     142       0       0       1       0                               0D    858
     144     789       0       0       0                        00000000D    859
     144       0      -1       1       0                               0D    860
     128     790       0       0       0                        01010000D    861
     128       0       0       2       0                               0D    862
     126     792       0       0       0                        01010500D    863
     126       0       0       2       0                               0D    864
     110     794       0       0       0                        01010000D    865
     110       0       0       1       0                               0D    866
     126     795       0       0       0                        01010500D    867
     126       0       0       2       0                               0D    868
     110     797       0       0       0                        01010000D    869
     110       0       0       1       0                               0D    870
     126     798       0       0       0                        01010500D    871
     126       0       0       2       0                               0D    872
     110     800       0       0       0                        01010000D    873
     110       0       0       1       0                               0D    874
     126     801       0       0       0                        01010500D    875
     126       0       0       2       0                               0D    876
     110     803       0       0       0                        01010000D    877
     110       0       0       1       0                               0D    878
     102     804       0       0       0                        01010500D    879
     102       0       0       1       0                               0D    880
     102     805       0       0       0                        01010000D    881
     102       0       0       1       0                               0D    882
     142     806       0       0       0                        00010500D    883
     142       0       0       1       0                               0D    884
     144     807       0       0       0                        00000000D    885
     144       0      -1       1       0                               0D    886
     128     808       0       0       0                        01010000D    887
     128       0       0       2       0                               0D    888
     126     810       0       0       0                        01010500D    889
     126       0       0       2       0                               0D    890
     110     812       0       0       0                        01010000D    891
     110       0       0       1       0                               0D    892
     126     813       0       0       0                        01010500D    893
     126       0       0       2       0                               0D    894
     110     815       0       0       0                        01010000D    895
     110       0       0       1       0                               0D    896
     126     816       0       0       0                        01010500D    897
     126       0       0       2       0                               0D    898
     110     818       0       0       0                        01010000D    899
     110       0       0       1       0                               0D    900
     126     819       0       0       0                        01010500D    901
     126       0       0       2       0                               0D    902
     110     821       0       0       0                        01010000D    903
     110       0       0       1       0                               0D    904
     102     822       0       0       0                        01010500D    905
     102       0       0       1       0                               0D    906
     102     823       0       0       0                        01010000D    907
     102       0       0       1       0                               0D    908
     142     824       0       0       0                        00010500D    909
     142       0       0       1       0                               0D    910
     144     825       0       0       0                        00000000D    911
     144       0      -1       1       0                               0D    912
     128     826       0       0       0                        01010000D    913
     128       0       0       2       0                               0D    914
     126     828       0       0       0                        01010500D    915
     126       0       0       2       0                               0D    916
     110     830       0       0       0                        01010000D    917
     110       0       0       1       0                               0D    918
     126     831       0       0       0                        01010500D    919
     126       0       0       2       0                               0D    920
     110     833       0       0       0                        01010000D    921
     110       0       0       1       0                               0D    922
     126     834       0       0       0                        01010500D    923
     126       0       0       2       0                               0D    924
     110     836       0       0       0                        01010000D    925
     110       0       0       1       0                               0D    926
     126     837       0       0       0                        01010500D    927
     126       0       0       2       0                               0D    928
     110     839       0       0       0                        01010000D    929
     110       0       0       1       0                               0D    930
     102     840       0       0       0                        01010500D    931
     102       0       0       1       0                               0D    932
     102     841       0       0       0                        01010000D    933
     102       0       0       1       0                               0D    934
     142     842       0       0       0                        00010500D    935
     142       0       0       1       0                               0D    936
     144     843       0       0       0                        00000000D    937
     144       0      -1       1       0                               0D    938
     128     844       0       0       0                        01010000D    939
     128       0       0       2       0                               0D    940
     126     846       0       0       0                        01010500D    941
     126       0       0       2       0                               0D    942
     110     848       0       0       0                        01010000D    943
     110       0       0       1       0                               0D    944
     126     849       0       0       0                        01010500D    945
     126       0       0       2       0                               0D    946
     110     851       0       0       0                        01010000D    947
     110       0       0       1       0                               0D    948
     126     852       0       0       0                        01010500D    949
     126       0       0       2       0                               0D    950
     110     854       0       0       0                        01010000D    951
     110       0       0       1       0                               0D    952
     126     855       0       0       0                        01010500D    953
     126       0       0       2       0                               0D    954
     110     857       0       0       0                        01010000D    955
     110       0       0       1       0                               0D    956
     102     858       0       0       0                        01010500D    957
     102       0       0       1       0                               0D    958
     102     859       0       0       0                        01010000D    959
     102       0       0       1       0                               0D    960
     142     860       0       0       0                        00010500D    961
     142       0       0       1       0                               0D    962
     144     861       0       0       0                        00000000D    963
     144       0      -1       1       0                               0D    964
     128     862       0       0       0                        01010000D    965
     128       0       0       2       0                               0D    966
     126     864       0       0       0                        01010500D    967
     126       0       0       2       0                               0D    968
     110     866       0       0       0                        01010000D    969
     110       0       0       1       0                               0D    970
     126     867       0       0       0                        01010500D    971
     126       0       0       2       0                               0D    972
     110     869       0       0       0                        01010000D    973
     110       0       0       1       0                               0D    974
     126     870       0       0       0                        01010500D    975
     126       0       0       2       0                               0D    976
     110     872       0       0       0                        01010000D    977
     110       0       0       1       0                               0D    978
     126     873       0       0       0                        01010500D    979
     126       0       0       2       0                               0D    980
     110     875       0       0       0                        01010000D    981
     110       0       0       1       0                               0D    982
     102     876       0       0       0                        01010500D    983
     102       0       0       1       0                               0D    984
     102     877       0       0       0                        01010000D    985
     102       0       0       1       0                               0D    986
     142     878       0       0       0                        00010500D    987
     142       0       0       1       0                               0D    988
     144     879       0       0       0                        00000000D    989
     144       0      -1       1       0                               0D    990
     128     880       0       0       0                        01010000D    991
     128       0       0       2       0                               0D    992
     126     882       0       0       0                        01010500D    993
     126       0       0       2       0                               0D    994
     110     884       0       0       0                        01010000D    995
     110       0       0       1       0                               0D    996
     126     885       0       0       0                        01010500D    997
     126       0       0       2       0                               0D    998
     110     887       0       0       0                        01010000D    999
     110       0       0       1       0                               0D   1000
     126     888       0       0       0                        01010500D   1001
     126       0       0       2       0                               0D   1002
     110     890       0       0       0                        01010000D   1003
     110       0       0       1       0                               0D   1004
     126     891       0       0       0                        01010500D   1005
     126       0       0       2       0                               0D   1006
     110     893       0       0       0                        01010000D   1007
     110       0       0       1       0                               0D   1008
     102     894       0       0       0                        01010500D   1009
     102       0       0       1       0                               0D   1010
     102     895       0       0       0                        01010000D   1011
     102       0       0       1       0                               0D   1012
     142     896       0       0       0                        00010500D   1013
     142       0       0       1       0                               0D   1014
     144     897       0       0       0                        00000000D   1015
     144       0      -1       1       0                               0D   1016
     110     898       0       0       0                        01010000D   1017
     110       0       0       1       0                               0D   1018
     110     899       0       0       0                        01010000D   1019
     110       0       0       1       0                               0D   1020
     120     900       0       0       0                        01010000D   1021
     120       0       0       1       0                               0D   1022
     126     901       0       0       0                        01010500D   1023
     126       0       0       2       0                               0D   1024
     100     903       0       0       0                        01010000D   1025
     100       0       0       1       0                               0D   1026
     126     904       0       0       0                        01010500D   1027
     126       0       0       2       0                               0D   1028
     110     906       0       0       0                        01010000D   1029
     110       0       0       1       0                               0D   1030
     126     907       0       0       0                        01010500D   1031
     126       0       0       2       0                               0D   1032
     124     909       0       0       0                        00000000D   1033
     124       0       0       3       0                               0D   1034
     100     912       0       0       0            1033        01010000D   1035
     100       0       0       1       0                               0D   1036
     126     913       0       0       0                        01010500D   1037
     126       0       0       2       0                               0D   1038
     110     915       0       0       0                        01010000D   1039
     110       0       0       1       0                               0D   1040
     102     916       0       0       0                        01010500D   1041
     102       0       0       1       0                               0D   1042
     102     917       0       0       0                        01010000D   1043
     102       0       0       1       0                               0D   1044
     142     918       0       0       0                        00010500D   1045
     142       0       0       1       0                               0D   1046
     144     919       0       0       0                        00000000D   1047
     144       0      -1       1       0                               0D   1048
     128     920       0       0       0                        01010000D   1049
     128       0       0       3       0                               0D   1050
     126     923       0       0       0                        01010500D   1051
     126       0       0       2       0                               0D   1052
     110     925       0       0       0                        01010000D   1053
     110       0       0       1       0                               0D   1054
     126     926       0       0       0                        01010500D   1055
     126       0       0       2       0                               0D   1056
     110     928       0       0       0                        01010000D   1057
     110       0       0       1       0                               0D   1058
     126     929       0       0       0                        01010500D   1059
     126       0       0       2       0                               0D   1060
     110     931       0       0       0                        01010000D   1061
     110       0       0       1       0                               0D   1062
     126     932       0       0       0                        01010500D   1063
     126       0       0       2       0                               0D   1064
     110     934       0       0       0                        01010000D   1065
     110       0       0       1       0                               0D   1066
     102     935       0       0       0                        01010500D   1067
     102       0       0       1       0                               0D   1068
     102     936       0       0       0                        01010000D   1069
     102       0       0       1       0                               0D   1070
     142     937       0       0       0                        00010500D   1071
     142       0       0       1       0                               0D   1072
     144     938       0       0       0                        00000000D   1073
     144       0      -1       1       0                               0D   1074
     110     939       0       0       0                        01010000D   1075
     110       0       0       1       0                               0D   1076
     110     940       0       0       0                        01010000D   1077
     110       0       0       1       0                               0D   1078
     120     941       0       0       0                        01010000D   1079
     120       0       0       1       0                               0D   1080
     126     942       0       0       0                        01010500D   1081
     126       0       0       2       0                               0D   1082
     110     944       0       0       0                        01010000D   1083
     110       0       0       1       0                               0D   1084
     126     945       0       0       0                        01010500D   1085
     126       0       0       2       0                               0D   1086
     124     947       0       0       0                        00000000D   1087
     124       0       0       4       0                               0D   1088
     100     951       0       0       0            1087        01010000D   1089
     100       0       0       1       0                               0D   1090
     126     952       0       0       0                        01010500D   1091
     126       0       0       2       0                               0D   1092
     110     954       0       0       0                        01010000D   1093
     110       0       0       1       0                               0D   1094
     126     955       0       0       0                        01010500D   1095
     126       0       0       2       0                               0D   1096
     100     957       0       0       0                        01010000D   1097
     100       0       0       1       0                               0D   1098
     102     958       0       0       0                        01010500D   1099
     102       0       0       1       0                               0D   1100
     102     959       0       0       0                        01010000D   1101
     102       0       0       1       0                               0D   1102
     142     960       0       0       0                        00010500D   1103
     142       0       0       1       0                               0D   1104
     144     961       0       0       0                        00000000D   1105
     144       0      -1       1       0                               0D   1106
     128     962       0       0       0                        01010000D   1107
     128       0       0       3       0                               0D   1108
     126     965       0       0       0                        01010500D   1109
     126       0       0       2       0                               0D   1110
     110     967       0       0       0                        01010000D   1111
     110       0       0       1       0                               0D   1112
     126     968       0       0       0                        01010500D   1113
     126       0       0       2       0                               0D   1114
     110     970       0       0       0                        01010000D   1115
     110       0       0       1       0                               0D   1116
     126     971       0       0       0                        01010500D   1117
     126       0       0       2       0                               0D   1118
     110     973       0       0       0                        01010000D   1119
     110       0       0       1       0                               0D   1120
     126     974       0       0       0                        01010500D   1121
     126       0       0       2       0                               0D   1122
     110     976       0       0       0                        01010000D   1123
     110       0       0       1       0                               0D   1124
     102     977       0       0       0                        01010500D   1125
     102       0       0       1       0                               0D   1126
     102     978       0       0       0                        01010000D   1127
     102       0       0       1       0                               0D   1128
     142     979       0       0       0                        00010500D   1129
     142       0       0       1       0                               0D   1130
     144     980       0       0       0                        00000000D   1131
     144       0      -1       1       0                               0D   1132
     128     981       0       0       0                        01010000D   1133
     128       0       0       3       0                               0D   1134
     126     984       0       0       0                        01010500D   1135
     126       0       0      21       0                               0D   1136
     100    1005       0       0       0                        01010000D   1137
     100       0       0       1       0                               0D   1138
     126    1006       0       0       0                        01010500D   1139
     126       0       0       2       0                               0D   1140
     110    1008       0       0       0                        01010000D   1141
     110       0       0       1       0                               0D   1142
     126    1009       0       0       0                        01010500D   1143
     126       0       0      11       0                               0D   1144
     100    1020       0       0       0                        01010000D   1145
     100       0       0       1       0                               0D   1146
     126    1021       0       0       0                        01010500D   1147
     126       0       0      11       0                               0D   1148
     100    1032       0       0       0                        01010000D   1149
     100       0       0       1       0                               0D   1150
     126    1033       0       0       0                        01010500D   1151
     126       0       0       2       0                               0D   1152
     110    1035       0       0       0                        01010000D   1153
     110       0       0       1       0                               0D   1154
     102    1036       0       0       0                        01010500D   1155
     102       0       0       1       0                               0D   1156
     102    1037       0       0       0                        01010000D   1157
     102       0       0       1       0                               0D   1158
     142    1038       0       0       0                        00010500D   1159
     142       0       0       1       0                               0D   1160
     144    1039       0       0       0                        00000000D   1161
     144       0      -1       1       0                               0D   1162
     314    1040       0       0       0                        00000200D   1163
     314       0       8       1       0                               0D   1164
     128    1041       0       0       0                        01010000D   1165
     128       0       0       4       0                               0D   1166
     126    1045       0       0       0                        01010500D   1167
     126       0       0       2       0                               0D   1168
     110    1047       0       0       0                        01010000D   1169
     110       0       0       1       0                               0D   1170
     126    1048       0       0       0                        01010500D   1171
     126       0       0       2       0                               0D   1172
     110    1050       0       0       0                        01010000D   1173
     110       0       0       1       0                               0D   1174
     126    1051       0       0       0                        01010500D   1175
     126       0       0       2       0                               0D   1176
     110    1053       0       0       0                        01010000D   1177
     110       0       0       1       0                               0D   1178
     126    1054       0       0       0                        01010500D   1179
     126       0       0       2       0                               0D   1180
     110    1056       0       0       0                        01010000D   1181
     110       0       0       1       0                               0D   1182
     126    1057       0       0       0                        01010500D   1183
     126       0       0       2       0                               0D   1184
     110    1059       0       0       0                        01010000D   1185
     110       0       0       2       0                               0D   1186
     102    1061       0       0       0                        01010500D   1187
     102       0       0       1       0                               0D   1188
     102    1062       0       0       0                        01010000D   1189
     102       0       0       1       0                               0D   1190
     142    1063       0       0       0                        00010500D   1191
     142       0       0       1       0                               0D   1192
     144    1064       0       0       0                        00000000D   1193
     144       0   -1163       1       0                               0D   1194
     314    1065       0       0       0                        00000200D   1195
     314       0       8       1       0                               0D   1196
     110    1066       0       0       0                        01010000D   1197
     110       0       0       2       0                               0D   1198
     110    1068       0       0       0                        01010000D   1199
     110       0       0       1       0                               0D   1200
     120    1069       0       0       0                        01010000D   1201
     120       0       0       1       0                               0D   1202
     126    1070       0       0       0                        01010500D   1203
     126       0       0       2       0                               0D   1204
     110    1072       0       0       0                        01010000D   1205
     110       0       0       1       0                               0D   1206
     126    1073       0       0       0                        01010500D   1207
     126       0       0       2       0                               0D   1208
     100    1075       0       0       0                        01010000D   1209
     100       0       0       2       0                               0D   1210
     126    1077       0       0       0                        01010500D   1211
     126       0       0       2       0                               0D   1212
     110    1079       0       0       0                        01010000D   1213
     110       0       0       1       0                               0D   1214
     126    1080       0       0       0                        01010500D   1215
     126       0       0       2       0                               0D   1216
     124    1082       0       0       0                        00000000D   1217
     124       0       0       4       0                               0D   1218
     100    1086       0       0       0            1217        01010000D   1219
     100       0       0       2       0                               0D   1220
     102    1088       0       0       0                        01010500D   1221
     102       0       0       1       0                               0D   1222
     102    1089       0       0       0                        01010000D   1223
     102       0       0       1       0                               0D   1224
     142    1090       0       0       0                        00010500D   1225
     142       0       0       1       0                               0D   1226
     144    1091       0       0       0                        00000000D   1227
     144       0   -1195       1       0                               0D   1228
     314    1092       0       0       0                        00000200D   1229
     314       0       8       1       0                               0D   1230
     128    1093       0       0       0                        01010000D   1231
     128       0       0       4       0                               0D   1232
     126    1097       0       0       0                        01010500D   1233
     126       0       0       2       0                               0D   1234
     110    1099       0       0       0                        01010000D   1235
     110       0       0       1       0                               0D   1236
     126    1100       0       0       0                        01010500D   1237
     126       0       0       2       0                               0D   1238
     110    1102       0       0       0                        01010000D   1239
     110       0       0       1       0                               0D   1240
     126    1103       0       0       0                        01010500D   1241
     126       0       0       2       0                               0D   1242
     110    1105       0       0       0                        01010000D   1243
     110       0       0       1       0                               0D   1244
     126    1106       0       0       0                        01010500D   1245
     126       0       0       2       0                               0D   1246
     110    1108       0       0       0                        01010000D   1247
     110       0       0       2       0                               0D   1248
     102    1110       0       0       0                        01010500D   1249
     102       0       0       1       0                               0D   1250
     102    1111       0       0       0                        01010000D   1251
     102       0       0       1       0                               0D   1252
     142    1112       0       0       0                        00010500D   1253
     142       0       0       1       0                               0D   1254
     144    1113       0       0       0                        00000000D   1255
     144       0   -1229       1       0                               0D   1256
     314    1114       0       0       0                        00000200D   1257
     314       0       8       1       0                               0D   1258
     110    1115       0       0       0                        01010000D   1259
     110       0       0       2       0                               0D   1260
     110    1117       0       0       0                        01010000D   1261
     110       0       0       1       0                               0D   1262
     120    1118       0       0       0                        01010000D   1263
     120       0       0       1       0                               0D   1264
     126    1119       0       0       0                        01010500D   1265
     126       0       0       2       0                               0D   1266
     110    1121       0       0       0                        01010000D   1267
     110       0       0       1       0                               0D   1268
     126    1122       0       0       0                        01010500D   1269
     126       0       0       2       0                               0D   1270
     100    1124       0       0       0                        01010000D   1271
     100       0       0       2       0                               0D   1272
     126    1126       0       0       0                        01010500D   1273
     126       0       0       2       0                               0D   1274
     110    1128       0       0       0                        01010000D   1275
     110       0       0       1       0                               0D   1276
     126    1129       0       0       0                        01010500D   1277
     126       0       0       2       0                               0D   1278
     124    1131       0       0       0                        00000000D   1279
     124       0       0       4       0                               0D   1280
     100    1135       0       0       0            1279        01010000D   1281
     100       0       0       2       0                               0D   1282
     102    1137       0       0       0                        01010500D   1283
     102       0       0       1       0                               0D   1284
     102    1138       0       0       0                        01010000D   1285
     102       0       0       1       0                               0D   1286
     142    1139       0       0       0                        00010500D   1287
     142       0       0       1       0                               0D   1288
     144    1140       0       0       0                        00000000D   1289
     144       0   -1257       1       0                               0D   1290
     314    1141       0       0       0                        00000200D   1291
     314       0       8       1       0                               0D   1292
     128    1142       0       0       0                        01010000D   1293
     128       0       0       4       0                               0D   1294
     126    1146       0       0       0                        01010500D   1295
     126       0       0       2       0                               0D   1296
     110    1148       0       0       0                        01010000D   1297
     110       0       0       1       0                               0D   1298
     126    1149       0       0       0                        01010500D   1299
     126       0       0       2       0                               0D   1300
     110    1151       0       0       0                        01010000D   1301
     110       0       0       1       0                               0D   1302
     126    1152       0       0       0                        01010500D   1303
     126       0       0       2       0                               0D   1304
     110    1154       0       0       0                        01010000D   1305
     110       0       0       1       0                               0D   1306
     126    1155       0       0       0                        01010500D   1307
     126       0       0       2       0                               0D   1308
     110    1157       0       0       0                        01010000D   1309
     110       0       0       1       0                               0D   1310
     126    1158       0       0       0                        01010500D   1311
     126       0       0       2       0                               0D   1312
     110    1160       0       0       0                        01010000D   1313
     110       0       0       2       0                               0D   1314
     102    1162       0       0       0                        01010500D   1315
     102       0       0       1       0                               0D   1316
     102    1163       0       0       0                        01010000D   1317
     102       0       0       1       0                               0D   1318
     142    1164       0       0       0                        00010500D   1319
     142       0       0       1       0                               0D   1320
     144    1165       0       0       0                        00000000D   1321
     144       0   -1291       1       0                               0D   1322
     314    1166       0       0       0                        00000200D   1323
     314       0       8       1       0                               0D   1324
     128    1167       0       0       0                        01010000D   1325
     128       0       0       4       0                               0D   1326
     126    1171       0       0       0                        01010500D   1327
     126       0       0       2       0                               0D   1328
     110    1173       0       0       0                        01010000D   1329
     110       0       0       2       0                               0D   1330
     126    1175       0       0       0                        01010500D   1331
     126       0       0       2       0                               0D   1332
     110    1177       0       0       0                        01010000D   1333
     110       0       0       2       0                               0D   1334
     126    1179       0       0       0                        01010500D   1335
     126       0       0      12       0                               0D   1336
     100    1191       0       0       0                        01010000D   1337
     100       0       0       2       0                               0D   1338
     126    1193       0       0       0                        01010500D   1339
     126       0       0       2       0                               0D   1340
     110    1195       0       0       0                        01010000D   1341
     110       0       0       2       0                               0D   1342
     126    1197       0       0       0                        01010500D   1343
     126       0       0       4       0                               0D   1344
     100    1201       0       0       0                        01010000D   1345
     100       0       0       2       0                               0D   1346
     126    1203       0       0       0                        01010500D   1347
     126       0       0       6       0                               0D   1348
     100    1209       0       0       0                        01010000D   1349
     100       0       0       2       0                               0D   1350
     102    1211       0       0       0                        01010500D   1351
     102       0       0       1       0                               0D   1352
     102    1212       0       0       0                        01010000D   1353
     102       0       0       1       0                               0D   1354
     142    1213       0       0       0                        00010500D   1355
     142       0       0       1       0                               0D   1356
     144    1214       0       0       0                        00000000D   1357
     144       0   -1323       1       0                               0D   1358
     314    1215       0       0       0                        00000200D   1359
     314       0       8       1       0                               0D   1360
     110    1216       0       0       0                        01010000D   1361
     110       0       0       2       0                               0D   1362
     110    1218       0       0       0                        01010000D   1363
     110       0       0       1       0                               0D   1364
     120    1219       0       0       0                        01010000D   1365
     120       0       0       1       0                               0D   1366
     126    1220       0       0       0                        01010500D   1367
     126       0       0       2       0                               0D   1368
     110    1222       0       0       0                        01010000D   1369
     110       0       0       1       0                               0D   1370
     126    1223       0       0       0                        01010500D   1371
     126       0       0       2       0                               0D   1372
     100    1225       0       0       0                        01010000D   1373
     100       0       0       2       0                               0D   1374
     126    1227       0       0       0                        01010500D   1375
     126       0       0       2       0                               0D   1376
     110    1229       0       0       0                        01010000D   1377
     110       0       0       1       0                               0D   1378
     126    1230       0       0       0                        01010500D   1379
     126       0       0       2       0                               0D   1380
     124    1232       0       0       0                        00000000D   1381
     124       0       0       4       0                               0D   1382
     100    1236       0       0       0            1381        01010000D   1383
     100       0       0       2       0                               0D   1384
     102    1238       0       0       0                        01010500D   1385
     102       0       0       1       0                               0D   1386
     102    1239       0       0       0                        01010000D   1387
     102       0       0       1       0                               0D   1388
     142    1240       0       0       0                        00010500D   1389
     142       0       0       1       0                               0D   1390
     144    1241       0       0       0                        00000000D   1391
     144       0   -1359       1       0                               0D   1392
     314    1242       0       0       0                        00000200D   1393
     314       0       8       1       0                               0D   1394
     128    1243       0       0       0                        01010000D   1395
     128       0       0       4       0                               0D   1396
     126    1247       0       0       0                        01010500D   1397
     126       0       0       2       0                               0D   1398
     110    1249       0       0       0                        01010000D   1399
     110       0       0       1       0                               0D   1400
     126    1250       0       0       0                        01010500D   1401
     126       0       0       2       0                               0D   1402
     110    1252       0       0       0                        01010000D   1403
     110       0       0       1       0                               0D   1404
     126    1253       0       0       0                        01010500D   1405
     126       0       0       2       0                               0D   1406
     110    1255       0       0       0                        01010000D   1407
     110       0       0       1       0                               0D   1408
     126    1256       0       0       0                        01010500D   1409
     126       0       0       2       0                               0D   1410
     110    1258       0       0       0                        01010000D   1411
     110       0       0       2       0                               0D   1412
     102    1260       0       0       0                        01010500D   1413
     102       0       0       1       0                               0D   1414
     102    1261       0       0       0                        01010000D   1415
     102       0       0       1       0                               0D   1416
     142    1262       0       0       0                        00010500D   1417
     142       0       0       1       0                               0D   1418
     144    1263       0       0       0                        00000000D   1419
     144       0   -1393       1       0                               0D   1420
     314    1264       0       0       0                        00000200D   1421
     314       0       8       1       0                               0D   1422
     110    1265       0       0       0                        01010000D   1423
     110       0       0       2       0                               0D   1424
     110    1267       0       0       0                        01010000D   1425
     110       0       0       1       0                               0D   1426
     120    1268       0       0       0                        01010000D   1427
     120       0       0       1       0                               0D   1428
     126    1269       0       0       0                        01010500D   1429
     126       0       0       2       0                               0D   1430
     110    1271       0       0       0                        01010000D   1431
     110       0       0       1       0                               0D   1432
     126    1272       0       0       0                        01010500D   1433
     126       0       0       2       0                               0D   1434
     100    1274       0       0       0                        01010000D   1435
     100       0       0       2       0                               0D   1436
     126    1276       0       0       0                        01010500D   1437
     126       0       0       2       0                               0D   1438
     110    1278       0       0       0                        01010000D   1439
     110       0       0       1       0                               0D   1440
     126    1279       0       0       0                        01010500D   1441
     126       0       0       2       0                               0D   1442
     124    1281       0       0       0                        00000000D   1443
     124       0       0       4       0                               0D   1444
     100    1285       0       0       0            1443        01010000D   1445
     100       0       0       2       0                               0D   1446
     102    1287       0       0       0                        01010500D   1447
     102       0       0       1       0                               0D   1448
     102    1288       0       0       0                        01010000D   1449
     102       0       0       1       0                               0D   1450
     142    1289       0       0       0                        00010500D   1451
     142       0       0       1       0                               0D   1452
     144    1290       0       0       0                        00000000D   1453
     144       0   -1421       1       0                               0D   1454
     314    1291       0       0       0                        00000200D   1455
     314       0       8       1       0                               0D   1456
     128    1292       0       0       0                        01010000D   1457
     128       0       0       4       0                               0D   1458
     126    1296       0       0       0                        01010500D   1459
     126       0       0       2       0                               0D   1460
     110    1298       0       0       0                        01010000D   1461
     110       0       0       1       0                               0D   1462
     126    1299       0       0       0                        01010500D   1463
     126       0       0       2       0                               0D   1464
     110    1301       0       0       0                        01010000D   1465
     110       0       0       1       0                               0D   1466
     126    1302       0       0       0                        01010500D   1467
     126       0       0       2       0                               0D   1468
     110    1304       0       0       0                        01010000D   1469
     110       0       0       1       0                               0D   1470
     126    1305       0       0       0                        01010500D   1471
     126       0       0       2       0                               0D   1472
     110    1307       0       0       0                        01010000D   1473
     110       0       0       1       0                               0D   1474
     126    1308       0       0       0                        01010500D   1475
     126       0       0       2       0                               0D   1476
     110    1310       0       0       0                        01010000D   1477
     110       0       0       2       0                               0D   1478
     102    1312       0       0       0                        01010500D   1479
     102       0       0       1       0                               0D   1480
     102    1313       0       0       0                        01010000D   1481
     102       0       0       1       0                               0D   1482
     142    1314       0       0       0                        00010500D   1483
     142       0       0       1       0                               0D   1484
     144    1315       0       0       0                        00000000D   1485
     144       0   -1455       1       0                               0D   1486
     314    1316       0       0       0                        00000200D   1487
     314       0       8       1       0                               0D   1488
     128    1317       0       0       0                        01010000D   1489
     128       0       0       4       0                               0D   1490
     126    1321       0       0       0                        01010500D   1491
     126       0       0       2       0                               0D   1492
     110    1323       0       0       0                        01010000D   1493
     110       0       0       1       0                               0D   1494
     126    1324       0       0       0                        01010500D   1495
     126       0       0       2       0                               0D   1496
     110    1326       0       0       0                        01010000D   1497
     110       0       0       1       0                               0D   1498
     126    1327       0       0       0                        01010500D   1499
     126       0       0       2       0                               0D   1500
     110    1329       0       0       0                        01010000D   1501
     110       0       0       1       0                               0D   1502
     126    1330       0       0       0                        01010500D   1503
     126       0       0       2       0                               0D   1504
     110    1332       0       0       0                        01010000D   1505
     110       0       0       1       0                               0D   1506
     126    1333       0       0       0                        01010500D   1507
     126       0       0       2       0                               0D   1508
     110    1335       0       0       0                        01010000D   1509
     110       0       0       2       0                               0D   1510
     102    1337       0       0       0                        01010500D   1511
     102       0       0       1       0                               0D   1512
     102    1338       0       0       0                        01010000D   1513
     102       0       0       1       0                               0D   1514
     142    1339       0       0       0                        00010500D   1515
     142       0       0       1       0                               0D   1516
     144    1340       0       0       0                        00000000D   1517
     144       0   -1487       1       0                               0D   1518
     314    1341       0       0       0                        00000200D   1519
     314       0       8       1       0                               0D   1520
     128    1342       0       0       0                        01010000D   1521
     128       0       0       4       0                               0D   1522
     126    1346       0       0       0                        01010500D   1523
     126       0       0       2       0                               0D   1524
     110    1348       0       0       0                        01010000D   1525
     110       0       0       2       0                               0D   1526
     126    1350       0       0       0                        01010500D   1527
     126       0       0      11       0                               0D   1528
     124    1361       0       0       0                        00000000D   1529
     124       0       0       4       0                               0D   1530
     100    1365       0       0       0            1529        01010000D   1531
     100       0       0       2       0                               0D   1532
     126    1367       0       0       0                        01010500D   1533
     126       0       0       2       0                               0D   1534
     110    1369       0       0       0                        01010000D   1535
     110       0       0       2       0                               0D   1536
     126    1371       0       0       0                        01010500D   1537
     126       0       0       2       0                               0D   1538
     110    1373       0       0       0                        01010000D   1539
     110       0       0       2       0                               0D   1540
     126    1375       0       0       0                        01010500D   1541
     126       0       0      12       0                               0D   1542
     124    1387       0       0       0                        00000000D   1543
     124       0       0       4       0                               0D   1544
     100    1391       0       0       0            1543        01010000D   1545
     100       0       0       2       0                               0D   1546
     102    1393       0       0       0                        01010500D   1547
     102       0       0       1       0                               0D   1548
     102    1394       0       0       0                        01010000D   1549
     102       0       0       1       0                               0D   1550
     142    1395       0       0       0                        00010500D   1551
     142       0       0       1       0                               0D   1552
     144    1396       0       0       0                        00000000D   1553
     144       0   -1519       1       0                               0D   1554
     314    1397       0       0       0                        00000200D   1555
     314       0       8       1       0                               0D   1556
     110    1398       0       0       0                        01010000D   1557
     110       0       0       2       0                               0D   1558
     110    1400       0       0       0                        01010000D   1559
     110       0       0       2       0                               0D   1560
     120    1402       0       0       0                        01010000D   1561
     120       0       0       1       0                               0D   1562
     126    1403       0       0       0                        01010500D   1563
     126       0       0       2       0                               0D   1564
     110    1405       0       0       0                        01010000D   1565
     110       0       0       2       0                               0D   1566
     126    1407       0       0       0                        01010500D   1567
     126       0       0       2       0                               0D   1568
     100    1409       0       0       0                        01010000D   1569
     100       0       0       2       0                               0D   1570
     126    1411       0       0       0                        01010500D   1571
     126       0       0       2       0                               0D   1572
     110    1413       0       0       0                        01010000D   1573
     110       0       0       2       0                               0D   1574
     126    1415       0       0       0                        01010500D   1575
     126       0       0       2       0                               0D   1576
     124    1417       0       0       0                        00000000D   1577
     124       0       0       4       0                               0D   1578
     100    1421       0       0       0            1577        01010000D   1579
     100       0       0       2       0                               0D   1580
     102    1423       0       0       0                        01010500D   1581
     102       0       0       1       0                               0D   1582
     102    1424       0       0       0                        01010000D   1583
     102       0       0       1       0                               0D   1584
     142    1425       0       0       0                        00010500D   1585
     142       0       0       1       0                               0D   1586
     144    1426       0       0       0                        00000000D   1587
     144       0   -1555       1       0                               0D   1588
     314    1427       0       0       0                        00000200D   1589
     314       0       8       1       0                               0D   1590
     128    1428       0       0       0                        01010000D   1591
     128       0       0       4       0                               0D   1592
     126    1432       0       0       0                        01010500D   1593
     126       0       0       2       0                               0D   1594
     110    1434       0       0       0                        01010000D   1595
     110       0       0       2       0                               0D   1596
     126    1436       0       0       0                        01010500D   1597
     126       0       0       2       0                               0D   1598
     110    1438       0       0       0                        01010000D   1599
     110       0       0       2       0                               0D   1600
     126    1440       0       0       0                        01010500D   1601
     126       0       0       2       0                               0D   1602
     110    1442       0       0       0                        01010000D   1603
     110       0       0       2       0                               0D   1604
     126    1444       0       0       0                        01010500D   1605
     126       0       0       2       0                               0D   1606
     110    1446       0       0       0                        01010000D   1607
     110       0       0       2       0                               0D   1608
     126    1448       0       0       0                        01010500D   1609
     126       0       0       2       0                               0D   1610
     110    1450       0       0       0                        01010000D   1611
     110       0       0       2       0                               0D   1612
     102    1452       0       0       0                        01010500D   1613
     102       0       0       1       0                               0D   1614
     102    1453       0       0       0                        01010000D   1615
     102       0       0       1       0                               0D   1616
     142    1454       0       0       0                        00010500D   1617
     142       0       0       1       0                               0D   1618
     144    1455       0       0       0                        00000000D   1619
     144       0   -1589       1       0                               0D   1620
     314    1456       0       0       0                        00000200D   1621
     314       0       8       1       0                               0D   1622
     128    1457       0       0       0                        01010000D   1623
     128       0       0       4       0                               0D   1624
     126    1461       0       0       0                        01010500D   1625
     126       0       0       2       0                               0D   1626
     110    1463       0       0       0                        01010000D   1627
     110       0       0       2       0                               0D   1628
     126    1465       0       0       0                        01010500D   1629
     126       0       0       2       0                               0D   1630
     110    1467       0       0       0                        01010000D   1631
     110       0       0       2       0                               0D   1632
     126    1469       0       0       0                        01010500D   1633
     126       0       0       2       0                               0D   1634
     110    1471       0       0       0                        01010000D   1635
     110       0       0       2       0                               0D   1636
     126    1473       0       0       0                        01010500D   1637
     126       0       0       2       0                               0D   1638
     110    1475       0       0       0                        01010000D   1639
     110       0       0       2       0                               0D   1640
     126    1477       0       0       0                        01010500D   1641
     126       0       0       2       0                               0D   1642
     110    1479       0       0       0                        01010000D   1643
     110       0       0       2       0                               0D   1644
     102    1481       0       0       0                        01010500D   1645
     102       0       0       1       0                               0D   1646
     102    1482       0       0       0                        01010000D   1647
     102       0       0       1       0                               0D   1648
     142    1483       0       0       0                        00010500D   1649
     142       0       0       1       0                               0D   1650
     144    1484       0       0       0                        00000000D   1651
     144       0   -1621       1       0                               0D   1652
     314    1485       0       0       0                        00000200D   1653
     314       0       8       1       0                               0D   1654
     110    1486       0       0       0                        01010000D   1655
     110       0       0       2       0                               0D   1656
     110    1488       0       0       0                        01010000D   1657
     110       0       0       2       0                               0D   1658
     120    1490       0       0       0                        01010000D   1659
     120       0       0       1       0                               0D   1660
     126    1491       0       0       0                        01010500D   1661
     126       0       0       2       0                               0D   1662
     110    1493       0       0       0                        01010000D   1663
     110       0       0       2       0                               0D   1664
     126    1495       0       0       0                        01010500D   1665
     126       0       0       2       0                               0D   1666
     100    1497       0       0       0                        01010000D   1667
     100       0       0       2       0                               0D   1668
     126    1499       0       0       0                        01010500D   1669
     126       0       0       2       0                               0D   1670
     110    1501       0       0       0                        01010000D   1671
     110       0       0       2       0                               0D   1672
     126    1503       0       0       0                        01010500D   1673
     126       0       0       2       0                               0D   1674
     124    1505       0       0       0                        00000000D   1675
     124       0       0       4       0                               0D   1676
     100    1509       0       0       0            1675        01010000D   1677
     100       0       0       2       0                               0D   1678
     102    1511       0       0       0                        01010500D   1679
     102       0       0       1       0                               0D   1680
     102    1512       0       0       0                        01010000D   1681
     102       0       0       1       0                               0D   1682
     142    1513       0       0       0                        00010500D   1683
     142       0       0       1       0                               0D   1684
     144    1514       0       0       0                        00000000D   1685
     144       0   -1653       1       0                               0D   1686
     128    1515       0       0       0                        01010000D   1687
     128       0       0       4       0                               0D   1688
     126    1519       0       0       0                        01010500D   1689
     126       0       0       2       0                               0D   1690
     110    1521       0       0       0                        01010000D   1691
     110       0       0       2       0                               0D   1692
     126    1523       0       0       0                        01010500D   1693
     126       0       0       2       0                               0D   1694
     110    1525       0       0       0                        01010000D   1695
     110       0       0       2       0                               0D   1696
     126    1527       0       0       0                        01010500D   1697
     126       0       0       2       0                               0D   1698
     110    1529       0       0       0                        01010000D   1699
     110       0       0       2       0                               0D   1700
     126    1531       0       0       0                        01010500D   1701
     126       0       0       2       0                               0D   1702
     110    1533       0       0       0                        01010000D   1703
     110       0       0       2       0                               0D   1704
     102    1535       0       0       0                        01010500D   1705
     102       0       0       1       0                               0D   1706
     102    1536       0       0       0                        01010000D   1707
     102       0       0       1       0                               0D   1708
     142    1537       0       0       0                        00010500D   1709
     142       0       0       1       0                               0D   1710
     144    1538       0       0       0                        00000000D   1711
     144       0      -1       1       0                               0D   1712
     314    1539       0       0       0                        00000200D   1713
     314       0       8       1       0                               0D   1714
     128    1540       0       0       0                        01010000D   1715
     128       0       0       4       0                               0D   1716
     126    1544       0       0       0                        01010500D   1717
     126       0       0       6       0                               0D   1718
     100    1550       0       0       0                        01010000D   1719
     100       0       0       2       0                               0D   1720
     126    1552       0       0       0                        01010500D   1721
     126       0       0       4       0                               0D   1722
     100    1556       0       0       0                        01010000D   1723
     100       0       0       2       0                               0D   1724
     126    1558       0       0       0                        01010500D   1725
     126       0       0       2       0                               0D   1726
     110    1560       0       0       0                        01010000D   1727
     110       0       0       2       0                               0D   1728
     126    1562       0       0       0                        01010500D   1729
     126       0       0      11       0                               0D   1730
     100    1573       0       0       0                        01010000D   1731
     100       0       0       2       0                               0D   1732
     126    1575       0       0       0                        01010500D   1733
     126       0       0       2       0                               0D   1734
     110    1577       0       0       0                        01010000D   1735
     110       0       0       2       0                               0D   1736
     126    1579       0       0       0                        01010500D   1737
     126       0       0       2       0                               0D   1738
     110    1581       0       0       0                        01010000D   1739
     110       0       0       2       0                               0D   1740
     102    1583       0       0       0                        01010500D   1741
     102       0       0       1       0                               0D   1742
     102    1584       0       0       0                        01010000D   1743
     102       0       0       1       0                               0D   1744
     142    1585       0       0       0                        00010500D   1745
     142       0       0       1       0                               0D   1746
     144    1586       0       0       0                        00000000D   1747
     144       0   -1713       1       0                               0D   1748
     314    1587       0       0       0                        00000200D   1749
     314       0       8       1       0                               0D   1750
     110    1588       0       0       0                        01010000D   1751
     110       0       0       1       0                               0D   1752
     110    1589       0       0       0                        01010000D   1753
     110       0       0       1       0                               0D   1754
     120    1590       0       0       0                        01010000D   1755
     120       0       0       1       0                               0D   1756
     126    1591       0       0       0                        01010500D   1757
     126       0       0       2       0                               0D   1758
     110    1593       0       0       0                        01010000D   1759
     110       0       0       1       0                               0D   1760
     126    1594       0       0       0                        01010500D   1761
     126       0       0       2       0                               0D   1762
     100    1596       0       0       0                        01010000D   1763
     100       0       0       2       0                               0D   1764
     126    1598       0       0       0                        01010500D   1765
     126       0       0       2       0                               0D   1766
     110    1600       0       0       0                        01010000D   1767
     110       0       0       1       0                               0D   1768
     126    1601       0       0       0                        01010500D   1769
     126       0       0       2       0                               0D   1770
     124    1603       0       0       0                        00000000D   1771
     124       0       0       4       0                               0D   1772
     100    1607       0       0       0            1771        01010000D   1773
     100       0       0       2       0                               0D   1774
     102    1609       0       0       0                        01010500D   1775
     102       0       0       1       0                               0D   1776
     102    1610       0       0       0                        01010000D   1777
     102       0       0       1       0                               0D   1778
     142    1611       0       0       0                        00010500D   1779
     142       0       0       1       0                               0D   1780
     144    1612       0       0       0                        00000000D   1781
     144       0   -1749       1       0                               0D   1782
     314    1613       0       0       0                        00000200D   1783
     314       0       8       1       0                               0D   1784
     128    1614       0       0       0                        01010000D   1785
     128       0       0       4       0                               0D   1786
     126    1618       0       0       0                        01010500D   1787
     126       0       0       2       0                               0D   1788
     110    1620       0       0       0                        01010000D   1789
     110       0       0       1       0                               0D   1790
     126    1621       0       0       0                        01010500D   1791
     126       0       0       2       0                               0D   1792
     110    1623       0       0       0                        01010000D   1793
     110       0       0       1       0                               0D   1794
     126    1624       0       0       0                        01010500D   1795
     126       0       0       2       0                               0D   1796
     110    1626       0       0       0                        01010000D   1797
     110       0       0       1       0                               0D   1798
     126    1627       0       0       0                        01010500D   1799
     126       0       0       2       0                               0D   1800
     110    1629       0       0       0                        01010000D   1801
     110       0       0       1       0                               0D   1802
     102    1630       0       0       0                        01010500D   1803
     102       0       0       1       0                               0D   1804
     102    1631       0       0       0                        01010000D   1805
     102       0       0       1       0                               0D   1806
     142    1632       0       0       0                        00010500D   1807
     142       0       0       1       0                               0D   1808
     144    1633       0       0       0                        00000000D   1809
     144       0   -1783       1       0                               0D   1810
     314    1634       0       0       0                        00000200D   1811
     314       0       8       1       0                               0D   1812
     110    1635       0       0       0                        01010000D   1813
     110       0       0       1       0                               0D   1814
     110    1636       0       0       0                        01010000D   1815
     110       0       0       1       0                               0D   1816
     120    1637       0       0       0                        01010000D   1817
     120       0       0       1       0                               0D   1818
     126    1638       0       0       0                        01010500D   1819
     126       0       0       2       0                               0D   1820
     110    1640       0       0       0                        01010000D   1821
     110       0       0       1       0                               0D   1822
     126    1641       0       0       0                        01010500D   1823
     126       0       0       2       0                               0D   1824
     100    1643       0       0       0                        01010000D   1825
     100       0       0       2       0                               0D   1826
     126    1645       0       0       0                        01010500D   1827
     126       0       0       2       0                               0D   1828
     110    1647       0       0       0                        01010000D   1829
     110       0       0       1       0                               0D   1830
     126    1648       0       0       0                        01010500D   1831
     126       0       0       2       0                               0D   1832
     124    1650       0       0       0                        00000000D   1833
     124       0       0       4       0                               0D   1834
     100    1654       0       0       0            1833        01010000D   1835
     100       0       0       2       0                               0D   1836
     102    1656       0       0       0                        01010500D   1837
     102       0       0       1       0                               0D   1838
     102    1657       0       0       0                        01010000D   1839
     102       0       0       1       0                               0D   1840
     142    1658       0       0       0                        00010500D   1841
     142       0       0       1       0                               0D   1842
     144    1659       0       0       0                        00000000D   1843
     144       0   -1811       1       0                               0D   1844
     314    1660       0       0       0                        00000200D   1845
     314       0       8       1       0                               0D   1846
     128    1661       0       0       0                        01010000D   1847
     128       0       0       4       0                               0D   1848
     126    1665       0       0       0                        01010500D   1849
     126       0       0       2       0                               0D   1850
     110    1667       0       0       0                        01010000D   1851
     110       0       0       1       0                               0D   1852
     126    1668       0       0       0                        01010500D   1853
     126       0       0       2       0                               0D   1854
     110    1670       0       0       0                        01010000D   1855
     110       0       0       1       0                               0D   1856
     126    1671       0       0       0                        01010500D   1857
     126       0       0       2       0                               0D   1858
     110    1673       0       0       0                        01010000D   1859
     110       0       0       1       0                               0D   1860
     126    1674       0       0       0                        01010500D   1861
     126       0       0       2       0                               0D   1862
     110    1676       0       0       0                        01010000D   1863
     110       0       0       1       0                               0D   1864
     126    1677       0       0       0                        01010500D   1865
     126       0       0       2       0                               0D   1866
     110    1679       0       0       0                        01010000D   1867
     110       0       0       1       0                               0D   1868
     102    1680       0       0       0                        01010500D   1869
     102       0       0       1       0                               0D   1870
     102    1681       0       0       0                        01010000D   1871
     102       0       0       1       0                               0D   1872
     142    1682       0       0       0                        00010500D   1873
     142       0       0       1       0                               0D   1874
     144    1683       0       0       0                        00000000D   1875
     144       0   -1845       1       0                               0D   1876
     314    1684       0       0       0                        00000200D   1877
     314       0       8       1       0                               0D   1878
     128    1685       0       0       0                        01010000D   1879
     128       0       0       4       0                               0D   1880
     126    1689       0       0       0                        01010500D   1881
     126       0       0       2       0                               0D   1882
     110    1691       0       0       0                        01010000D   1883
     110       0       0       1       0                               0D   1884
     126    1692       0       0       0                        01010500D   1885
     126       0       0       2       0                               0D   1886
     110    1694       0       0       0                        01010000D   1887
     110       0       0       1       0                               0D   1888
     126    1695       0       0       0                        01010500D   1889
     126       0       0       2       0                               0D   1890
     110    1697       0       0       0                        01010000D   1891
     110       0       0       1       0                               0D   1892
     126    1698       0       0       0                        01010500D   1893
     126       0       0       2       0                               0D   1894
     110    1700       0       0       0                        01010000D   1895
     110       0       0       1       0                               0D   1896
     126    1701       0       0       0                        01010500D   1897
     126       0       0       2       0                               0D   1898
     110    1703       0       0       0                        01010000D   1899
     110       0       0       1       0                               0D   1900
     102    1704       0       0       0                        01010500D   1901
     102       0       0       1       0                               0D   1902
     102    1705       0       0       0                        01010000D   1903
     102       0       0       1       0                               0D   1904
     142    1706       0       0       0                        00010500D   1905
     142       0       0       1       0                               0D   1906
     144    1707       0       0       0                        00000000D   1907
     144       0   -1877       1       0                               0D   1908
     314    1708       0       0       0                        00000200D   1909
     314       0       8       1       0                               0D   1910
     128    1709       0       0       0                        01010000D   1911
     128       0       0       4       0                               0D   1912
     126    1713       0       0       0                        01010500D   1913
     126       0       0       2       0                               0D   1914
     110    1715       0       0       0                        01010000D   1915
     110       0       0       1       0                               0D   1916
     126    1716       0       0       0                        01010500D   1917
     126       0       0      11       0                               0D   1918
     124    1727       0       0       0                        00000000D   1919
     124       0       0       4       0                               0D   1920
     100    1731       0       0       0            1919        01010000D   1921
     100       0       0       2       0                               0D   1922
     126    1733       0       0       0                        01010500D   1923
     126       0       0       2       0                               0D   1924
     110    1735       0       0       0                        01010000D   1925
     110       0       0       1       0                               0D   1926
     126    1736       0       0       0                        01010500D   1927
     126       0       0       2       0                               0D   1928
     110    1738       0       0       0                        01010000D   1929
     110       0       0       1       0                               0D   1930
     126    1739       0       0       0                        01010500D   1931
     126       0       0      12       0                               0D   1932
     124    1751       0       0       0                        00000000D   1933
     124       0       0       4       0                               0D   1934
     100    1755       0       0       0            1933        01010000D   1935
     100       0       0       2       0                               0D   1936
     102    1757       0       0       0                        01010500D   1937
     102       0       0       1       0                               0D   1938
     102    1758       0       0       0                        01010000D   1939
     102       0       0       1       0                               0D   1940
     142    1759       0       0       0                        00010500D   1941
     142       0       0       1       0                               0D   1942
     144    1760       0       0       0                        00000000D   1943
     144       0   -1909       1       0                               0D   1944
     128    1761       0       0       0                        01010000D   1945
     128       0       0       3       0                               0D   1946
     126    1764       0       0       0                        01010500D   1947
     126       0       0       2       0                               0D   1948
     110    1766       0       0       0                        01010000D   1949
     110       0       0       1       0                               0D   1950
     126    1767       0       0       0                        01010500D   1951
     126       0       0       2       0                               0D   1952
     110    1769       0       0       0                        01010000D   1953
     110       0       0       1       0                               0D   1954
     126    1770       0       0       0                        01010500D   1955
     126       0       0       2       0                               0D   1956
     110    1772       0       0       0                        01010000D   1957
     110       0       0       1       0                               0D   1958
     126    1773       0       0       0                        01010500D   1959
     126       0       0       2       0                               0D   1960
     110    1775       0       0       0                        01010000D   1961
     110       0       0       1       0                               0D   1962
     102    1776       0       0       0                        01010500D   1963
     102       0       0       1       0                               0D   1964
     102    1777       0       0       0                        01010000D   1965
     102       0       0       1       0                               0D   1966
     142    1778       0       0       0                        00010500D   1967
     142       0       0       1       0                               0D   1968
     144    1779       0       0       0                        00000000D   1969
     144       0      -1       1       0                               0D   1970
     128    1780       0       0       0                        01010000D   1971
     128       0       0       3       0                               0D   1972
     126    1783       0       0       0                        01010500D   1973
     126       0       0       2       0                               0D   1974
     110    1785       0       0       0                        01010000D   1975
     110       0       0       1       0                               0D   1976
     126    1786       0       0       0                        01010500D   1977
     126       0       0       2       0                               0D   1978
     110    1788       0       0       0                        01010000D   1979
     110       0       0       1       0                               0D   1980
     126    1789       0       0       0                        01010500D   1981
     126       0       0       2       0                               0D   1982
     110    1791       0       0       0                        01010000D   1983
     110       0       0       1       0                               0D   1984
     126    1792       0       0       0                        01010500D   1985
     126       0       0       2       0                               0D   1986
     110    1794       0       0       0                        01010000D   1987
     110       0       0       1       0                               0D   1988
     102    1795       0       0       0                        01010500D   1989
     102       0       0       1       0                               0D   1990
     102    1796       0       0       0                        01010000D   1991
     102       0       0       1       0                               0D   1992
     142    1797       0       0       0                        00010500D   1993
     142       0       0       1       0                               0D   1994
     144    1798       0       0       0                        00000000D   1995
     144       0      -1       1       0                               0D   1996
     128    1799       0       0       0                        01010000D   1997
     128       0       0       3       0                               0D   1998
     126    1802       0       0       0                        01010500D   1999
     126       0       0       2       0                               0D   2000
     110    1804       0       0       0                        01010000D   2001
     110       0       0       1       0                               0D   2002
     126    1805       0       0       0                        01010500D   2003
     126       0       0       2       0                               0D   2004
     110    1807       0       0       0                        01010000D   2005
     110       0       0       1       0                               0D   2006
     126    1808       0       0       0                        01010500D   2007
     126       0       0       2       0                               0D   2008
     110    1810       0       0       0                        01010000D   2009
     110       0       0       1       0                               0D   2010
     126    1811       0       0       0                        01010500D   2011
     126       0       0       2       0                               0D   2012
     110    1813       0       0       0                        01010000D   2013
     110       0       0       1       0                               0D   2014
     126    1814       0       0       0                        01010500D   2015
     126       0       0       2       0                               0D   2016
     110    1816       0       0       0                        01010000D   2017
     110       0       0       1       0                               0D   2018
     126    1817       0       0       0                        01010500D   2019
     126       0       0       2       0                               0D   2020
     110    1819       0       0       0                        01010000D   2021
     110       0       0       1       0                               0D   2022
     102    1820       0       0       0                        01010500D   2023
     102       0       0       1       0                               0D   2024
     102    1821       0       0       0                        01010000D   2025
     102       0       0       1       0                               0D   2026
     142    1822       0       0       0                        00010500D   2027
     142       0       0       1       0                               0D   2028
     144    1823       0       0       0                        00000000D   2029
     144       0      -1       1       0                               0D   2030
     128    1824       0       0       0                        01010000D   2031
     128       0       0       4       0                               0D   2032
     126    1828       0       0       0                        01010500D   2033
     126       0       0       2       0                               0D   2034
     110    1830       0       0       0                        01010000D   2035
     110       0       0       2       0                               0D   2036
     126    1832       0       0       0                        01010500D   2037
     126       0       0       2       0                               0D   2038
     110    1834       0       0       0                        01010000D   2039
     110       0       0       1       0                               0D   2040
     126    1835       0       0       0                        01010500D   2041
     126       0       0       2       0                               0D   2042
     110    1837       0       0       0                        01010000D   2043
     110       0       0       1       0                               0D   2044
     126    1838       0       0       0                        01010500D   2045
     126       0       0       2       0                               0D   2046
     110    1840       0       0       0                        01010000D   2047
     110       0       0       1       0                               0D   2048
     102    1841       0       0       0                        01010500D   2049
     102       0       0       1       0                               0D   2050
     102    1842       0       0       0                        01010000D   2051
     102       0       0       1       0                               0D   2052
     142    1843       0       0       0                        00010500D   2053
     142       0       0       1       0                               0D   2054
     144    1844       0       0       0                        00000000D   2055
     144       0      -1       1       0                               0D   2056
     128    1845       0       0       0                        01010000D   2057
     128       0       0       3       0                               0D   2058
     126    1848       0       0       0                        01010500D   2059
     126       0       0       2       0                               0D   2060
     110    1850       0       0       0                        01010000D   2061
     110       0       0       1       0                               0D   2062
     126    1851       0       0       0                        01010500D   2063
     126       0       0       2       0                               0D   2064
     110    1853       0       0       0                        01010000D   2065
     110       0       0       1       0                               0D   2066
     126    1854       0       0       0                        01010500D   2067
     126       0       0       2       0                               0D   2068
     110    1856       0       0       0                        01010000D   2069
     110       0       0       2       0                               0D   2070
     126    1858       0       0       0                        01010500D   2071
     126       0       0       2       0                               0D   2072
     110    1860       0       0       0                        01010000D   2073
     110       0       0       1       0                               0D   2074
     102    1861       0       0       0                        01010500D   2075
     102       0       0       1       0                               0D   2076
     102    1862       0       0       0                        01010000D   2077
     102       0       0       1       0                               0D   2078
     142    1863       0       0       0                        00010500D   2079
     142       0       0       1       0                               0D   2080
     144    1864       0       0       0                        00000000D   2081
     144       0      -1       1       0                               0D   2082
     128    1865       0       0       0                        01010000D   2083
     128       0       0       3       0                               0D   2084
     126    1868       0       0       0                        01010500D   2085
     126       0       0       2       0                               0D   2086
     110    1870       0       0       0                        01010000D   2087
     110       0       0       2       0                               0D   2088
     126    1872       0       0       0                        01010500D   2089
     126       0       0       2       0                               0D   2090
     110    1874       0       0       0                        01010000D   2091
     110       0       0       2       0                               0D   2092
     126    1876       0       0       0                        01010500D   2093
     126       0       0       2       0                               0D   2094
     110    1878       0       0       0                        01010000D   2095
     110       0       0       1       0                               0D   2096
     126    1879       0       0       0                        01010500D   2097
     126       0       0       2       0                               0D   2098
     110    1881       0       0       0                        01010000D   2099
     110       0       0       1       0                               0D   2100
     126    1882       0       0       0                        01010500D   2101
     126       0       0       2       0                               0D   2102
     110    1884       0       0       0                        01010000D   2103
     110       0       0       1       0                               0D   2104
     126    1885       0       0       0                        01010500D   2105
     126       0       0       2       0                               0D   2106
     110    1887       0       0       0                        01010000D   2107
     110       0       0       1       0                               0D   2108
     102    1888       0       0       0                        01010500D   2109
     102       0       0       1       0                               0D   2110
     102    1889       0       0       0                        01010000D   2111
     102       0       0       1       0                               0D   2112
     142    1890       0       0       0                        00010500D   2113
     142       0       0       1       0                               0D   2114
     144    1891       0       0       0                        00000000D   2115
     144       0      -1       1       0                               0D   2116
     128    1892       0       0       0                        01010000D   2117
     128       0       0       3       0                               0D   2118
     126    1895       0       0       0                        01010500D   2119
     126       0       0       2       0                               0D   2120
     110    1897       0       0       0                        01010000D   2121
     110       0       0       1       0                               0D   2122
     126    1898       0       0       0                        01010500D   2123
     126       0       0       2       0                               0D   2124
     110    1900       0       0       0                        01010000D   2125
     110       0       0       1       0                               0D   2126
     126    1901       0       0       0                        01010500D   2127
     126       0       0       2       0                               0D   2128
     110    1903       0       0       0                        01010000D   2129
     110       0       0       1       0                               0D   2130
     126    1904       0       0       0                        01010500D   2131
     126       0       0       2       0                               0D   2132
     110    1906       0       0       0                        01010000D   2133
     110       0       0       1       0                               0D   2134
     102    1907       0       0       0                        01010500D   2135
     102       0       0       1       0                               0D   2136
     102    1908       0       0       0                        01010000D   2137
     102       0       0       1       0                               0D   2138
     142    1909       0       0       0                        00010500D   2139
     142       0       0       1       0                               0D   2140
     144    1910       0       0       0                        00000000D   2141
     144       0      -1       1       0                               0D   2142
     128    1911       0       0       0                        01010000D   2143
     128       0       0       3       0                               0D   2144
     126    1914       0       0       0                        01010500D   2145
     126       0       0       2       0                               0D   2146
     110    1916       0       0       0                        01010000D   2147
     110       0       0       1       0                               0D   2148
     126    1917       0       0       0                        01010500D   2149
     126       0       0       2       0                               0D   2150
     110    1919       0       0       0                        01010000D   2151
     110       0       0       1       0                               0D   2152
     126    1920       0       0       0                        01010500D   2153
     126       0       0       2       0                               0D   2154
     110    1922       0       0       0                        01010000D   2155
     110       0       0       1       0                               0D   2156
     126    1923       0       0       0                        01010500D   2157
     126       0       0       2       0                               0D   2158
     110    1925       0       0       0                        01010000D   2159
     110       0       0       1       0                               0D   2160
     102    1926       0       0       0                        01010500D   2161
     102       0       0       1       0                               0D   2162
     102    1927       0       0       0                        01010000D   2163
     102       0       0       1       0                               0D   2164
     142    1928       0       0       0                        00010500D   2165
     142       0       0       1       0                               0D   2166
     144    1929       0       0       0                        00000000D   2167
     144       0      -1       1       0                               0D   2168
     128    1930       0       0       0                        01010000D   2169
     128       0       0       3       0                               0D   2170
     126    1933       0       0       0                        01010500D   2171
     126       0       0       2       0                               0D   2172
     110    1935       0       0       0                        01010000D   2173
     110       0       0       1       0                               0D   2174
     126    1936       0       0       0                        01010500D   2175
     126       0       0       2       0                               0D   2176
     110    1938       0       0       0                        01010000D   2177
     110       0       0       1       0                               0D   2178
     126    1939       0       0       0                        01010500D   2179
     126       0       0       2       0                               0D   2180
     110    1941       0       0       0                        01010000D   2181
     110       0       0       1       0                               0D   2182
     126    1942       0       0       0                        01010500D   2183
     126       0       0       2       0                               0D   2184
     110    1944       0       0       0                        01010000D   2185
     110       0       0       1       0                               0D   2186
     126    1945       0       0       0                        01010500D   2187
     126       0       0       2       0                               0D   2188
     110    1947       0       0       0                        01010000D   2189
     110       0       0       1       0                               0D   2190
     126    1948       0       0       0                        01010500D   2191
     126       0       0       2       0                               0D   2192
     110    1950       0       0       0                        01010000D   2193
     110       0       0       1       0                               0D   2194
     102    1951       0       0       0                        01010500D   2195
     102       0       0       1       0                               0D   2196
     102    1952       0       0       0                        01010000D   2197
     102       0       0       1       0                               0D   2198
     142    1953       0       0       0                        00010500D   2199
     142       0       0       1       0                               0D   2200
     144    1954       0       0       0                        00000000D   2201
     144       0      -1       1       0                               0D   2202
     128    1955       0       0       0                        01010000D   2203
     128       0       0       4       0                               0D   2204
     126    1959       0       0       0                        01010500D   2205
     126       0       0       2       0                               0D   2206
     110    1961       0       0       0                        01010000D   2207
     110       0       0       1       0                               0D   2208
     126    1962       0       0       0                        01010500D   2209
     126       0       0       2       0                               0D   2210
     110    1964       0       0       0                        01010000D   2211
     110       0       0       1       0                               0D   2212
     126    1965       0       0       0                        01010500D   2213
     126       0       0       2       0                               0D   2214
     110    1967       0       0       0                        01010000D   2215
     110       0       0       1       0                               0D   2216
     126    1968       0       0       0                        01010500D   2217
     126       0       0       2       0                               0D   2218
     110    1970       0       0       0                        01010000D   2219
     110       0       0       1       0                               0D   2220
     102    1971       0       0       0                        01010500D   2221
     102       0       0       1       0                               0D   2222
     102    1972       0       0       0                        01010000D   2223
     102       0       0       1       0                               0D   2224
     142    1973       0       0       0                        00010500D   2225
     142       0       0       1       0                               0D   2226
     144    1974       0       0       0                        00000000D   2227
     144       0      -1       1       0                               0D   2228
     128    1975       0       0       0                        01010000D   2229
     128       0       0       3       0                               0D   2230
     126    1978       0       0       0                        01010500D   2231
     126       0       0       2       0                               0D   2232
     110    1980       0       0       0                        01010000D   2233
     110       0       0       1       0                               0D   2234
     126    1981       0       0       0                        01010500D   2235
     126       0       0       2       0                               0D   2236
     110    1983       0       0       0                        01010000D   2237
     110       0       0       1       0                               0D   2238
     126    1984       0       0       0                        01010500D   2239
     126       0       0       2       0                               0D   2240
     110    1986       0       0       0                        01010000D   2241
     110       0       0       1       0                               0D   2242
     126    1987       0       0       0                        01010500D   2243
     126       0       0       2       0                               0D   2244
     110    1989       0       0       0                        01010000D   2245
     110       0       0       1       0                               0D   2246
     102    1990       0       0       0                        01010500D   2247
     102       0       0       1       0                               0D   2248
     102    1991       0       0       0                        01010000D   2249
     102       0       0       1       0                               0D   2250
     142    1992       0       0       0                        00010500D   2251
     142       0       0       1       0                               0D   2252
     144    1993       0       0       0                        00000000D   2253
     144       0      -1       1       0                               0D   2254
     128    1994       0       0       0                        01010000D   2255
     128       0       0       3       0                               0D   2256
     126    1997       0       0       0                        01010500D   2257
     126       0       0       2       0                               0D   2258
     110    1999       0       0       0                        01010000D   2259
     110       0       0       1       0                               0D   2260
     126    2000       0       0       0                        01010500D   2261
     126       0       0       2       0                               0D   2262
     110    2002       0       0       0                        01010000D   2263
     110       0       0       1       0                               0D   2264
     126    2003       0       0       0                        01010500D   2265
     126       0       0       2       0                               0D   2266
     110    2005       0       0       0                        01010000D   2267
     110       0       0       1       0                               0D   2268
     126    2006       0       0       0                        01010500D   2269
     126       0       0       2       0                               0D   2270
     110    2008       0       0       0                        01010000D   2271
     110       0       0       1       0                               0D   2272
     126    2009       0       0       0                        01010500D   2273
     126       0       0       2       0                               0D   2274
     110    2011       0       0       0                        01010000D   2275
     110       0       0       1       0                               0D   2276
     126    2012       0       0       0                        01010500D   2277
     126       0       0       2       0                               0D   2278
     110    2014       0       0       0                        01010000D   2279
     110       0       0       1       0                               0D   2280
     102    2015       0       0       0                        01010500D   2281
     102       0       0       1       0                               0D   2282
     102    2016       0       0       0                        01010000D   2283
     102       0       0       1       0                               0D   2284
     142    2017       0       0       0                        00010500D   2285
     142       0       0       1       0                               0D   2286
     144    2018       0       0       0                        00000000D   2287
     144       0      -1       1       0                               0D   2288
314,100.,96.078431372549,89.0196078431373,;                            1P      1
314,100.,100.,75.2941176470588,;                                       3P      2
110,-1.374755052,-1.360865679,1.4,-1.374755052,-1.360865679,           5P      3
1001.4;                                                                5P      4
110,-1.110925387,-1.360865679,1.7,-1.110925387,-1.360865679,           7P      5
1.85;                                                                  7P      6
120,5,7,0.,6.28318530717959;                                           9P      7
126,1,1,1,0,1,0,0.,0.,1.,1.,1.,1.,0.,4.779059368,0.,0.,               11P      8
6.283185307,0.,0.,1.,0.,0.,1.;                                        11P      9
100,1.7,-1.374755052,-1.360865679,-1.357178454,-1.624109207,          13P     10
-1.110925387,-1.360865679;                                            13P     11
126,1,1,1,0,1,0,0.,0.,1.,1.,1.,1.,0.,6.283185307,0.,1.,               15P     12
6.283185307,0.,0.,1.,0.,0.,1.;                                        15P     13
110,-1.110925387,-1.360865679,1.7,-1.110925387,-1.360865679,          17P     14
1.85;                                                                 17P     15
126,1,1,1,0,1,0,0.,0.,1.,1.,1.,1.,1.,6.283185307,0.,1.,               19P     16
4.779059368,0.,0.,1.,0.,0.,1.;                                        19P     17
124,1.,-1.44051437445114E-14,-6.96744899827231E-15,                   21P     18
-6.70531667304897E-15,-1.44051437445114E-14,-1.,                      21P     19
-4.65212010199202E-16,-2.72173135731499,-6.9674489982723E-15,         21P     20
4.65212010199303E-16,-1.,3.69999999999999;                            21P     21
100,1.85,-1.374755052,-1.360865679,-1.110925387,-1.360865679,         23P     22
-1.357178454,-1.09762215;                                             23P     23
126,1,1,1,0,1,0,0.,0.,1.,1.,1.,1.,1.,4.779059368,0.,0.,               25P     24
4.779059368,0.,0.,1.,0.,0.,1.;                                        25P     25
110,-1.357178454,-1.624109207,1.85,-1.357178454,-1.624109207,         27P     26
1.7;                                                                  27P     27
102,4,11,15,19,25;                                                    29P     28
102,4,13,17,23,27;                                                    31P     29
142,1,9,29,31,1;                                                      33P     30
144,9,1,0,33;                                                         35P     31
314,100.,100.,75.2941176470588,;                                      37P     32
110,-1.374755052,1.360865679,1.4,-1.374755052,1.360865679,            39P     33
1001.4;                                                               39P     34
110,-1.110925387,1.360865679,1.7,-1.110925387,1.360865679,1.85;       41P     35
120,39,41,0.,6.28318530717959;                                        43P     36
126,1,1,1,0,1,0,0.,0.,1.,1.,1.,1.,0.,5.497787144,0.,0.,               45P     37
6.283185307,0.,0.,1.,0.,0.,1.;                                        45P     38
100,1.7,-1.374755052,1.360865679,-1.188199307,1.174309934,            47P     39
-1.110925387,1.360865679;                                             47P     40
126,1,1,1,0,1,0,0.,0.,1.,1.,1.,1.,0.,6.283185307,0.,1.,               49P     41
6.283185307,0.,0.,1.,0.,0.,1.;                                        49P     42
110,-1.110925387,1.360865679,1.7,-1.110925387,1.360865679,1.85;       51P     43
126,1,1,1,0,1,0,0.,0.,1.,1.,1.,1.,1.,6.283185307,0.,1.,               53P     44
5.497787144,0.,0.,1.,0.,0.,1.;                                        53P     45
124,1.,-1.38222766565832E-14,-4.93770026216487E-15,                   55P     46
2.8351279594583E-14,-1.35447209004269E-14,-1.,                        55P     47
-4.9377002621642E-15,2.72173135731496,-4.9377002621648E-15,           55P     48
4.93770026216426E-15,-1.,3.69999999999999;                            55P     49
100,1.85,-1.374755052,1.360865679,-1.110925387,1.360865679,           57P     50
-1.188199307,1.547421424;                                             57P     51
126,1,1,1,0,1,0,0.,0.,1.,1.,1.,1.,1.,5.497787144,0.,0.,               59P     52
5.497787144,0.,0.,1.,0.,0.,1.;                                        59P     53
110,-1.188199307,1.174309934,1.85,-1.188199307,1.174309934,1.7;       61P     54
102,4,45,49,53,59;                                                    63P     55
102,4,47,51,57,61;                                                    65P     56
142,1,43,63,65,1;                                                     67P     57
144,43,1,0,67;                                                        69P     58
110,-0.25,0.,2.5,-0.25,0.,-997.5;                                     71P     59
110,-1.38,0.,2.5,-1.38,0.,1.7;                                        73P     60
120,71,73,0.,6.28318530717959;                                        75P     61
126,1,1,1,0,1,0,0.,0.,1.,1.,1.,1.,0.,4.71238898,0.,0.,                77P     62
6.283185307,0.,0.,1.,0.,0.,1.;                                        77P     63
124,6.12323399573677E-17,-1.,0.,-0.25,-1.,                            79P     64
-6.12323399573677E-17,6.98296267768627E-15,-0.250000000000018,        79P     65
-6.98296267768627E-15,-4.27583144589696E-31,-1.,5.;                   79P     66
100,2.5,-0.25,0.,0.88,0.,-0.25,1.13;                                  81P     67
126,1,1,1,0,1,0,0.,0.,1.,1.,1.,1.,0.,6.283185307,0.,1.,               83P     68
6.283185307,0.,0.,1.,0.,0.,1.;                                        83P     69
110,-1.38,0.,2.5,-1.38,0.,1.7;                                        85P     70
126,1,1,1,0,1,0,0.,0.,1.,1.,1.,1.,1.,6.283185307,0.,1.,               87P     71
4.71238898,0.,0.,1.,0.,0.,1.;                                         87P     72
100,1.7,-0.25,0.,-1.38,0.,-0.25,-1.13;                                89P     73
126,1,1,1,0,1,0,0.,0.,1.,1.,1.,1.,1.,4.71238898,0.,0.,                91P     74
4.71238898,0.,0.,1.,0.,0.,1.;                                         91P     75
110,-0.25,-1.13,1.7,-0.25,-1.13,2.5;                                  93P     76
102,4,77,83,87,91;                                                    95P     77
102,4,81,85,89,93;                                                    97P     78
142,1,75,95,97,1;                                                     99P     79
144,75,1,0,99;                                                       101P     80
314,100.,100.,75.2941176470588,;                                     103P     81
128,1,1,1,1,0,0,1,0,0,0.,0.,1.,1.,0.,0.,1.,1.,1.,1.,1.,1.,2.1,       105P     82
-1.675,0.,2.1,-1.675,1.7,2.1,1.675,0.,2.1,1.675,1.7,0.,1.,0.,        105P     83
1.;                                                                  105P     84
126,1,1,1,0,1,0,0.,0.,1.,1.,1.,1.,1.,0.778262225,0.,                 107P     85
0.823529412,0.778262225,0.,0.,1.,0.,0.,1.;                           107P     86
110,2.1,0.932178454,1.7,2.1,0.932178454,1.4;                         109P     87
126,1,1,1,0,1,0,0.,0.,1.,1.,1.,1.,0.823529412,0.778262225,0.,        111P     88
0.823529412,1.,0.,0.,1.,0.,0.,1.;                                    111P     89
110,2.1,0.932178454,1.4,2.1,1.675,1.4;                               113P     90
126,1,1,1,0,1,0,0.,0.,1.,1.,1.,1.,0.823529412,1.,0.,0.,1.,0.,        115P     91
0.,1.,0.,0.,1.;                                                      115P     92
110,2.1,1.675,1.4,2.1,1.675,0.;                                      117P     93
126,1,1,1,0,1,0,0.,0.,1.,1.,1.,1.,0.,1.,0.,0.,0.902985075,0.,        119P     94
0.,1.,0.,0.,1.;                                                      119P     95
110,2.1,1.675,0.,2.1,1.35,0.;                                        121P     96
126,1,1,1,0,1,0,0.,0.,1.,1.,1.,1.,0.,0.902985075,0.,                 123P     97
0.117647059,0.902985075,0.,0.,1.,0.,0.,1.;                           123P     98
110,2.1,1.35,0.,2.1,1.35,0.2;                                        125P     99
126,1,1,1,0,1,0,0.,0.,1.,1.,1.,1.,0.117647059,0.902985075,0.,        127P    100
0.117647059,0.73880597,0.,0.,1.,0.,0.,1.;                            127P    101
110,2.1,1.35,0.2,2.1,0.8,0.2;                                        129P    102
126,1,1,1,0,1,0,0.,0.,1.,1.,1.,1.,0.117647059,0.73880597,0.,0.,      131P    103
0.73880597,0.,0.,1.,0.,0.,1.;                                        131P    104
110,2.1,0.8,0.2,2.1,0.8,0.;                                          133P    105
126,1,1,1,0,1,0,0.,0.,1.,1.,1.,1.,0.,0.73880597,0.,0.,               135P    106
0.26119403,0.,0.,1.,0.,0.,1.;                                        135P    107
110,2.1,0.8,0.,2.1,-0.8,0.;                                          137P    108
126,1,1,1,0,1,0,0.,0.,1.,1.,1.,1.,0.,0.26119403,0.,0.117647059,      139P    109
0.26119403,0.,0.,1.,0.,0.,1.;                                        139P    110
110,2.1,-0.8,0.,2.1,-0.8,0.2;                                        141P    111
126,1,1,1,0,1,0,0.,0.,1.,1.,1.,1.,0.117647059,0.26119403,0.,         143P    112
0.117647059,0.097014925,0.,0.,1.,0.,0.,1.;                           143P    113
110,2.1,-0.8,0.2,2.1,-1.35,0.2;                                      145P    114
126,1,1,1,0,1,0,0.,0.,1.,1.,1.,1.,0.117647059,0.097014925,0.,        147P    115
0.,0.097014925,0.,0.,1.,0.,0.,1.;                                    147P    116
110,2.1,-1.35,0.2,2.1,-1.35,0.;                                      149P    117
126,1,1,1,0,1,0,0.,0.,1.,1.,1.,1.,0.,0.097014925,0.,0.,0.,0.,        151P    118
0.,1.,0.,0.,1.;                                                      151P    119
110,2.1,-1.35,0.,2.1,-1.675,0.;                                      153P    120
126,1,1,1,0,1,0,0.,0.,1.,1.,1.,1.,0.,0.,0.,0.823529412,0.,0.,        155P    121
0.,1.,0.,0.,1.;                                                      155P    122
110,2.1,-1.675,0.,2.1,-1.675,1.4;                                    157P    123
126,1,1,1,0,1,0,0.,0.,1.,1.,1.,1.,0.823529412,0.,0.,                 159P    124
0.823529412,0.221737775,0.,0.,1.,0.,0.,1.;                           159P    125
110,2.1,-1.675,1.4,2.1,-0.932178454,1.4;                             161P    126
126,1,1,1,0,1,0,0.,0.,1.,1.,1.,1.,0.823529412,0.221737775,0.,        163P    127
1.,0.221737775,0.,0.,1.,0.,0.,1.;                                    163P    128
110,2.1,-0.932178454,1.4,2.1,-0.932178454,1.7;                       165P    129
126,1,1,1,0,1,0,0.,0.,1.,1.,1.,1.,1.,0.221737775,0.,1.,              167P    130
0.778262225,0.,0.,1.,0.,0.,1.;                                       167P    131
110,2.1,-0.932178454,1.7,2.1,0.932178454,1.7;                        169P    132
102,16,107,111,115,119,123,127,131,135,139,143,147,151,155,159,      171P    133
163,167;                                                             171P    134
102,16,109,113,117,121,125,129,133,137,141,145,149,153,157,161,      173P    135
165,169;                                                             173P    136
142,1,105,171,173,1;                                                 175P    137
144,105,1,0,175;                                                     177P    138
314,100.,100.,75.2941176470588,;                                     179P    139
128,1,1,1,1,0,0,1,0,0,0.,0.,1.,1.,0.,0.,1.,1.,1.,1.,1.,1.,-2.1,      181P    140
-1.675,1.7,-2.1,-1.675,0.,-2.1,1.675,1.7,-2.1,1.675,0.,0.,1.,        181P    141
0.,1.;                                                               181P    142
126,1,1,1,0,1,0,0.,0.,1.,1.,1.,1.,0.176470588,0.,0.,1.,0.,0.,        183P    143
0.,1.,0.,0.,1.;                                                      183P    144
110,-2.1,-1.675,1.4,-2.1,-1.675,0.;                                  185P    145
126,1,1,1,0,1,0,0.,0.,1.,1.,1.,1.,1.,0.,0.,1.,0.097014925,0.,        187P    146
0.,1.,0.,0.,1.;                                                      187P    147
110,-2.1,-1.675,0.,-2.1,-1.35,0.;                                    189P    148
126,1,1,1,0,1,0,0.,0.,1.,1.,1.,1.,1.,0.097014925,0.,                 191P    149
0.882352941,0.097014925,0.,0.,1.,0.,0.,1.;                           191P    150
110,-2.1,-1.35,0.,-2.1,-1.35,0.2;                                    193P    151
126,1,1,1,0,1,0,0.,0.,1.,1.,1.,1.,0.882352941,0.097014925,0.,        195P    152
0.882352941,0.26119403,0.,0.,1.,0.,0.,1.;                            195P    153
110,-2.1,-1.35,0.2,-2.1,-0.8,0.2;                                    197P    154
126,1,1,1,0,1,0,0.,0.,1.,1.,1.,1.,0.882352941,0.26119403,0.,1.,      199P    155
0.26119403,0.,0.,1.,0.,0.,1.;                                        199P    156
110,-2.1,-0.8,0.2,-2.1,-0.8,0.;                                      201P    157
126,1,1,1,0,1,0,0.,0.,1.,1.,1.,1.,1.,0.26119403,0.,1.,               203P    158
0.73880597,0.,0.,1.,0.,0.,1.;                                        203P    159
110,-2.1,-0.8,0.,-2.1,0.8,0.;                                        205P    160
126,1,1,1,0,1,0,0.,0.,1.,1.,1.,1.,1.,0.73880597,0.,0.882352941,      207P    161
0.73880597,0.,0.,1.,0.,0.,1.;                                        207P    162
110,-2.1,0.8,0.,-2.1,0.8,0.2;                                        209P    163
126,1,1,1,0,1,0,0.,0.,1.,1.,1.,1.,0.882352941,0.73880597,0.,         211P    164
0.882352941,0.902985075,0.,0.,1.,0.,0.,1.;                           211P    165
110,-2.1,0.8,0.2,-2.1,1.35,0.2;                                      213P    166
126,1,1,1,0,1,0,0.,0.,1.,1.,1.,1.,0.882352941,0.902985075,0.,        215P    167
1.,0.902985075,0.,0.,1.,0.,0.,1.;                                    215P    168
110,-2.1,1.35,0.2,-2.1,1.35,0.;                                      217P    169
126,1,1,1,0,1,0,0.,0.,1.,1.,1.,1.,1.,0.902985075,0.,1.,1.,0.,        219P    170
0.,1.,0.,0.,1.;                                                      219P    171
110,-2.1,1.35,0.,-2.1,1.675,0.;                                      221P    172
126,1,1,1,0,1,0,0.,0.,1.,1.,1.,1.,1.,1.,0.,0.176470588,1.,0.,        223P    173
0.,1.,0.,0.,1.;                                                      223P    174
110,-2.1,1.675,0.,-2.1,1.675,1.4;                                    225P    175
126,1,1,1,0,1,0,0.,0.,1.,1.,1.,1.,0.176470588,1.,0.,                 227P    176
0.176470588,0.778262225,0.,0.,1.,0.,0.,1.;                           227P    177
110,-2.1,1.675,1.4,-2.1,0.932178454,1.4;                             229P    178
126,1,1,1,0,1,0,0.,0.,1.,1.,1.,1.,0.176470588,0.778262225,0.,        231P    179
0.,0.778262225,0.,0.,1.,0.,0.,1.;                                    231P    180
110,-2.1,0.932178454,1.4,-2.1,0.932178454,1.7;                       233P    181
126,1,1,1,0,1,0,0.,0.,1.,1.,1.,1.,0.,0.778262225,0.,0.,              235P    182
0.221737775,0.,0.,1.,0.,0.,1.;                                       235P    183
110,-2.1,0.932178454,1.7,-2.1,-0.932178454,1.7;                      237P    184
126,1,1,1,0,1,0,0.,0.,1.,1.,1.,1.,0.,0.221737775,0.,                 239P    185
0.176470588,0.221737775,0.,0.,1.,0.,0.,1.;                           239P    186
110,-2.1,-0.932178454,1.7,-2.1,-0.932178454,1.4;                     241P    187
126,1,1,1,0,1,0,0.,0.,1.,1.,1.,1.,0.176470588,0.221737775,0.,        243P    188
0.176470588,0.,0.,0.,1.,0.,0.,1.;                                    243P    189
110,-2.1,-0.932178454,1.4,-2.1,-1.675,1.4;                           245P    190
102,16,183,187,191,195,199,203,207,211,215,219,223,227,231,235,      247P    191
239,243;                                                             247P    192
102,16,185,189,193,197,201,205,209,213,217,221,225,229,233,237,      249P    193
241,245;                                                             249P    194
142,1,181,247,249,1;                                                 251P    195
144,181,1,0,251;                                                     253P    196
314,100.,100.,75.2941176470588,;                                     255P    197
128,1,1,1,1,0,0,1,0,0,0.,0.,1.,1.,0.,0.,1.,1.,1.,1.,1.,1.,2.1,       257P    198
-1.675,0.,-2.1,-1.675,0.,2.1,-1.675,1.7,-2.1,-1.675,1.7,0.,1.,       257P    199
0.,1.;                                                               257P    200
126,1,1,1,0,1,0,0.,0.,1.,1.,1.,1.,0.176862273,1.,0.,                 259P    201
0.176862273,0.823529412,0.,0.,1.,0.,0.,1.;                           259P    202
110,1.357178454,-1.675,1.7,1.357178454,-1.675,1.4;                   261P    203
126,1,1,1,0,1,0,0.,0.,1.,1.,1.,1.,0.176862273,0.823529412,0.,        263P    204
0.,0.823529412,0.,0.,1.,0.,0.,1.;                                    263P    205
110,1.357178454,-1.675,1.4,2.1,-1.675,1.4;                           265P    206
126,1,1,1,0,1,0,0.,0.,1.,1.,1.,1.,0.,0.823529412,0.,0.,0.,0.,        267P    207
0.,1.,0.,0.,1.;                                                      267P    208
110,2.1,-1.675,1.4,2.1,-1.675,0.;                                    269P    209
126,1,1,1,0,1,0,0.,0.,1.,1.,1.,1.,0.,0.,0.,1.,0.,0.,0.,1.,0.,        271P    210
0.,1.;                                                               271P    211
110,2.1,-1.675,0.,-2.1,-1.675,0.;                                    273P    212
126,1,1,1,0,1,0,0.,0.,1.,1.,1.,1.,1.,0.,0.,1.,0.823529412,0.,        275P    213
0.,1.,0.,0.,1.;                                                      275P    214
110,-2.1,-1.675,0.,-2.1,-1.675,1.4;                                  277P    215
126,1,1,1,0,1,0,0.,0.,1.,1.,1.,1.,1.,0.823529412,0.,                 279P    216
0.823137727,0.823529412,0.,0.,1.,0.,0.,1.;                           279P    217
110,-2.1,-1.675,1.4,-1.357178454,-1.675,1.4;                         281P    218
126,1,1,1,0,1,0,0.,0.,1.,1.,1.,1.,0.823137727,0.823529412,0.,        283P    219
0.823137727,1.,0.,0.,1.,0.,0.,1.;                                    283P    220
110,-1.357178454,-1.675,1.4,-1.357178454,-1.675,1.7;                 285P    221
126,1,1,1,0,1,0,0.,0.,1.,1.,1.,1.,0.823137727,1.,0.,                 287P    222
0.176862273,1.,0.,0.,1.,0.,0.,1.;                                    287P    223
110,-1.357178454,-1.675,1.7,1.357178454,-1.675,1.7;                  289P    224
102,8,259,263,267,271,275,279,283,287;                               291P    225
102,8,261,265,269,273,277,281,285,289;                               293P    226
142,1,257,291,293,1;                                                 295P    227
144,257,1,0,295;                                                     297P    228
314,100.,100.,75.2941176470588,;                                     299P    229
128,1,1,1,1,0,0,1,0,0,0.,0.,1.,1.,0.,0.,1.,1.,1.,1.,1.,1.,-2.1,      301P    230
1.675,0.,2.1,1.675,0.,-2.1,1.675,1.7,2.1,1.675,1.7,0.,1.,0.,1.;      301P    231
126,1,1,1,0,1,0,0.,0.,1.,1.,1.,1.,0.176862273,1.,0.,                 303P    232
0.176862273,0.823529412,0.,0.,1.,0.,0.,1.;                           303P    233
110,-1.357178454,1.675,1.7,-1.357178454,1.675,1.4;                   305P    234
126,1,1,1,0,1,0,0.,0.,1.,1.,1.,1.,0.176862273,0.823529412,0.,        307P    235
0.,0.823529412,0.,0.,1.,0.,0.,1.;                                    307P    236
110,-1.357178454,1.675,1.4,-2.1,1.675,1.4;                           309P    237
126,1,1,1,0,1,0,0.,0.,1.,1.,1.,1.,0.,0.823529412,0.,0.,0.,0.,        311P    238
0.,1.,0.,0.,1.;                                                      311P    239
110,-2.1,1.675,1.4,-2.1,1.675,0.;                                    313P    240
126,1,1,1,0,1,0,0.,0.,1.,1.,1.,1.,0.,0.,0.,1.,0.,0.,0.,1.,0.,        315P    241
0.,1.;                                                               315P    242
110,-2.1,1.675,0.,2.1,1.675,0.;                                      317P    243
126,1,1,1,0,1,0,0.,0.,1.,1.,1.,1.,1.,0.,0.,1.,0.823529412,0.,        319P    244
0.,1.,0.,0.,1.;                                                      319P    245
110,2.1,1.675,0.,2.1,1.675,1.4;                                      321P    246
126,1,1,1,0,1,0,0.,0.,1.,1.,1.,1.,1.,0.823529412,0.,                 323P    247
0.823137727,0.823529412,0.,0.,1.,0.,0.,1.;                           323P    248
110,2.1,1.675,1.4,1.357178454,1.675,1.4;                             325P    249
126,1,1,1,0,1,0,0.,0.,1.,1.,1.,1.,0.823137727,0.823529412,0.,        327P    250
0.823137727,1.,0.,0.,1.,0.,0.,1.;                                    327P    251
110,1.357178454,1.675,1.4,1.357178454,1.675,1.7;                     329P    252
126,1,1,1,0,1,0,0.,0.,1.,1.,1.,1.,0.823137727,1.,0.,                 331P    253
0.176862273,1.,0.,0.,1.,0.,0.,1.;                                    331P    254
110,1.357178454,1.675,1.7,-1.357178454,1.675,1.7;                    333P    255
102,8,303,307,311,315,319,323,327,331;                               335P    256
102,8,305,309,313,317,321,325,329,333;                               337P    257
142,1,301,335,337,1;                                                 339P    258
144,301,1,0,339;                                                     341P    259
314,77.6470588235294,75.6862745098039,73.7254901960784,;             343P    260
128,1,1,1,1,0,0,1,0,0,0.,0.,1.,1.,0.,0.,1.,1.,1.,1.,1.,1.,-2.1,      345P    261
-1.675,1.7,2.1,-1.675,1.7,-2.1,1.675,1.7,2.1,1.675,1.7,0.,1.,        345P    262
0.,1.;                                                               345P    263
126,1,1,1,0,1,0,0.,0.,1.,1.,1.,1.,0.,0.221737775,0.,                 347P    264
0.012116855,0.221737775,0.,0.,1.,0.,0.,1.;                           347P    265
110,-2.1,-0.932178454,1.7,-2.049109207,-0.932178454,1.7;             349P    266
126,16,2,1,0,1,0,0.,0.,0.,0.125,0.125,0.25,0.25,0.375,0.375,         351P    267
0.5,0.5,0.625,0.625,0.75,0.75,0.875,0.875,1.,1.,1.,1.,1.,1.,1.,      351P    268
1.,1.,1.,1.,1.,1.,1.,1.,1.,1.,1.,1.,1.,0.012116855,0.221737775,      351P    269
0.,0.012719816,0.233059605,0.,0.015847563,0.243707528,0.,            351P    270
0.018975309,0.254355452,0.,0.024373406,0.263463288,0.,               351P    271
0.029771503,0.272571123,0.,0.037000829,0.279397971,0.,               351P    272
0.044230155,0.286224819,0.,0.052702622,0.290215332,0.,               351P    273
0.06117509,0.294205846,0.,0.070201485,0.295035406,0.,                351P    274
0.07922788,0.295864967,0.,0.088073928,0.293466091,0.,                351P    275
0.096919976,0.291067216,0.,0.104866073,0.285635048,0.,               351P    276
0.11281217,0.280202879,0.,0.119211921,0.272179311,0.,0.,1.,0.,       351P    277
0.,1.;                                                               351P    278
124,-0.997778352809539,0.0666210076828883,4.93770026216453E-15,      353P    279
-3.50449015522184,0.0666210076828881,0.997778352809539,              353P    280
-4.93770026216453E-15,0.116866150455237,-5.25568500135122E-15,       353P    281
-4.59777586714829E-15,-1.,3.39999999999999;                          353P    282
100,1.7,-1.785865679,-0.949755052,-1.522036014,-0.949755052,         355P    283
-1.959578431,-0.751185236;                                           355P    284
126,1,1,1,0,1,0,0.,0.,1.,1.,1.,1.,0.119211921,0.272179311,0.,        357P    285
0.217095403,0.149459721,0.,0.,1.,0.,0.,1.;                           357P    286
110,-1.599309934,-0.763199307,1.7,-1.188199307,-1.174309934,         359P    287
1.7;                                                                 359P    288
126,4,2,1,0,1,0,0.,0.,0.,0.5,0.5,1.,1.,1.,1.,1.,1.,1.,1.,            361P    289
0.217095403,0.149459721,0.,0.225930699,0.138382633,0.,               361P    290
0.230712327,0.12390972,0.,0.235493955,0.109436807,0.,                361P    291
0.235493955,0.093771439,0.,0.,1.,0.,0.,1.;                           361P    292
124,0.7071067811865,0.707106781186596,0.,0.559620917360979,          363P    293
0.707106781186596,-0.7071067811865,-6.98296267768627E-15,            363P    294
-1.35104440848041,-4.93770026216487E-15,4.9377002621642E-15,         363P    295
-1.,3.4;                                                             363P    296
100,1.7,-1.374755052,-1.360865679,-1.110925387,-1.360865679,         365P    297
-1.188199307,-1.174309934;                                           365P    298
126,8,2,1,0,1,0,0.,0.,0.,0.25,0.25,0.5,0.5,0.75,0.75,1.,1.,1.,       367P    299
1.,1.,1.,1.,1.,1.,1.,1.,1.,0.235493955,0.093771439,0.,               367P    300
0.235493955,0.078787255,0.,0.231104918,0.064850027,0.,               367P    301
0.22671588,0.050912798,0.,0.218551136,0.039970131,0.,                367P    302
0.210386391,0.029027465,0.,0.199586891,0.022608504,0.,               367P    303
0.188787391,0.016189543,0.,0.176862273,0.015191281,0.,0.,1.,0.,      367P    304
0.,1.;                                                               367P    305
124,1.,-1.44051437445114E-14,-6.96744899827231E-15,                  369P    306
-7.92818963454226E-15,-1.44051437445114E-14,-1.,                     369P    307
-4.65212010199202E-16,-2.72173135731499,-6.9674489982723E-15,        369P    308
4.65212010199303E-16,-1.,3.39999999999999;                           369P    309
100,1.7,-1.374755052,-1.360865679,-1.110925387,-1.360865679,         371P    310
-1.357178454,-1.09762215;                                            371P    311
126,1,1,1,0,1,0,0.,0.,1.,1.,1.,1.,0.176862273,0.015191281,0.,        373P    312
0.176862273,0.,0.,0.,1.,0.,0.,1.;                                    373P    313
110,-1.357178454,-1.624109207,1.7,-1.357178454,-1.675,1.7;           375P    314
126,1,1,1,0,1,0,0.,0.,1.,1.,1.,1.,0.176862273,0.,0.,                 377P    315
0.823137727,0.,0.,0.,1.,0.,0.,1.;                                    377P    316
110,-1.357178454,-1.675,1.7,1.357178454,-1.675,1.7;                  379P    317
126,1,1,1,0,1,0,0.,0.,1.,1.,1.,1.,0.823137727,0.,0.,                 381P    318
0.823137727,0.015191281,0.,0.,1.,0.,0.,1.;                           381P    319
110,1.357178454,-1.675,1.7,1.357178454,-1.624109207,1.7;             383P    320
126,16,2,1,0,1,0,0.,0.,0.,0.125,0.125,0.25,0.25,0.375,0.375,         385P    321
0.5,0.5,0.625,0.625,0.75,0.75,0.875,0.875,1.,1.,1.,1.,1.,1.,1.,      385P    322
1.,1.,1.,1.,1.,1.,1.,1.,1.,1.,1.,1.,1.,0.823137727,0.015191281,      385P    323
0.,0.81410722,0.015947233,0.,0.805614233,0.019868586,0.,             385P    324
0.797121247,0.023789939,0.,0.789856663,0.030557703,0.,               385P    325
0.78259208,0.037325466,0.,0.777146856,0.046389099,0.,                385P    326
0.771701632,0.055452731,0.,0.768518723,0.06607493,0.,                385P    327
0.765335813,0.076697128,0.,0.76467414,0.088013802,0.,                385P    328
0.764012467,0.099330477,0.,0.765925856,0.110421044,0.,               385P    329
0.767839244,0.121511612,0.,0.772172045,0.131473882,0.,               385P    330
0.776504846,0.141436153,0.,0.782904597,0.149459721,0.,0.,1.,0.,      385P    331
0.,1.;                                                               385P    332
124,-0.066621007682779,-0.997778352809546,4.93770026216498E-15,      387P    333
0.108500303786165,-0.997778352809546,0.066621007682779,              387P    334
4.93770026216408E-15,0.101497395617855,-5.2556850013503E-15,         387P    335
-4.59777586714934E-15,-1.,3.4;                                       387P    336
100,1.7,1.374755052,-1.360865679,1.638584717,-1.360865679,           389P    337
1.2010423,-1.162295863;                                              389P    338
126,1,1,1,0,1,0,0.,0.,1.,1.,1.,1.,0.782904597,0.149459721,0.,        391P    339
0.880788079,0.272179311,0.,0.,1.,0.,0.,1.;                           391P    340
110,1.188199307,-1.174309934,1.7,1.599309934,-0.763199307,1.7;       393P    341
126,16,2,1,0,1,0,0.,0.,0.,0.125,0.125,0.25,0.25,0.375,0.375,         395P    342
0.5,0.5,0.625,0.625,0.75,0.75,0.875,0.875,1.,1.,1.,1.,1.,1.,1.,      395P    343
1.,1.,1.,1.,1.,1.,1.,1.,1.,1.,1.,1.,1.,0.880788079,0.272179311,      395P    344
0.,0.88718783,0.280202879,0.,0.895133927,0.285635048,0.,             395P    345
0.903080024,0.291067216,0.,0.911926072,0.293466091,0.,               395P    346
0.92077212,0.295864967,0.,0.929798515,0.295035406,0.,                395P    347
0.93882491,0.294205846,0.,0.947297378,0.290215332,0.,                395P    348
0.955769845,0.286224819,0.,0.962999171,0.279397971,0.,               395P    349
0.970228497,0.272571123,0.,0.975626594,0.263463288,0.,               395P    350
0.981024691,0.254355452,0.,0.984152437,0.243707528,0.,               395P    351
0.987280184,0.233059605,0.,0.987883145,0.221737775,0.,0.,1.,0.,      395P    352
0.,1.;                                                               395P    353
124,-0.707106781186521,0.707106781186574,4.65212010200042E-16,       397P    354
3.72024164815987,0.707106781186574,0.707106781186521,                397P    355
-6.96744899827225E-15,-1.54097454597312,-5.25568500135177E-15,       397P    356
-4.59777586714766E-15,-1.,3.4;                                       397P    357
100,1.7,1.785865679,-0.949755052,2.049695344,-0.949755052,           399P    358
1.612152926,-0.751185236;                                            399P    359
126,1,1,1,0,1,0,0.,0.,1.,1.,1.,1.,0.987883145,0.221737775,0.,        401P    360
1.,0.221737775,0.,0.,1.,0.,0.,1.;                                    401P    361
110,2.049109207,-0.932178454,1.7,2.1,-0.932178454,1.7;               403P    362
126,1,1,1,0,1,0,0.,0.,1.,1.,1.,1.,1.,0.221737775,0.,1.,              405P    363
0.778262225,0.,0.,1.,0.,0.,1.;                                       405P    364
110,2.1,-0.932178454,1.7,2.1,0.932178454,1.7;                        407P    365
126,1,1,1,0,1,0,0.,0.,1.,1.,1.,1.,1.,0.778262225,0.,                 409P    366
0.987883145,0.778262225,0.,0.,1.,0.,0.,1.;                           409P    367
110,2.1,0.932178454,1.7,2.049109207,0.932178454,1.7;                 411P    368
126,16,2,1,0,1,0,0.,0.,0.,0.125,0.125,0.25,0.25,0.375,0.375,         413P    369
0.5,0.5,0.625,0.625,0.75,0.75,0.875,0.875,1.,1.,1.,1.,1.,1.,1.,      413P    370
1.,1.,1.,1.,1.,1.,1.,1.,1.,1.,1.,1.,1.,0.987883145,0.778262225,      413P    371
0.,0.987280184,0.766940395,0.,0.984152437,0.756292472,0.,            413P    372
0.981024691,0.745644548,0.,0.975626594,0.736536712,0.,               413P    373
0.970228497,0.727428877,0.,0.962999171,0.720602029,0.,               413P    374
0.955769845,0.713775181,0.,0.947297378,0.709784668,0.,               413P    375
0.93882491,0.705794154,0.,0.929798515,0.704964594,0.,                413P    376
0.92077212,0.704135033,0.,0.911926072,0.706533909,0.,                413P    377
0.903080024,0.708932784,0.,0.895133927,0.714364952,0.,               413P    378
0.88718783,0.719797121,0.,0.880788079,0.727820689,0.,0.,1.,0.,       413P    379
0.,1.;                                                               413P    380
124,0.99777835280954,-0.0666210076828672,-4.93770026216463E-15,      415P    381
0.067241202093095,-0.0666210076828669,-0.99777835280954,             415P    382
4.93770026216443E-15,2.0163762547381,-5.25568500135121E-15,          415P    383
-4.5977758671483E-15,-1.,3.40000000000001;                           415P    384
100,1.7,1.785865679,0.949755052,2.049695344,0.949755052,             417P    385
1.612152926,1.148324868;                                             417P    386
126,1,1,1,0,1,0,0.,0.,1.,1.,1.,1.,0.880788079,0.727820689,0.,        419P    387
0.782904597,0.850540279,0.,0.,1.,0.,0.,1.;                           419P    388
110,1.599309934,0.763199307,1.7,1.188199307,1.174309934,1.7;         421P    389
126,16,2,1,0,1,0,0.,0.,0.,0.125,0.125,0.25,0.25,0.375,0.375,         423P    390
0.5,0.5,0.625,0.625,0.75,0.75,0.875,0.875,1.,1.,1.,1.,1.,1.,1.,      423P    391
1.,1.,1.,1.,1.,1.,1.,1.,1.,1.,1.,1.,1.,0.782904597,0.850540279,      423P    392
0.,0.776504846,0.858563847,0.,0.772172045,0.868526118,0.,            423P    393
0.767839244,0.878488388,0.,0.765925856,0.889578956,0.,               423P    394
0.764012467,0.900669523,0.,0.76467414,0.911986198,0.,                423P    395
0.765335813,0.923302872,0.,0.768518723,0.93392507,0.,                423P    396
0.771701632,0.944547269,0.,0.777146856,0.953610901,0.,               423P    397
0.78259208,0.962674534,0.,0.789856663,0.969442297,0.,                423P    398
0.797121247,0.976210061,0.,0.805614233,0.980131414,0.,               423P    399
0.81410722,0.984052767,0.,0.823137727,0.984808719,0.,0.,1.,0.,       423P    400
0.,1.;                                                               423P    401
124,-0.707106781186486,-0.707106781186609,6.9674489982723E-15,       425P    402
3.30913102164385,-0.707106781186609,0.707106781186486,               425P    403
4.65212010199249E-16,1.37068694883459,-5.25568500135068E-15,         425P    404
-4.59777586714891E-15,-1.,3.40000000000001;                          425P    405
100,1.7,1.374755052,1.360865679,1.638584717,1.360865679,             427P    406
1.2010423,1.559435494;                                               427P    407
126,1,1,1,0,1,0,0.,0.,1.,1.,1.,1.,0.823137727,0.984808719,0.,        429P    408
0.823137727,1.,0.,0.,1.,0.,0.,1.;                                    429P    409
110,1.357178454,1.624109207,1.7,1.357178454,1.675,1.7;               431P    410
126,1,1,1,0,1,0,0.,0.,1.,1.,1.,1.,0.823137727,1.,0.,                 433P    411
0.176862273,1.,0.,0.,1.,0.,0.,1.;                                    433P    412
110,1.357178454,1.675,1.7,-1.357178454,1.675,1.7;                    435P    413
126,1,1,1,0,1,0,0.,0.,1.,1.,1.,1.,0.176862273,1.,0.,                 437P    414
0.176862273,0.984808719,0.,0.,1.,0.,0.,1.;                           437P    415
110,-1.357178454,1.675,1.7,-1.357178454,1.624109207,1.7;             439P    416
126,8,2,1,0,1,0,0.,0.,0.,0.25,0.25,0.5,0.5,0.75,0.75,1.,1.,1.,       441P    417
1.,1.,1.,1.,1.,1.,1.,1.,1.,0.176862273,0.984808719,0.,               441P    418
0.188787391,0.983810457,0.,0.199586891,0.977391496,0.,               441P    419
0.210386391,0.970972535,0.,0.218551136,0.960029869,0.,               441P    420
0.22671588,0.949087202,0.,0.231104918,0.935149973,0.,                441P    421
0.235493955,0.921212745,0.,0.235493955,0.906228561,0.,0.,1.,0.,      441P    422
0.,1.;                                                               441P    423
124,0.0666210076828667,0.997778352809541,0.,-2.64100980049656,       443P    424
0.997778352809541,-0.0666210076828667,-6.98296267768627E-15,         443P    425
2.82322875293296,-6.9674489982723E-15,4.65212010199308E-16,-1.,      443P    426
3.39999999999999;                                                    443P    427
100,1.7,-1.374755052,1.360865679,-1.110925387,1.360865679,           445P    428
-1.357178454,1.624109207;                                            445P    429
126,4,2,1,0,1,0,0.,0.,0.,0.5,0.5,1.,1.,1.,1.,1.,1.,1.,1.,            447P    430
0.235493955,0.906228561,0.,0.235493955,0.890563193,0.,               447P    431
0.230712327,0.87609028,0.,0.225930699,0.861617367,0.,                447P    432
0.217095403,0.850540279,0.,0.,1.,0.,0.,1.;                           447P    433
124,1.,-1.38222766565832E-14,-4.93770026216487E-15,                  449P    434
2.75204908194249E-14,-1.35447209004269E-14,-1.,                      449P    435
-4.9377002621642E-15,2.72173135731496,-4.9377002621648E-15,          449P    436
4.93770026216426E-15,-1.,3.39999999999999;                           449P    437
100,1.7,-1.374755052,1.360865679,-1.110925387,1.360865679,           451P    438
-1.188199307,1.547421424;                                            451P    439
126,1,1,1,0,1,0,0.,0.,1.,1.,1.,1.,0.217095403,0.850540279,0.,        453P    440
0.119211921,0.727820689,0.,0.,1.,0.,0.,1.;                           453P    441
110,-1.188199307,1.174309934,1.7,-1.599309934,0.763199307,1.7;       455P    442
126,16,2,1,0,1,0,0.,0.,0.,0.125,0.125,0.25,0.25,0.375,0.375,         457P    443
0.5,0.5,0.625,0.625,0.75,0.75,0.875,0.875,1.,1.,1.,1.,1.,1.,1.,      457P    444
1.,1.,1.,1.,1.,1.,1.,1.,1.,1.,1.,1.,1.,0.119211921,0.727820689,      457P    445
0.,0.11281217,0.719797121,0.,0.104866073,0.714364952,0.,             457P    446
0.096919976,0.708932784,0.,0.088073928,0.706533909,0.,               457P    447
0.07922788,0.704135033,0.,0.070201485,0.704964594,0.,                457P    448
0.06117509,0.705794154,0.,0.052702622,0.709784668,0.,                457P    449
0.044230155,0.713775181,0.,0.037000829,0.720602029,0.,               457P    450
0.029771503,0.727428877,0.,0.024373406,0.736536712,0.,               457P    451
0.018975309,0.745644548,0.,0.015847563,0.756292472,0.,               457P    452
0.012719816,0.766940395,0.,0.012116855,0.778262225,0.,0.,1.,0.,      457P    453
0.,1.;                                                               457P    454
124,0.707106781186547,-0.707106781186548,-4.65212010199375E-16,      459P    455
0.148510290844942,-0.707106781186548,-0.707106781186547,             459P    456
6.9674489982723E-15,0.358535558309818,-5.25568500135117E-15,         459P    457
-4.59777586714835E-15,-1.,3.4;                                       459P    458
100,1.7,-1.785865679,0.949755052,-1.522036014,0.949755052,           461P    459
-1.959578431,1.148324868;                                            461P    460
126,1,1,1,0,1,0,0.,0.,1.,1.,1.,1.,0.012116855,0.778262225,0.,        463P    461
0.,0.778262225,0.,0.,1.,0.,0.,1.;                                    463P    462
110,-2.049109207,0.932178454,1.7,-2.1,0.932178454,1.7;               465P    463
126,1,1,1,0,1,0,0.,0.,1.,1.,1.,1.,0.,0.778262225,0.,0.,              467P    464
0.221737775,0.,0.,1.,0.,0.,1.;                                       467P    465
110,-2.1,0.932178454,1.7,-2.1,-0.932178454,1.7;                      469P    466
102,26,347,351,357,361,367,373,377,381,385,391,395,401,405,409,      471P    467
413,419,423,429,433,437,441,447,453,457,463,467;                     471P    468
102,26,349,355,359,365,371,375,379,383,389,393,399,403,407,411,      473P    469
417,421,427,431,435,439,445,451,455,461,465,469;                     473P    470
142,1,345,471,473,1;                                                 475P    471
126,32,2,1,0,1,0,0.,0.,0.,0.0625,0.0625,0.125,0.125,0.1875,          477P    472
0.1875,0.25,0.25,0.3125,0.3125,0.375,0.375,0.4375,0.4375,0.5,        477P    473
0.5,0.5625,0.5625,0.625,0.625,0.6875,0.6875,0.75,0.75,0.8125,        477P    474
0.8125,0.875,0.875,0.9375,0.9375,1.,1.,1.,1.,1.,1.,1.,1.,1.,1.,      477P    475
1.,1.,1.,1.,1.,1.,1.,1.,1.,1.,1.,1.,1.,1.,1.,1.,1.,1.,1.,1.,1.,      477P    476
1.,1.,1.,1.,1.,0.55952381,0.837313433,0.,0.586022687,                477P    477
0.837313433,0.,0.612012396,0.83083205,0.,0.638002105,                477P    478
0.824350667,0.,0.662483876,0.811636977,0.,0.686965646,               477P    479
0.798923286,0.,0.708998658,0.780465869,0.,0.731031669,               477P    480
0.762008452,0.,0.749769205,0.738516616,0.,0.768506741,               477P    481
0.71502478,0.,0.783228729,0.687401302,0.,0.797950717,                477P    482
0.659777825,0.,0.808091398,0.629084262,0.,0.818232079,               477P    483
0.598390699,0.,0.823401754,0.565806586,0.,0.828571429,               477P    484
0.533222473,0.,0.828571429,0.5,0.,0.828571429,0.466777527,0.,        477P    485
0.823401754,0.434193414,0.,0.818232079,0.401609301,0.,               477P    486
0.808091398,0.370915738,0.,0.797950717,0.340222175,0.,               477P    487
0.783228729,0.312598698,0.,0.768506741,0.28497522,0.,                477P    488
0.749769205,0.261483384,0.,0.731031669,0.237991548,0.,               477P    489
0.708998658,0.219534131,0.,0.686965646,0.201076714,0.,               477P    490
0.662483876,0.188363023,0.,0.638002105,0.175649333,0.,               477P    491
0.612012396,0.16916795,0.,0.586022687,0.162686567,0.,                477P    492
0.55952381,0.162686567,0.,0.,1.,0.,0.,1.;                            477P    493
124,1.33820456159629E-14,1.,-6.98296267768627E-15,                   479P    494
0.250000000000008,1.,-1.33820456159629E-14,-2.679979931162E-30,      479P    495
-0.25,-9.61263050185258E-29,-6.98296267768627E-15,-1.,3.4;           479P    496
100,1.7,0.25,0.,1.38,0.,-0.88,0.;                                    481P    497
126,1,1,1,0,1,0,0.,0.,1.,1.,1.,1.,0.55952381,0.162686567,0.,         483P    498
0.44047619,0.162686567,0.,0.,1.,0.,0.,1.;                            483P    499
110,0.25,-1.13,1.7,-0.25,-1.13,1.7;                                  485P    500
126,16,2,1,0,1,0,0.,0.,0.,0.125,0.125,0.25,0.25,0.375,0.375,         487P    501
0.5,0.5,0.625,0.625,0.75,0.75,0.875,0.875,1.,1.,1.,1.,1.,1.,1.,      487P    502
1.,1.,1.,1.,1.,1.,1.,1.,1.,1.,1.,1.,1.,0.44047619,0.162686567,       487P    503
0.,0.413977313,0.162686567,0.,0.387987604,0.16916795,0.,             487P    504
0.361997895,0.175649333,0.,0.337516124,0.188363023,0.,               487P    505
0.313034354,0.201076714,0.,0.291001342,0.219534131,0.,               487P    506
0.268968331,0.237991548,0.,0.250230795,0.261483384,0.,               487P    507
0.231493259,0.28497522,0.,0.216771271,0.312598698,0.,                487P    508
0.202049283,0.340222175,0.,0.191908602,0.370915738,0.,               487P    509
0.181767921,0.401609301,0.,0.176598246,0.434193414,0.,               487P    510
0.171428571,0.466777527,0.,0.171428571,0.5,0.,0.,1.,0.,0.,1.;        487P    511
124,6.12323399573677E-17,-1.,0.,-0.25,-1.,                           489P    512
-6.12323399573677E-17,6.98296267768627E-15,-0.250000000000012,       489P    513
-6.98296267768627E-15,-4.27583144589696E-31,-1.,3.4;                 489P    514
100,1.7,-0.25,0.,0.88,0.,-0.25,1.13;                                 491P    515
126,16,2,1,0,1,0,0.,0.,0.,0.125,0.125,0.25,0.25,0.375,0.375,         493P    516
0.5,0.5,0.625,0.625,0.75,0.75,0.875,0.875,1.,1.,1.,1.,1.,1.,1.,      493P    517
1.,1.,1.,1.,1.,1.,1.,1.,1.,1.,1.,1.,1.,0.171428571,0.5,0.,           493P    518
0.171428571,0.533222473,0.,0.176598246,0.565806586,0.,               493P    519
0.181767921,0.598390699,0.,0.191908602,0.629084262,0.,               493P    520
0.202049283,0.659777825,0.,0.216771271,0.687401302,0.,               493P    521
0.231493259,0.71502478,0.,0.250230795,0.738516616,0.,                493P    522
0.268968331,0.762008452,0.,0.291001342,0.780465869,0.,               493P    523
0.313034354,0.798923286,0.,0.337516124,0.811636977,0.,               493P    524
0.361997895,0.824350667,0.,0.387987604,0.83083205,0.,                493P    525
0.413977313,0.837313433,0.,0.44047619,0.837313433,0.,0.,1.,0.,       493P    526
0.,1.;                                                               493P    527
124,-1.,9.59470949102217E-17,6.98296267768627E-15,                   495P    528
-0.500000000000012,9.59470949102217E-17,1.,                          495P    529
-3.3499749139525E-31,2.3986773727556E-17,-6.98296267768627E-15,      495P    530
3.3499749139525E-31,-1.,3.4;                                         495P    531
100,1.7,-0.25,0.,0.88,0.,-0.25,1.13;                                 497P    532
126,1,1,1,0,1,0,0.,0.,1.,1.,1.,1.,0.44047619,0.837313433,0.,         499P    533
0.55952381,0.837313433,0.,0.,1.,0.,0.,1.;                            499P    534
110,-0.25,1.13,1.7,0.25,1.13,1.7;                                    501P    535
102,5,477,483,487,493,499;                                           503P    536
102,5,481,485,491,497,501;                                           505P    537
142,1,345,503,505,1;                                                 507P    538
144,345,1,1,475,507;                                                 509P    539
128,1,1,1,1,0,0,1,0,0,0.,0.,1.,1.,0.,0.,1.,1.,1.,1.,1.,1.,-2.6,      511P    540
-1.675,0.,2.6,-1.675,0.,-2.6,1.675,0.,2.6,1.675,0.,0.,1.,0.,1.;      511P    541
126,1,1,1,0,1,0,0.,0.,1.,1.,1.,1.,0.096153846,0.902985075,0.,        513P    542
0.,0.902985075,0.,0.,1.,0.,0.,1.;                                    513P    543
110,-2.1,1.35,0.,-2.6,1.35,0.;                                       515P    544
126,1,1,1,0,1,0,0.,0.,1.,1.,1.,1.,0.,0.902985075,0.,0.,              517P    545
0.73880597,0.,0.,1.,0.,0.,1.;                                        517P    546
110,-2.6,1.35,0.,-2.6,0.8,0.;                                        519P    547
126,1,1,1,0,1,0,0.,0.,1.,1.,1.,1.,0.,0.73880597,0.,0.096153846,      521P    548
0.73880597,0.,0.,1.,0.,0.,1.;                                        521P    549
110,-2.6,0.8,0.,-2.1,0.8,0.;                                         523P    550
126,1,1,1,0,1,0,0.,0.,1.,1.,1.,1.,0.096153846,0.73880597,0.,         525P    551
0.096153846,0.26119403,0.,0.,1.,0.,0.,1.;                            525P    552
110,-2.1,0.8,0.,-2.1,-0.8,0.;                                        527P    553
126,1,1,1,0,1,0,0.,0.,1.,1.,1.,1.,0.096153846,0.26119403,0.,0.,      529P    554
0.26119403,0.,0.,1.,0.,0.,1.;                                        529P    555
110,-2.1,-0.8,0.,-2.6,-0.8,0.;                                       531P    556
126,1,1,1,0,1,0,0.,0.,1.,1.,1.,1.,0.,0.26119403,0.,0.,               533P    557
0.097014925,0.,0.,1.,0.,0.,1.;                                       533P    558
110,-2.6,-0.8,0.,-2.6,-1.35,0.;                                      535P    559
126,1,1,1,0,1,0,0.,0.,1.,1.,1.,1.,0.,0.097014925,0.,                 537P    560
0.096153846,0.097014925,0.,0.,1.,0.,0.,1.;                           537P    561
110,-2.6,-1.35,0.,-2.1,-1.35,0.;                                     539P    562
126,1,1,1,0,1,0,0.,0.,1.,1.,1.,1.,0.096153846,0.097014925,0.,        541P    563
0.096153846,0.,0.,0.,1.,0.,0.,1.;                                    541P    564
110,-2.1,-1.35,0.,-2.1,-1.675,0.;                                    543P    565
126,1,1,1,0,1,0,0.,0.,1.,1.,1.,1.,0.096153846,0.,0.,                 545P    566
0.903846154,0.,0.,0.,1.,0.,0.,1.;                                    545P    567
110,-2.1,-1.675,0.,2.1,-1.675,0.;                                    547P    568
126,1,1,1,0,1,0,0.,0.,1.,1.,1.,1.,0.903846154,0.,0.,                 549P    569
0.903846154,0.097014925,0.,0.,1.,0.,0.,1.;                           549P    570
110,2.1,-1.675,0.,2.1,-1.35,0.;                                      551P    571
126,1,1,1,0,1,0,0.,0.,1.,1.,1.,1.,0.903846154,0.097014925,0.,        553P    572
1.,0.097014925,0.,0.,1.,0.,0.,1.;                                    553P    573
110,2.1,-1.35,0.,2.6,-1.35,0.;                                       555P    574
126,1,1,1,0,1,0,0.,0.,1.,1.,1.,1.,1.,0.097014925,0.,1.,              557P    575
0.26119403,0.,0.,1.,0.,0.,1.;                                        557P    576
110,2.6,-1.35,0.,2.6,-0.8,0.;                                        559P    577
126,1,1,1,0,1,0,0.,0.,1.,1.,1.,1.,1.,0.26119403,0.,0.903846154,      561P    578
0.26119403,0.,0.,1.,0.,0.,1.;                                        561P    579
110,2.6,-0.8,0.,2.1,-0.8,0.;                                         563P    580
126,1,1,1,0,1,0,0.,0.,1.,1.,1.,1.,0.903846154,0.26119403,0.,         565P    581
0.903846154,0.73880597,0.,0.,1.,0.,0.,1.;                            565P    582
110,2.1,-0.8,0.,2.1,0.8,0.;                                          567P    583
126,1,1,1,0,1,0,0.,0.,1.,1.,1.,1.,0.903846154,0.73880597,0.,1.,      569P    584
0.73880597,0.,0.,1.,0.,0.,1.;                                        569P    585
110,2.1,0.8,0.,2.6,0.8,0.;                                           571P    586
126,1,1,1,0,1,0,0.,0.,1.,1.,1.,1.,1.,0.73880597,0.,1.,               573P    587
0.902985075,0.,0.,1.,0.,0.,1.;                                       573P    588
110,2.6,0.8,0.,2.6,1.35,0.;                                          575P    589
126,1,1,1,0,1,0,0.,0.,1.,1.,1.,1.,1.,0.902985075,0.,                 577P    590
0.903846154,0.902985075,0.,0.,1.,0.,0.,1.;                           577P    591
110,2.6,1.35,0.,2.1,1.35,0.;                                         579P    592
126,1,1,1,0,1,0,0.,0.,1.,1.,1.,1.,0.903846154,0.902985075,0.,        581P    593
0.903846154,1.,0.,0.,1.,0.,0.,1.;                                    581P    594
110,2.1,1.35,0.,2.1,1.675,0.;                                        583P    595
126,1,1,1,0,1,0,0.,0.,1.,1.,1.,1.,0.903846154,1.,0.,                 585P    596
0.096153846,1.,0.,0.,1.,0.,0.,1.;                                    585P    597
110,2.1,1.675,0.,-2.1,1.675,0.;                                      587P    598
126,1,1,1,0,1,0,0.,0.,1.,1.,1.,1.,0.096153846,1.,0.,                 589P    599
0.096153846,0.902985075,0.,0.,1.,0.,0.,1.;                           589P    600
110,-2.1,1.675,0.,-2.1,1.35,0.;                                      591P    601
102,20,513,517,521,525,529,533,537,541,545,549,553,557,561,565,      593P    602
569,573,577,581,585,589;                                             593P    603
102,20,515,519,523,527,531,535,539,543,547,551,555,559,563,567,      595P    604
571,575,579,583,587,591;                                             595P    605
142,1,511,593,595,1;                                                 597P    606
144,511,1,0,597;                                                     599P    607
128,1,1,1,1,0,0,1,0,0,0.,0.,1.,1.,0.,0.,1.,1.,1.,1.,1.,1.,-2.6,      601P    608
-0.8,0.,-2.6,-0.8,0.2,-2.1,-0.8,0.,-2.1,-0.8,0.2,0.,1.,0.,1.;        601P    609
126,1,1,1,0,1,0,0.,0.,1.,1.,1.,1.,0.,1.,0.,0.,0.,0.,0.,1.,0.,        603P    610
0.,1.;                                                               603P    611
110,-2.1,-0.8,0.,-2.6,-0.8,0.;                                       605P    612
126,1,1,1,0,1,0,0.,0.,1.,1.,1.,1.,0.,0.,0.,1.,0.,0.,0.,1.,0.,        607P    613
0.,1.;                                                               607P    614
110,-2.6,-0.8,0.,-2.6,-0.8,0.2;                                      609P    615
126,1,1,1,0,1,0,0.,0.,1.,1.,1.,1.,1.,0.,0.,1.,1.,0.,0.,1.,0.,        611P    616
0.,1.;                                                               611P    617
110,-2.6,-0.8,0.2,-2.1,-0.8,0.2;                                     613P    618
126,1,1,1,0,1,0,0.,0.,1.,1.,1.,1.,1.,1.,0.,0.,1.,0.,0.,1.,0.,        615P    619
0.,1.;                                                               615P    620
110,-2.1,-0.8,0.2,-2.1,-0.8,0.;                                      617P    621
102,4,603,607,611,615;                                               619P    622
102,4,605,609,613,617;                                               621P    623
142,1,601,619,621,1;                                                 623P    624
144,601,1,0,623;                                                     625P    625
128,1,1,1,1,0,0,1,0,0,0.,0.,1.,1.,0.,0.,1.,1.,1.,1.,1.,1.,-2.6,      627P    626
-1.35,0.,-2.6,-1.35,0.2,-2.6,-0.8,0.,-2.6,-0.8,0.2,0.,1.,0.,1.;      627P    627
126,1,1,1,0,1,0,0.,0.,1.,1.,1.,1.,0.,1.,0.,0.,0.,0.,0.,1.,0.,        629P    628
0.,1.;                                                               629P    629
110,-2.6,-0.8,0.,-2.6,-1.35,0.;                                      631P    630
126,1,1,1,0,1,0,0.,0.,1.,1.,1.,1.,0.,0.,0.,1.,0.,0.,0.,1.,0.,        633P    631
0.,1.;                                                               633P    632
110,-2.6,-1.35,0.,-2.6,-1.35,0.2;                                    635P    633
126,1,1,1,0,1,0,0.,0.,1.,1.,1.,1.,1.,0.,0.,1.,1.,0.,0.,1.,0.,        637P    634
0.,1.;                                                               637P    635
110,-2.6,-1.35,0.2,-2.6,-0.8,0.2;                                    639P    636
126,1,1,1,0,1,0,0.,0.,1.,1.,1.,1.,1.,1.,0.,0.,1.,0.,0.,1.,0.,        641P    637
0.,1.;                                                               641P    638
110,-2.6,-0.8,0.2,-2.6,-0.8,0.;                                      643P    639
102,4,629,633,637,641;                                               645P    640
102,4,631,635,639,643;                                               647P    641
142,1,627,645,647,1;                                                 649P    642
144,627,1,0,649;                                                     651P    643
128,1,1,1,1,0,0,1,0,0,0.,0.,1.,1.,0.,0.,1.,1.,1.,1.,1.,1.,-2.6,      653P    644
-1.35,0.,-2.1,-1.35,0.,-2.6,-1.35,0.2,-2.1,-1.35,0.2,0.,1.,0.,       653P    645
1.;                                                                  653P    646
126,1,1,1,0,1,0,0.,0.,1.,1.,1.,1.,0.,0.,0.,1.,0.,0.,0.,1.,0.,        655P    647
0.,1.;                                                               655P    648
110,-2.6,-1.35,0.,-2.1,-1.35,0.;                                     657P    649
126,1,1,1,0,1,0,0.,0.,1.,1.,1.,1.,1.,0.,0.,1.,1.,0.,0.,1.,0.,        659P    650
0.,1.;                                                               659P    651
110,-2.1,-1.35,0.,-2.1,-1.35,0.2;                                    661P    652
126,1,1,1,0,1,0,0.,0.,1.,1.,1.,1.,1.,1.,0.,0.,1.,0.,0.,1.,0.,        663P    653
0.,1.;                                                               663P    654
110,-2.1,-1.35,0.2,-2.6,-1.35,0.2;                                   665P    655
126,1,1,1,0,1,0,0.,0.,1.,1.,1.,1.,0.,1.,0.,0.,0.,0.,0.,1.,0.,        667P    656
0.,1.;                                                               667P    657
110,-2.6,-1.35,0.2,-2.6,-1.35,0.;                                    669P    658
102,4,655,659,663,667;                                               671P    659
102,4,657,661,665,669;                                               673P    660
142,1,653,671,673,1;                                                 675P    661
144,653,1,0,675;                                                     677P    662
128,1,1,1,1,0,0,1,0,0,0.,0.,1.,1.,0.,0.,1.,1.,1.,1.,1.,1.,-2.1,      679P    663
-1.35,0.2,-2.6,-1.35,0.2,-2.1,-0.8,0.2,-2.6,-0.8,0.2,0.,1.,0.,       679P    664
1.;                                                                  679P    665
126,1,1,1,0,1,0,0.,0.,1.,1.,1.,1.,0.,0.,0.,1.,0.,0.,0.,1.,0.,        681P    666
0.,1.;                                                               681P    667
110,-2.1,-1.35,0.2,-2.6,-1.35,0.2;                                   683P    668
126,1,1,1,0,1,0,0.,0.,1.,1.,1.,1.,1.,0.,0.,1.,1.,0.,0.,1.,0.,        685P    669
0.,1.;                                                               685P    670
110,-2.6,-1.35,0.2,-2.6,-0.8,0.2;                                    687P    671
126,1,1,1,0,1,0,0.,0.,1.,1.,1.,1.,1.,1.,0.,0.,1.,0.,0.,1.,0.,        689P    672
0.,1.;                                                               689P    673
110,-2.6,-0.8,0.2,-2.1,-0.8,0.2;                                     691P    674
126,1,1,1,0,1,0,0.,0.,1.,1.,1.,1.,0.,1.,0.,0.,0.,0.,0.,1.,0.,        693P    675
0.,1.;                                                               693P    676
110,-2.1,-0.8,0.2,-2.1,-1.35,0.2;                                    695P    677
102,4,681,685,689,693;                                               697P    678
102,4,683,687,691,695;                                               699P    679
142,1,679,697,699,1;                                                 701P    680
144,679,1,0,701;                                                     703P    681
128,1,1,1,1,0,0,1,0,0,0.,0.,1.,1.,0.,0.,1.,1.,1.,1.,1.,1.,-2.1,      705P    682
1.35,0.,-2.6,1.35,0.,-2.1,1.35,0.2,-2.6,1.35,0.2,0.,1.,0.,1.;        705P    683
126,1,1,1,0,1,0,0.,0.,1.,1.,1.,1.,0.,0.,0.,1.,0.,0.,0.,1.,0.,        707P    684
0.,1.;                                                               707P    685
110,-2.1,1.35,0.,-2.6,1.35,0.;                                       709P    686
126,1,1,1,0,1,0,0.,0.,1.,1.,1.,1.,1.,0.,0.,1.,1.,0.,0.,1.,0.,        711P    687
0.,1.;                                                               711P    688
110,-2.6,1.35,0.,-2.6,1.35,0.2;                                      713P    689
126,1,1,1,0,1,0,0.,0.,1.,1.,1.,1.,1.,1.,0.,0.,1.,0.,0.,1.,0.,        715P    690
0.,1.;                                                               715P    691
110,-2.6,1.35,0.2,-2.1,1.35,0.2;                                     717P    692
126,1,1,1,0,1,0,0.,0.,1.,1.,1.,1.,0.,1.,0.,0.,0.,0.,0.,1.,0.,        719P    693
0.,1.;                                                               719P    694
110,-2.1,1.35,0.2,-2.1,1.35,0.;                                      721P    695
102,4,707,711,715,719;                                               723P    696
102,4,709,713,717,721;                                               725P    697
142,1,705,723,725,1;                                                 727P    698
144,705,1,0,727;                                                     729P    699
128,1,1,1,1,0,0,1,0,0,0.,0.,1.,1.,0.,0.,1.,1.,1.,1.,1.,1.,-2.6,      731P    700
0.8,0.,-2.6,0.8,0.2,-2.6,1.35,0.,-2.6,1.35,0.2,0.,1.,0.,1.;          731P    701
126,1,1,1,0,1,0,0.,0.,1.,1.,1.,1.,0.,1.,0.,0.,0.,0.,0.,1.,0.,        733P    702
0.,1.;                                                               733P    703
110,-2.6,1.35,0.,-2.6,0.8,0.;                                        735P    704
126,1,1,1,0,1,0,0.,0.,1.,1.,1.,1.,0.,0.,0.,1.,0.,0.,0.,1.,0.,        737P    705
0.,1.;                                                               737P    706
110,-2.6,0.8,0.,-2.6,0.8,0.2;                                        739P    707
126,1,1,1,0,1,0,0.,0.,1.,1.,1.,1.,1.,0.,0.,1.,1.,0.,0.,1.,0.,        741P    708
0.,1.;                                                               741P    709
110,-2.6,0.8,0.2,-2.6,1.35,0.2;                                      743P    710
126,1,1,1,0,1,0,0.,0.,1.,1.,1.,1.,1.,1.,0.,0.,1.,0.,0.,1.,0.,        745P    711
0.,1.;                                                               745P    712
110,-2.6,1.35,0.2,-2.6,1.35,0.;                                      747P    713
102,4,733,737,741,745;                                               749P    714
102,4,735,739,743,747;                                               751P    715
142,1,731,749,751,1;                                                 753P    716
144,731,1,0,753;                                                     755P    717
128,1,1,1,1,0,0,1,0,0,0.,0.,1.,1.,0.,0.,1.,1.,1.,1.,1.,1.,-2.6,      757P    718
0.8,0.2,-2.6,0.8,0.,-2.1,0.8,0.2,-2.1,0.8,0.,0.,1.,0.,1.;            757P    719
126,1,1,1,0,1,0,0.,0.,1.,1.,1.,1.,1.,0.,0.,1.,1.,0.,0.,1.,0.,        759P    720
0.,1.;                                                               759P    721
110,-2.6,0.8,0.,-2.1,0.8,0.;                                         761P    722
126,1,1,1,0,1,0,0.,0.,1.,1.,1.,1.,1.,1.,0.,0.,1.,0.,0.,1.,0.,        763P    723
0.,1.;                                                               763P    724
110,-2.1,0.8,0.,-2.1,0.8,0.2;                                        765P    725
126,1,1,1,0,1,0,0.,0.,1.,1.,1.,1.,0.,1.,0.,0.,0.,0.,0.,1.,0.,        767P    726
0.,1.;                                                               767P    727
110,-2.1,0.8,0.2,-2.6,0.8,0.2;                                       769P    728
126,1,1,1,0,1,0,0.,0.,1.,1.,1.,1.,0.,0.,0.,1.,0.,0.,0.,1.,0.,        771P    729
0.,1.;                                                               771P    730
110,-2.6,0.8,0.2,-2.6,0.8,0.;                                        773P    731
102,4,759,763,767,771;                                               775P    732
102,4,761,765,769,773;                                               777P    733
142,1,757,775,777,1;                                                 779P    734
144,757,1,0,779;                                                     781P    735
128,1,1,1,1,0,0,1,0,0,0.,0.,1.,1.,0.,0.,1.,1.,1.,1.,1.,1.,-2.1,      783P    736
0.8,0.2,-2.6,0.8,0.2,-2.1,1.35,0.2,-2.6,1.35,0.2,0.,1.,0.,1.;        783P    737
126,1,1,1,0,1,0,0.,0.,1.,1.,1.,1.,0.,0.,0.,1.,0.,0.,0.,1.,0.,        785P    738
0.,1.;                                                               785P    739
110,-2.1,0.8,0.2,-2.6,0.8,0.2;                                       787P    740
126,1,1,1,0,1,0,0.,0.,1.,1.,1.,1.,1.,0.,0.,1.,1.,0.,0.,1.,0.,        789P    741
0.,1.;                                                               789P    742
110,-2.6,0.8,0.2,-2.6,1.35,0.2;                                      791P    743
126,1,1,1,0,1,0,0.,0.,1.,1.,1.,1.,1.,1.,0.,0.,1.,0.,0.,1.,0.,        793P    744
0.,1.;                                                               793P    745
110,-2.6,1.35,0.2,-2.1,1.35,0.2;                                     795P    746
126,1,1,1,0,1,0,0.,0.,1.,1.,1.,1.,0.,1.,0.,0.,0.,0.,0.,1.,0.,        797P    747
0.,1.;                                                               797P    748
110,-2.1,1.35,0.2,-2.1,0.8,0.2;                                      799P    749
102,4,785,789,793,797;                                               801P    750
102,4,787,791,795,799;                                               803P    751
142,1,783,801,803,1;                                                 805P    752
144,783,1,0,805;                                                     807P    753
128,1,1,1,1,0,0,1,0,0,0.,0.,1.,1.,0.,0.,1.,1.,1.,1.,1.,1.,2.6,       809P    754
-1.35,0.,2.1,-1.35,0.,2.6,-1.35,0.2,2.1,-1.35,0.2,0.,1.,0.,1.;       809P    755
126,1,1,1,0,1,0,0.,0.,1.,1.,1.,1.,1.,0.,0.,1.,1.,0.,0.,1.,0.,        811P    756
0.,1.;                                                               811P    757
110,2.1,-1.35,0.,2.1,-1.35,0.2;                                      813P    758
126,1,1,1,0,1,0,0.,0.,1.,1.,1.,1.,1.,1.,0.,0.,1.,0.,0.,1.,0.,        815P    759
0.,1.;                                                               815P    760
110,2.1,-1.35,0.2,2.6,-1.35,0.2;                                     817P    761
126,1,1,1,0,1,0,0.,0.,1.,1.,1.,1.,0.,1.,0.,0.,0.,0.,0.,1.,0.,        819P    762
0.,1.;                                                               819P    763
110,2.6,-1.35,0.2,2.6,-1.35,0.;                                      821P    764
126,1,1,1,0,1,0,0.,0.,1.,1.,1.,1.,0.,0.,0.,1.,0.,0.,0.,1.,0.,        823P    765
0.,1.;                                                               823P    766
110,2.6,-1.35,0.,2.1,-1.35,0.;                                       825P    767
102,4,811,815,819,823;                                               827P    768
102,4,813,817,821,825;                                               829P    769
142,1,809,827,829,1;                                                 831P    770
144,809,1,0,831;                                                     833P    771
128,1,1,1,1,0,0,1,0,0,0.,0.,1.,1.,0.,0.,1.,1.,1.,1.,1.,1.,2.6,       835P    772
-1.35,0.,2.6,-1.35,0.2,2.6,-0.8,0.,2.6,-0.8,0.2,0.,1.,0.,1.;         835P    773
126,1,1,1,0,1,0,0.,0.,1.,1.,1.,1.,0.,0.,0.,1.,0.,0.,0.,1.,0.,        837P    774
0.,1.;                                                               837P    775
110,2.6,-1.35,0.,2.6,-1.35,0.2;                                      839P    776
126,1,1,1,0,1,0,0.,0.,1.,1.,1.,1.,1.,0.,0.,1.,1.,0.,0.,1.,0.,        841P    777
0.,1.;                                                               841P    778
110,2.6,-1.35,0.2,2.6,-0.8,0.2;                                      843P    779
126,1,1,1,0,1,0,0.,0.,1.,1.,1.,1.,1.,1.,0.,0.,1.,0.,0.,1.,0.,        845P    780
0.,1.;                                                               845P    781
110,2.6,-0.8,0.2,2.6,-0.8,0.;                                        847P    782
126,1,1,1,0,1,0,0.,0.,1.,1.,1.,1.,0.,1.,0.,0.,0.,0.,0.,1.,0.,        849P    783
0.,1.;                                                               849P    784
110,2.6,-0.8,0.,2.6,-1.35,0.;                                        851P    785
102,4,837,841,845,849;                                               853P    786
102,4,839,843,847,851;                                               855P    787
142,1,835,853,855,1;                                                 857P    788
144,835,1,0,857;                                                     859P    789
128,1,1,1,1,0,0,1,0,0,0.,0.,1.,1.,0.,0.,1.,1.,1.,1.,1.,1.,2.1,       861P    790
-0.8,0.2,2.1,-0.8,0.,2.6,-0.8,0.2,2.6,-0.8,0.,0.,1.,0.,1.;           861P    791
126,1,1,1,0,1,0,0.,0.,1.,1.,1.,1.,1.,1.,0.,0.,1.,0.,0.,1.,0.,        863P    792
0.,1.;                                                               863P    793
110,2.6,-0.8,0.,2.6,-0.8,0.2;                                        865P    794
126,1,1,1,0,1,0,0.,0.,1.,1.,1.,1.,0.,1.,0.,0.,0.,0.,0.,1.,0.,        867P    795
0.,1.;                                                               867P    796
110,2.6,-0.8,0.2,2.1,-0.8,0.2;                                       869P    797
126,1,1,1,0,1,0,0.,0.,1.,1.,1.,1.,0.,0.,0.,1.,0.,0.,0.,1.,0.,        871P    798
0.,1.;                                                               871P    799
110,2.1,-0.8,0.2,2.1,-0.8,0.;                                        873P    800
126,1,1,1,0,1,0,0.,0.,1.,1.,1.,1.,1.,0.,0.,1.,1.,0.,0.,1.,0.,        875P    801
0.,1.;                                                               875P    802
110,2.1,-0.8,0.,2.6,-0.8,0.;                                         877P    803
102,4,863,867,871,875;                                               879P    804
102,4,865,869,873,877;                                               881P    805
142,1,861,879,881,1;                                                 883P    806
144,861,1,0,883;                                                     885P    807
128,1,1,1,1,0,0,1,0,0,0.,0.,1.,1.,0.,0.,1.,1.,1.,1.,1.,1.,2.1,       887P    808
-0.8,0.2,2.6,-0.8,0.2,2.1,-1.35,0.2,2.6,-1.35,0.2,0.,1.,0.,1.;       887P    809
126,1,1,1,0,1,0,0.,0.,1.,1.,1.,1.,0.,0.,0.,1.,0.,0.,0.,1.,0.,        889P    810
0.,1.;                                                               889P    811
110,2.1,-0.8,0.2,2.6,-0.8,0.2;                                       891P    812
126,1,1,1,0,1,0,0.,0.,1.,1.,1.,1.,1.,0.,0.,1.,1.,0.,0.,1.,0.,        893P    813
0.,1.;                                                               893P    814
110,2.6,-0.8,0.2,2.6,-1.35,0.2;                                      895P    815
126,1,1,1,0,1,0,0.,0.,1.,1.,1.,1.,1.,1.,0.,0.,1.,0.,0.,1.,0.,        897P    816
0.,1.;                                                               897P    817
110,2.6,-1.35,0.2,2.1,-1.35,0.2;                                     899P    818
126,1,1,1,0,1,0,0.,0.,1.,1.,1.,1.,0.,1.,0.,0.,0.,0.,0.,1.,0.,        901P    819
0.,1.;                                                               901P    820
110,2.1,-1.35,0.2,2.1,-0.8,0.2;                                      903P    821
102,4,889,893,897,901;                                               905P    822
102,4,891,895,899,903;                                               907P    823
142,1,887,905,907,1;                                                 909P    824
144,887,1,0,909;                                                     911P    825
128,1,1,1,1,0,0,1,0,0,0.,0.,1.,1.,0.,0.,1.,1.,1.,1.,1.,1.,2.1,       913P    826
0.8,0.,2.1,0.8,0.2,2.6,0.8,0.,2.6,0.8,0.2,0.,1.,0.,1.;               913P    827
126,1,1,1,0,1,0,0.,0.,1.,1.,1.,1.,0.,0.,0.,1.,0.,0.,0.,1.,0.,        915P    828
0.,1.;                                                               915P    829
110,2.1,0.8,0.,2.1,0.8,0.2;                                          917P    830
126,1,1,1,0,1,0,0.,0.,1.,1.,1.,1.,1.,0.,0.,1.,1.,0.,0.,1.,0.,        919P    831
0.,1.;                                                               919P    832
110,2.1,0.8,0.2,2.6,0.8,0.2;                                         921P    833
126,1,1,1,0,1,0,0.,0.,1.,1.,1.,1.,1.,1.,0.,0.,1.,0.,0.,1.,0.,        923P    834
0.,1.;                                                               923P    835
110,2.6,0.8,0.2,2.6,0.8,0.;                                          925P    836
126,1,1,1,0,1,0,0.,0.,1.,1.,1.,1.,0.,1.,0.,0.,0.,0.,0.,1.,0.,        927P    837
0.,1.;                                                               927P    838
110,2.6,0.8,0.,2.1,0.8,0.;                                           929P    839
102,4,915,919,923,927;                                               931P    840
102,4,917,921,925,929;                                               933P    841
142,1,913,931,933,1;                                                 935P    842
144,913,1,0,935;                                                     937P    843
128,1,1,1,1,0,0,1,0,0,0.,0.,1.,1.,0.,0.,1.,1.,1.,1.,1.,1.,2.6,       939P    844
0.8,0.,2.6,0.8,0.2,2.6,1.35,0.,2.6,1.35,0.2,0.,1.,0.,1.;             939P    845
126,1,1,1,0,1,0,0.,0.,1.,1.,1.,1.,0.,0.,0.,1.,0.,0.,0.,1.,0.,        941P    846
0.,1.;                                                               941P    847
110,2.6,0.8,0.,2.6,0.8,0.2;                                          943P    848
126,1,1,1,0,1,0,0.,0.,1.,1.,1.,1.,1.,0.,0.,1.,1.,0.,0.,1.,0.,        945P    849
0.,1.;                                                               945P    850
110,2.6,0.8,0.2,2.6,1.35,0.2;                                        947P    851
126,1,1,1,0,1,0,0.,0.,1.,1.,1.,1.,1.,1.,0.,0.,1.,0.,0.,1.,0.,        949P    852
0.,1.;                                                               949P    853
110,2.6,1.35,0.2,2.6,1.35,0.;                                        951P    854
126,1,1,1,0,1,0,0.,0.,1.,1.,1.,1.,0.,1.,0.,0.,0.,0.,0.,1.,0.,        953P    855
0.,1.;                                                               953P    856
110,2.6,1.35,0.,2.6,0.8,0.;                                          955P    857
102,4,941,945,949,953;                                               957P    858
102,4,943,947,951,955;                                               959P    859
142,1,939,957,959,1;                                                 961P    860
144,939,1,0,961;                                                     963P    861
128,1,1,1,1,0,0,1,0,0,0.,0.,1.,1.,0.,0.,1.,1.,1.,1.,1.,1.,2.1,       965P    862
1.35,0.,2.6,1.35,0.,2.1,1.35,0.2,2.6,1.35,0.2,0.,1.,0.,1.;           965P    863
126,1,1,1,0,1,0,0.,0.,1.,1.,1.,1.,1.,0.,0.,1.,1.,0.,0.,1.,0.,        967P    864
0.,1.;                                                               967P    865
110,2.6,1.35,0.,2.6,1.35,0.2;                                        969P    866
126,1,1,1,0,1,0,0.,0.,1.,1.,1.,1.,1.,1.,0.,0.,1.,0.,0.,1.,0.,        971P    867
0.,1.;                                                               971P    868
110,2.6,1.35,0.2,2.1,1.35,0.2;                                       973P    869
126,1,1,1,0,1,0,0.,0.,1.,1.,1.,1.,0.,1.,0.,0.,0.,0.,0.,1.,0.,        975P    870
0.,1.;                                                               975P    871
110,2.1,1.35,0.2,2.1,1.35,0.;                                        977P    872
126,1,1,1,0,1,0,0.,0.,1.,1.,1.,1.,0.,0.,0.,1.,0.,0.,0.,1.,0.,        979P    873
0.,1.;                                                               979P    874
110,2.1,1.35,0.,2.6,1.35,0.;                                         981P    875
102,4,967,971,975,979;                                               983P    876
102,4,969,973,977,981;                                               985P    877
142,1,965,983,985,1;                                                 987P    878
144,965,1,0,987;                                                     989P    879
128,1,1,1,1,0,0,1,0,0,0.,0.,1.,1.,0.,0.,1.,1.,1.,1.,1.,1.,2.1,       991P    880
1.35,0.2,2.6,1.35,0.2,2.1,0.8,0.2,2.6,0.8,0.2,0.,1.,0.,1.;           991P    881
126,1,1,1,0,1,0,0.,0.,1.,1.,1.,1.,0.,0.,0.,1.,0.,0.,0.,1.,0.,        993P    882
0.,1.;                                                               993P    883
110,2.1,1.35,0.2,2.6,1.35,0.2;                                       995P    884
126,1,1,1,0,1,0,0.,0.,1.,1.,1.,1.,1.,0.,0.,1.,1.,0.,0.,1.,0.,        997P    885
0.,1.;                                                               997P    886
110,2.6,1.35,0.2,2.6,0.8,0.2;                                        999P    887
126,1,1,1,0,1,0,0.,0.,1.,1.,1.,1.,1.,1.,0.,0.,1.,0.,0.,1.,0.,       1001P    888
0.,1.;                                                              1001P    889
110,2.6,0.8,0.2,2.1,0.8,0.2;                                        1003P    890
126,1,1,1,0,1,0,0.,0.,1.,1.,1.,1.,0.,1.,0.,0.,0.,0.,0.,1.,0.,       1005P    891
0.,1.;                                                              1005P    892
110,2.1,0.8,0.2,2.1,1.35,0.2;                                       1007P    893
102,4,993,997,1001,1005;                                            1009P    894
102,4,995,999,1003,1007;                                            1011P    895
142,1,991,1009,1011,1;                                              1013P    896
144,991,1,0,1013;                                                   1015P    897
110,0.25,0.,2.5,0.25,0.,-997.5;                                     1017P    898
110,-0.88,0.,2.5,-0.88,0.,1.7;                                      1019P    899
120,1017,1019,0.,6.28318530717959;                                  1021P    900
126,1,1,1,0,1,0,0.,0.,1.,1.,1.,1.,1.,4.71238898,0.,1.,              1023P    901
1.570796327,0.,0.,1.,0.,0.,1.;                                      1023P    902
100,1.7,0.25,0.,0.25,-1.13,0.25,1.13;                               1025P    903
126,1,1,1,0,1,0,0.,0.,1.,1.,1.,1.,1.,1.570796327,0.,0.,             1027P    904
1.570796327,0.,0.,1.,0.,0.,1.;                                      1027P    905
110,0.25,1.13,1.7,0.25,1.13,2.5;                                    1029P    906
126,1,1,1,0,1,0,0.,0.,1.,1.,1.,1.,0.,1.570796327,0.,0.,             1031P    907
4.71238898,0.,0.,1.,0.,0.,1.;                                       1031P    908
124,1.33820456159629E-14,1.,-6.98296267768627E-15,                  1033P    909
0.250000000000014,1.,-1.33820456159629E-14,-2.679979931162E-30,     1033P    910
-0.25,-9.61263050185258E-29,-6.98296267768627E-15,-1.,5.;           1033P    911
100,2.5,0.25,0.,1.38,0.,-0.88,0.;                                   1035P    912
126,1,1,1,0,1,0,0.,0.,1.,1.,1.,1.,0.,4.71238898,0.,1.,              1037P    913
4.71238898,0.,0.,1.,0.,0.,1.;                                       1037P    914
110,0.25,-1.13,2.5,0.25,-1.13,1.7;                                  1039P    915
102,4,1023,1027,1031,1037;                                          1041P    916
102,4,1025,1029,1035,1039;                                          1043P    917
142,1,1021,1041,1043,1;                                             1045P    918
144,1021,1,0,1045;                                                  1047P    919
128,1,1,1,1,0,0,1,0,0,0.,0.,1.,1.,0.,0.,1.,1.,1.,1.,1.,1.,          1049P    920
-0.25,1.13,1.7,0.25,1.13,1.7,-0.25,1.13,2.5,0.25,1.13,2.5,0.,       1049P    921
1.,0.,1.;                                                           1049P    922
126,1,1,1,0,1,0,0.,0.,1.,1.,1.,1.,1.,0.,0.,1.,1.,0.,0.,1.,0.,       1051P    923
0.,1.;                                                              1051P    924
110,0.25,1.13,1.7,0.25,1.13,2.5;                                    1053P    925
126,1,1,1,0,1,0,0.,0.,1.,1.,1.,1.,1.,1.,0.,0.,1.,0.,0.,1.,0.,       1055P    926
0.,1.;                                                              1055P    927
110,0.25,1.13,2.5,-0.25,1.13,2.5;                                   1057P    928
126,1,1,1,0,1,0,0.,0.,1.,1.,1.,1.,0.,1.,0.,0.,0.,0.,0.,1.,0.,       1059P    929
0.,1.;                                                              1059P    930
110,-0.25,1.13,2.5,-0.25,1.13,1.7;                                  1061P    931
126,1,1,1,0,1,0,0.,0.,1.,1.,1.,1.,0.,0.,0.,1.,0.,0.,0.,1.,0.,       1063P    932
0.,1.;                                                              1063P    933
110,-0.25,1.13,1.7,0.25,1.13,1.7;                                   1065P    934
102,4,1051,1055,1059,1063;                                          1067P    935
102,4,1053,1057,1061,1065;                                          1069P    936
142,1,1049,1067,1069,1;                                             1071P    937
144,1049,1,0,1071;                                                  1073P    938
110,-0.25,0.,2.5,-0.25,0.,-997.5;                                   1075P    939
110,-1.38,0.,2.5,-1.38,0.,1.7;                                      1077P    940
120,1075,1077,0.,6.28318530717959;                                  1079P    941
126,1,1,1,0,1,0,0.,0.,1.,1.,1.,1.,1.,0.,0.,0.,0.,0.,0.,1.,0.,       1081P    942
0.,1.;                                                              1081P    943
110,-1.38,0.,1.7,-1.38,0.,2.5;                                      1083P    944
126,1,1,1,0,1,0,0.,0.,1.,1.,1.,1.,0.,0.,0.,0.,1.570796327,0.,       1085P    945
0.,1.,0.,0.,1.;                                                     1085P    946
124,-1.,9.59470949102217E-17,6.98296267768627E-15,                  1087P    947
-0.500000000000017,9.59470949102217E-17,1.,                         1087P    948
-3.3499749139525E-31,2.39867737275563E-17,                          1087P    949
-6.98296267768627E-15,3.3499749139525E-31,-1.,5.;                   1087P    950
100,2.5,-0.25,0.,0.88,0.,-0.25,1.13;                                1089P    951
126,1,1,1,0,1,0,0.,0.,1.,1.,1.,1.,0.,1.570796327,0.,1.,             1091P    952
1.570796327,0.,0.,1.,0.,0.,1.;                                      1091P    953
110,-0.25,1.13,2.5,-0.25,1.13,1.7;                                  1093P    954
126,1,1,1,0,1,0,0.,0.,1.,1.,1.,1.,1.,1.570796327,0.,1.,0.,0.,       1095P    955
0.,1.,0.,0.,1.;                                                     1095P    956
100,1.7,-0.25,0.,-0.25,1.13,-1.38,0.;                               1097P    957
102,4,1081,1085,1091,1095;                                          1099P    958
102,4,1083,1089,1093,1097;                                          1101P    959
142,1,1079,1099,1101,1;                                             1103P    960
144,1079,1,0,1103;                                                  1105P    961
128,1,1,1,1,0,0,1,0,0,0.,0.,1.,1.,0.,0.,1.,1.,1.,1.,1.,1.,0.25,     1107P    962
-1.13,1.7,-0.25,-1.13,1.7,0.25,-1.13,2.5,-0.25,-1.13,2.5,0.,1.,     1107P    963
0.,1.;                                                              1107P    964
126,1,1,1,0,1,0,0.,0.,1.,1.,1.,1.,1.,0.,0.,1.,1.,0.,0.,1.,0.,       1109P    965
0.,1.;                                                              1109P    966
110,-0.25,-1.13,1.7,-0.25,-1.13,2.5;                                1111P    967
126,1,1,1,0,1,0,0.,0.,1.,1.,1.,1.,1.,1.,0.,0.,1.,0.,0.,1.,0.,       1113P    968
0.,1.;                                                              1113P    969
110,-0.25,-1.13,2.5,0.25,-1.13,2.5;                                 1115P    970
126,1,1,1,0,1,0,0.,0.,1.,1.,1.,1.,0.,1.,0.,0.,0.,0.,0.,1.,0.,       1117P    971
0.,1.;                                                              1117P    972
110,0.25,-1.13,2.5,0.25,-1.13,1.7;                                  1119P    973
126,1,1,1,0,1,0,0.,0.,1.,1.,1.,1.,0.,0.,0.,1.,0.,0.,0.,1.,0.,       1121P    974
0.,1.;                                                              1121P    975
110,0.25,-1.13,1.7,-0.25,-1.13,1.7;                                 1123P    976
102,4,1109,1113,1117,1121;                                          1125P    977
102,4,1111,1115,1119,1123;                                          1127P    978
142,1,1107,1125,1127,1;                                             1129P    979
144,1107,1,0,1129;                                                  1131P    980
128,1,1,1,1,0,0,1,0,0,0.,0.,1.,1.,0.,0.,1.,1.,1.,1.,1.,1.,          1133P    981
-1.39656,-1.13,2.5,1.39656,-1.13,2.5,-1.39656,1.13,2.5,1.39656,     1133P    982
1.13,2.5,0.,1.,0.,1.;                                               1133P    983
126,32,2,1,0,1,0,0.,0.,0.,0.0625,0.0625,0.125,0.125,0.1875,         1135P    984
0.1875,0.25,0.25,0.3125,0.3125,0.375,0.375,0.4375,0.4375,0.5,       1135P    985
0.5,0.5625,0.5625,0.625,0.625,0.6875,0.6875,0.75,0.75,0.8125,       1135P    986
0.8125,0.875,0.875,0.9375,0.9375,1.,1.,1.,1.,1.,1.,1.,1.,1.,1.,     1135P    987
1.,1.,1.,1.,1.,1.,1.,1.,1.,1.,1.,1.,1.,1.,1.,1.,1.,1.,1.,1.,1.,     1135P    988
1.,1.,1.,1.,1.,0.589505642,0.,0.,0.629351867,0.,0.,0.668432457,     1135P    989
0.00960736,0.,0.707513047,0.01921472,0.,0.744326158,                1135P    990
0.038060234,0.,0.781139269,0.056905748,0.,0.814270194,              1135P    991
0.084265194,0.,0.847401118,0.11162464,0.,0.875576654,               1135P    992
0.146446609,0.,0.903752189,0.181268579,0.,0.925889565,              1135P    993
0.222214883,0.,0.948026941,0.263161188,0.,0.963275431,              1135P    994
0.308658284,0.,0.978523921,0.35415538,0.,0.986297534,               1135P    995
0.402454839,0.,0.994071146,0.450754298,0.,0.994071146,0.5,0.,       1135P    996
0.994071146,0.549245702,0.,0.986297534,0.597545161,0.,              1135P    997
0.978523921,0.64584462,0.,0.963275431,0.691341716,0.,               1135P    998
0.948026941,0.736838812,0.,0.925889565,0.777785117,0.,              1135P    999
0.903752189,0.818731421,0.,0.875576654,0.853553391,0.,              1135P   1000
0.847401118,0.88837536,0.,0.814270194,0.915734806,0.,               1135P   1001
0.781139269,0.943094252,0.,0.744326158,0.961939766,0.,              1135P   1002
0.707513047,0.98078528,0.,0.668432457,0.99039264,0.,                1135P   1003
0.629351867,1.,0.,0.589505642,1.,0.,0.,1.,0.,0.,-1.;                1135P   1004
100,2.5,0.25,0.,0.25,-1.13,0.25,1.13;                               1137P   1005
126,1,1,1,0,1,0,0.,0.,1.,1.,1.,1.,0.589505642,1.,0.,                1139P   1006
0.410494358,1.,0.,0.,1.,0.,0.,1.;                                   1139P   1007
110,0.25,1.13,2.5,-0.25,1.13,2.5;                                   1141P   1008
126,16,2,1,0,1,0,0.,0.,0.,0.125,0.125,0.25,0.25,0.375,0.375,        1143P   1009
0.5,0.5,0.625,0.625,0.75,0.75,0.875,0.875,1.,1.,1.,1.,1.,1.,1.,     1143P   1010
1.,1.,1.,1.,1.,1.,1.,1.,1.,1.,1.,1.,1.,0.410494358,1.,0.,           1143P   1011
0.370648133,1.,0.,0.331567543,0.99039264,0.,0.292486953,            1143P   1012
0.98078528,0.,0.255673842,0.961939766,0.,0.218860731,               1143P   1013
0.943094252,0.,0.185729806,0.915734806,0.,0.152598882,              1143P   1014
0.88837536,0.,0.124423346,0.853553391,0.,0.096247811,               1143P   1015
0.818731421,0.,0.074110435,0.777785117,0.,0.051973059,              1143P   1016
0.736838812,0.,0.036724569,0.691341716,0.,0.021476079,              1143P   1017
0.64584462,0.,0.013702466,0.597545161,0.,0.005928854,               1143P   1018
0.549245702,0.,0.005928854,0.5,0.,0.,1.,0.,0.,-1.;                  1143P   1019
100,2.5,-0.25,0.,-0.25,1.13,-1.38,0.;                               1145P   1020
126,16,2,1,0,1,0,0.,0.,0.,0.125,0.125,0.25,0.25,0.375,0.375,        1147P   1021
0.5,0.5,0.625,0.625,0.75,0.75,0.875,0.875,1.,1.,1.,1.,1.,1.,1.,     1147P   1022
1.,1.,1.,1.,1.,1.,1.,1.,1.,1.,1.,1.,1.,0.005928854,0.5,0.,          1147P   1023
0.005928854,0.450754298,0.,0.013702466,0.402454839,0.,              1147P   1024
0.021476079,0.35415538,0.,0.036724569,0.308658284,0.,               1147P   1025
0.051973059,0.263161188,0.,0.074110435,0.222214883,0.,              1147P   1026
0.096247811,0.181268579,0.,0.124423346,0.146446609,0.,              1147P   1027
0.152598882,0.11162464,0.,0.185729806,0.084265194,0.,               1147P   1028
0.218860731,0.056905748,0.,0.255673842,0.038060234,0.,              1147P   1029
0.292486953,0.01921472,0.,0.331567543,0.00960736,0.,                1147P   1030
0.370648133,0.,0.,0.410494358,0.,0.,0.,1.,0.,0.,-1.;                1147P   1031
100,2.5,-0.25,0.,-1.38,0.,-0.25,-1.13;                              1149P   1032
126,1,1,1,0,1,0,0.,0.,1.,1.,1.,1.,0.410494358,0.,0.,                1151P   1033
0.589505642,0.,0.,0.,1.,0.,0.,1.;                                   1151P   1034
110,-0.25,-1.13,2.5,0.25,-1.13,2.5;                                 1153P   1035
102,5,1135,1139,1143,1147,1151;                                     1155P   1036
102,5,1137,1141,1145,1149,1153;                                     1157P   1037
142,1,1133,1155,1157,1;                                             1159P   1038
144,1133,1,0,1159;                                                  1161P   1039
314,100.,100.,75.2941176470588,;                                    1163P   1040
128,1,1,1,1,0,0,1,0,0,0.,0.,1.,1.,0.,0.,1.,1.,1.,1.,1.,1.,          1165P   1041
-1.357178454,1.624109207,1.4,-2.049109207,1.624109207,1.4,          1165P   1042
-1.357178454,1.624109207,1.85,-2.049109207,1.624109207,1.85,0.,     1165P   1043
1.,0.,1.;                                                           1165P   1044
126,1,1,1,0,1,0,0.,0.,1.,1.,1.,1.,0.,1.,0.,0.,0.666666667,0.,       1167P   1045
0.,1.,0.,0.,1.;                                                     1167P   1046
110,-1.357178454,1.624109207,1.85,-1.357178454,1.624109207,1.7;     1169P   1047
126,1,1,1,0,1,0,0.,0.,1.,1.,1.,1.,0.,0.666666667,0.,0.,0.,0.,       1171P   1048
0.,1.,0.,0.,1.;                                                     1171P   1049
110,-1.357178454,1.624109207,1.7,-1.357178454,1.624109207,1.4;      1173P   1050
126,1,1,1,0,1,0,0.,0.,1.,1.,1.,1.,0.,0.,0.,1.,0.,0.,0.,1.,0.,       1175P   1051
0.,1.;                                                              1175P   1052
110,-1.357178454,1.624109207,1.4,-2.049109207,1.624109207,1.4;      1177P   1053
126,1,1,1,0,1,0,0.,0.,1.,1.,1.,1.,1.,0.,0.,1.,1.,0.,0.,1.,0.,       1179P   1054
0.,1.;                                                              1179P   1055
110,-2.049109207,1.624109207,1.4,-2.049109207,1.624109207,1.85;     1181P   1056
126,1,1,1,0,1,0,0.,0.,1.,1.,1.,1.,1.,1.,0.,0.,1.,0.,0.,1.,0.,       1183P   1057
0.,1.;                                                              1183P   1058
110,-2.049109207,1.624109207,1.85,-1.357178454,1.624109207,         1185P   1059
1.85;                                                               1185P   1060
102,5,1167,1171,1175,1179,1183;                                     1187P   1061
102,5,1169,1173,1177,1181,1185;                                     1189P   1062
142,1,1165,1187,1189,1;                                             1191P   1063
144,1165,1,0,1191;                                                  1193P   1064
314,100.,100.,75.2941176470588,;                                    1195P   1065
110,-1.374755052,1.360865679,1.4,-1.374755052,1.360865679,          1197P   1066
1001.4;                                                             1197P   1067
110,-1.110925387,1.360865679,1.7,-1.110925387,1.360865679,1.85;     1199P   1068
120,1197,1199,0.,6.28318530717959;                                  1201P   1069
126,1,1,1,0,1,0,0.,0.,1.,1.,1.,1.,1.,0.,0.,0.,0.,0.,0.,1.,0.,       1203P   1070
0.,1.;                                                              1203P   1071
110,-1.110925387,1.360865679,1.85,-1.110925387,1.360865679,1.7;     1205P   1072
126,1,1,1,0,1,0,0.,0.,1.,1.,1.,1.,0.,0.,0.,0.,1.504125939,0.,       1207P   1073
0.,1.,0.,0.,1.;                                                     1207P   1074
100,1.7,-1.374755052,1.360865679,-1.110925387,1.360865679,          1209P   1075
-1.357178454,1.624109207;                                           1209P   1076
126,1,1,1,0,1,0,0.,0.,1.,1.,1.,1.,0.,1.504125939,0.,1.,             1211P   1077
1.504125939,0.,0.,1.,0.,0.,1.;                                      1211P   1078
110,-1.357178454,1.624109207,1.7,-1.357178454,1.624109207,1.85;     1213P   1079
126,1,1,1,0,1,0,0.,0.,1.,1.,1.,1.,1.,1.504125939,0.,1.,0.,0.,       1215P   1080
0.,1.,0.,0.,1.;                                                     1215P   1081
124,0.0666210076828667,0.997778352809541,0.,-2.64100980049656,      1217P   1082
0.997778352809541,-0.0666210076828667,-6.98296267768627E-15,        1217P   1083
2.82322875293296,-6.9674489982723E-15,4.65212010199308E-16,-1.,     1217P   1084
3.69999999999999;                                                   1217P   1085
100,1.85,-1.374755052,1.360865679,-1.110925387,1.360865679,         1219P   1086
-1.357178454,1.624109207;                                           1219P   1087
102,4,1203,1207,1211,1215;                                          1221P   1088
102,4,1205,1209,1213,1219;                                          1223P   1089
142,1,1201,1221,1223,1;                                             1225P   1090
144,1201,1,0,1225;                                                  1227P   1091
314,100.,100.,75.2941176470588,;                                    1229P   1092
128,1,1,1,1,0,0,1,0,0,0.,0.,1.,1.,0.,0.,1.,1.,1.,1.,1.,1.,          1231P   1093
-1.599309934,0.763199307,1.7,-1.188199307,1.174309934,1.7,          1231P   1094
-1.599309934,0.763199307,1.85,-1.188199307,1.174309934,1.85,0.,     1231P   1095
1.,0.,1.;                                                           1231P   1096
126,1,1,1,0,1,0,0.,0.,1.,1.,1.,1.,0.,1.,0.,0.,0.,0.,0.,1.,0.,       1233P   1097
0.,1.;                                                              1233P   1098
110,-1.599309934,0.763199307,1.85,-1.599309934,0.763199307,1.7;     1235P   1099
126,1,1,1,0,1,0,0.,0.,1.,1.,1.,1.,0.,0.,0.,1.,0.,0.,0.,1.,0.,       1237P   1100
0.,1.;                                                              1237P   1101
110,-1.599309934,0.763199307,1.7,-1.188199307,1.174309934,1.7;      1239P   1102
126,1,1,1,0,1,0,0.,0.,1.,1.,1.,1.,1.,0.,0.,1.,1.,0.,0.,1.,0.,       1241P   1103
0.,1.;                                                              1241P   1104
110,-1.188199307,1.174309934,1.7,-1.188199307,1.174309934,1.85;     1243P   1105
126,1,1,1,0,1,0,0.,0.,1.,1.,1.,1.,1.,1.,0.,0.,1.,0.,0.,1.,0.,       1245P   1106
0.,1.;                                                              1245P   1107
110,-1.188199307,1.174309934,1.85,-1.599309934,0.763199307,         1247P   1108
1.85;                                                               1247P   1109
102,4,1233,1237,1241,1245;                                          1249P   1110
102,4,1235,1239,1243,1247;                                          1251P   1111
142,1,1231,1249,1251,1;                                             1253P   1112
144,1231,1,0,1253;                                                  1255P   1113
314,100.,100.,75.2941176470588,;                                    1257P   1114
110,-1.785865679,0.949755052,1.4,-1.785865679,0.949755052,          1259P   1115
1001.4;                                                             1259P   1116
110,-1.522036014,0.949755052,1.7,-1.522036014,0.949755052,1.85;     1261P   1117
120,1259,1261,0.,6.28318530717959;                                  1263P   1118
126,1,1,1,0,1,0,0.,0.,1.,1.,1.,1.,1.,3.208263041,0.,0.,             1265P   1119
3.208263041,0.,0.,1.,0.,0.,1.;                                      1265P   1120
110,-2.049109207,0.932178454,1.85,-2.049109207,0.932178454,1.7;     1267P   1121
126,1,1,1,0,1,0,0.,0.,1.,1.,1.,1.,0.,3.208263041,0.,0.,             1269P   1122
5.497787144,0.,0.,1.,0.,0.,1.;                                      1269P   1123
100,1.7,-1.785865679,0.949755052,-2.049109207,0.932178454,          1271P   1124
-1.599309934,0.763199307;                                           1271P   1125
126,1,1,1,0,1,0,0.,0.,1.,1.,1.,1.,0.,5.497787144,0.,1.,             1273P   1126
5.497787144,0.,0.,1.,0.,0.,1.;                                      1273P   1127
110,-1.599309934,0.763199307,1.7,-1.599309934,0.763199307,1.85;     1275P   1128
126,1,1,1,0,1,0,0.,0.,1.,1.,1.,1.,1.,5.497787144,0.,1.,             1277P   1129
3.208263041,0.,0.,1.,0.,0.,1.;                                      1277P   1130
124,0.707106781186547,-0.707106781186549,-4.65212010199375E-16,     1279P   1131
0.148510290844942,-0.707106781186548,-0.707106781186547,            1279P   1132
6.9674489982723E-15,0.358535558309816,-5.25568500135117E-15,        1279P   1133
-4.59777586714835E-15,-1.,3.69999999999999;                         1279P   1134
100,1.85,-1.785865679,0.949755052,-1.522036014,0.949755052,         1281P   1135
-1.959578431,1.148324868;                                           1281P   1136
102,4,1265,1269,1273,1277;                                          1283P   1137
102,4,1267,1271,1275,1281;                                          1285P   1138
142,1,1263,1283,1285,1;                                             1287P   1139
144,1263,1,0,1287;                                                  1289P   1140
314,100.,100.,75.2941176470588,;                                    1291P   1141
128,1,1,1,1,0,0,1,0,0,0.,0.,1.,1.,0.,0.,1.,1.,1.,1.,1.,1.,          1293P   1142
-2.049109207,0.932178454,1.4,-2.049109207,0.932178454,1.85,         1293P   1143
-2.049109207,1.624109207,1.4,-2.049109207,1.624109207,1.85,0.,      1293P   1144
1.,0.,1.;                                                           1293P   1145
126,1,1,1,0,1,0,0.,0.,1.,1.,1.,1.,1.,1.,0.,0.,1.,0.,0.,1.,0.,       1295P   1146
0.,1.;                                                              1295P   1147
110,-2.049109207,1.624109207,1.85,-2.049109207,1.624109207,1.4;     1297P   1148
126,1,1,1,0,1,0,0.,0.,1.,1.,1.,1.,0.,1.,0.,0.,0.,0.,0.,1.,0.,       1299P   1149
0.,1.;                                                              1299P   1150
110,-2.049109207,1.624109207,1.4,-2.049109207,0.932178454,1.4;      1301P   1151
126,1,1,1,0,1,0,0.,0.,1.,1.,1.,1.,0.,0.,0.,0.666666667,0.,0.,       1303P   1152
0.,1.,0.,0.,1.;                                                     1303P   1153
110,-2.049109207,0.932178454,1.4,-2.049109207,0.932178454,1.7;      1305P   1154
126,1,1,1,0,1,0,0.,0.,1.,1.,1.,1.,0.666666667,0.,0.,1.,0.,0.,       1307P   1155
0.,1.,0.,0.,1.;                                                     1307P   1156
110,-2.049109207,0.932178454,1.7,-2.049109207,0.932178454,1.85;     1309P   1157
126,1,1,1,0,1,0,0.,0.,1.,1.,1.,1.,1.,0.,0.,1.,1.,0.,0.,1.,0.,       1311P   1158
0.,1.;                                                              1311P   1159
110,-2.049109207,0.932178454,1.85,-2.049109207,1.624109207,         1313P   1160
1.85;                                                               1313P   1161
102,5,1295,1299,1303,1307,1311;                                     1315P   1162
102,5,1297,1301,1305,1309,1313;                                     1317P   1163
142,1,1293,1315,1317,1;                                             1319P   1164
144,1293,1,0,1319;                                                  1321P   1165
314,100.,100.,75.2941176470588,;                                    1323P   1166
128,1,1,1,1,0,0,1,0,0,0.,0.,1.,1.,0.,0.,1.,1.,1.,1.,1.,1.,          1325P   1167
-2.049109207,0.680296284,1.85,-1.105296284,0.680296284,1.85,        1325P   1168
-2.049109207,1.624109207,1.85,-1.105296284,1.624109207,1.85,0.,     1325P   1169
1.,0.,1.;                                                           1325P   1170
126,1,1,1,0,1,0,0.,0.,1.,1.,1.,1.,0.733122779,1.,0.,0.,1.,0.,       1327P   1171
0.,1.,0.,0.,1.;                                                     1327P   1172
110,-1.357178454,1.624109207,1.85,-2.049109207,1.624109207,         1329P   1173
1.85;                                                               1329P   1174
126,1,1,1,0,1,0,0.,0.,1.,1.,1.,1.,0.,1.,0.,0.,0.266877221,0.,       1331P   1175
0.,1.,0.,0.,1.;                                                     1331P   1176
110,-2.049109207,1.624109207,1.85,-2.049109207,0.932178454,         1333P   1177
1.85;                                                               1333P   1178
126,16,2,1,0,1,0,0.,0.,0.,0.125,0.125,0.25,0.25,0.375,0.375,        1335P   1179
0.5,0.5,0.625,0.625,0.75,0.75,0.875,0.875,1.,1.,1.,1.,1.,1.,1.,     1335P   1180
1.,1.,1.,1.,1.,1.,1.,1.,1.,1.,1.,1.,1.,0.,0.266877221,0.,           1335P   1181
0.002683197,0.226691153,0.,0.016601776,0.18889707,0.,               1335P   1182
0.030520354,0.151102987,0.,0.054542071,0.118775342,0.,              1335P   1183
0.078563788,0.086447696,0.,0.110734538,0.062216262,0.,              1335P   1184
0.142905288,0.037984828,0.,0.18060806,0.023820771,0.,               1335P   1185
0.218310833,0.009656715,0.,0.258478602,0.006712247,0.,              1335P   1186
0.298646371,0.003767778,0.,0.338011589,0.012282423,0.,              1335P   1187
0.377376806,0.020797068,0.,0.412737211,0.040078182,0.,              1335P   1188
0.448097616,0.059359295,0.,0.476576727,0.087838406,0.,0.,1.,0.,     1335P   1189
0.,-1.;                                                             1335P   1190
100,1.85,-1.785865679,0.949755052,-2.049109207,0.932178454,         1337P   1191
-1.599309934,0.763199307;                                           1337P   1192
126,1,1,1,0,1,0,0.,0.,1.,1.,1.,1.,0.476576727,0.087838406,0.,       1339P   1193
0.912161594,0.523423273,0.,0.,1.,0.,0.,1.;                          1339P   1194
110,-1.599309934,0.763199307,1.85,-1.188199307,1.174309934,         1341P   1195
1.85;                                                               1341P   1196
126,4,2,1,0,1,0,0.,0.,0.,0.5,0.5,1.,1.,1.,1.,1.,1.,1.,1.,           1343P   1197
0.912161594,0.523423273,0.,0.951478967,0.562740646,0.,              1343P   1198
0.972757376,0.61411127,0.,0.994035785,0.665481894,0.,               1343P   1199
0.994035785,0.721085056,0.,0.,1.,0.,0.,-1.;                         1343P   1200
100,1.85,-1.374755052,1.360865679,-1.188199307,1.174309934,         1345P   1201
-1.110925387,1.360865679;                                           1345P   1202
126,8,2,1,0,1,0,0.,0.,0.,0.25,0.25,0.5,0.5,0.75,0.75,1.,1.,1.,      1347P   1203
1.,1.,1.,1.,1.,1.,1.,1.,1.,0.994035785,0.721085056,0.,              1347P   1204
0.994035785,0.774270401,0.,0.974504417,0.82373965,0.,               1347P   1205
0.954973049,0.873208898,0.,0.918639653,0.912049151,0.,              1347P   1206
0.882306257,0.950889404,0.,0.834248111,0.973673071,0.,              1347P   1207
0.786189965,0.996456739,0.,0.733122779,1.,0.,0.,1.,0.,0.,-1.;       1347P   1208
100,1.85,-1.374755052,1.360865679,-1.110925387,1.360865679,         1349P   1209
-1.357178454,1.624109207;                                           1349P   1210
102,6,1327,1331,1335,1339,1343,1347;                                1351P   1211
102,6,1329,1333,1337,1341,1345,1349;                                1353P   1212
142,1,1325,1351,1353,1;                                             1355P   1213
144,1325,1,0,1355;                                                  1357P   1214
314,100.,100.,75.2941176470588,;                                    1359P   1215
110,1.374755052,-1.360865679,1.4,1.374755052,-1.360865679,          1361P   1216
1001.4;                                                             1361P   1217
110,1.638584717,-1.360865679,1.7,1.638584717,-1.360865679,1.85;     1363P   1218
120,1361,1363,0.,6.28318530717959;                                  1365P   1219
126,1,1,1,0,1,0,0.,0.,1.,1.,1.,1.,1.,2.35619449,0.,0.,              1367P   1220
2.35619449,0.,0.,1.,0.,0.,1.;                                       1367P   1221
110,1.188199307,-1.174309934,1.85,1.188199307,-1.174309934,1.7;     1369P   1222
126,1,1,1,0,1,0,0.,0.,1.,1.,1.,1.,0.,2.35619449,0.,0.,              1371P   1223
4.645718593,0.,0.,1.,0.,0.,1.;                                      1371P   1224
100,1.7,1.374755052,-1.360865679,1.188199307,-1.174309934,          1373P   1225
1.357178454,-1.624109207;                                           1373P   1226
126,1,1,1,0,1,0,0.,0.,1.,1.,1.,1.,0.,4.645718593,0.,1.,             1375P   1227
4.645718593,0.,0.,1.,0.,0.,1.;                                      1375P   1228
110,1.357178454,-1.624109207,1.7,1.357178454,-1.624109207,1.85;     1377P   1229
126,1,1,1,0,1,0,0.,0.,1.,1.,1.,1.,1.,4.645718593,0.,1.,             1379P   1230
2.35619449,0.,0.,1.,0.,0.,1.;                                       1379P   1231
124,-0.066621007682779,-0.997778352809546,4.93770026216498E-15,     1381P   1232
0.108500303786164,-0.997778352809546,0.066621007682779,             1381P   1233
4.93770026216408E-15,0.101497395617854,-5.2556850013503E-15,        1381P   1234
-4.59777586714934E-15,-1.,3.7;                                      1381P   1235
100,1.85,1.374755052,-1.360865679,1.638584717,-1.360865679,         1383P   1236
1.2010423,-1.162295863;                                             1383P   1237
102,4,1367,1371,1375,1379;                                          1385P   1238
102,4,1369,1373,1377,1383;                                          1387P   1239
142,1,1365,1385,1387,1;                                             1389P   1240
144,1365,1,0,1389;                                                  1391P   1241
314,100.,100.,75.2941176470588,;                                    1393P   1242
128,1,1,1,1,0,0,1,0,0,0.,0.,1.,1.,0.,0.,1.,1.,1.,1.,1.,1.,          1395P   1243
1.599309934,-0.763199307,1.7,1.188199307,-1.174309934,1.7,          1395P   1244
1.599309934,-0.763199307,1.85,1.188199307,-1.174309934,1.85,0.,     1395P   1245
1.,0.,1.;                                                           1395P   1246
126,1,1,1,0,1,0,0.,0.,1.,1.,1.,1.,0.,1.,0.,0.,0.,0.,0.,1.,0.,       1397P   1247
0.,1.;                                                              1397P   1248
110,1.599309934,-0.763199307,1.85,1.599309934,-0.763199307,1.7;     1399P   1249
126,1,1,1,0,1,0,0.,0.,1.,1.,1.,1.,0.,0.,0.,1.,0.,0.,0.,1.,0.,       1401P   1250
0.,1.;                                                              1401P   1251
110,1.599309934,-0.763199307,1.7,1.188199307,-1.174309934,1.7;      1403P   1252
126,1,1,1,0,1,0,0.,0.,1.,1.,1.,1.,1.,0.,0.,1.,1.,0.,0.,1.,0.,       1405P   1253
0.,1.;                                                              1405P   1254
110,1.188199307,-1.174309934,1.7,1.188199307,-1.174309934,1.85;     1407P   1255
126,1,1,1,0,1,0,0.,0.,1.,1.,1.,1.,1.,1.,0.,0.,1.,0.,0.,1.,0.,       1409P   1256
0.,1.;                                                              1409P   1257
110,1.188199307,-1.174309934,1.85,1.599309934,-0.763199307,         1411P   1258
1.85;                                                               1411P   1259
102,4,1397,1401,1405,1409;                                          1413P   1260
102,4,1399,1403,1407,1411;                                          1415P   1261
142,1,1395,1413,1415,1;                                             1417P   1262
144,1395,1,0,1417;                                                  1419P   1263
314,100.,100.,75.2941176470588,;                                    1421P   1264
110,1.785865679,-0.949755052,1.4,1.785865679,-0.949755052,          1423P   1265
1001.4;                                                             1423P   1266
110,2.049695344,-0.949755052,1.7,2.049695344,-0.949755052,1.85;     1425P   1267
120,1423,1425,0.,6.28318530717959;                                  1427P   1268
126,1,1,1,0,1,0,0.,0.,1.,1.,1.,1.,1.,0.066670388,0.,0.,             1429P   1269
0.066670388,0.,0.,1.,0.,0.,1.;                                      1429P   1270
110,2.049109207,-0.932178454,1.85,2.049109207,-0.932178454,1.7;     1431P   1271
126,1,1,1,0,1,0,0.,0.,1.,1.,1.,1.,0.,0.066670388,0.,0.,             1433P   1272
2.35619449,0.,0.,1.,0.,0.,1.;                                       1433P   1273
100,1.7,1.785865679,-0.949755052,2.049109207,-0.932178454,          1435P   1274
1.599309934,-0.763199307;                                           1435P   1275
126,1,1,1,0,1,0,0.,0.,1.,1.,1.,1.,0.,2.35619449,0.,1.,              1437P   1276
2.35619449,0.,0.,1.,0.,0.,1.;                                       1437P   1277
110,1.599309934,-0.763199307,1.7,1.599309934,-0.763199307,1.85;     1439P   1278
126,1,1,1,0,1,0,0.,0.,1.,1.,1.,1.,1.,2.35619449,0.,1.,              1441P   1279
0.066670388,0.,0.,1.,0.,0.,1.;                                      1441P   1280
124,-0.707106781186521,0.707106781186574,4.65212010200042E-16,      1443P   1281
3.72024164815987,0.707106781186574,0.707106781186521,               1443P   1282
-6.96744899827225E-15,-1.54097454597312,-5.25568500135177E-15,      1443P   1283
-4.59777586714766E-15,-1.,3.70000000000001;                         1443P   1284
100,1.85,1.785865679,-0.949755052,2.049695344,-0.949755052,         1445P   1285
1.612152926,-0.751185236;                                           1445P   1286
102,4,1429,1433,1437,1441;                                          1447P   1287
102,4,1431,1435,1439,1445;                                          1449P   1288
142,1,1427,1447,1449,1;                                             1451P   1289
144,1427,1,0,1451;                                                  1453P   1290
314,100.,100.,75.2941176470588,;                                    1455P   1291
128,1,1,1,1,0,0,1,0,0,0.,0.,1.,1.,0.,0.,1.,1.,1.,1.,1.,1.,          1457P   1292
2.049109207,-1.624109207,1.4,2.049109207,-0.932178454,1.4,          1457P   1293
2.049109207,-1.624109207,1.85,2.049109207,-0.932178454,1.85,0.,     1457P   1294
1.,0.,1.;                                                           1457P   1295
126,1,1,1,0,1,0,0.,0.,1.,1.,1.,1.,0.,1.,0.,0.,0.,0.,0.,1.,0.,       1459P   1296
0.,1.;                                                              1459P   1297
110,2.049109207,-1.624109207,1.85,2.049109207,-1.624109207,1.4;     1461P   1298
126,1,1,1,0,1,0,0.,0.,1.,1.,1.,1.,0.,0.,0.,1.,0.,0.,0.,1.,0.,       1463P   1299
0.,1.;                                                              1463P   1300
110,2.049109207,-1.624109207,1.4,2.049109207,-0.932178454,1.4;      1465P   1301
126,1,1,1,0,1,0,0.,0.,1.,1.,1.,1.,1.,0.,0.,1.,0.666666667,0.,       1467P   1302
0.,1.,0.,0.,1.;                                                     1467P   1303
110,2.049109207,-0.932178454,1.4,2.049109207,-0.932178454,1.7;      1469P   1304
126,1,1,1,0,1,0,0.,0.,1.,1.,1.,1.,1.,0.666666667,0.,1.,1.,0.,       1471P   1305
0.,1.,0.,0.,1.;                                                     1471P   1306
110,2.049109207,-0.932178454,1.7,2.049109207,-0.932178454,1.85;     1473P   1307
126,1,1,1,0,1,0,0.,0.,1.,1.,1.,1.,1.,1.,0.,0.,1.,0.,0.,1.,0.,       1475P   1308
0.,1.;                                                              1475P   1309
110,2.049109207,-0.932178454,1.85,2.049109207,-1.624109207,         1477P   1310
1.85;                                                               1477P   1311
102,5,1459,1463,1467,1471,1475;                                     1479P   1312
102,5,1461,1465,1469,1473,1477;                                     1481P   1313
142,1,1457,1479,1481,1;                                             1483P   1314
144,1457,1,0,1483;                                                  1485P   1315
314,100.,100.,75.2941176470588,;                                    1487P   1316
128,1,1,1,1,0,0,1,0,0,0.,0.,1.,1.,0.,0.,1.,1.,1.,1.,1.,1.,          1489P   1317
1.357178454,-1.624109207,1.4,2.049109207,-1.624109207,1.4,          1489P   1318
1.357178454,-1.624109207,1.85,2.049109207,-1.624109207,1.85,0.,     1489P   1319
1.,0.,1.;                                                           1489P   1320
126,1,1,1,0,1,0,0.,0.,1.,1.,1.,1.,0.,1.,0.,0.,0.666666667,0.,       1491P   1321
0.,1.,0.,0.,1.;                                                     1491P   1322
110,1.357178454,-1.624109207,1.85,1.357178454,-1.624109207,1.7;     1493P   1323
126,1,1,1,0,1,0,0.,0.,1.,1.,1.,1.,0.,0.666666667,0.,0.,0.,0.,       1495P   1324
0.,1.,0.,0.,1.;                                                     1495P   1325
110,1.357178454,-1.624109207,1.7,1.357178454,-1.624109207,1.4;      1497P   1326
126,1,1,1,0,1,0,0.,0.,1.,1.,1.,1.,0.,0.,0.,1.,0.,0.,0.,1.,0.,       1499P   1327
0.,1.;                                                              1499P   1328
110,1.357178454,-1.624109207,1.4,2.049109207,-1.624109207,1.4;      1501P   1329
126,1,1,1,0,1,0,0.,0.,1.,1.,1.,1.,1.,0.,0.,1.,1.,0.,0.,1.,0.,       1503P   1330
0.,1.;                                                              1503P   1331
110,2.049109207,-1.624109207,1.4,2.049109207,-1.624109207,1.85;     1505P   1332
126,1,1,1,0,1,0,0.,0.,1.,1.,1.,1.,1.,1.,0.,0.,1.,0.,0.,1.,0.,       1507P   1333
0.,1.;                                                              1507P   1334
110,2.049109207,-1.624109207,1.85,1.357178454,-1.624109207,         1509P   1335
1.85;                                                               1509P   1336
102,5,1491,1495,1499,1503,1507;                                     1511P   1337
102,5,1493,1497,1501,1505,1509;                                     1513P   1338
142,1,1489,1511,1513,1;                                             1515P   1339
144,1489,1,0,1515;                                                  1517P   1340
314,100.,100.,75.2941176470588,;                                    1519P   1341
128,1,1,1,1,0,0,1,0,0,0.,0.,1.,1.,0.,0.,1.,1.,1.,1.,1.,1.,          1521P   1342
2.049109207,-1.624109207,1.85,1.105296284,-1.624109207,1.85,        1521P   1343
2.049109207,-0.680296284,1.85,1.105296284,-0.680296284,1.85,0.,     1521P   1344
1.,0.,1.;                                                           1521P   1345
126,1,1,1,0,1,0,0.,0.,1.,1.,1.,1.,0.912161594,0.476576727,0.,       1523P   1346
0.476576727,0.912161594,0.,0.,1.,0.,0.,1.;                          1523P   1347
110,1.188199307,-1.174309934,1.85,1.599309934,-0.763199307,         1525P   1348
1.85;                                                               1525P   1349
126,16,2,1,0,1,0,0.,0.,0.,0.125,0.125,0.25,0.25,0.375,0.375,        1527P   1350
0.5,0.5,0.625,0.625,0.75,0.75,0.875,0.875,1.,1.,1.,1.,1.,1.,1.,     1527P   1351
1.,1.,1.,1.,1.,1.,1.,1.,1.,1.,1.,1.,1.,0.476576727,0.912161594,     1527P   1352
0.,0.448097616,0.940640705,0.,0.412737211,0.959921818,0.,           1527P   1353
0.377376806,0.979202932,0.,0.338011589,0.987717577,0.,              1527P   1354
0.298646371,0.996232222,0.,0.258478602,0.993287753,0.,              1527P   1355
0.218310833,0.990343285,0.,0.18060806,0.976179229,0.,               1527P   1356
0.142905288,0.962015172,0.,0.110734538,0.937783738,0.,              1527P   1357
0.078563788,0.913552304,0.,0.054542071,0.881224658,0.,              1527P   1358
0.030520354,0.848897013,0.,0.016601776,0.81110293,0.,               1527P   1359
0.002683197,0.773308847,0.,0.,0.733122779,0.,0.,1.,0.,0.,-1.;       1527P   1360
124,-0.707106781186521,0.707106781186574,4.65212010200042E-16,      1529P   1361
3.72024164815987,0.707106781186574,0.707106781186521,               1529P   1362
-6.96744899827225E-15,-1.54097454597312,-5.25568500135177E-15,      1529P   1363
-4.59777586714766E-15,-1.,3.70000000000001;                         1529P   1364
100,1.85,1.785865679,-0.949755052,2.049695344,-0.949755052,         1531P   1365
1.612152926,-0.751185236;                                           1531P   1366
126,1,1,1,0,1,0,0.,0.,1.,1.,1.,1.,0.,0.733122779,0.,0.,0.,0.,       1533P   1367
0.,1.,0.,0.,1.;                                                     1533P   1368
110,2.049109207,-0.932178454,1.85,2.049109207,-1.624109207,         1535P   1369
1.85;                                                               1535P   1370
126,1,1,1,0,1,0,0.,0.,1.,1.,1.,1.,0.,0.,0.,0.733122779,0.,0.,       1537P   1371
0.,1.,0.,0.,1.;                                                     1537P   1372
110,2.049109207,-1.624109207,1.85,1.357178454,-1.624109207,         1539P   1373
1.85;                                                               1539P   1374
126,16,2,1,0,1,0,0.,0.,0.,0.125,0.125,0.25,0.25,0.375,0.375,        1541P   1375
0.5,0.5,0.625,0.625,0.75,0.75,0.875,0.875,1.,1.,1.,1.,1.,1.,1.,     1541P   1376
1.,1.,1.,1.,1.,1.,1.,1.,1.,1.,1.,1.,1.,0.733122779,0.,0.,           1541P   1377
0.773308847,0.002683197,0.,0.81110293,0.016601776,0.,               1541P   1378
0.848897013,0.030520354,0.,0.881224658,0.054542071,0.,              1541P   1379
0.913552304,0.078563788,0.,0.937783738,0.110734538,0.,              1541P   1380
0.962015172,0.142905288,0.,0.976179229,0.18060806,0.,               1541P   1381
0.990343285,0.218310833,0.,0.993287753,0.258478602,0.,              1541P   1382
0.996232222,0.298646371,0.,0.987717577,0.338011589,0.,              1541P   1383
0.979202932,0.377376806,0.,0.959921818,0.412737211,0.,              1541P   1384
0.940640705,0.448097616,0.,0.912161594,0.476576727,0.,0.,1.,0.,     1541P   1385
0.,-1.;                                                             1541P   1386
124,-0.066621007682779,-0.997778352809546,4.93770026216498E-15,     1543P   1387
0.108500303786164,-0.997778352809546,0.066621007682779,             1543P   1388
4.93770026216408E-15,0.101497395617854,-5.2556850013503E-15,        1543P   1389
-4.59777586714934E-15,-1.,3.7;                                      1543P   1390
100,1.85,1.374755052,-1.360865679,1.638584717,-1.360865679,         1545P   1391
1.2010423,-1.162295863;                                             1545P   1392
102,5,1523,1527,1533,1537,1541;                                     1547P   1393
102,5,1525,1531,1535,1539,1545;                                     1549P   1394
142,1,1521,1547,1549,1;                                             1551P   1395
144,1521,1,0,1551;                                                  1553P   1396
314,100.,100.,75.2941176470588,;                                    1555P   1397
110,-1.374755052,-1.360865679,1.4,-1.374755052,-1.360865679,        1557P   1398
1001.4;                                                             1557P   1399
110,-1.110925387,-1.360865679,1.7,-1.110925387,-1.360865679,        1559P   1400
1.85;                                                               1559P   1401
120,1557,1559,0.,6.28318530717959;                                  1561P   1402
126,1,1,1,0,1,0,0.,0.,1.,1.,1.,1.,1.,0.,0.,0.,0.,0.,0.,1.,0.,       1563P   1403
0.,1.;                                                              1563P   1404
110,-1.110925387,-1.360865679,1.85,-1.110925387,-1.360865679,       1565P   1405
1.7;                                                                1565P   1406
126,1,1,1,0,1,0,0.,0.,1.,1.,1.,1.,0.,0.,0.,0.,0.785398163,0.,       1567P   1407
0.,1.,0.,0.,1.;                                                     1567P   1408
100,1.7,-1.374755052,-1.360865679,-1.110925387,-1.360865679,        1569P   1409
-1.188199307,-1.174309934;                                          1569P   1410
126,1,1,1,0,1,0,0.,0.,1.,1.,1.,1.,0.,0.785398163,0.,1.,             1571P   1411
0.785398163,0.,0.,1.,0.,0.,1.;                                      1571P   1412
110,-1.188199307,-1.174309934,1.7,-1.188199307,-1.174309934,        1573P   1413
1.85;                                                               1573P   1414
126,1,1,1,0,1,0,0.,0.,1.,1.,1.,1.,1.,0.785398163,0.,1.,0.,0.,       1575P   1415
0.,1.,0.,0.,1.;                                                     1575P   1416
124,0.707106781186509,0.707106781186586,0.,0.559620917360979,       1577P   1417
0.707106781186586,-0.707106781186509,-6.98296267768627E-15,         1577P   1418
-1.35104440848043,-4.9377002621648E-15,4.93770026216426E-15,        1577P   1419
-1.,3.7;                                                            1577P   1420
100,1.85,-1.374755052,-1.360865679,-1.110925387,-1.360865679,       1579P   1421
-1.188199307,-1.174309934;                                          1579P   1422
102,4,1563,1567,1571,1575;                                          1581P   1423
102,4,1565,1569,1573,1579;                                          1583P   1424
142,1,1561,1581,1583,1;                                             1585P   1425
144,1561,1,0,1585;                                                  1587P   1426
314,100.,100.,75.2941176470588,;                                    1589P   1427
128,1,1,1,1,0,0,1,0,0,0.,0.,1.,1.,0.,0.,1.,1.,1.,1.,1.,1.,          1591P   1428
-2.049109207,-1.624109207,1.4,-1.357178454,-1.624109207,1.4,        1591P   1429
-2.049109207,-1.624109207,1.85,-1.357178454,-1.624109207,1.85,      1591P   1430
0.,1.,0.,1.;                                                        1591P   1431
126,1,1,1,0,1,0,0.,0.,1.,1.,1.,1.,0.,1.,0.,0.,0.,0.,0.,1.,0.,       1593P   1432
0.,1.;                                                              1593P   1433
110,-2.049109207,-1.624109207,1.85,-2.049109207,-1.624109207,       1595P   1434
1.4;                                                                1595P   1435
126,1,1,1,0,1,0,0.,0.,1.,1.,1.,1.,0.,0.,0.,1.,0.,0.,0.,1.,0.,       1597P   1436
0.,1.;                                                              1597P   1437
110,-2.049109207,-1.624109207,1.4,-1.357178454,-1.624109207,        1599P   1438
1.4;                                                                1599P   1439
126,1,1,1,0,1,0,0.,0.,1.,1.,1.,1.,1.,0.,0.,1.,0.666666667,0.,       1601P   1440
0.,1.,0.,0.,1.;                                                     1601P   1441
110,-1.357178454,-1.624109207,1.4,-1.357178454,-1.624109207,        1603P   1442
1.7;                                                                1603P   1443
126,1,1,1,0,1,0,0.,0.,1.,1.,1.,1.,1.,0.666666667,0.,1.,1.,0.,       1605P   1444
0.,1.,0.,0.,1.;                                                     1605P   1445
110,-1.357178454,-1.624109207,1.7,-1.357178454,-1.624109207,        1607P   1446
1.85;                                                               1607P   1447
126,1,1,1,0,1,0,0.,0.,1.,1.,1.,1.,1.,1.,0.,0.,1.,0.,0.,1.,0.,       1609P   1448
0.,1.;                                                              1609P   1449
110,-1.357178454,-1.624109207,1.85,-2.049109207,-1.624109207,       1611P   1450
1.85;                                                               1611P   1451
102,5,1593,1597,1601,1605,1609;                                     1613P   1452
102,5,1595,1599,1603,1607,1611;                                     1615P   1453
142,1,1591,1613,1615,1;                                             1617P   1454
144,1591,1,0,1617;                                                  1619P   1455
314,100.,100.,75.2941176470588,;                                    1621P   1456
128,1,1,1,1,0,0,1,0,0,0.,0.,1.,1.,0.,0.,1.,1.,1.,1.,1.,1.,          1623P   1457
-2.049109207,-1.624109207,1.4,-2.049109207,-1.624109207,1.85,       1623P   1458
-2.049109207,-0.932178454,1.4,-2.049109207,-0.932178454,1.85,       1623P   1459
0.,1.,0.,1.;                                                        1623P   1460
126,1,1,1,0,1,0,0.,0.,1.,1.,1.,1.,1.,1.,0.,0.666666667,1.,0.,       1625P   1461
0.,1.,0.,0.,1.;                                                     1625P   1462
110,-2.049109207,-0.932178454,1.85,-2.049109207,-0.932178454,       1627P   1463
1.7;                                                                1627P   1464
126,1,1,1,0,1,0,0.,0.,1.,1.,1.,1.,0.666666667,1.,0.,0.,1.,0.,       1629P   1465
0.,1.,0.,0.,1.;                                                     1629P   1466
110,-2.049109207,-0.932178454,1.7,-2.049109207,-0.932178454,        1631P   1467
1.4;                                                                1631P   1468
126,1,1,1,0,1,0,0.,0.,1.,1.,1.,1.,0.,1.,0.,0.,0.,0.,0.,1.,0.,       1633P   1469
0.,1.;                                                              1633P   1470
110,-2.049109207,-0.932178454,1.4,-2.049109207,-1.624109207,        1635P   1471
1.4;                                                                1635P   1472
126,1,1,1,0,1,0,0.,0.,1.,1.,1.,1.,0.,0.,0.,1.,0.,0.,0.,1.,0.,       1637P   1473
0.,1.;                                                              1637P   1474
110,-2.049109207,-1.624109207,1.4,-2.049109207,-1.624109207,        1639P   1475
1.85;                                                               1639P   1476
126,1,1,1,0,1,0,0.,0.,1.,1.,1.,1.,1.,0.,0.,1.,1.,0.,0.,1.,0.,       1641P   1477
0.,1.;                                                              1641P   1478
110,-2.049109207,-1.624109207,1.85,-2.049109207,-0.932178454,       1643P   1479
1.85;                                                               1643P   1480
102,5,1625,1629,1633,1637,1641;                                     1645P   1481
102,5,1627,1631,1635,1639,1643;                                     1647P   1482
142,1,1623,1645,1647,1;                                             1649P   1483
144,1623,1,0,1649;                                                  1651P   1484
314,100.,100.,75.2941176470588,;                                    1653P   1485
110,-1.785865679,-0.949755052,1.4,-1.785865679,-0.949755052,        1655P   1486
1001.4;                                                             1655P   1487
110,-1.522036014,-0.949755052,1.7,-1.522036014,-0.949755052,        1657P   1488
1.85;                                                               1657P   1489
120,1655,1657,0.,6.28318530717959;                                  1659P   1490
126,1,1,1,0,1,0,0.,0.,1.,1.,1.,1.,1.,0.785398163,0.,0.,             1661P   1491
0.785398163,0.,0.,1.,0.,0.,1.;                                      1661P   1492
110,-1.599309934,-0.763199307,1.85,-1.599309934,-0.763199307,       1663P   1493
1.7;                                                                1663P   1494
126,1,1,1,0,1,0,0.,0.,1.,1.,1.,1.,0.,0.785398163,0.,0.,             1665P   1495
3.074922266,0.,0.,1.,0.,0.,1.;                                      1665P   1496
100,1.7,-1.785865679,-0.949755052,-1.599309934,-0.763199307,        1667P   1497
-2.049109207,-0.932178454;                                          1667P   1498
126,1,1,1,0,1,0,0.,0.,1.,1.,1.,1.,0.,3.074922266,0.,1.,             1669P   1499
3.074922266,0.,0.,1.,0.,0.,1.;                                      1669P   1500
110,-2.049109207,-0.932178454,1.7,-2.049109207,-0.932178454,        1671P   1501
1.85;                                                               1671P   1502
126,1,1,1,0,1,0,0.,0.,1.,1.,1.,1.,1.,3.074922266,0.,1.,             1673P   1503
0.785398163,0.,0.,1.,0.,0.,1.;                                      1673P   1504
124,-0.997778352809539,0.0666210076828883,4.93770026216453E-15,     1675P   1505
-3.50449015522184,0.0666210076828881,0.997778352809539,             1675P   1506
-4.93770026216453E-15,0.116866150455238,-5.25568500135122E-15,      1675P   1507
-4.59777586714829E-15,-1.,3.69999999999999;                         1675P   1508
100,1.85,-1.785865679,-0.949755052,-1.522036014,-0.949755052,       1677P   1509
-1.959578431,-0.751185236;                                          1677P   1510
102,4,1661,1665,1669,1673;                                          1679P   1511
102,4,1663,1667,1671,1677;                                          1681P   1512
142,1,1659,1679,1681,1;                                             1683P   1513
144,1659,1,0,1683;                                                  1685P   1514
128,1,1,1,1,0,0,1,0,0,0.,0.,1.,1.,0.,0.,1.,1.,1.,1.,1.,1.,          1687P   1515
-1.188199307,-1.174309934,1.7,-1.599309934,-0.763199307,1.7,        1687P   1516
-1.188199307,-1.174309934,1.85,-1.599309934,-0.763199307,1.85,      1687P   1517
0.,1.,0.,1.;                                                        1687P   1518
126,1,1,1,0,1,0,0.,0.,1.,1.,1.,1.,0.,1.,0.,0.,0.,0.,0.,1.,0.,       1689P   1519
0.,1.;                                                              1689P   1520
110,-1.188199307,-1.174309934,1.85,-1.188199307,-1.174309934,       1691P   1521
1.7;                                                                1691P   1522
126,1,1,1,0,1,0,0.,0.,1.,1.,1.,1.,0.,0.,0.,1.,0.,0.,0.,1.,0.,       1693P   1523
0.,1.;                                                              1693P   1524
110,-1.188199307,-1.174309934,1.7,-1.599309934,-0.763199307,        1695P   1525
1.7;                                                                1695P   1526
126,1,1,1,0,1,0,0.,0.,1.,1.,1.,1.,1.,0.,0.,1.,1.,0.,0.,1.,0.,       1697P   1527
0.,1.;                                                              1697P   1528
110,-1.599309934,-0.763199307,1.7,-1.599309934,-0.763199307,        1699P   1529
1.85;                                                               1699P   1530
126,1,1,1,0,1,0,0.,0.,1.,1.,1.,1.,1.,1.,0.,0.,1.,0.,0.,1.,0.,       1701P   1531
0.,1.;                                                              1701P   1532
110,-1.599309934,-0.763199307,1.85,-1.188199307,-1.174309934,       1703P   1533
1.85;                                                               1703P   1534
102,4,1689,1693,1697,1701;                                          1705P   1535
102,4,1691,1695,1699,1703;                                          1707P   1536
142,1,1687,1705,1707,1;                                             1709P   1537
144,1687,1,0,1709;                                                  1711P   1538
314,100.,100.,75.2941176470588,;                                    1713P   1539
128,1,1,1,1,0,0,1,0,0,0.,0.,1.,1.,0.,0.,1.,1.,1.,1.,1.,1.,          1715P   1540
-2.049109207,-1.624109207,1.85,-1.105296284,-1.624109207,1.85,      1715P   1541
-2.049109207,-0.680296284,1.85,-1.105296284,-0.680296284,1.85,      1715P   1542
0.,1.,0.,1.;                                                        1715P   1543
126,8,2,1,0,1,0,0.,0.,0.,0.25,0.25,0.5,0.5,0.75,0.75,1.,1.,1.,      1717P   1544
1.,1.,1.,1.,1.,1.,1.,1.,1.,0.733122779,0.,0.,0.786189965,           1717P   1545
0.003543261,0.,0.834248111,0.026326929,0.,0.882306257,              1717P   1546
0.049110596,0.,0.918639653,0.087950849,0.,0.954973049,              1717P   1547
0.126791102,0.,0.974504417,0.17626035,0.,0.994035785,               1717P   1548
0.225729599,0.,0.994035785,0.278914944,0.,0.,1.,0.,0.,-1.;          1717P   1549
100,1.85,-1.374755052,-1.360865679,-1.357178454,-1.624109207,       1719P   1550
-1.110925387,-1.360865679;                                          1719P   1551
126,4,2,1,0,1,0,0.,0.,0.,0.5,0.5,1.,1.,1.,1.,1.,1.,1.,1.,           1721P   1552
0.994035785,0.278914944,0.,0.994035785,0.334518106,0.,              1721P   1553
0.972757376,0.38588873,0.,0.951478967,0.437259354,0.,               1721P   1554
0.912161594,0.476576727,0.,0.,1.,0.,0.,-1.;                         1721P   1555
100,1.85,-1.374755052,-1.360865679,-1.110925387,-1.360865679,       1723P   1556
-1.188199307,-1.174309934;                                          1723P   1557
126,1,1,1,0,1,0,0.,0.,1.,1.,1.,1.,0.912161594,0.476576727,0.,       1725P   1558
0.476576727,0.912161594,0.,0.,1.,0.,0.,1.;                          1725P   1559
110,-1.188199307,-1.174309934,1.85,-1.599309934,-0.763199307,       1727P   1560
1.85;                                                               1727P   1561
126,16,2,1,0,1,0,0.,0.,0.,0.125,0.125,0.25,0.25,0.375,0.375,        1729P   1562
0.5,0.5,0.625,0.625,0.75,0.75,0.875,0.875,1.,1.,1.,1.,1.,1.,1.,     1729P   1563
1.,1.,1.,1.,1.,1.,1.,1.,1.,1.,1.,1.,1.,0.476576727,0.912161594,     1729P   1564
0.,0.448097616,0.940640705,0.,0.412737211,0.959921818,0.,           1729P   1565
0.377376806,0.979202932,0.,0.338011589,0.987717577,0.,              1729P   1566
0.298646371,0.996232222,0.,0.258478602,0.993287753,0.,              1729P   1567
0.218310833,0.990343285,0.,0.18060806,0.976179229,0.,               1729P   1568
0.142905288,0.962015172,0.,0.110734538,0.937783738,0.,              1729P   1569
0.078563788,0.913552304,0.,0.054542071,0.881224658,0.,              1729P   1570
0.030520354,0.848897013,0.,0.016601776,0.81110293,0.,               1729P   1571
0.002683197,0.773308847,0.,0.,0.733122779,0.,0.,1.,0.,0.,-1.;       1729P   1572
100,1.85,-1.785865679,-0.949755052,-1.599309934,-0.763199307,       1731P   1573
-2.049109207,-0.932178454;                                          1731P   1574
126,1,1,1,0,1,0,0.,0.,1.,1.,1.,1.,0.,0.733122779,0.,0.,0.,0.,       1733P   1575
0.,1.,0.,0.,1.;                                                     1733P   1576
110,-2.049109207,-0.932178454,1.85,-2.049109207,-1.624109207,       1735P   1577
1.85;                                                               1735P   1578
126,1,1,1,0,1,0,0.,0.,1.,1.,1.,1.,0.,0.,0.,0.733122779,0.,0.,       1737P   1579
0.,1.,0.,0.,1.;                                                     1737P   1580
110,-2.049109207,-1.624109207,1.85,-1.357178454,-1.624109207,       1739P   1581
1.85;                                                               1739P   1582
102,6,1717,1721,1725,1729,1733,1737;                                1741P   1583
102,6,1719,1723,1727,1731,1735,1739;                                1743P   1584
142,1,1715,1741,1743,1;                                             1745P   1585
144,1715,1,0,1745;                                                  1747P   1586
314,100.,100.,75.2941176470588,;                                    1749P   1587
110,1.785865679,0.949755052,1.4,1.785865679,0.949755052,1001.4;     1751P   1588
110,2.049695344,0.949755052,1.7,2.049695344,0.949755052,1.85;       1753P   1589
120,1751,1753,0.,6.28318530717959;                                  1755P   1590
126,1,1,1,0,1,0,0.,0.,1.,1.,1.,1.,1.,3.926990817,0.,0.,             1757P   1591
3.926990817,0.,0.,1.,0.,0.,1.;                                      1757P   1592
110,1.599309934,0.763199307,1.85,1.599309934,0.763199307,1.7;       1759P   1593
126,1,1,1,0,1,0,0.,0.,1.,1.,1.,1.,0.,3.926990817,0.,0.,             1761P   1594
6.216514919,0.,0.,1.,0.,0.,1.;                                      1761P   1595
100,1.7,1.785865679,0.949755052,1.599309934,0.763199307,            1763P   1596
2.049109207,0.932178454;                                            1763P   1597
126,1,1,1,0,1,0,0.,0.,1.,1.,1.,1.,0.,6.216514919,0.,1.,             1765P   1598
6.216514919,0.,0.,1.,0.,0.,1.;                                      1765P   1599
110,2.049109207,0.932178454,1.7,2.049109207,0.932178454,1.85;       1767P   1600
126,1,1,1,0,1,0,0.,0.,1.,1.,1.,1.,1.,6.216514919,0.,1.,             1769P   1601
3.926990817,0.,0.,1.,0.,0.,1.;                                      1769P   1602
124,0.99777835280954,-0.0666210076828694,-4.93770026216463E-15,     1771P   1603
0.0672412020930972,-0.0666210076828694,-0.99777835280954,           1771P   1604
4.93770026216442E-15,2.0163762547381,-5.25568500135123E-15,         1771P   1605
-4.59777586714828E-15,-1.,3.70000000000001;                         1771P   1606
100,1.85,1.785865679,0.949755052,2.049695344,0.949755052,           1773P   1607
1.612152926,1.148324868;                                            1773P   1608
102,4,1757,1761,1765,1769;                                          1775P   1609
102,4,1759,1763,1767,1773;                                          1777P   1610
142,1,1755,1775,1777,1;                                             1779P   1611
144,1755,1,0,1779;                                                  1781P   1612
314,100.,100.,75.2941176470588,;                                    1783P   1613
128,1,1,1,1,0,0,1,0,0,0.,0.,1.,1.,0.,0.,1.,1.,1.,1.,1.,1.,          1785P   1614
1.188199307,1.174309934,1.7,1.599309934,0.763199307,1.7,            1785P   1615
1.188199307,1.174309934,1.85,1.599309934,0.763199307,1.85,0.,       1785P   1616
1.,0.,1.;                                                           1785P   1617
126,1,1,1,0,1,0,0.,0.,1.,1.,1.,1.,0.,1.,0.,0.,0.,0.,0.,1.,0.,       1787P   1618
0.,1.;                                                              1787P   1619
110,1.188199307,1.174309934,1.85,1.188199307,1.174309934,1.7;       1789P   1620
126,1,1,1,0,1,0,0.,0.,1.,1.,1.,1.,0.,0.,0.,1.,0.,0.,0.,1.,0.,       1791P   1621
0.,1.;                                                              1791P   1622
110,1.188199307,1.174309934,1.7,1.599309934,0.763199307,1.7;        1793P   1623
126,1,1,1,0,1,0,0.,0.,1.,1.,1.,1.,1.,0.,0.,1.,1.,0.,0.,1.,0.,       1795P   1624
0.,1.;                                                              1795P   1625
110,1.599309934,0.763199307,1.7,1.599309934,0.763199307,1.85;       1797P   1626
126,1,1,1,0,1,0,0.,0.,1.,1.,1.,1.,1.,1.,0.,0.,1.,0.,0.,1.,0.,       1799P   1627
0.,1.;                                                              1799P   1628
110,1.599309934,0.763199307,1.85,1.188199307,1.174309934,1.85;      1801P   1629
102,4,1787,1791,1795,1799;                                          1803P   1630
102,4,1789,1793,1797,1801;                                          1805P   1631
142,1,1785,1803,1805,1;                                             1807P   1632
144,1785,1,0,1807;                                                  1809P   1633
314,100.,100.,75.2941176470588,;                                    1811P   1634
110,1.374755052,1.360865679,1.4,1.374755052,1.360865679,1001.4;     1813P   1635
110,1.638584717,1.360865679,1.7,1.638584717,1.360865679,1.85;       1815P   1636
120,1813,1815,0.,6.28318530717959;                                  1817P   1637
126,1,1,1,0,1,0,0.,0.,1.,1.,1.,1.,1.,1.637466714,0.,0.,             1819P   1638
1.637466714,0.,0.,1.,0.,0.,1.;                                      1819P   1639
110,1.357178454,1.624109207,1.85,1.357178454,1.624109207,1.7;       1821P   1640
126,1,1,1,0,1,0,0.,0.,1.,1.,1.,1.,0.,1.637466714,0.,0.,             1823P   1641
3.926990817,0.,0.,1.,0.,0.,1.;                                      1823P   1642
100,1.7,1.374755052,1.360865679,1.357178454,1.624109207,            1825P   1643
1.188199307,1.174309934;                                            1825P   1644
126,1,1,1,0,1,0,0.,0.,1.,1.,1.,1.,0.,3.926990817,0.,1.,             1827P   1645
3.926990817,0.,0.,1.,0.,0.,1.;                                      1827P   1646
110,1.188199307,1.174309934,1.7,1.188199307,1.174309934,1.85;       1829P   1647
126,1,1,1,0,1,0,0.,0.,1.,1.,1.,1.,1.,3.926990817,0.,1.,             1831P   1648
1.637466714,0.,0.,1.,0.,0.,1.;                                      1831P   1649
124,-0.707106781186486,-0.707106781186609,6.9674489982723E-15,      1833P   1650
3.30913102164385,-0.707106781186609,0.707106781186486,              1833P   1651
4.65212010199249E-16,1.37068694883459,-5.25568500135068E-15,        1833P   1652
-4.59777586714891E-15,-1.,3.70000000000001;                         1833P   1653
100,1.85,1.374755052,1.360865679,1.638584717,1.360865679,           1835P   1654
1.2010423,1.559435494;                                              1835P   1655
102,4,1819,1823,1827,1831;                                          1837P   1656
102,4,1821,1825,1829,1835;                                          1839P   1657
142,1,1817,1837,1839,1;                                             1841P   1658
144,1817,1,0,1841;                                                  1843P   1659
314,100.,100.,75.2941176470588,;                                    1845P   1660
128,1,1,1,1,0,0,1,0,0,0.,0.,1.,1.,0.,0.,1.,1.,1.,1.,1.,1.,          1847P   1661
2.049109207,1.624109207,1.4,1.357178454,1.624109207,1.4,            1847P   1662
2.049109207,1.624109207,1.85,1.357178454,1.624109207,1.85,0.,       1847P   1663
1.,0.,1.;                                                           1847P   1664
126,1,1,1,0,1,0,0.,0.,1.,1.,1.,1.,0.,1.,0.,0.,0.,0.,0.,1.,0.,       1849P   1665
0.,1.;                                                              1849P   1666
110,2.049109207,1.624109207,1.85,2.049109207,1.624109207,1.4;       1851P   1667
126,1,1,1,0,1,0,0.,0.,1.,1.,1.,1.,0.,0.,0.,1.,0.,0.,0.,1.,0.,       1853P   1668
0.,1.;                                                              1853P   1669
110,2.049109207,1.624109207,1.4,1.357178454,1.624109207,1.4;        1855P   1670
126,1,1,1,0,1,0,0.,0.,1.,1.,1.,1.,1.,0.,0.,1.,0.666666667,0.,       1857P   1671
0.,1.,0.,0.,1.;                                                     1857P   1672
110,1.357178454,1.624109207,1.4,1.357178454,1.624109207,1.7;        1859P   1673
126,1,1,1,0,1,0,0.,0.,1.,1.,1.,1.,1.,0.666666667,0.,1.,1.,0.,       1861P   1674
0.,1.,0.,0.,1.;                                                     1861P   1675
110,1.357178454,1.624109207,1.7,1.357178454,1.624109207,1.85;       1863P   1676
126,1,1,1,0,1,0,0.,0.,1.,1.,1.,1.,1.,1.,0.,0.,1.,0.,0.,1.,0.,       1865P   1677
0.,1.;                                                              1865P   1678
110,1.357178454,1.624109207,1.85,2.049109207,1.624109207,1.85;      1867P   1679
102,5,1849,1853,1857,1861,1865;                                     1869P   1680
102,5,1851,1855,1859,1863,1867;                                     1871P   1681
142,1,1847,1869,1871,1;                                             1873P   1682
144,1847,1,0,1873;                                                  1875P   1683
314,100.,100.,75.2941176470588,;                                    1877P   1684
128,1,1,1,1,0,0,1,0,0,0.,0.,1.,1.,0.,0.,1.,1.,1.,1.,1.,1.,          1879P   1685
2.049109207,0.932178454,1.4,2.049109207,1.624109207,1.4,            1879P   1686
2.049109207,0.932178454,1.85,2.049109207,1.624109207,1.85,0.,       1879P   1687
1.,0.,1.;                                                           1879P   1688
126,1,1,1,0,1,0,0.,0.,1.,1.,1.,1.,0.,1.,0.,0.,0.666666667,0.,       1881P   1689
0.,1.,0.,0.,1.;                                                     1881P   1690
110,2.049109207,0.932178454,1.85,2.049109207,0.932178454,1.7;       1883P   1691
126,1,1,1,0,1,0,0.,0.,1.,1.,1.,1.,0.,0.666666667,0.,0.,0.,0.,       1885P   1692
0.,1.,0.,0.,1.;                                                     1885P   1693
110,2.049109207,0.932178454,1.7,2.049109207,0.932178454,1.4;        1887P   1694
126,1,1,1,0,1,0,0.,0.,1.,1.,1.,1.,0.,0.,0.,1.,0.,0.,0.,1.,0.,       1889P   1695
0.,1.;                                                              1889P   1696
110,2.049109207,0.932178454,1.4,2.049109207,1.624109207,1.4;        1891P   1697
126,1,1,1,0,1,0,0.,0.,1.,1.,1.,1.,1.,0.,0.,1.,1.,0.,0.,1.,0.,       1893P   1698
0.,1.;                                                              1893P   1699
110,2.049109207,1.624109207,1.4,2.049109207,1.624109207,1.85;       1895P   1700
126,1,1,1,0,1,0,0.,0.,1.,1.,1.,1.,1.,1.,0.,0.,1.,0.,0.,1.,0.,       1897P   1701
0.,1.;                                                              1897P   1702
110,2.049109207,1.624109207,1.85,2.049109207,0.932178454,1.85;      1899P   1703
102,5,1881,1885,1889,1893,1897;                                     1901P   1704
102,5,1883,1887,1891,1895,1899;                                     1903P   1705
142,1,1879,1901,1903,1;                                             1905P   1706
144,1879,1,0,1905;                                                  1907P   1707
314,100.,100.,75.2941176470588,;                                    1909P   1708
128,1,1,1,1,0,0,1,0,0,0.,0.,1.,1.,0.,0.,1.,1.,1.,1.,1.,1.,          1911P   1709
2.049109207,0.680296284,1.85,1.105296284,0.680296284,1.85,          1911P   1710
2.049109207,1.624109207,1.85,1.105296284,1.624109207,1.85,0.,       1911P   1711
1.,0.,1.;                                                           1911P   1712
126,1,1,1,0,1,0,0.,0.,1.,1.,1.,1.,0.476576727,0.087838406,0.,       1913P   1713
0.912161594,0.523423273,0.,0.,1.,0.,0.,1.;                          1913P   1714
110,1.599309934,0.763199307,1.85,1.188199307,1.174309934,1.85;      1915P   1715
126,16,2,1,0,1,0,0.,0.,0.,0.125,0.125,0.25,0.25,0.375,0.375,        1917P   1716
0.5,0.5,0.625,0.625,0.75,0.75,0.875,0.875,1.,1.,1.,1.,1.,1.,1.,     1917P   1717
1.,1.,1.,1.,1.,1.,1.,1.,1.,1.,1.,1.,1.,0.912161594,0.523423273,     1917P   1718
0.,0.940640705,0.551902384,0.,0.959921818,0.587262789,0.,           1917P   1719
0.979202932,0.622623194,0.,0.987717577,0.661988411,0.,              1917P   1720
0.996232222,0.701353629,0.,0.993287753,0.741521398,0.,              1917P   1721
0.990343285,0.781689167,0.,0.976179229,0.81939194,0.,               1917P   1722
0.962015172,0.857094712,0.,0.937783738,0.889265462,0.,              1917P   1723
0.913552304,0.921436212,0.,0.881224658,0.945457929,0.,              1917P   1724
0.848897013,0.969479646,0.,0.81110293,0.983398224,0.,               1917P   1725
0.773308847,0.997316803,0.,0.733122779,1.,0.,0.,1.,0.,0.,-1.;       1917P   1726
124,-0.707106781186486,-0.707106781186609,6.9674489982723E-15,      1919P   1727
3.30913102164385,-0.707106781186609,0.707106781186486,              1919P   1728
4.65212010199249E-16,1.37068694883459,-5.25568500135068E-15,        1919P   1729
-4.59777586714891E-15,-1.,3.70000000000001;                         1919P   1730
100,1.85,1.374755052,1.360865679,1.638584717,1.360865679,           1921P   1731
1.2010423,1.559435494;                                              1921P   1732
126,1,1,1,0,1,0,0.,0.,1.,1.,1.,1.,0.733122779,1.,0.,0.,1.,0.,       1923P   1733
0.,1.,0.,0.,1.;                                                     1923P   1734
110,1.357178454,1.624109207,1.85,2.049109207,1.624109207,1.85;      1925P   1735
126,1,1,1,0,1,0,0.,0.,1.,1.,1.,1.,0.,1.,0.,0.,0.266877221,0.,       1927P   1736
0.,1.,0.,0.,1.;                                                     1927P   1737
110,2.049109207,1.624109207,1.85,2.049109207,0.932178454,1.85;      1929P   1738
126,16,2,1,0,1,0,0.,0.,0.,0.125,0.125,0.25,0.25,0.375,0.375,        1931P   1739
0.5,0.5,0.625,0.625,0.75,0.75,0.875,0.875,1.,1.,1.,1.,1.,1.,1.,     1931P   1740
1.,1.,1.,1.,1.,1.,1.,1.,1.,1.,1.,1.,1.,0.,0.266877221,0.,           1931P   1741
0.002683197,0.226691153,0.,0.016601776,0.18889707,0.,               1931P   1742
0.030520354,0.151102987,0.,0.054542071,0.118775342,0.,              1931P   1743
0.078563788,0.086447696,0.,0.110734538,0.062216262,0.,              1931P   1744
0.142905288,0.037984828,0.,0.18060806,0.023820771,0.,               1931P   1745
0.218310833,0.009656715,0.,0.258478602,0.006712247,0.,              1931P   1746
0.298646371,0.003767778,0.,0.338011589,0.012282423,0.,              1931P   1747
0.377376806,0.020797068,0.,0.412737211,0.040078182,0.,              1931P   1748
0.448097616,0.059359295,0.,0.476576727,0.087838406,0.,0.,1.,0.,     1931P   1749
0.,-1.;                                                             1931P   1750
124,0.99777835280954,-0.0666210076828694,-4.93770026216463E-15,     1933P   1751
0.0672412020930972,-0.0666210076828694,-0.99777835280954,           1933P   1752
4.93770026216442E-15,2.0163762547381,-5.25568500135123E-15,         1933P   1753
-4.59777586714828E-15,-1.,3.70000000000001;                         1933P   1754
100,1.85,1.785865679,0.949755052,2.049695344,0.949755052,           1935P   1755
1.612152926,1.148324868;                                            1935P   1756
102,5,1913,1917,1923,1927,1931;                                     1937P   1757
102,5,1915,1921,1925,1929,1935;                                     1939P   1758
142,1,1911,1937,1939,1;                                             1941P   1759
144,1911,1,0,1941;                                                  1943P   1760
128,1,1,1,1,0,0,1,0,0,0.,0.,1.,1.,0.,0.,1.,1.,1.,1.,1.,1.,          1945P   1761
1.357178454,1.624109207,1.4,1.357178454,1.624109207,1.7,            1945P   1762
1.357178454,1.675,1.4,1.357178454,1.675,1.7,0.,1.,0.,1.;            1945P   1763
126,1,1,1,0,1,0,0.,0.,1.,1.,1.,1.,1.,1.,0.,0.,1.,0.,0.,1.,0.,       1947P   1764
0.,1.;                                                              1947P   1765
110,1.357178454,1.675,1.7,1.357178454,1.675,1.4;                    1949P   1766
126,1,1,1,0,1,0,0.,0.,1.,1.,1.,1.,0.,1.,0.,0.,0.,0.,0.,1.,0.,       1951P   1767
0.,1.;                                                              1951P   1768
110,1.357178454,1.675,1.4,1.357178454,1.624109207,1.4;              1953P   1769
126,1,1,1,0,1,0,0.,0.,1.,1.,1.,1.,0.,0.,0.,1.,0.,0.,0.,1.,0.,       1955P   1770
0.,1.;                                                              1955P   1771
110,1.357178454,1.624109207,1.4,1.357178454,1.624109207,1.7;        1957P   1772
126,1,1,1,0,1,0,0.,0.,1.,1.,1.,1.,1.,0.,0.,1.,1.,0.,0.,1.,0.,       1959P   1773
0.,1.;                                                              1959P   1774
110,1.357178454,1.624109207,1.7,1.357178454,1.675,1.7;              1961P   1775
102,4,1947,1951,1955,1959;                                          1963P   1776
102,4,1949,1953,1957,1961;                                          1965P   1777
142,1,1945,1963,1965,1;                                             1967P   1778
144,1945,1,0,1967;                                                  1969P   1779
128,1,1,1,1,0,0,1,0,0,0.,0.,1.,1.,0.,0.,1.,1.,1.,1.,1.,1.,          1971P   1780
2.049109207,0.932178454,1.7,2.049109207,0.932178454,1.4,2.1,        1971P   1781
0.932178454,1.7,2.1,0.932178454,1.4,0.,1.,0.,1.;                    1971P   1782
126,1,1,1,0,1,0,0.,0.,1.,1.,1.,1.,0.,0.,0.,1.,0.,0.,0.,1.,0.,       1973P   1783
0.,1.;                                                              1973P   1784
110,2.049109207,0.932178454,1.7,2.049109207,0.932178454,1.4;        1975P   1785
126,1,1,1,0,1,0,0.,0.,1.,1.,1.,1.,1.,0.,0.,1.,1.,0.,0.,1.,0.,       1977P   1786
0.,1.;                                                              1977P   1787
110,2.049109207,0.932178454,1.4,2.1,0.932178454,1.4;                1979P   1788
126,1,1,1,0,1,0,0.,0.,1.,1.,1.,1.,1.,1.,0.,0.,1.,0.,0.,1.,0.,       1981P   1789
0.,1.;                                                              1981P   1790
110,2.1,0.932178454,1.4,2.1,0.932178454,1.7;                        1983P   1791
126,1,1,1,0,1,0,0.,0.,1.,1.,1.,1.,0.,1.,0.,0.,0.,0.,0.,1.,0.,       1985P   1792
0.,1.;                                                              1985P   1793
110,2.1,0.932178454,1.7,2.049109207,0.932178454,1.7;                1987P   1794
102,4,1973,1977,1981,1985;                                          1989P   1795
102,4,1975,1979,1983,1987;                                          1991P   1796
142,1,1971,1989,1991,1;                                             1993P   1797
144,1971,1,0,1993;                                                  1995P   1798
128,1,1,1,1,0,0,1,0,0,0.,0.,1.,1.,0.,0.,1.,1.,1.,1.,1.,1.,          1997P   1799
1.357178454,0.932178454,1.4,2.1,0.932178454,1.4,1.357178454,        1997P   1800
1.675,1.4,2.1,1.675,1.4,0.,1.,0.,1.;                                1997P   1801
126,1,1,1,0,1,0,0.,0.,1.,1.,1.,1.,0.,1.,0.,0.,0.93148988,0.,0.,     1999P   1802
1.,0.,0.,1.;                                                        1999P   1803
110,1.357178454,1.675,1.4,1.357178454,1.624109207,1.4;              2001P   1804
126,1,1,1,0,1,0,0.,0.,1.,1.,1.,1.,0.,0.93148988,0.,0.93148988,      2003P   1805
0.93148988,0.,0.,1.,0.,0.,1.;                                       2003P   1806
110,1.357178454,1.624109207,1.4,2.049109207,1.624109207,1.4;        2005P   1807
126,1,1,1,0,1,0,0.,0.,1.,1.,1.,1.,0.93148988,0.93148988,0.,         2007P   1808
0.93148988,0.,0.,0.,1.,0.,0.,1.;                                    2007P   1809
110,2.049109207,1.624109207,1.4,2.049109207,0.932178454,1.4;        2009P   1810
126,1,1,1,0,1,0,0.,0.,1.,1.,1.,1.,0.93148988,0.,0.,1.,0.,0.,0.,     2011P   1811
1.,0.,0.,1.;                                                        2011P   1812
110,2.049109207,0.932178454,1.4,2.1,0.932178454,1.4;                2013P   1813
126,1,1,1,0,1,0,0.,0.,1.,1.,1.,1.,1.,0.,0.,1.,1.,0.,0.,1.,0.,       2015P   1814
0.,1.;                                                              2015P   1815
110,2.1,0.932178454,1.4,2.1,1.675,1.4;                              2017P   1816
126,1,1,1,0,1,0,0.,0.,1.,1.,1.,1.,1.,1.,0.,0.,1.,0.,0.,1.,0.,       2019P   1817
0.,1.;                                                              2019P   1818
110,2.1,1.675,1.4,1.357178454,1.675,1.4;                            2021P   1819
102,6,1999,2003,2007,2011,2015,2019;                                2023P   1820
102,6,2001,2005,2009,2013,2017,2021;                                2025P   1821
142,1,1997,2023,2025,1;                                             2027P   1822
144,1997,1,0,2027;                                                  2029P   1823
128,1,1,1,1,0,0,1,0,0,0.,0.,1.,1.,0.,0.,1.,1.,1.,1.,1.,1.,          2031P   1824
-2.049109207,-0.932178454,1.4,-2.1,-0.932178454,1.4,                2031P   1825
-2.049109207,-0.932178454,1.7,-2.1,-0.932178454,1.7,0.,1.,0.,       2031P   1826
1.;                                                                 2031P   1827
126,1,1,1,0,1,0,0.,0.,1.,1.,1.,1.,0.,1.,0.,0.,0.,0.,0.,1.,0.,       2033P   1828
0.,1.;                                                              2033P   1829
110,-2.049109207,-0.932178454,1.7,-2.049109207,-0.932178454,        2035P   1830
1.4;                                                                2035P   1831
126,1,1,1,0,1,0,0.,0.,1.,1.,1.,1.,0.,0.,0.,1.,0.,0.,0.,1.,0.,       2037P   1832
0.,1.;                                                              2037P   1833
110,-2.049109207,-0.932178454,1.4,-2.1,-0.932178454,1.4;            2039P   1834
126,1,1,1,0,1,0,0.,0.,1.,1.,1.,1.,1.,0.,0.,1.,1.,0.,0.,1.,0.,       2041P   1835
0.,1.;                                                              2041P   1836
110,-2.1,-0.932178454,1.4,-2.1,-0.932178454,1.7;                    2043P   1837
126,1,1,1,0,1,0,0.,0.,1.,1.,1.,1.,1.,1.,0.,0.,1.,0.,0.,1.,0.,       2045P   1838
0.,1.;                                                              2045P   1839
110,-2.1,-0.932178454,1.7,-2.049109207,-0.932178454,1.7;            2047P   1840
102,4,2033,2037,2041,2045;                                          2049P   1841
102,4,2035,2039,2043,2047;                                          2051P   1842
142,1,2031,2049,2051,1;                                             2053P   1843
144,2031,1,0,2053;                                                  2055P   1844
128,1,1,1,1,0,0,1,0,0,0.,0.,1.,1.,0.,0.,1.,1.,1.,1.,1.,1.,          2057P   1845
-1.357178454,-1.675,1.7,-1.357178454,-1.675,1.4,-1.357178454,       2057P   1846
-1.624109207,1.7,-1.357178454,-1.624109207,1.4,0.,1.,0.,1.;         2057P   1847
126,1,1,1,0,1,0,0.,0.,1.,1.,1.,1.,0.,0.,0.,1.,0.,0.,0.,1.,0.,       2059P   1848
0.,1.;                                                              2059P   1849
110,-1.357178454,-1.675,1.7,-1.357178454,-1.675,1.4;                2061P   1850
126,1,1,1,0,1,0,0.,0.,1.,1.,1.,1.,1.,0.,0.,1.,1.,0.,0.,1.,0.,       2063P   1851
0.,1.;                                                              2063P   1852
110,-1.357178454,-1.675,1.4,-1.357178454,-1.624109207,1.4;          2065P   1853
126,1,1,1,0,1,0,0.,0.,1.,1.,1.,1.,1.,1.,0.,0.,1.,0.,0.,1.,0.,       2067P   1854
0.,1.;                                                              2067P   1855
110,-1.357178454,-1.624109207,1.4,-1.357178454,-1.624109207,        2069P   1856
1.7;                                                                2069P   1857
126,1,1,1,0,1,0,0.,0.,1.,1.,1.,1.,0.,1.,0.,0.,0.,0.,0.,1.,0.,       2071P   1858
0.,1.;                                                              2071P   1859
110,-1.357178454,-1.624109207,1.7,-1.357178454,-1.675,1.7;          2073P   1860
102,4,2059,2063,2067,2071;                                          2075P   1861
102,4,2061,2065,2069,2073;                                          2077P   1862
142,1,2057,2075,2077,1;                                             2079P   1863
144,2057,1,0,2079;                                                  2081P   1864
128,1,1,1,1,0,0,1,0,0,0.,0.,1.,1.,0.,0.,1.,1.,1.,1.,1.,1.,          2083P   1865
-1.357178454,-1.675,1.4,-2.1,-1.675,1.4,-1.357178454,               2083P   1866
-0.932178454,1.4,-2.1,-0.932178454,1.4,0.,1.,0.,1.;                 2083P   1867
126,1,1,1,0,1,0,0.,0.,1.,1.,1.,1.,0.93148988,1.,0.,0.93148988,      2085P   1868
0.06851012,0.,0.,1.,0.,0.,1.;                                       2085P   1869
110,-2.049109207,-0.932178454,1.4,-2.049109207,-1.624109207,        2087P   1870
1.4;                                                                2087P   1871
126,1,1,1,0,1,0,0.,0.,1.,1.,1.,1.,0.93148988,0.06851012,0.,0.,      2089P   1872
0.06851012,0.,0.,1.,0.,0.,1.;                                       2089P   1873
110,-2.049109207,-1.624109207,1.4,-1.357178454,-1.624109207,        2091P   1874
1.4;                                                                2091P   1875
126,1,1,1,0,1,0,0.,0.,1.,1.,1.,1.,0.,0.06851012,0.,0.,0.,0.,0.,     2093P   1876
1.,0.,0.,1.;                                                        2093P   1877
110,-1.357178454,-1.624109207,1.4,-1.357178454,-1.675,1.4;          2095P   1878
126,1,1,1,0,1,0,0.,0.,1.,1.,1.,1.,0.,0.,0.,1.,0.,0.,0.,1.,0.,       2097P   1879
0.,1.;                                                              2097P   1880
110,-1.357178454,-1.675,1.4,-2.1,-1.675,1.4;                        2099P   1881
126,1,1,1,0,1,0,0.,0.,1.,1.,1.,1.,1.,0.,0.,1.,1.,0.,0.,1.,0.,       2101P   1882
0.,1.;                                                              2101P   1883
110,-2.1,-1.675,1.4,-2.1,-0.932178454,1.4;                          2103P   1884
126,1,1,1,0,1,0,0.,0.,1.,1.,1.,1.,1.,1.,0.,0.93148988,1.,0.,0.,     2105P   1885
1.,0.,0.,1.;                                                        2105P   1886
110,-2.1,-0.932178454,1.4,-2.049109207,-0.932178454,1.4;            2107P   1887
102,6,2085,2089,2093,2097,2101,2105;                                2109P   1888
102,6,2087,2091,2095,2099,2103,2107;                                2111P   1889
142,1,2083,2109,2111,1;                                             2113P   1890
144,2083,1,0,2113;                                                  2115P   1891
128,1,1,1,1,0,0,1,0,0,0.,0.,1.,1.,0.,0.,1.,1.,1.,1.,1.,1.,          2117P   1892
2.049109207,-0.932178454,1.4,2.049109207,-0.932178454,1.7,2.1,      2117P   1893
-0.932178454,1.4,2.1,-0.932178454,1.7,0.,1.,0.,1.;                  2117P   1894
126,1,1,1,0,1,0,0.,0.,1.,1.,1.,1.,1.,1.,0.,0.,1.,0.,0.,1.,0.,       2119P   1895
0.,1.;                                                              2119P   1896
110,2.1,-0.932178454,1.7,2.1,-0.932178454,1.4;                      2121P   1897
126,1,1,1,0,1,0,0.,0.,1.,1.,1.,1.,0.,1.,0.,0.,0.,0.,0.,1.,0.,       2123P   1898
0.,1.;                                                              2123P   1899
110,2.1,-0.932178454,1.4,2.049109207,-0.932178454,1.4;              2125P   1900
126,1,1,1,0,1,0,0.,0.,1.,1.,1.,1.,0.,0.,0.,1.,0.,0.,0.,1.,0.,       2127P   1901
0.,1.;                                                              2127P   1902
110,2.049109207,-0.932178454,1.4,2.049109207,-0.932178454,1.7;      2129P   1903
126,1,1,1,0,1,0,0.,0.,1.,1.,1.,1.,1.,0.,0.,1.,1.,0.,0.,1.,0.,       2131P   1904
0.,1.;                                                              2131P   1905
110,2.049109207,-0.932178454,1.7,2.1,-0.932178454,1.7;              2133P   1906
102,4,2119,2123,2127,2131;                                          2135P   1907
102,4,2121,2125,2129,2133;                                          2137P   1908
142,1,2117,2135,2137,1;                                             2139P   1909
144,2117,1,0,2139;                                                  2141P   1910
128,1,1,1,1,0,0,1,0,0,0.,0.,1.,1.,0.,0.,1.,1.,1.,1.,1.,1.,          2143P   1911
1.357178454,-1.675,1.4,1.357178454,-1.675,1.7,1.357178454,          2143P   1912
-1.624109207,1.4,1.357178454,-1.624109207,1.7,0.,1.,0.,1.;          2143P   1913
126,1,1,1,0,1,0,0.,0.,1.,1.,1.,1.,1.,1.,0.,0.,1.,0.,0.,1.,0.,       2145P   1914
0.,1.;                                                              2145P   1915
110,1.357178454,-1.624109207,1.7,1.357178454,-1.624109207,1.4;      2147P   1916
126,1,1,1,0,1,0,0.,0.,1.,1.,1.,1.,0.,1.,0.,0.,0.,0.,0.,1.,0.,       2149P   1917
0.,1.;                                                              2149P   1918
110,1.357178454,-1.624109207,1.4,1.357178454,-1.675,1.4;            2151P   1919
126,1,1,1,0,1,0,0.,0.,1.,1.,1.,1.,0.,0.,0.,1.,0.,0.,0.,1.,0.,       2153P   1920
0.,1.;                                                              2153P   1921
110,1.357178454,-1.675,1.4,1.357178454,-1.675,1.7;                  2155P   1922
126,1,1,1,0,1,0,0.,0.,1.,1.,1.,1.,1.,0.,0.,1.,1.,0.,0.,1.,0.,       2157P   1923
0.,1.;                                                              2157P   1924
110,1.357178454,-1.675,1.7,1.357178454,-1.624109207,1.7;            2159P   1925
102,4,2145,2149,2153,2157;                                          2161P   1926
102,4,2147,2151,2155,2159;                                          2163P   1927
142,1,2143,2161,2163,1;                                             2165P   1928
144,2143,1,0,2165;                                                  2167P   1929
128,1,1,1,1,0,0,1,0,0,0.,0.,1.,1.,0.,0.,1.,1.,1.,1.,1.,1.,          2169P   1930
1.357178454,-1.675,1.4,2.1,-1.675,1.4,1.357178454,-0.932178454,     2169P   1931
1.4,2.1,-0.932178454,1.4,0.,1.,0.,1.;                               2169P   1932
126,1,1,1,0,1,0,0.,0.,1.,1.,1.,1.,1.,1.,0.,0.93148988,1.,0.,0.,     2171P   1933
1.,0.,0.,1.;                                                        2171P   1934
110,2.1,-0.932178454,1.4,2.049109207,-0.932178454,1.4;              2173P   1935
126,1,1,1,0,1,0,0.,0.,1.,1.,1.,1.,0.93148988,1.,0.,0.93148988,      2175P   1936
0.06851012,0.,0.,1.,0.,0.,1.;                                       2175P   1937
110,2.049109207,-0.932178454,1.4,2.049109207,-1.624109207,1.4;      2177P   1938
126,1,1,1,0,1,0,0.,0.,1.,1.,1.,1.,0.93148988,0.06851012,0.,0.,      2179P   1939
0.06851012,0.,0.,1.,0.,0.,1.;                                       2179P   1940
110,2.049109207,-1.624109207,1.4,1.357178454,-1.624109207,1.4;      2181P   1941
126,1,1,1,0,1,0,0.,0.,1.,1.,1.,1.,0.,0.06851012,0.,0.,0.,0.,0.,     2183P   1942
1.,0.,0.,1.;                                                        2183P   1943
110,1.357178454,-1.624109207,1.4,1.357178454,-1.675,1.4;            2185P   1944
126,1,1,1,0,1,0,0.,0.,1.,1.,1.,1.,0.,0.,0.,1.,0.,0.,0.,1.,0.,       2187P   1945
0.,1.;                                                              2187P   1946
110,1.357178454,-1.675,1.4,2.1,-1.675,1.4;                          2189P   1947
126,1,1,1,0,1,0,0.,0.,1.,1.,1.,1.,1.,0.,0.,1.,1.,0.,0.,1.,0.,       2191P   1948
0.,1.;                                                              2191P   1949
110,2.1,-1.675,1.4,2.1,-0.932178454,1.4;                            2193P   1950
102,6,2171,2175,2179,2183,2187,2191;                                2195P   1951
102,6,2173,2177,2181,2185,2189,2193;                                2197P   1952
142,1,2169,2195,2197,1;                                             2199P   1953
144,2169,1,0,2199;                                                  2201P   1954
128,1,1,1,1,0,0,1,0,0,0.,0.,1.,1.,0.,0.,1.,1.,1.,1.,1.,1.,          2203P   1955
-1.357178454,1.624109207,1.4,-1.357178454,1.675,1.4,                2203P   1956
-1.357178454,1.624109207,1.7,-1.357178454,1.675,1.7,0.,1.,0.,       2203P   1957
1.;                                                                 2203P   1958
126,1,1,1,0,1,0,0.,0.,1.,1.,1.,1.,0.,1.,0.,0.,0.,0.,0.,1.,0.,       2205P   1959
0.,1.;                                                              2205P   1960
110,-1.357178454,1.624109207,1.7,-1.357178454,1.624109207,1.4;      2207P   1961
126,1,1,1,0,1,0,0.,0.,1.,1.,1.,1.,0.,0.,0.,1.,0.,0.,0.,1.,0.,       2209P   1962
0.,1.;                                                              2209P   1963
110,-1.357178454,1.624109207,1.4,-1.357178454,1.675,1.4;            2211P   1964
126,1,1,1,0,1,0,0.,0.,1.,1.,1.,1.,1.,0.,0.,1.,1.,0.,0.,1.,0.,       2213P   1965
0.,1.;                                                              2213P   1966
110,-1.357178454,1.675,1.4,-1.357178454,1.675,1.7;                  2215P   1967
126,1,1,1,0,1,0,0.,0.,1.,1.,1.,1.,1.,1.,0.,0.,1.,0.,0.,1.,0.,       2217P   1968
0.,1.;                                                              2217P   1969
110,-1.357178454,1.675,1.7,-1.357178454,1.624109207,1.7;            2219P   1970
102,4,2205,2209,2213,2217;                                          2221P   1971
102,4,2207,2211,2215,2219;                                          2223P   1972
142,1,2203,2221,2223,1;                                             2225P   1973
144,2203,1,0,2225;                                                  2227P   1974
128,1,1,1,1,0,0,1,0,0,0.,0.,1.,1.,0.,0.,1.,1.,1.,1.,1.,1.,-2.1,     2229P   1975
0.932178454,1.7,-2.1,0.932178454,1.4,-2.049109207,0.932178454,      2229P   1976
1.7,-2.049109207,0.932178454,1.4,0.,1.,0.,1.;                       2229P   1977
126,1,1,1,0,1,0,0.,0.,1.,1.,1.,1.,0.,0.,0.,1.,0.,0.,0.,1.,0.,       2231P   1978
0.,1.;                                                              2231P   1979
110,-2.1,0.932178454,1.7,-2.1,0.932178454,1.4;                      2233P   1980
126,1,1,1,0,1,0,0.,0.,1.,1.,1.,1.,1.,0.,0.,1.,1.,0.,0.,1.,0.,       2235P   1981
0.,1.;                                                              2235P   1982
110,-2.1,0.932178454,1.4,-2.049109207,0.932178454,1.4;              2237P   1983
126,1,1,1,0,1,0,0.,0.,1.,1.,1.,1.,1.,1.,0.,0.,1.,0.,0.,1.,0.,       2239P   1984
0.,1.;                                                              2239P   1985
110,-2.049109207,0.932178454,1.4,-2.049109207,0.932178454,1.7;      2241P   1986
126,1,1,1,0,1,0,0.,0.,1.,1.,1.,1.,0.,1.,0.,0.,0.,0.,0.,1.,0.,       2243P   1987
0.,1.;                                                              2243P   1988
110,-2.049109207,0.932178454,1.7,-2.1,0.932178454,1.7;              2245P   1989
102,4,2231,2235,2239,2243;                                          2247P   1990
102,4,2233,2237,2241,2245;                                          2249P   1991
142,1,2229,2247,2249,1;                                             2251P   1992
144,2229,1,0,2251;                                                  2253P   1993
128,1,1,1,1,0,0,1,0,0,0.,0.,1.,1.,0.,0.,1.,1.,1.,1.,1.,1.,          2255P   1994
-1.357178454,0.932178454,1.4,-2.1,0.932178454,1.4,-1.357178454,     2255P   1995
1.675,1.4,-2.1,1.675,1.4,0.,1.,0.,1.;                               2255P   1996
126,1,1,1,0,1,0,0.,0.,1.,1.,1.,1.,0.,0.93148988,0.,0.93148988,      2257P   1997
0.93148988,0.,0.,1.,0.,0.,1.;                                       2257P   1998
110,-1.357178454,1.624109207,1.4,-2.049109207,1.624109207,1.4;      2259P   1999
126,1,1,1,0,1,0,0.,0.,1.,1.,1.,1.,0.93148988,0.93148988,0.,         2261P   2000
0.93148988,0.,0.,0.,1.,0.,0.,1.;                                    2261P   2001
110,-2.049109207,1.624109207,1.4,-2.049109207,0.932178454,1.4;      2263P   2002
126,1,1,1,0,1,0,0.,0.,1.,1.,1.,1.,0.93148988,0.,0.,1.,0.,0.,0.,     2265P   2003
1.,0.,0.,1.;                                                        2265P   2004
110,-2.049109207,0.932178454,1.4,-2.1,0.932178454,1.4;              2267P   2005
126,1,1,1,0,1,0,0.,0.,1.,1.,1.,1.,1.,0.,0.,1.,1.,0.,0.,1.,0.,       2269P   2006
0.,1.;                                                              2269P   2007
110,-2.1,0.932178454,1.4,-2.1,1.675,1.4;                            2271P   2008
126,1,1,1,0,1,0,0.,0.,1.,1.,1.,1.,1.,1.,0.,0.,1.,0.,0.,1.,0.,       2273P   2009
0.,1.;                                                              2273P   2010
110,-2.1,1.675,1.4,-1.357178454,1.675,1.4;                          2275P   2011
126,1,1,1,0,1,0,0.,0.,1.,1.,1.,1.,0.,1.,0.,0.,0.93148988,0.,0.,     2277P   2012
1.,0.,0.,1.;                                                        2277P   2013
110,-1.357178454,1.675,1.4,-1.357178454,1.624109207,1.4;            2279P   2014
102,6,2257,2261,2265,2269,2273,2277;                                2281P   2015
102,6,2259,2263,2267,2271,2275,2279;                                2283P   2016
142,1,2255,2281,2283,1;                                             2285P   2017
144,2255,1,0,2285;                                                  2287P   2018
S      1G      4D   2288P   2018                                        T      1
