ISO-10303-21;
HEADER;
FILE_DESCRIPTION(('FreeCAD Model'),'2;1');
FILE_NAME('Open CASCADE Shape Model','2026-10-06T16:30:28',('Author'),(
    ''),'Open CASCADE STEP processor 7.9','FreeCAD','Unknown');
FILE_SCHEMA(('AUTOMOTIVE_DESIGN { 1 0 10303 214 1 1 1 1 }'));
ENDSEC;
DATA;
#1 = APPLICATION_PROTOCOL_DEFINITION('international standard',
  'automotive_design',2000,#2);
#2 = APPLICATION_CONTEXT(
  'core data for automotive mechanical design processes');
#3 = SHAPE_DEFINITION_REPRESENTATION(#4,#10);
#4 = PRODUCT_DEFINITION_SHAPE('','',#5);
#5 = PRODUCT_DEFINITION('design','',#6,#9);
#6 = PRODUCT_DEFINITION_FORMATION('','',#7);
#7 = PRODUCT(
'LED-SMD_4P-L2.0-W2.0-TL_WS2812B-2020~LED-SMD_4P-L2.0-W2.0-H0.8-TL_
WS2812B-2020~x8Ku001',
'LED-SMD_4P-L2.0-W2.0-TL_WS2812B-2020~LED-SMD_4P-L2.0-W2.0-H0.8-TL_
WS2812B-2020~x8Ku001','',(#8));
#8 = PRODUCT_CONTEXT('',#2,'mechanical');
#9 = PRODUCT_DEFINITION_CONTEXT('part definition',#2,'design');
#10 = ADVANCED_BREP_SHAPE_REPRESENTATION('',(#11,#15),#10176);
#11 = AXIS2_PLACEMENT_3D('',#12,#13,#14);
#12 = CARTESIAN_POINT('',(0.,0.,0.));
#13 = DIRECTION('',(0.,0.,1.));
#14 = DIRECTION('',(1.,0.,-0.));
#15 = MANIFOLD_SOLID_BREP('',#16);
#16 = CLOSED_SHELL('',(#17,#59,#101,#143,#185,#1699,#2324,#2338,#2356,
    #2436,#2456,#2520,#2540,#2601,#2671,#2709,#2749,#2810,#2880,#2950,
    #3011,#3065,#3117,#3141,#3157,#3176,#3218,#3234,#3283,#3302,#3321,
    #3345,#3369,#3393,#3417,#3441,#3465,#3482,#3496,#3520,#3544,#3561,
    #3576,#3607,#3624,#3641,#3655,#3679,#3703,#3720,#3735,#3766,#3790,
    #3814,#3831,#3871,#3895,#3913,#3931,#3943,#3961,#3974,#3992,#4005,
    #4023,#4036,#4054,#4067,#4098,#4122,#4146,#4170,#4194,#4211,#4225,
    #4261,#4285,#4314,#4343,#4372,#4401,#4430,#4459,#4483,#4512,#4541,
    #4570,#4599,#4621,#4643,#4674,#4698,#4722,#4746,#4770,#4794,#4818,
    #4842,#4866,#4890,#4914,#4931,#4951,#5081,#5103,#5124,#5145,#5166,
    #5187,#5204,#5216,#5247,#5271,#5295,#5324,#5353,#5382,#5404,#5419,
    #5543,#5565,#5582,#5599,#5616,#5633,#5650,#5667,#5679,#5710,#5734,
    #5763,#5787,#5816,#5833,#5847,#5878,#5902,#5926,#5950,#5974,#5998,
    #6022,#6046,#6070,#6094,#6118,#6135,#6155,#6355,#6381,#6398,#6419,
    #6440,#6457,#6478,#6499,#6520,#6541,#6558,#6575,#6592,#6609,#6625,
    #6661,#6690,#6719,#6748,#6777,#6806,#6830,#6847,#6863,#6899,#6923,
    #6952,#6981,#7010,#7039,#7068,#7097,#7126,#7155,#7184,#7213,#7237,
    #7266,#7295,#7324,#7353,#7382,#7411,#7440,#7462,#7491,#7522,#7546,
    #7575,#7599,#7623,#7647,#7671,#7695,#7719,#7748,#7777,#7801,#7830,
    #7859,#7876,#7899,#7930,#7954,#7978,#8002,#8026,#8050,#8074,#8098,
    #8122,#8146,#8170,#8187,#8207,#8337,#8359,#8380,#8401,#8422,#8443,
    #8460,#8472,#8503,#8527,#8551,#8580,#8609,#8638,#8660,#8675,#8799,
    #8821,#8838,#8855,#8872,#8889,#8906,#8923,#8935,#8966,#8990,#9019,
    #9043,#9072,#9089,#9103,#9428,#9454,#9475,#9496,#9517,#9538,#9559,
    #9580,#9601,#9622,#9643,#9664,#9685,#9702,#9719,#9736,#9753,#9774,
    #9795,#9816,#9837,#9858,#9879,#9900,#9917,#9938,#9959,#9976,#9997,
    #10018,#10039,#10056,#10077,#10093,#10138,#10166));
#17 = ADVANCED_FACE('',(#18),#54,.T.);
#18 = FACE_BOUND('',#19,.T.);
#19 = EDGE_LOOP('',(#20,#31,#39,#48));
#20 = ORIENTED_EDGE('',*,*,#21,.F.);
#21 = EDGE_CURVE('',#22,#24,#26,.T.);
#22 = VERTEX_POINT('',#23);
#23 = CARTESIAN_POINT('',(0.650025400051,-0.549872999746,0.319999999553)
  );
#24 = VERTEX_POINT('',#25);
#25 = CARTESIAN_POINT('',(1.000025400051,-0.899872999746,0.319999999553)
  );
#26 = CIRCLE('',#27,0.35);
#27 = AXIS2_PLACEMENT_3D('',#28,#29,#30);
#28 = CARTESIAN_POINT('',(1.000025400051,-0.549872999746,0.319999999553)
  );
#29 = DIRECTION('',(0.,0.,1.));
#30 = DIRECTION('',(1.,0.,-0.));
#31 = ORIENTED_EDGE('',*,*,#32,.T.);
#32 = EDGE_CURVE('',#22,#33,#35,.T.);
#33 = VERTEX_POINT('',#34);
#34 = CARTESIAN_POINT('',(0.650025400051,-0.549872999746,0.299999999553)
  );
#35 = LINE('',#36,#37);
#36 = CARTESIAN_POINT('',(0.650025400051,-0.549872999746,0.319999999553)
  );
#37 = VECTOR('',#38,1.);
#38 = DIRECTION('',(-0.,-0.,-1.));
#39 = ORIENTED_EDGE('',*,*,#40,.T.);
#40 = EDGE_CURVE('',#33,#41,#43,.T.);
#41 = VERTEX_POINT('',#42);
#42 = CARTESIAN_POINT('',(1.000025400051,-0.899872999746,0.299999999553)
  );
#43 = CIRCLE('',#44,0.35);
#44 = AXIS2_PLACEMENT_3D('',#45,#46,#47);
#45 = CARTESIAN_POINT('',(1.000025400051,-0.549872999746,0.299999999553)
  );
#46 = DIRECTION('',(0.,0.,1.));
#47 = DIRECTION('',(1.,0.,-0.));
#48 = ORIENTED_EDGE('',*,*,#49,.F.);
#49 = EDGE_CURVE('',#24,#41,#50,.T.);
#50 = LINE('',#51,#52);
#51 = CARTESIAN_POINT('',(1.000025400051,-0.899872999746,0.319999999553)
  );
#52 = VECTOR('',#53,1.);
#53 = DIRECTION('',(-0.,-0.,-1.));
#54 = CYLINDRICAL_SURFACE('',#55,0.35);
#55 = AXIS2_PLACEMENT_3D('',#56,#57,#58);
#56 = CARTESIAN_POINT('',(1.000025400051,-0.549872999746,0.319999999553)
  );
#57 = DIRECTION('',(-0.,-0.,-1.));
#58 = DIRECTION('',(-1.,0.,0.));
#59 = ADVANCED_FACE('',(#60),#96,.T.);
#60 = FACE_BOUND('',#61,.T.);
#61 = EDGE_LOOP('',(#62,#73,#81,#90));
#62 = ORIENTED_EDGE('',*,*,#63,.T.);
#63 = EDGE_CURVE('',#64,#66,#68,.T.);
#64 = VERTEX_POINT('',#65);
#65 = CARTESIAN_POINT('',(1.000025400051,0.200127000254,0.319999999553)
  );
#66 = VERTEX_POINT('',#67);
#67 = CARTESIAN_POINT('',(0.650025400051,0.550127000254,0.319999999553)
  );
#68 = CIRCLE('',#69,0.35);
#69 = AXIS2_PLACEMENT_3D('',#70,#71,#72);
#70 = CARTESIAN_POINT('',(1.000025400051,0.550127000254,0.319999999553)
  );
#71 = DIRECTION('',(0.,0.,-1.));
#72 = DIRECTION('',(1.,0.,0.));
#73 = ORIENTED_EDGE('',*,*,#74,.T.);
#74 = EDGE_CURVE('',#66,#75,#77,.T.);
#75 = VERTEX_POINT('',#76);
#76 = CARTESIAN_POINT('',(0.650025400051,0.550127000254,0.299999999553)
  );
#77 = LINE('',#78,#79);
#78 = CARTESIAN_POINT('',(0.650025400051,0.550127000254,0.319999999553)
  );
#79 = VECTOR('',#80,1.);
#80 = DIRECTION('',(-0.,-0.,-1.));
#81 = ORIENTED_EDGE('',*,*,#82,.F.);
#82 = EDGE_CURVE('',#83,#75,#85,.T.);
#83 = VERTEX_POINT('',#84);
#84 = CARTESIAN_POINT('',(1.000025400051,0.200127000254,0.299999999553)
  );
#85 = CIRCLE('',#86,0.35);
#86 = AXIS2_PLACEMENT_3D('',#87,#88,#89);
#87 = CARTESIAN_POINT('',(1.000025400051,0.550127000254,0.299999999553)
  );
#88 = DIRECTION('',(0.,0.,-1.));
#89 = DIRECTION('',(1.,0.,0.));
#90 = ORIENTED_EDGE('',*,*,#91,.F.);
#91 = EDGE_CURVE('',#64,#83,#92,.T.);
#92 = LINE('',#93,#94);
#93 = CARTESIAN_POINT('',(1.000025400051,0.200127000254,0.319999999553)
  );
#94 = VECTOR('',#95,1.);
#95 = DIRECTION('',(-0.,-0.,-1.));
#96 = CYLINDRICAL_SURFACE('',#97,0.35);
#97 = AXIS2_PLACEMENT_3D('',#98,#99,#100);
#98 = CARTESIAN_POINT('',(1.000025400051,0.550127000254,0.319999999553)
  );
#99 = DIRECTION('',(-0.,-0.,-1.));
#100 = DIRECTION('',(-1.,0.,0.));
#101 = ADVANCED_FACE('',(#102),#138,.F.);
#102 = FACE_BOUND('',#103,.F.);
#103 = EDGE_LOOP('',(#104,#114,#123,#131));
#104 = ORIENTED_EDGE('',*,*,#105,.T.);
#105 = EDGE_CURVE('',#106,#108,#110,.T.);
#106 = VERTEX_POINT('',#107);
#107 = CARTESIAN_POINT('',(-0.999974599949,-0.399872999746,
    -4.470348362318E-10));
#108 = VERTEX_POINT('',#109);
#109 = CARTESIAN_POINT('',(-0.999974599949,-0.399872999746,
    0.319999999553));
#110 = LINE('',#111,#112);
#111 = CARTESIAN_POINT('',(-0.999974599949,-0.399872999746,
    -9.700000000447));
#112 = VECTOR('',#113,1.);
#113 = DIRECTION('',(0.,0.,1.));
#114 = ORIENTED_EDGE('',*,*,#115,.T.);
#115 = EDGE_CURVE('',#108,#116,#118,.T.);
#116 = VERTEX_POINT('',#117);
#117 = CARTESIAN_POINT('',(-0.849974599949,-0.549872999746,
    0.319999999553));
#118 = CIRCLE('',#119,0.15);
#119 = AXIS2_PLACEMENT_3D('',#120,#121,#122);
#120 = CARTESIAN_POINT('',(-0.999974599949,-0.549872999746,
    0.319999999553));
#121 = DIRECTION('',(0.,0.,-1.));
#122 = DIRECTION('',(1.,0.,0.));
#123 = ORIENTED_EDGE('',*,*,#124,.F.);
#124 = EDGE_CURVE('',#125,#116,#127,.T.);
#125 = VERTEX_POINT('',#126);
#126 = CARTESIAN_POINT('',(-0.849974599949,-0.549872999746,
    -4.470348362318E-10));
#127 = LINE('',#128,#129);
#128 = CARTESIAN_POINT('',(-0.849974599949,-0.549872999746,
    -9.700000000447));
#129 = VECTOR('',#130,1.);
#130 = DIRECTION('',(0.,0.,1.));
#131 = ORIENTED_EDGE('',*,*,#132,.T.);
#132 = EDGE_CURVE('',#125,#106,#133,.T.);
#133 = CIRCLE('',#134,0.15);
#134 = AXIS2_PLACEMENT_3D('',#135,#136,#137);
#135 = CARTESIAN_POINT('',(-0.999974599949,-0.549872999746,
    -4.470348362318E-10));
#136 = DIRECTION('',(0.,0.,1.));
#137 = DIRECTION('',(-1.,0.,0.));
#138 = CYLINDRICAL_SURFACE('',#139,0.15);
#139 = AXIS2_PLACEMENT_3D('',#140,#141,#142);
#140 = CARTESIAN_POINT('',(-0.999974599949,-0.549872999746,
    -9.700000000447));
#141 = DIRECTION('',(0.,0.,1.));
#142 = DIRECTION('',(1.,0.,-0.));
#143 = ADVANCED_FACE('',(#144),#180,.F.);
#144 = FACE_BOUND('',#145,.F.);
#145 = EDGE_LOOP('',(#146,#156,#165,#173));
#146 = ORIENTED_EDGE('',*,*,#147,.T.);
#147 = EDGE_CURVE('',#148,#150,#152,.T.);
#148 = VERTEX_POINT('',#149);
#149 = CARTESIAN_POINT('',(-0.999974599949,0.700127000254,
    -4.470348362318E-10));
#150 = VERTEX_POINT('',#151);
#151 = CARTESIAN_POINT('',(-0.999974599949,0.700127000254,0.319999999553
    ));
#152 = LINE('',#153,#154);
#153 = CARTESIAN_POINT('',(-0.999974599949,0.700127000254,
    -9.700000000447));
#154 = VECTOR('',#155,1.);
#155 = DIRECTION('',(0.,0.,1.));
#156 = ORIENTED_EDGE('',*,*,#157,.T.);
#157 = EDGE_CURVE('',#150,#158,#160,.T.);
#158 = VERTEX_POINT('',#159);
#159 = CARTESIAN_POINT('',(-0.849974599949,0.550127000254,0.319999999553
    ));
#160 = CIRCLE('',#161,0.15);
#161 = AXIS2_PLACEMENT_3D('',#162,#163,#164);
#162 = CARTESIAN_POINT('',(-0.999974599949,0.550127000254,0.319999999553
    ));
#163 = DIRECTION('',(0.,0.,-1.));
#164 = DIRECTION('',(1.,0.,0.));
#165 = ORIENTED_EDGE('',*,*,#166,.F.);
#166 = EDGE_CURVE('',#167,#158,#169,.T.);
#167 = VERTEX_POINT('',#168);
#168 = CARTESIAN_POINT('',(-0.849974599949,0.550127000254,
    -4.470348362318E-10));
#169 = LINE('',#170,#171);
#170 = CARTESIAN_POINT('',(-0.849974599949,0.550127000254,
    -9.700000000447));
#171 = VECTOR('',#172,1.);
#172 = DIRECTION('',(0.,0.,1.));
#173 = ORIENTED_EDGE('',*,*,#174,.T.);
#174 = EDGE_CURVE('',#167,#148,#175,.T.);
#175 = CIRCLE('',#176,0.15);
#176 = AXIS2_PLACEMENT_3D('',#177,#178,#179);
#177 = CARTESIAN_POINT('',(-0.999974599949,0.550127000254,
    -4.470348362318E-10));
#178 = DIRECTION('',(0.,0.,1.));
#179 = DIRECTION('',(1.,0.,-0.));
#180 = CYLINDRICAL_SURFACE('',#181,0.15);
#181 = AXIS2_PLACEMENT_3D('',#182,#183,#184);
#182 = CARTESIAN_POINT('',(-0.999974599949,0.550127000254,
    -9.700000000447));
#183 = DIRECTION('',(0.,0.,1.));
#184 = DIRECTION('',(1.,0.,-0.));
#185 = ADVANCED_FACE('',(#186,#313,#435,#533,#659,#709,#759,#857,#919,
    #985,#1174,#1272,#1334,#1400),#1694,.F.);
#186 = FACE_BOUND('',#187,.T.);
#187 = EDGE_LOOP('',(#188,#198,#206,#215,#224,#232,#241,#250,#258,#266,
    #274,#282,#290,#298,#307));
#188 = ORIENTED_EDGE('',*,*,#189,.F.);
#189 = EDGE_CURVE('',#190,#192,#194,.T.);
#190 = VERTEX_POINT('',#191);
#191 = CARTESIAN_POINT('',(0.118467552903,-0.999872999746,0.149924394584
    ));
#192 = VERTEX_POINT('',#193);
#193 = CARTESIAN_POINT('',(0.113185582688,-0.999872999746,0.149924394584
    ));
#194 = LINE('',#195,#196);
#195 = CARTESIAN_POINT('',(0.113185582688,-0.999872999746,0.149924394584
    ));
#196 = VECTOR('',#197,1.);
#197 = DIRECTION('',(-1.,-0.,-0.));
#198 = ORIENTED_EDGE('',*,*,#199,.F.);
#199 = EDGE_CURVE('',#200,#190,#202,.T.);
#200 = VERTEX_POINT('',#201);
#201 = CARTESIAN_POINT('',(0.105283422524,-0.999872999746,0.116485779995
    ));
#202 = LINE('',#203,#204);
#203 = CARTESIAN_POINT('',(0.118467552903,-0.999872999746,0.149924394584
    ));
#204 = VECTOR('',#205,1.);
#205 = DIRECTION('',(0.366797678951,0.,0.930300737781));
#206 = ORIENTED_EDGE('',*,*,#207,.F.);
#207 = EDGE_CURVE('',#208,#200,#210,.T.);
#208 = VERTEX_POINT('',#209);
#209 = CARTESIAN_POINT('',(9.491703609836E-02,-0.999872999746,
    0.107190344223));
#210 = B_SPLINE_CURVE_WITH_KNOTS('',3,(#211,#212,#213,#214),
  .UNSPECIFIED.,.F.,.F.,(4,4),(1.,2.),.PIECEWISE_BEZIER_KNOTS.);
#211 = CARTESIAN_POINT('',(9.491703609836E-02,-0.999872999746,
    0.107190344223));
#212 = CARTESIAN_POINT('',(9.937759755927E-02,-0.999872999746,
    0.107190344223));
#213 = CARTESIAN_POINT('',(0.102829593842,-0.999872999746,0.110288822814
    ));
#214 = CARTESIAN_POINT('',(0.105283422524,-0.999872999746,0.116485779995
    ));
#215 = ORIENTED_EDGE('',*,*,#216,.F.);
#216 = EDGE_CURVE('',#217,#208,#219,.T.);
#217 = VERTEX_POINT('',#218);
#218 = CARTESIAN_POINT('',(9.16314010828E-02,-0.999872999746,
    0.10760624739));
#219 = B_SPLINE_CURVE_WITH_KNOTS('',3,(#220,#221,#222,#223),
  .UNSPECIFIED.,.F.,.F.,(4,4),(2.,3.),.PIECEWISE_BEZIER_KNOTS.);
#220 = CARTESIAN_POINT('',(9.16314010828E-02,-0.999872999746,
    0.10760624739));
#221 = CARTESIAN_POINT('',(9.253599046994E-02,-0.999872999746,
    0.107335910332));
#222 = CARTESIAN_POINT('',(9.363813386123E-02,-0.999872999746,
    0.107190344223));
#223 = CARTESIAN_POINT('',(9.491703609836E-02,-0.999872999746,
    0.107190344223));
#224 = ORIENTED_EDGE('',*,*,#225,.F.);
#225 = EDGE_CURVE('',#226,#217,#228,.T.);
#226 = VERTEX_POINT('',#227);
#227 = CARTESIAN_POINT('',(9.16314010828E-02,-0.999872999746,
    0.112139591905));
#228 = LINE('',#229,#230);
#229 = CARTESIAN_POINT('',(9.16314010828E-02,-0.999872999746,
    0.10760624739));
#230 = VECTOR('',#231,1.);
#231 = DIRECTION('',(-0.,-0.,-1.));
#232 = ORIENTED_EDGE('',*,*,#233,.F.);
#233 = EDGE_CURVE('',#234,#226,#236,.T.);
#234 = VERTEX_POINT('',#235);
#235 = CARTESIAN_POINT('',(9.452192809006E-02,-0.999872999746,
    0.111557327472));
#236 = B_SPLINE_CURVE_WITH_KNOTS('',3,(#237,#238,#239,#240),
  .UNSPECIFIED.,.F.,.F.,(4,4),(4.,5.),.PIECEWISE_BEZIER_KNOTS.);
#237 = CARTESIAN_POINT('',(9.452192809006E-02,-0.999872999746,
    0.111557327472));
#238 = CARTESIAN_POINT('',(9.358614596547E-02,-0.999872999746,
    0.111557327472));
#239 = CARTESIAN_POINT('',(9.262956868244E-02,-0.999872999746,
    0.111744483897));
#240 = CARTESIAN_POINT('',(9.16314010828E-02,-0.999872999746,
    0.112139591905));
#241 = ORIENTED_EDGE('',*,*,#242,.F.);
#242 = EDGE_CURVE('',#243,#234,#245,.T.);
#243 = VERTEX_POINT('',#244);
#244 = CARTESIAN_POINT('',(9.974151282998E-02,-0.999872999746,
    0.115653973662));
#245 = B_SPLINE_CURVE_WITH_KNOTS('',3,(#246,#247,#248,#249),
  .UNSPECIFIED.,.F.,.F.,(4,4),(5.,6.),.PIECEWISE_BEZIER_KNOTS.);
#246 = CARTESIAN_POINT('',(9.974151282998E-02,-0.999872999746,
    0.115653973662));
#247 = CARTESIAN_POINT('',(9.858738154294E-02,-0.999872999746,
    0.112909012763));
#248 = CARTESIAN_POINT('',(9.685098582273E-02,-0.999872999746,
    0.111557327472));
#249 = CARTESIAN_POINT('',(9.452192809006E-02,-0.999872999746,
    0.111557327472));
#250 = ORIENTED_EDGE('',*,*,#251,.F.);
#251 = EDGE_CURVE('',#252,#243,#254,.T.);
#252 = VERTEX_POINT('',#253);
#253 = CARTESIAN_POINT('',(0.10197699235,-0.999872999746,0.120935943877)
  );
#254 = LINE('',#255,#256);
#255 = CARTESIAN_POINT('',(9.974151282998E-02,-0.999872999746,
    0.115653973662));
#256 = VECTOR('',#257,1.);
#257 = DIRECTION('',(-0.389758265065,-0.,-0.920917203017));
#258 = ORIENTED_EDGE('',*,*,#259,.F.);
#259 = EDGE_CURVE('',#260,#252,#262,.T.);
#260 = VERTEX_POINT('',#261);
#261 = CARTESIAN_POINT('',(9.058124558727E-02,-0.999872999746,
    0.149924394584));
#262 = LINE('',#263,#264);
#263 = CARTESIAN_POINT('',(0.10197699235,-0.999872999746,0.120935943877)
  );
#264 = VECTOR('',#265,1.);
#265 = DIRECTION('',(0.365858921669,0.,-0.930670322636));
#266 = ORIENTED_EDGE('',*,*,#267,.F.);
#267 = EDGE_CURVE('',#268,#260,#270,.T.);
#268 = VERTEX_POINT('',#269);
#269 = CARTESIAN_POINT('',(9.627911896871E-02,-0.999872999746,
    0.149924394584));
#270 = LINE('',#271,#272);
#271 = CARTESIAN_POINT('',(9.058124558727E-02,-0.999872999746,
    0.149924394584));
#272 = VECTOR('',#273,1.);
#273 = DIRECTION('',(-1.,-0.,-0.));
#274 = ORIENTED_EDGE('',*,*,#275,.F.);
#275 = EDGE_CURVE('',#276,#268,#278,.T.);
#276 = VERTEX_POINT('',#277);
#277 = CARTESIAN_POINT('',(0.103869351758,-0.999872999746,0.128089478341
    ));
#278 = LINE('',#279,#280);
#279 = CARTESIAN_POINT('',(9.627911896871E-02,-0.999872999746,
    0.149924394584));
#280 = VECTOR('',#281,1.);
#281 = DIRECTION('',(-0.328346164813,0.,0.944557460429));
#282 = ORIENTED_EDGE('',*,*,#283,.F.);
#283 = EDGE_CURVE('',#284,#276,#286,.T.);
#284 = VERTEX_POINT('',#285);
#285 = CARTESIAN_POINT('',(0.104493206508,-0.999872999746,0.125698035134
    ));
#286 = LINE('',#287,#288);
#287 = CARTESIAN_POINT('',(0.103869351758,-0.999872999746,0.128089478341
    ));
#288 = VECTOR('',#289,1.);
#289 = DIRECTION('',(-0.252421897188,0.,0.967617272386));
#290 = ORIENTED_EDGE('',*,*,#291,.F.);
#291 = EDGE_CURVE('',#292,#284,#294,.T.);
#292 = VERTEX_POINT('',#293);
#293 = CARTESIAN_POINT('',(0.104628375037,-0.999872999746,0.125698035134
    ));
#294 = LINE('',#295,#296);
#295 = CARTESIAN_POINT('',(0.104493206508,-0.999872999746,0.125698035134
    ));
#296 = VECTOR('',#297,1.);
#297 = DIRECTION('',(-1.,-0.,-0.));
#298 = ORIENTED_EDGE('',*,*,#299,.F.);
#299 = EDGE_CURVE('',#300,#292,#302,.T.);
#300 = VERTEX_POINT('',#301);
#301 = CARTESIAN_POINT('',(0.105252229787,-0.999872999746,0.128047888025
    ));
#302 = B_SPLINE_CURVE_WITH_KNOTS('',3,(#303,#304,#305,#306),
  .UNSPECIFIED.,.F.,.F.,(4,4),(12.,13.),.PIECEWISE_BEZIER_KNOTS.);
#303 = CARTESIAN_POINT('',(0.105252229787,-0.999872999746,0.128047888025
    ));
#304 = CARTESIAN_POINT('',(0.104940302412,-0.999872999746,0.127028925267
    ));
#305 = CARTESIAN_POINT('',(0.104732350828,-0.999872999746,0.12623870925)
  );
#306 = CARTESIAN_POINT('',(0.104628375037,-0.999872999746,0.125698035134
    ));
#307 = ORIENTED_EDGE('',*,*,#308,.F.);
#308 = EDGE_CURVE('',#192,#300,#309,.T.);
#309 = LINE('',#310,#311);
#310 = CARTESIAN_POINT('',(0.105252229787,-0.999872999746,0.128047888025
    ));
#311 = VECTOR('',#312,1.);
#312 = DIRECTION('',(-0.340917796219,-0.,-0.9400931104));
#313 = FACE_BOUND('',#314,.T.);
#314 = EDGE_LOOP('',(#315,#326,#335,#343,#351,#359,#367,#376,#385,#394,
    #403,#411,#420,#429));
#315 = ORIENTED_EDGE('',*,*,#316,.F.);
#316 = EDGE_CURVE('',#317,#319,#321,.T.);
#317 = VERTEX_POINT('',#318);
#318 = CARTESIAN_POINT('',(5.090408350064E-02,-0.999872999746,
    0.150589839651));
#319 = VERTEX_POINT('',#320);
#320 = CARTESIAN_POINT('',(4.090161234557E-02,-0.999872999746,
    0.147886469068));
#321 = B_SPLINE_CURVE_WITH_KNOTS('',3,(#322,#323,#324,#325),
  .UNSPECIFIED.,.F.,.F.,(4,4),(0.,1.),.PIECEWISE_BEZIER_KNOTS.);
#322 = CARTESIAN_POINT('',(5.090408350064E-02,-0.999872999746,
    0.150589839651));
#323 = CARTESIAN_POINT('',(4.711936468526E-02,-0.999872999746,
    0.150589839651));
#324 = CARTESIAN_POINT('',(4.378174177381E-02,-0.999872999746,
    0.149695647842));
#325 = CARTESIAN_POINT('',(4.090161234557E-02,-0.999872999746,
    0.147886469068));
#326 = ORIENTED_EDGE('',*,*,#327,.F.);
#327 = EDGE_CURVE('',#328,#317,#330,.T.);
#328 = VERTEX_POINT('',#329);
#329 = CARTESIAN_POINT('',(6.14056384554E-02,-0.999872999746,
    0.139568405737));
#330 = B_SPLINE_CURVE_WITH_KNOTS('',3,(#331,#332,#333,#334),
  .UNSPECIFIED.,.F.,.F.,(4,4),(1.,2.),.PIECEWISE_BEZIER_KNOTS.);
#331 = CARTESIAN_POINT('',(6.14056384554E-02,-0.999872999746,
    0.139568405737));
#332 = CARTESIAN_POINT('',(6.14056384554E-02,-0.999872999746,
    0.146929891785));
#333 = CARTESIAN_POINT('',(5.790165427738E-02,-0.999872999746,
    0.150589839651));
#334 = CARTESIAN_POINT('',(5.090408350064E-02,-0.999872999746,
    0.150589839651));
#335 = ORIENTED_EDGE('',*,*,#336,.F.);
#336 = EDGE_CURVE('',#337,#328,#339,.T.);
#337 = VERTEX_POINT('',#338);
#338 = CARTESIAN_POINT('',(6.14056384554E-02,-0.999872999746,
    0.120873558402));
#339 = LINE('',#340,#341);
#340 = CARTESIAN_POINT('',(6.14056384554E-02,-0.999872999746,
    0.139568405737));
#341 = VECTOR('',#342,1.);
#342 = DIRECTION('',(0.,0.,1.));
#343 = ORIENTED_EDGE('',*,*,#344,.F.);
#344 = EDGE_CURVE('',#345,#337,#347,.T.);
#345 = VERTEX_POINT('',#346);
#346 = CARTESIAN_POINT('',(5.631082466543E-02,-0.999872999746,
    0.120873558402));
#347 = LINE('',#348,#349);
#348 = CARTESIAN_POINT('',(6.14056384554E-02,-0.999872999746,
    0.120873558402));
#349 = VECTOR('',#350,1.);
#350 = DIRECTION('',(1.,0.,0.));
#351 = ORIENTED_EDGE('',*,*,#352,.F.);
#352 = EDGE_CURVE('',#353,#345,#355,.T.);
#353 = VERTEX_POINT('',#354);
#354 = CARTESIAN_POINT('',(5.631082466543E-02,-0.999872999746,
    0.125365312601));
#355 = LINE('',#356,#357);
#356 = CARTESIAN_POINT('',(5.631082466543E-02,-0.999872999746,
    0.120873558402));
#357 = VECTOR('',#358,1.);
#358 = DIRECTION('',(-0.,-0.,-1.));
#359 = ORIENTED_EDGE('',*,*,#360,.F.);
#360 = EDGE_CURVE('',#361,#353,#363,.T.);
#361 = VERTEX_POINT('',#362);
#362 = CARTESIAN_POINT('',(5.617565613632E-02,-0.999872999746,
    0.125365312601));
#363 = LINE('',#364,#365);
#364 = CARTESIAN_POINT('',(5.631082466543E-02,-0.999872999746,
    0.125365312601));
#365 = VECTOR('',#366,1.);
#366 = DIRECTION('',(1.,0.,0.));
#367 = ORIENTED_EDGE('',*,*,#368,.F.);
#368 = EDGE_CURVE('',#369,#361,#371,.T.);
#369 = VERTEX_POINT('',#370);
#370 = CARTESIAN_POINT('',(4.727532837267E-02,-0.999872999746,
    0.120187318177));
#371 = B_SPLINE_CURVE_WITH_KNOTS('',3,(#372,#373,#374,#375),
  .UNSPECIFIED.,.F.,.F.,(4,4),(6.,7.),.PIECEWISE_BEZIER_KNOTS.);
#372 = CARTESIAN_POINT('',(4.727532837267E-02,-0.999872999746,
    0.120187318177));
#373 = CARTESIAN_POINT('',(5.119521571716E-02,-0.999872999746,
    0.120187318177));
#374 = CARTESIAN_POINT('',(5.41689233579E-02,-0.999872999746,
    0.121913316318));
#375 = CARTESIAN_POINT('',(5.617565613632E-02,-0.999872999746,
    0.125365312601));
#376 = ORIENTED_EDGE('',*,*,#377,.F.);
#377 = EDGE_CURVE('',#378,#369,#380,.T.);
#378 = VERTEX_POINT('',#379);
#379 = CARTESIAN_POINT('',(4.055849223329E-02,-0.999872999746,
    0.122474785593));
#380 = B_SPLINE_CURVE_WITH_KNOTS('',3,(#381,#382,#383,#384),
  .UNSPECIFIED.,.F.,.F.,(4,4),(7.,8.),.PIECEWISE_BEZIER_KNOTS.);
#381 = CARTESIAN_POINT('',(4.055849223329E-02,-0.999872999746,
    0.122474785593));
#382 = CARTESIAN_POINT('',(4.222210489931E-02,-0.999872999746,
    0.120956739035));
#383 = CARTESIAN_POINT('',(4.445758441948E-02,-0.999872999746,
    0.120187318177));
#384 = CARTESIAN_POINT('',(4.727532837267E-02,-0.999872999746,
    0.120187318177));
#385 = ORIENTED_EDGE('',*,*,#386,.F.);
#386 = EDGE_CURVE('',#387,#378,#389,.T.);
#387 = VERTEX_POINT('',#388);
#388 = CARTESIAN_POINT('',(3.806307323407E-02,-0.999872999746,
    0.128650947616));
#389 = B_SPLINE_CURVE_WITH_KNOTS('',3,(#390,#391,#392,#393),
  .UNSPECIFIED.,.F.,.F.,(4,4),(8.,9.),.PIECEWISE_BEZIER_KNOTS.);
#390 = CARTESIAN_POINT('',(3.806307323407E-02,-0.999872999746,
    0.128650947616));
#391 = CARTESIAN_POINT('',(3.806307323407E-02,-0.999872999746,
    0.126051552825));
#392 = CARTESIAN_POINT('',(3.889487956714E-02,-0.999872999746,
    0.123992832151));
#393 = CARTESIAN_POINT('',(4.055849223329E-02,-0.999872999746,
    0.122474785593));
#394 = ORIENTED_EDGE('',*,*,#395,.F.);
#395 = EDGE_CURVE('',#396,#387,#398,.T.);
#396 = VERTEX_POINT('',#397);
#397 = CARTESIAN_POINT('',(4.770162911829E-02,-0.999872999746,
    0.138133539813));
#398 = B_SPLINE_CURVE_WITH_KNOTS('',3,(#399,#400,#401,#402),
  .UNSPECIFIED.,.F.,.F.,(4,4),(9.,10.),.PIECEWISE_BEZIER_KNOTS.);
#399 = CARTESIAN_POINT('',(4.770162911829E-02,-0.999872999746,
    0.138133539813));
#400 = CARTESIAN_POINT('',(4.127592519557E-02,-0.999872999746,
    0.137239348005));
#401 = CARTESIAN_POINT('',(3.806307323407E-02,-0.999872999746,
    0.134078483939));
#402 = CARTESIAN_POINT('',(3.806307323407E-02,-0.999872999746,
    0.128650947616));
#403 = ORIENTED_EDGE('',*,*,#404,.F.);
#404 = EDGE_CURVE('',#405,#396,#407,.T.);
#405 = VERTEX_POINT('',#406);
#406 = CARTESIAN_POINT('',(5.631082466543E-02,-0.999872999746,
    0.139339658996));
#407 = LINE('',#408,#409);
#408 = CARTESIAN_POINT('',(4.770162911829E-02,-0.999872999746,
    0.138133539813));
#409 = VECTOR('',#410,1.);
#410 = DIRECTION('',(-0.990328603988,-0.,-0.138741688482));
#411 = ORIENTED_EDGE('',*,*,#412,.F.);
#412 = EDGE_CURVE('',#413,#405,#415,.T.);
#413 = VERTEX_POINT('',#414);
#414 = CARTESIAN_POINT('',(5.042579485913E-02,-0.999872999746,
    0.146451603144));
#415 = B_SPLINE_CURVE_WITH_KNOTS('',3,(#416,#417,#418,#419),
  .UNSPECIFIED.,.F.,.F.,(4,4),(11.,12.),.PIECEWISE_BEZIER_KNOTS.);
#416 = CARTESIAN_POINT('',(5.042579485913E-02,-0.999872999746,
    0.146451603144));
#417 = CARTESIAN_POINT('',(5.434568220361E-02,-0.999872999746,
    0.146451603144));
#418 = CARTESIAN_POINT('',(5.631082466543E-02,-0.999872999746,
    0.144080955094));
#419 = CARTESIAN_POINT('',(5.631082466543E-02,-0.999872999746,
    0.139339658996));
#420 = ORIENTED_EDGE('',*,*,#421,.F.);
#421 = EDGE_CURVE('',#422,#413,#424,.T.);
#422 = VERTEX_POINT('',#423);
#423 = CARTESIAN_POINT('',(4.090161234557E-02,-0.999872999746,
    0.142937221386));
#424 = B_SPLINE_CURVE_WITH_KNOTS('',3,(#425,#426,#427,#428),
  .UNSPECIFIED.,.F.,.F.,(4,4),(12.,13.),.PIECEWISE_BEZIER_KNOTS.);
#425 = CARTESIAN_POINT('',(4.090161234557E-02,-0.999872999746,
    0.142937221386));
#426 = CARTESIAN_POINT('',(4.377134419466E-02,-0.999872999746,
    0.145266279119));
#427 = CARTESIAN_POINT('',(4.694260583941E-02,-0.999872999746,
    0.146451603144));
#428 = CARTESIAN_POINT('',(5.042579485913E-02,-0.999872999746,
    0.146451603144));
#429 = ORIENTED_EDGE('',*,*,#430,.F.);
#430 = EDGE_CURVE('',#319,#422,#431,.T.);
#431 = LINE('',#432,#433);
#432 = CARTESIAN_POINT('',(4.090161234557E-02,-0.999872999746,
    0.142937221386));
#433 = VECTOR('',#434,1.);
#434 = DIRECTION('',(-0.,-0.,-1.));
#435 = FACE_BOUND('',#436,.T.);
#436 = EDGE_LOOP('',(#437,#447,#455,#463,#471,#479,#487,#495,#503,#511,
    #519,#527));
#437 = ORIENTED_EDGE('',*,*,#438,.F.);
#438 = EDGE_CURVE('',#439,#441,#443,.T.);
#439 = VERTEX_POINT('',#440);
#440 = CARTESIAN_POINT('',(3.318660860655E-02,-0.999872999746,
    0.120873558402));
#441 = VERTEX_POINT('',#442);
#442 = CARTESIAN_POINT('',(3.318660860655E-02,-0.999872999746,
    0.125510878709));
#443 = LINE('',#444,#445);
#444 = CARTESIAN_POINT('',(3.318660860655E-02,-0.999872999746,
    0.125510878709));
#445 = VECTOR('',#446,1.);
#446 = DIRECTION('',(0.,0.,1.));
#447 = ORIENTED_EDGE('',*,*,#448,.F.);
#448 = EDGE_CURVE('',#449,#439,#451,.T.);
#449 = VERTEX_POINT('',#450);
#450 = CARTESIAN_POINT('',(1.131010204722E-02,-0.999872999746,
    0.120873558402));
#451 = LINE('',#452,#453);
#452 = CARTESIAN_POINT('',(3.318660860655E-02,-0.999872999746,
    0.120873558402));
#453 = VECTOR('',#454,1.);
#454 = DIRECTION('',(1.,0.,0.));
#455 = ORIENTED_EDGE('',*,*,#456,.F.);
#456 = EDGE_CURVE('',#457,#449,#459,.T.);
#457 = VERTEX_POINT('',#458);
#458 = CARTESIAN_POINT('',(1.131010204722E-02,-0.999872999746,
    0.161548888088));
#459 = LINE('',#460,#461);
#460 = CARTESIAN_POINT('',(1.131010204722E-02,-0.999872999746,
    0.120873558402));
#461 = VECTOR('',#462,1.);
#462 = DIRECTION('',(-0.,-0.,-1.));
#463 = ORIENTED_EDGE('',*,*,#464,.F.);
#464 = EDGE_CURVE('',#465,#457,#467,.T.);
#465 = VERTEX_POINT('',#466);
#466 = CARTESIAN_POINT('',(3.226122406098E-02,-0.999872999746,
    0.161548888088));
#467 = LINE('',#468,#469);
#468 = CARTESIAN_POINT('',(1.131010204722E-02,-0.999872999746,
    0.161548888088));
#469 = VECTOR('',#470,1.);
#470 = DIRECTION('',(-1.,-0.,-0.));
#471 = ORIENTED_EDGE('',*,*,#472,.F.);
#472 = EDGE_CURVE('',#473,#465,#475,.T.);
#473 = VERTEX_POINT('',#474);
#474 = CARTESIAN_POINT('',(3.226122406098E-02,-0.999872999746,
    0.156869977465));
#475 = LINE('',#476,#477);
#476 = CARTESIAN_POINT('',(3.226122406098E-02,-0.999872999746,
    0.161548888088));
#477 = VECTOR('',#478,1.);
#478 = DIRECTION('',(0.,0.,1.));
#479 = ORIENTED_EDGE('',*,*,#480,.F.);
#480 = EDGE_CURVE('',#481,#473,#483,.T.);
#481 = VERTEX_POINT('',#482);
#482 = CARTESIAN_POINT('',(1.65608795246E-02,-0.999872999746,
    0.156869977465));
#483 = LINE('',#484,#485);
#484 = CARTESIAN_POINT('',(3.226122406098E-02,-0.999872999746,
    0.156869977465));
#485 = VECTOR('',#486,1.);
#486 = DIRECTION('',(1.,0.,0.));
#487 = ORIENTED_EDGE('',*,*,#488,.F.);
#488 = EDGE_CURVE('',#489,#481,#491,.T.);
#489 = VERTEX_POINT('',#490);
#490 = CARTESIAN_POINT('',(1.65608795246E-02,-0.999872999746,
    0.143852208353));
#491 = LINE('',#492,#493);
#492 = CARTESIAN_POINT('',(1.65608795246E-02,-0.999872999746,
    0.156869977465));
#493 = VECTOR('',#494,1.);
#494 = DIRECTION('',(0.,0.,1.));
#495 = ORIENTED_EDGE('',*,*,#496,.F.);
#496 = EDGE_CURVE('',#497,#489,#499,.T.);
#497 = VERTEX_POINT('',#498);
#498 = CARTESIAN_POINT('',(3.110709277393E-02,-0.999872999746,
    0.143852208353));
#499 = LINE('',#500,#501);
#500 = CARTESIAN_POINT('',(1.65608795246E-02,-0.999872999746,
    0.143852208353));
#501 = VECTOR('',#502,1.);
#502 = DIRECTION('',(-1.,-0.,-0.));
#503 = ORIENTED_EDGE('',*,*,#504,.F.);
#504 = EDGE_CURVE('',#505,#497,#507,.T.);
#505 = VERTEX_POINT('',#506);
#506 = CARTESIAN_POINT('',(3.110709277393E-02,-0.999872999746,
    0.139194092888));
#507 = LINE('',#508,#509);
#508 = CARTESIAN_POINT('',(3.110709277393E-02,-0.999872999746,
    0.143852208353));
#509 = VECTOR('',#510,1.);
#510 = DIRECTION('',(0.,0.,1.));
#511 = ORIENTED_EDGE('',*,*,#512,.F.);
#512 = EDGE_CURVE('',#513,#505,#515,.T.);
#513 = VERTEX_POINT('',#514);
#514 = CARTESIAN_POINT('',(1.65608795246E-02,-0.999872999746,
    0.139194092888));
#515 = LINE('',#516,#517);
#516 = CARTESIAN_POINT('',(3.110709277393E-02,-0.999872999746,
    0.139194092888));
#517 = VECTOR('',#518,1.);
#518 = DIRECTION('',(1.,0.,0.));
#519 = ORIENTED_EDGE('',*,*,#520,.F.);
#520 = EDGE_CURVE('',#521,#513,#523,.T.);
#521 = VERTEX_POINT('',#522);
#522 = CARTESIAN_POINT('',(1.65608795246E-02,-0.999872999746,
    0.125510878709));
#523 = LINE('',#524,#525);
#524 = CARTESIAN_POINT('',(1.65608795246E-02,-0.999872999746,
    0.139194092888));
#525 = VECTOR('',#526,1.);
#526 = DIRECTION('',(0.,0.,1.));
#527 = ORIENTED_EDGE('',*,*,#528,.F.);
#528 = EDGE_CURVE('',#441,#521,#529,.T.);
#529 = LINE('',#530,#531);
#530 = CARTESIAN_POINT('',(1.65608795246E-02,-0.999872999746,
    0.125510878709));
#531 = VECTOR('',#532,1.);
#532 = DIRECTION('',(-1.,-0.,-0.));
#533 = FACE_BOUND('',#534,.T.);
#534 = EDGE_LOOP('',(#535,#546,#555,#564,#573,#582,#591,#599,#608,#617,
    #626,#635,#644,#653));
#535 = ORIENTED_EDGE('',*,*,#536,.F.);
#536 = EDGE_CURVE('',#537,#539,#541,.T.);
#537 = VERTEX_POINT('',#538);
#538 = CARTESIAN_POINT('',(5.361785166219E-02,-0.999872999746,
    0.184714694464));
#539 = VERTEX_POINT('',#540);
#540 = CARTESIAN_POINT('',(6.487842989596E-02,-0.999872999746,
    0.187085342513));
#541 = B_SPLINE_CURVE_WITH_KNOTS('',3,(#542,#543,#544,#545),
  .UNSPECIFIED.,.F.,.F.,(4,4),(0.,1.),.PIECEWISE_BEZIER_KNOTS.);
#542 = CARTESIAN_POINT('',(5.361785166219E-02,-0.999872999746,
    0.184714694464));
#543 = CARTESIAN_POINT('',(5.813040101899E-02,-0.999872999746,
    0.184714694464));
#544 = CARTESIAN_POINT('',(6.188392709691E-02,-0.999872999746,
    0.18550491048));
#545 = CARTESIAN_POINT('',(6.487842989596E-02,-0.999872999746,
    0.187085342513));
#546 = ORIENTED_EDGE('',*,*,#547,.F.);
#547 = EDGE_CURVE('',#548,#537,#550,.T.);
#548 = VERTEX_POINT('',#549);
#549 = CARTESIAN_POINT('',(3.964350526687E-02,-0.999872999746,
    0.190267001737));
#550 = B_SPLINE_CURVE_WITH_KNOTS('',3,(#551,#552,#553,#554),
  .UNSPECIFIED.,.F.,.F.,(4,4),(1.,2.),.PIECEWISE_BEZIER_KNOTS.);
#551 = CARTESIAN_POINT('',(3.964350526687E-02,-0.999872999746,
    0.190267001737));
#552 = CARTESIAN_POINT('',(4.312669428658E-02,-0.999872999746,
    0.186565463555));
#553 = CARTESIAN_POINT('',(4.778480975164E-02,-0.999872999746,
    0.184714694464));
#554 = CARTESIAN_POINT('',(5.361785166219E-02,-0.999872999746,
    0.184714694464));
#555 = ORIENTED_EDGE('',*,*,#556,.F.);
#556 = EDGE_CURVE('',#557,#548,#559,.T.);
#557 = VERTEX_POINT('',#558);
#558 = CARTESIAN_POINT('',(3.442392052695E-02,-0.999872999746,
    0.204969178674));
#559 = B_SPLINE_CURVE_WITH_KNOTS('',3,(#560,#561,#562,#563),
  .UNSPECIFIED.,.F.,.F.,(4,4),(2.,3.),.PIECEWISE_BEZIER_KNOTS.);
#560 = CARTESIAN_POINT('',(3.442392052695E-02,-0.999872999746,
    0.204969178674));
#561 = CARTESIAN_POINT('',(3.442392052695E-02,-0.999872999746,
    0.198876197284));
#562 = CARTESIAN_POINT('',(3.616031624716E-02,-0.999872999746,
    0.193968539919));
#563 = CARTESIAN_POINT('',(3.964350526687E-02,-0.999872999746,
    0.190267001737));
#564 = ORIENTED_EDGE('',*,*,#565,.F.);
#565 = EDGE_CURVE('',#566,#557,#568,.T.);
#566 = VERTEX_POINT('',#567);
#567 = CARTESIAN_POINT('',(4.02985527541E-02,-0.999872999746,
    0.220773499002));
#568 = B_SPLINE_CURVE_WITH_KNOTS('',3,(#569,#570,#571,#572),
  .UNSPECIFIED.,.F.,.F.,(4,4),(3.,4.),.PIECEWISE_BEZIER_KNOTS.);
#569 = CARTESIAN_POINT('',(4.02985527541E-02,-0.999872999746,
    0.220773499002));
#570 = CARTESIAN_POINT('',(3.637866540961E-02,-0.999872999746,
    0.216780828603));
#571 = CARTESIAN_POINT('',(3.442392052695E-02,-0.999872999746,
    0.211519653547));
#572 = CARTESIAN_POINT('',(3.442392052695E-02,-0.999872999746,
    0.204969178674));
#573 = ORIENTED_EDGE('',*,*,#574,.F.);
#574 = EDGE_CURVE('',#575,#566,#577,.T.);
#575 = VERTEX_POINT('',#576);
#576 = CARTESIAN_POINT('',(5.523987401159E-02,-0.999872999746,
    0.2267625046));
#577 = B_SPLINE_CURVE_WITH_KNOTS('',3,(#578,#579,#580,#581),
  .UNSPECIFIED.,.F.,.F.,(4,4),(4.,5.),.PIECEWISE_BEZIER_KNOTS.);
#578 = CARTESIAN_POINT('',(5.523987401159E-02,-0.999872999746,
    0.2267625046));
#579 = CARTESIAN_POINT('',(4.919888051788E-02,-0.999872999746,
    0.2267625046));
#580 = CARTESIAN_POINT('',(4.421844009872E-02,-0.999872999746,
    0.224766169401));
#581 = CARTESIAN_POINT('',(4.02985527541E-02,-0.999872999746,
    0.220773499002));
#582 = ORIENTED_EDGE('',*,*,#583,.F.);
#583 = EDGE_CURVE('',#584,#575,#586,.T.);
#584 = VERTEX_POINT('',#585);
#585 = CARTESIAN_POINT('',(6.487842989596E-02,-0.999872999746,
    0.225098891934));
#586 = B_SPLINE_CURVE_WITH_KNOTS('',3,(#587,#588,#589,#590),
  .UNSPECIFIED.,.F.,.F.,(4,4),(5.,6.),.PIECEWISE_BEZIER_KNOTS.);
#587 = CARTESIAN_POINT('',(6.487842989596E-02,-0.999872999746,
    0.225098891934));
#588 = CARTESIAN_POINT('',(6.234142058013E-02,-0.999872999746,
    0.226201035325));
#589 = CARTESIAN_POINT('',(5.912856861862E-02,-0.999872999746,
    0.2267625046));
#590 = CARTESIAN_POINT('',(5.523987401159E-02,-0.999872999746,
    0.2267625046));
#591 = ORIENTED_EDGE('',*,*,#592,.F.);
#592 = EDGE_CURVE('',#593,#584,#595,.T.);
#593 = VERTEX_POINT('',#594);
#594 = CARTESIAN_POINT('',(6.487842989596E-02,-0.999872999746,
    0.219608970136));
#595 = LINE('',#596,#597);
#596 = CARTESIAN_POINT('',(6.487842989596E-02,-0.999872999746,
    0.225098891934));
#597 = VECTOR('',#598,1.);
#598 = DIRECTION('',(0.,0.,1.));
#599 = ORIENTED_EDGE('',*,*,#600,.F.);
#600 = EDGE_CURVE('',#601,#593,#603,.T.);
#601 = VERTEX_POINT('',#602);
#602 = CARTESIAN_POINT('',(5.529186190749E-02,-0.999872999746,
    0.222021208501));
#603 = B_SPLINE_CURVE_WITH_KNOTS('',3,(#604,#605,#606,#607),
  .UNSPECIFIED.,.F.,.F.,(4,4),(7.,8.),.PIECEWISE_BEZIER_KNOTS.);
#604 = CARTESIAN_POINT('',(5.529186190749E-02,-0.999872999746,
    0.222021208501));
#605 = CARTESIAN_POINT('',(5.877505092706E-02,-0.999872999746,
    0.222021208501));
#606 = CARTESIAN_POINT('',(6.196710773026E-02,-0.999872999746,
    0.221230992485));
#607 = CARTESIAN_POINT('',(6.487842989596E-02,-0.999872999746,
    0.219608970136));
#608 = ORIENTED_EDGE('',*,*,#609,.F.);
#609 = EDGE_CURVE('',#610,#601,#612,.T.);
#610 = VERTEX_POINT('',#611);
#611 = CARTESIAN_POINT('',(4.420804251957E-02,-0.999872999746,
    0.217508659145));
#612 = B_SPLINE_CURVE_WITH_KNOTS('',3,(#613,#614,#615,#616),
  .UNSPECIFIED.,.F.,.F.,(4,4),(8.,9.),.PIECEWISE_BEZIER_KNOTS.);
#613 = CARTESIAN_POINT('',(4.420804251957E-02,-0.999872999746,
    0.217508659145));
#614 = CARTESIAN_POINT('',(4.706737678937E-02,-0.999872999746,
    0.220523957102));
#615 = CARTESIAN_POINT('',(5.075851739238E-02,-0.999872999746,
    0.222021208501));
#616 = CARTESIAN_POINT('',(5.529186190749E-02,-0.999872999746,
    0.222021208501));
#617 = ORIENTED_EDGE('',*,*,#618,.F.);
#618 = EDGE_CURVE('',#619,#610,#621,.T.);
#619 = VERTEX_POINT('',#620);
#620 = CARTESIAN_POINT('',(3.993463748352E-02,-0.999872999746,
    0.205281106049));
#621 = B_SPLINE_CURVE_WITH_KNOTS('',3,(#622,#623,#624,#625),
  .UNSPECIFIED.,.F.,.F.,(4,4),(9.,10.),.PIECEWISE_BEZIER_KNOTS.);
#622 = CARTESIAN_POINT('',(3.993463748352E-02,-0.999872999746,
    0.205281106049));
#623 = CARTESIAN_POINT('',(3.993463748352E-02,-0.999872999746,
    0.210396714997));
#624 = CARTESIAN_POINT('',(4.135910582878E-02,-0.999872999746,
    0.214472566029));
#625 = CARTESIAN_POINT('',(4.420804251957E-02,-0.999872999746,
    0.217508659145));
#626 = ORIENTED_EDGE('',*,*,#627,.F.);
#627 = EDGE_CURVE('',#628,#619,#630,.T.);
#628 = VERTEX_POINT('',#629);
#629 = CARTESIAN_POINT('',(4.392730788207E-02,-0.999872999746,
    0.193677407703));
#630 = B_SPLINE_CURVE_WITH_KNOTS('',3,(#631,#632,#633,#634),
  .UNSPECIFIED.,.F.,.F.,(4,4),(10.,11.),.PIECEWISE_BEZIER_KNOTS.);
#631 = CARTESIAN_POINT('',(4.392730788207E-02,-0.999872999746,
    0.193677407703));
#632 = CARTESIAN_POINT('',(4.126552761628E-02,-0.999872999746,
    0.196547139552));
#633 = CARTESIAN_POINT('',(3.993463748352E-02,-0.999872999746,
    0.200415039));
#634 = CARTESIAN_POINT('',(3.993463748352E-02,-0.999872999746,
    0.205281106049));
#635 = ORIENTED_EDGE('',*,*,#636,.F.);
#636 = EDGE_CURVE('',#637,#628,#639,.T.);
#637 = VERTEX_POINT('',#638);
#638 = CARTESIAN_POINT('',(5.437687494106E-02,-0.999872999746,
    0.189393605087));
#639 = B_SPLINE_CURVE_WITH_KNOTS('',3,(#640,#641,#642,#643),
  .UNSPECIFIED.,.F.,.F.,(4,4),(11.,12.),.PIECEWISE_BEZIER_KNOTS.);
#640 = CARTESIAN_POINT('',(5.437687494106E-02,-0.999872999746,
    0.189393605087));
#641 = CARTESIAN_POINT('',(5.007227716757E-02,-0.999872999746,
    0.189393605087));
#642 = CARTESIAN_POINT('',(4.658908814785E-02,-0.999872999746,
    0.190828471012));
#643 = CARTESIAN_POINT('',(4.392730788207E-02,-0.999872999746,
    0.193677407703));
#644 = ORIENTED_EDGE('',*,*,#645,.F.);
#645 = EDGE_CURVE('',#646,#637,#648,.T.);
#646 = VERTEX_POINT('',#647);
#647 = CARTESIAN_POINT('',(6.487842989596E-02,-0.999872999746,
    0.192117770828));
#648 = B_SPLINE_CURVE_WITH_KNOTS('',3,(#649,#650,#651,#652),
  .UNSPECIFIED.,.F.,.F.,(4,4),(12.,13.),.PIECEWISE_BEZIER_KNOTS.);
#649 = CARTESIAN_POINT('',(6.487842989596E-02,-0.999872999746,
    0.192117770828));
#650 = CARTESIAN_POINT('',(6.190472225522E-02,-0.999872999746,
    0.190308592054));
#651 = CARTESIAN_POINT('',(5.84007380772E-02,-0.999872999746,
    0.189393605087));
#652 = CARTESIAN_POINT('',(5.437687494106E-02,-0.999872999746,
    0.189393605087));
#653 = ORIENTED_EDGE('',*,*,#654,.F.);
#654 = EDGE_CURVE('',#539,#646,#655,.T.);
#655 = LINE('',#656,#657);
#656 = CARTESIAN_POINT('',(6.487842989596E-02,-0.999872999746,
    0.192117770828));
#657 = VECTOR('',#658,1.);
#658 = DIRECTION('',(0.,0.,1.));
#659 = FACE_BOUND('',#660,.T.);
#660 = EDGE_LOOP('',(#661,#671,#679,#687,#695,#703));
#661 = ORIENTED_EDGE('',*,*,#662,.T.);
#662 = EDGE_CURVE('',#663,#665,#667,.T.);
#663 = VERTEX_POINT('',#664);
#664 = CARTESIAN_POINT('',(-0.999974599949,-0.999872999746,
    1.999999955297E-02));
#665 = VERTEX_POINT('',#666);
#666 = CARTESIAN_POINT('',(1.000025400051,-0.999872999746,
    1.999999955297E-02));
#667 = LINE('',#668,#669);
#668 = CARTESIAN_POINT('',(1.000025400051,-0.999872999746,
    1.999999955297E-02));
#669 = VECTOR('',#670,1.);
#670 = DIRECTION('',(1.,1.084202172486E-16,0.));
#671 = ORIENTED_EDGE('',*,*,#672,.F.);
#672 = EDGE_CURVE('',#673,#665,#675,.T.);
#673 = VERTEX_POINT('',#674);
#674 = CARTESIAN_POINT('',(1.000025400051,-0.999872999746,0.299999999553
    ));
#675 = LINE('',#676,#677);
#676 = CARTESIAN_POINT('',(1.000025400051,-0.999872999746,0.299999999553
    ));
#677 = VECTOR('',#678,1.);
#678 = DIRECTION('',(-0.,-0.,-1.));
#679 = ORIENTED_EDGE('',*,*,#680,.F.);
#680 = EDGE_CURVE('',#681,#673,#683,.T.);
#681 = VERTEX_POINT('',#682);
#682 = CARTESIAN_POINT('',(0.565025400051,-0.999872999746,0.299999999553
    ));
#683 = LINE('',#684,#685);
#684 = CARTESIAN_POINT('',(1.000025400051,-0.999872999746,0.299999999553
    ));
#685 = VECTOR('',#686,1.);
#686 = DIRECTION('',(1.,1.084202172486E-16,0.));
#687 = ORIENTED_EDGE('',*,*,#688,.F.);
#688 = EDGE_CURVE('',#689,#681,#691,.T.);
#689 = VERTEX_POINT('',#690);
#690 = CARTESIAN_POINT('',(-0.564974599949,-0.999872999746,
    0.299999999553));
#691 = LINE('',#692,#693);
#692 = CARTESIAN_POINT('',(0.565025400051,-0.999872999746,0.299999999553
    ));
#693 = VECTOR('',#694,1.);
#694 = DIRECTION('',(1.,0.,0.));
#695 = ORIENTED_EDGE('',*,*,#696,.F.);
#696 = EDGE_CURVE('',#697,#689,#699,.T.);
#697 = VERTEX_POINT('',#698);
#698 = CARTESIAN_POINT('',(-0.999974599949,-0.999872999746,
    0.299999999553));
#699 = LINE('',#700,#701);
#700 = CARTESIAN_POINT('',(1.000025400051,-0.999872999746,0.299999999553
    ));
#701 = VECTOR('',#702,1.);
#702 = DIRECTION('',(1.,1.084202172486E-16,0.));
#703 = ORIENTED_EDGE('',*,*,#704,.T.);
#704 = EDGE_CURVE('',#697,#663,#705,.T.);
#705 = LINE('',#706,#707);
#706 = CARTESIAN_POINT('',(-0.999974599949,-0.999872999746,
    0.299999999553));
#707 = VECTOR('',#708,1.);
#708 = DIRECTION('',(-0.,-0.,-1.));
#709 = FACE_BOUND('',#710,.T.);
#710 = EDGE_LOOP('',(#711,#721,#729,#737,#745,#753));
#711 = ORIENTED_EDGE('',*,*,#712,.F.);
#712 = EDGE_CURVE('',#713,#715,#717,.T.);
#713 = VERTEX_POINT('',#714);
#714 = CARTESIAN_POINT('',(3.276030786093E-02,-0.999872999746,
    0.185400934689));
#715 = VERTEX_POINT('',#716);
#716 = CARTESIAN_POINT('',(3.276030786093E-02,-0.999872999746,
    0.190038254996));
#717 = LINE('',#718,#719);
#718 = CARTESIAN_POINT('',(3.276030786093E-02,-0.999872999746,
    0.190038254996));
#719 = VECTOR('',#720,1.);
#720 = DIRECTION('',(0.,0.,1.));
#721 = ORIENTED_EDGE('',*,*,#722,.F.);
#722 = EDGE_CURVE('',#723,#713,#725,.T.);
#723 = VERTEX_POINT('',#724);
#724 = CARTESIAN_POINT('',(1.131010204722E-02,-0.999872999746,
    0.185400934689));
#725 = LINE('',#726,#727);
#726 = CARTESIAN_POINT('',(3.276030786093E-02,-0.999872999746,
    0.185400934689));
#727 = VECTOR('',#728,1.);
#728 = DIRECTION('',(1.,0.,0.));
#729 = ORIENTED_EDGE('',*,*,#730,.F.);
#730 = EDGE_CURVE('',#731,#723,#733,.T.);
#731 = VERTEX_POINT('',#732);
#732 = CARTESIAN_POINT('',(1.131010204722E-02,-0.999872999746,
    0.226076264375));
#733 = LINE('',#734,#735);
#734 = CARTESIAN_POINT('',(1.131010204722E-02,-0.999872999746,
    0.185400934689));
#735 = VECTOR('',#736,1.);
#736 = DIRECTION('',(-0.,-0.,-1.));
#737 = ORIENTED_EDGE('',*,*,#738,.F.);
#738 = EDGE_CURVE('',#739,#731,#741,.T.);
#739 = VERTEX_POINT('',#740);
#740 = CARTESIAN_POINT('',(1.65608795246E-02,-0.999872999746,
    0.226076264375));
#741 = LINE('',#742,#743);
#742 = CARTESIAN_POINT('',(1.131010204722E-02,-0.999872999746,
    0.226076264375));
#743 = VECTOR('',#744,1.);
#744 = DIRECTION('',(-1.,-0.,-0.));
#745 = ORIENTED_EDGE('',*,*,#746,.F.);
#746 = EDGE_CURVE('',#747,#739,#749,.T.);
#747 = VERTEX_POINT('',#748);
#748 = CARTESIAN_POINT('',(1.65608795246E-02,-0.999872999746,
    0.190038254996));
#749 = LINE('',#750,#751);
#750 = CARTESIAN_POINT('',(1.65608795246E-02,-0.999872999746,
    0.226076264375));
#751 = VECTOR('',#752,1.);
#752 = DIRECTION('',(0.,0.,1.));
#753 = ORIENTED_EDGE('',*,*,#754,.F.);
#754 = EDGE_CURVE('',#715,#747,#755,.T.);
#755 = LINE('',#756,#757);
#756 = CARTESIAN_POINT('',(1.65608795246E-02,-0.999872999746,
    0.190038254996));
#757 = VECTOR('',#758,1.);
#758 = DIRECTION('',(-1.,-0.,-0.));
#759 = FACE_BOUND('',#760,.T.);
#760 = EDGE_LOOP('',(#761,#771,#779,#787,#795,#803,#811,#819,#827,#835,
    #843,#851));
#761 = ORIENTED_EDGE('',*,*,#762,.F.);
#762 = EDGE_CURVE('',#763,#765,#767,.T.);
#763 = VERTEX_POINT('',#764);
#764 = CARTESIAN_POINT('',(9.489624093992E-02,-0.999872999746,
    0.185400934689));
#765 = VERTEX_POINT('',#766);
#766 = CARTESIAN_POINT('',(9.489624093992E-02,-0.999872999746,
    0.190038254996));
#767 = LINE('',#768,#769);
#768 = CARTESIAN_POINT('',(9.489624093992E-02,-0.999872999746,
    0.190038254996));
#769 = VECTOR('',#770,1.);
#770 = DIRECTION('',(0.,0.,1.));
#771 = ORIENTED_EDGE('',*,*,#772,.F.);
#772 = EDGE_CURVE('',#773,#763,#775,.T.);
#773 = VERTEX_POINT('',#774);
#774 = CARTESIAN_POINT('',(7.301973438073E-02,-0.999872999746,
    0.185400934689));
#775 = LINE('',#776,#777);
#776 = CARTESIAN_POINT('',(9.489624093992E-02,-0.999872999746,
    0.185400934689));
#777 = VECTOR('',#778,1.);
#778 = DIRECTION('',(1.,0.,0.));
#779 = ORIENTED_EDGE('',*,*,#780,.F.);
#780 = EDGE_CURVE('',#781,#773,#783,.T.);
#781 = VERTEX_POINT('',#782);
#782 = CARTESIAN_POINT('',(7.301973438073E-02,-0.999872999746,
    0.226076264375));
#783 = LINE('',#784,#785);
#784 = CARTESIAN_POINT('',(7.301973438073E-02,-0.999872999746,
    0.185400934689));
#785 = VECTOR('',#786,1.);
#786 = DIRECTION('',(-0.,-0.,-1.));
#787 = ORIENTED_EDGE('',*,*,#788,.F.);
#788 = EDGE_CURVE('',#789,#781,#791,.T.);
#789 = VERTEX_POINT('',#790);
#790 = CARTESIAN_POINT('',(9.397085639449E-02,-0.999872999746,
    0.226076264375));
#791 = LINE('',#792,#793);
#792 = CARTESIAN_POINT('',(7.301973438073E-02,-0.999872999746,
    0.226076264375));
#793 = VECTOR('',#794,1.);
#794 = DIRECTION('',(-1.,-0.,-0.));
#795 = ORIENTED_EDGE('',*,*,#796,.F.);
#796 = EDGE_CURVE('',#797,#789,#799,.T.);
#797 = VERTEX_POINT('',#798);
#798 = CARTESIAN_POINT('',(9.397085639449E-02,-0.999872999746,
    0.221397353752));
#799 = LINE('',#800,#801);
#800 = CARTESIAN_POINT('',(9.397085639449E-02,-0.999872999746,
    0.226076264375));
#801 = VECTOR('',#802,1.);
#802 = DIRECTION('',(0.,0.,1.));
#803 = ORIENTED_EDGE('',*,*,#804,.F.);
#804 = EDGE_CURVE('',#805,#797,#807,.T.);
#805 = VERTEX_POINT('',#806);
#806 = CARTESIAN_POINT('',(7.827051185811E-02,-0.999872999746,
    0.221397353752));
#807 = LINE('',#808,#809);
#808 = CARTESIAN_POINT('',(9.397085639449E-02,-0.999872999746,
    0.221397353752));
#809 = VECTOR('',#810,1.);
#810 = DIRECTION('',(1.,0.,0.));
#811 = ORIENTED_EDGE('',*,*,#812,.F.);
#812 = EDGE_CURVE('',#813,#805,#815,.T.);
#813 = VERTEX_POINT('',#814);
#814 = CARTESIAN_POINT('',(7.827051185811E-02,-0.999872999746,
    0.208379584639));
#815 = LINE('',#816,#817);
#816 = CARTESIAN_POINT('',(7.827051185811E-02,-0.999872999746,
    0.221397353752));
#817 = VECTOR('',#818,1.);
#818 = DIRECTION('',(0.,0.,1.));
#819 = ORIENTED_EDGE('',*,*,#820,.F.);
#820 = EDGE_CURVE('',#821,#813,#823,.T.);
#821 = VERTEX_POINT('',#822);
#822 = CARTESIAN_POINT('',(9.28167251073E-02,-0.999872999746,
    0.208379584639));
#823 = LINE('',#824,#825);
#824 = CARTESIAN_POINT('',(7.827051185811E-02,-0.999872999746,
    0.208379584639));
#825 = VECTOR('',#826,1.);
#826 = DIRECTION('',(-1.,-0.,-0.));
#827 = ORIENTED_EDGE('',*,*,#828,.F.);
#828 = EDGE_CURVE('',#829,#821,#831,.T.);
#829 = VERTEX_POINT('',#830);
#830 = CARTESIAN_POINT('',(9.28167251073E-02,-0.999872999746,
    0.203721469174));
#831 = LINE('',#832,#833);
#832 = CARTESIAN_POINT('',(9.28167251073E-02,-0.999872999746,
    0.208379584639));
#833 = VECTOR('',#834,1.);
#834 = DIRECTION('',(0.,0.,1.));
#835 = ORIENTED_EDGE('',*,*,#836,.F.);
#836 = EDGE_CURVE('',#837,#829,#839,.T.);
#837 = VERTEX_POINT('',#838);
#838 = CARTESIAN_POINT('',(7.827051185811E-02,-0.999872999746,
    0.203721469174));
#839 = LINE('',#840,#841);
#840 = CARTESIAN_POINT('',(9.28167251073E-02,-0.999872999746,
    0.203721469174));
#841 = VECTOR('',#842,1.);
#842 = DIRECTION('',(1.,0.,0.));
#843 = ORIENTED_EDGE('',*,*,#844,.F.);
#844 = EDGE_CURVE('',#845,#837,#847,.T.);
#845 = VERTEX_POINT('',#846);
#846 = CARTESIAN_POINT('',(7.827051185811E-02,-0.999872999746,
    0.190038254996));
#847 = LINE('',#848,#849);
#848 = CARTESIAN_POINT('',(7.827051185811E-02,-0.999872999746,
    0.203721469174));
#849 = VECTOR('',#850,1.);
#850 = DIRECTION('',(0.,0.,1.));
#851 = ORIENTED_EDGE('',*,*,#852,.F.);
#852 = EDGE_CURVE('',#765,#845,#853,.T.);
#853 = LINE('',#854,#855);
#854 = CARTESIAN_POINT('',(7.827051185811E-02,-0.999872999746,
    0.190038254996));
#855 = VECTOR('',#856,1.);
#856 = DIRECTION('',(-1.,-0.,-0.));
#857 = FACE_BOUND('',#858,.T.);
#858 = EDGE_LOOP('',(#859,#869,#877,#885,#894,#903,#912));
#859 = ORIENTED_EDGE('',*,*,#860,.F.);
#860 = EDGE_CURVE('',#861,#863,#865,.T.);
#861 = VERTEX_POINT('',#862);
#862 = CARTESIAN_POINT('',(0.102580051942,-0.999872999746,0.185400934689
    ));
#863 = VERTEX_POINT('',#864);
#864 = CARTESIAN_POINT('',(0.113767847121,-0.999872999746,0.185400934689
    ));
#865 = LINE('',#866,#867);
#866 = CARTESIAN_POINT('',(0.113767847121,-0.999872999746,0.185400934689
    ));
#867 = VECTOR('',#868,1.);
#868 = DIRECTION('',(1.,0.,0.));
#869 = ORIENTED_EDGE('',*,*,#870,.F.);
#870 = EDGE_CURVE('',#871,#861,#873,.T.);
#871 = VERTEX_POINT('',#872);
#872 = CARTESIAN_POINT('',(0.102580051942,-0.999872999746,0.226076264375
    ));
#873 = LINE('',#874,#875);
#874 = CARTESIAN_POINT('',(0.102580051942,-0.999872999746,0.185400934689
    ));
#875 = VECTOR('',#876,1.);
#876 = DIRECTION('',(-0.,-0.,-1.));
#877 = ORIENTED_EDGE('',*,*,#878,.F.);
#878 = EDGE_CURVE('',#879,#871,#881,.T.);
#879 = VERTEX_POINT('',#880);
#880 = CARTESIAN_POINT('',(0.114183750288,-0.999872999746,0.226076264375
    ));
#881 = LINE('',#882,#883);
#882 = CARTESIAN_POINT('',(0.102580051942,-0.999872999746,0.226076264375
    ));
#883 = VECTOR('',#884,1.);
#884 = DIRECTION('',(-1.,-0.,-0.));
#885 = ORIENTED_EDGE('',*,*,#886,.F.);
#886 = EDGE_CURVE('',#887,#879,#889,.T.);
#887 = VERTEX_POINT('',#888);
#888 = CARTESIAN_POINT('',(0.12956176987,-0.999872999746,0.220690318369)
  );
#889 = B_SPLINE_CURVE_WITH_KNOTS('',3,(#890,#891,#892,#893),
  .UNSPECIFIED.,.F.,.F.,(4,4),(2.,3.),.PIECEWISE_BEZIER_KNOTS.);
#890 = CARTESIAN_POINT('',(0.12956176987,-0.999872999746,0.220690318369)
  );
#891 = CARTESIAN_POINT('',(0.125475521259,-0.999872999746,0.224287880759
    ));
#892 = CARTESIAN_POINT('',(0.120349514731,-0.999872999746,0.226076264375
    ));
#893 = CARTESIAN_POINT('',(0.114183750288,-0.999872999746,0.226076264375
    ));
#894 = ORIENTED_EDGE('',*,*,#895,.F.);
#895 = EDGE_CURVE('',#896,#887,#898,.T.);
#896 = VERTEX_POINT('',#897);
#897 = CARTESIAN_POINT('',(0.135696341576,-0.999872999746,0.20625847849)
  );
#898 = B_SPLINE_CURVE_WITH_KNOTS('',3,(#899,#900,#901,#902),
  .UNSPECIFIED.,.F.,.F.,(4,4),(3.,4.),.PIECEWISE_BEZIER_KNOTS.);
#899 = CARTESIAN_POINT('',(0.135696341576,-0.999872999746,0.20625847849)
  );
#900 = CARTESIAN_POINT('',(0.135696341576,-0.999872999746,0.212289074405
    ));
#901 = CARTESIAN_POINT('',(0.133648018481,-0.999872999746,0.217092755978
    ));
#902 = CARTESIAN_POINT('',(0.12956176987,-0.999872999746,0.220690318369)
  );
#903 = ORIENTED_EDGE('',*,*,#904,.F.);
#904 = EDGE_CURVE('',#905,#896,#907,.T.);
#905 = VERTEX_POINT('',#906);
#906 = CARTESIAN_POINT('',(0.12956176987,-0.999872999746,0.19109880807)
  );
#907 = B_SPLINE_CURVE_WITH_KNOTS('',3,(#908,#909,#910,#911),
  .UNSPECIFIED.,.F.,.F.,(4,4),(4.,5.),.PIECEWISE_BEZIER_KNOTS.);
#908 = CARTESIAN_POINT('',(0.12956176987,-0.999872999746,0.19109880807)
  );
#909 = CARTESIAN_POINT('',(0.133648018481,-0.999872999746,0.194904322044
    ));
#910 = CARTESIAN_POINT('',(0.135696341576,-0.999872999746,0.199957545517
    ));
#911 = CARTESIAN_POINT('',(0.135696341576,-0.999872999746,0.20625847849)
  );
#912 = ORIENTED_EDGE('',*,*,#913,.F.);
#913 = EDGE_CURVE('',#863,#905,#914,.T.);
#914 = B_SPLINE_CURVE_WITH_KNOTS('',3,(#915,#916,#917,#918),
  .UNSPECIFIED.,.F.,.F.,(4,4),(5.,6.),.PIECEWISE_BEZIER_KNOTS.);
#915 = CARTESIAN_POINT('',(0.113767847121,-0.999872999746,0.185400934689
    ));
#916 = CARTESIAN_POINT('',(0.120203948623,-0.999872999746,0.185400934689
    ));
#917 = CARTESIAN_POINT('',(0.125475521259,-0.999872999746,0.187293294097
    ));
#918 = CARTESIAN_POINT('',(0.12956176987,-0.999872999746,0.19109880807)
  );
#919 = FACE_BOUND('',#920,.T.);
#920 = EDGE_LOOP('',(#921,#931,#939,#947,#955,#963,#971,#979));
#921 = ORIENTED_EDGE('',*,*,#922,.F.);
#922 = EDGE_CURVE('',#923,#925,#927,.T.);
#923 = VERTEX_POINT('',#924);
#924 = CARTESIAN_POINT('',(0.174552094909,-0.999872999746,0.185400934689
    ));
#925 = VERTEX_POINT('',#926);
#926 = CARTESIAN_POINT('',(0.159059701956,-0.999872999746,0.226076264375
    ));
#927 = LINE('',#928,#929);
#928 = CARTESIAN_POINT('',(0.159059701956,-0.999872999746,0.226076264375
    ));
#929 = VECTOR('',#930,1.);
#930 = DIRECTION('',(-0.35593572437,0.,0.934510438742));
#931 = ORIENTED_EDGE('',*,*,#932,.F.);
#932 = EDGE_CURVE('',#933,#923,#935,.T.);
#933 = VERTEX_POINT('',#934);
#934 = CARTESIAN_POINT('',(0.168750245736,-0.999872999746,0.185400934689
    ));
#935 = LINE('',#936,#937);
#936 = CARTESIAN_POINT('',(0.174552094909,-0.999872999746,0.185400934689
    ));
#937 = VECTOR('',#938,1.);
#938 = DIRECTION('',(1.,0.,0.));
#939 = ORIENTED_EDGE('',*,*,#940,.F.);
#940 = EDGE_CURVE('',#941,#933,#943,.T.);
#941 = VERTEX_POINT('',#942);
#942 = CARTESIAN_POINT('',(0.16460161165,-0.999872999746,0.196526344393)
  );
#943 = LINE('',#944,#945);
#944 = CARTESIAN_POINT('',(0.168750245736,-0.999872999746,0.185400934689
    ));
#945 = VECTOR('',#946,1.);
#946 = DIRECTION('',(0.349395479469,0.,-0.936975345954));
#947 = ORIENTED_EDGE('',*,*,#948,.F.);
#948 = EDGE_CURVE('',#949,#941,#951,.T.);
#949 = VERTEX_POINT('',#950);
#950 = CARTESIAN_POINT('',(0.147663955193,-0.999872999746,0.196526344393
    ));
#951 = LINE('',#952,#953);
#952 = CARTESIAN_POINT('',(0.16460161165,-0.999872999746,0.196526344393)
  );
#953 = VECTOR('',#954,1.);
#954 = DIRECTION('',(1.,0.,0.));
#955 = ORIENTED_EDGE('',*,*,#956,.F.);
#956 = EDGE_CURVE('',#957,#949,#959,.T.);
#957 = VERTEX_POINT('',#958);
#958 = CARTESIAN_POINT('',(0.143754465428,-0.999872999746,0.185400934689
    ));
#959 = LINE('',#960,#961);
#960 = CARTESIAN_POINT('',(0.147663955193,-0.999872999746,0.196526344393
    ));
#961 = VECTOR('',#962,1.);
#962 = DIRECTION('',(0.33152841835,0.,0.943445233083));
#963 = ORIENTED_EDGE('',*,*,#964,.F.);
#964 = EDGE_CURVE('',#965,#957,#967,.T.);
#965 = VERTEX_POINT('',#966);
#966 = CARTESIAN_POINT('',(0.137952616255,-0.999872999746,0.185400934689
    ));
#967 = LINE('',#968,#969);
#968 = CARTESIAN_POINT('',(0.143754465428,-0.999872999746,0.185400934689
    ));
#969 = VECTOR('',#970,1.);
#970 = DIRECTION('',(1.,0.,0.));
#971 = ORIENTED_EDGE('',*,*,#972,.F.);
#972 = EDGE_CURVE('',#973,#965,#975,.T.);
#973 = VERTEX_POINT('',#974);
#974 = CARTESIAN_POINT('',(0.153445009208,-0.999872999746,0.226076264375
    ));
#975 = LINE('',#976,#977);
#976 = CARTESIAN_POINT('',(0.137952616255,-0.999872999746,0.185400934689
    ));
#977 = VECTOR('',#978,1.);
#978 = DIRECTION('',(-0.355935724364,-0.,-0.934510438744));
#979 = ORIENTED_EDGE('',*,*,#980,.F.);
#980 = EDGE_CURVE('',#925,#973,#981,.T.);
#981 = LINE('',#982,#983);
#982 = CARTESIAN_POINT('',(0.153445009208,-0.999872999746,0.226076264375
    ));
#983 = VECTOR('',#984,1.);
#984 = DIRECTION('',(-1.,-0.,-0.));
#985 = FACE_BOUND('',#986,.T.);
#986 = EDGE_LOOP('',(#987,#998,#1007,#1016,#1025,#1034,#1043,#1052,#1061
    ,#1070,#1078,#1087,#1096,#1105,#1114,#1123,#1132,#1141,#1150,#1159,
    #1168));
#987 = ORIENTED_EDGE('',*,*,#988,.F.);
#988 = EDGE_CURVE('',#989,#991,#993,.T.);
#989 = VERTEX_POINT('',#990);
#990 = CARTESIAN_POINT('',(7.669007982531E-02,-0.999872999746,
    0.124346349843));
#991 = VERTEX_POINT('',#992);
#992 = CARTESIAN_POINT('',(6.830963101978E-02,-0.999872999746,
    0.127153696217));
#993 = B_SPLINE_CURVE_WITH_KNOTS('',3,(#994,#995,#996,#997),
  .UNSPECIFIED.,.F.,.F.,(4,4),(0.,1.),.PIECEWISE_BEZIER_KNOTS.);
#994 = CARTESIAN_POINT('',(7.669007982531E-02,-0.999872999746,
    0.124346349843));
#995 = CARTESIAN_POINT('',(7.369557702626E-02,-0.999872999746,
    0.124346349843));
#996 = CARTESIAN_POINT('',(7.090902581052E-02,-0.999872999746,
    0.125282131967));
#997 = CARTESIAN_POINT('',(6.830963101978E-02,-0.999872999746,
    0.127153696217));
#998 = ORIENTED_EDGE('',*,*,#999,.F.);
#999 = EDGE_CURVE('',#1000,#989,#1002,.T.);
#1000 = VERTEX_POINT('',#1001);
#1001 = CARTESIAN_POINT('',(8.269988058156E-02,-0.999872999746,
    0.128276634766));
#1002 = B_SPLINE_CURVE_WITH_KNOTS('',3,(#1003,#1004,#1005,#1006),
  .UNSPECIFIED.,.F.,.F.,(4,4),(1.,2.),.PIECEWISE_BEZIER_KNOTS.);
#1003 = CARTESIAN_POINT('',(8.269988058156E-02,-0.999872999746,
    0.128276634766));
#1004 = CARTESIAN_POINT('',(8.269988058156E-02,-0.999872999746,
    0.125656444817));
#1005 = CARTESIAN_POINT('',(8.069314780314E-02,-0.999872999746,
    0.124346349843));
#1006 = CARTESIAN_POINT('',(7.669007982531E-02,-0.999872999746,
    0.124346349843));
#1007 = ORIENTED_EDGE('',*,*,#1008,.F.);
#1008 = EDGE_CURVE('',#1009,#1000,#1011,.T.);
#1009 = VERTEX_POINT('',#1010);
#1010 = CARTESIAN_POINT('',(8.138978560697E-02,-0.999872999746,
    0.131042390824));
#1011 = B_SPLINE_CURVE_WITH_KNOTS('',3,(#1012,#1013,#1014,#1015),
  .UNSPECIFIED.,.F.,.F.,(4,4),(2.,3.),.PIECEWISE_BEZIER_KNOTS.);
#1012 = CARTESIAN_POINT('',(8.138978560697E-02,-0.999872999746,
    0.131042390824));
#1013 = CARTESIAN_POINT('',(8.226318225679E-02,-0.999872999746,
    0.130314560282));
#1014 = CARTESIAN_POINT('',(8.269988058156E-02,-0.999872999746,
    0.129399573316));
#1015 = CARTESIAN_POINT('',(8.269988058156E-02,-0.999872999746,
    0.128276634766));
#1016 = ORIENTED_EDGE('',*,*,#1017,.F.);
#1017 = EDGE_CURVE('',#1018,#1009,#1020,.T.);
#1018 = VERTEX_POINT('',#1019);
#1019 = CARTESIAN_POINT('',(7.605582749638E-02,-0.999872999746,
    0.133641785614));
#1020 = B_SPLINE_CURVE_WITH_KNOTS('',3,(#1021,#1022,#1023,#1024),
  .UNSPECIFIED.,.F.,.F.,(4,4),(3.,4.),.PIECEWISE_BEZIER_KNOTS.);
#1021 = CARTESIAN_POINT('',(7.605582749638E-02,-0.999872999746,
    0.133641785614));
#1022 = CARTESIAN_POINT('',(7.873840292047E-02,-0.999872999746,
    0.132643618015));
#1023 = CARTESIAN_POINT('',(8.051638895729E-02,-0.999872999746,
    0.131770221365));
#1024 = CARTESIAN_POINT('',(8.138978560697E-02,-0.999872999746,
    0.131042390824));
#1025 = ORIENTED_EDGE('',*,*,#1026,.F.);
#1026 = EDGE_CURVE('',#1027,#1018,#1029,.T.);
#1027 = VERTEX_POINT('',#1028);
#1028 = CARTESIAN_POINT('',(6.978608726093E-02,-0.999872999746,
    0.137488889905));
#1029 = B_SPLINE_CURVE_WITH_KNOTS('',3,(#1030,#1031,#1032,#1033),
  .UNSPECIFIED.,.F.,.F.,(4,4),(4.,5.),.PIECEWISE_BEZIER_KNOTS.);
#1030 = CARTESIAN_POINT('',(6.978608726093E-02,-0.999872999746,
    0.137488889905));
#1031 = CARTESIAN_POINT('',(7.074266454396E-02,-0.999872999746,
    0.136220385247));
#1032 = CARTESIAN_POINT('',(7.284297553488E-02,-0.999872999746,
    0.134931085431));
#1033 = CARTESIAN_POINT('',(7.605582749638E-02,-0.999872999746,
    0.133641785614));
#1034 = ORIENTED_EDGE('',*,*,#1035,.F.);
#1035 = EDGE_CURVE('',#1036,#1027,#1038,.T.);
#1036 = VERTEX_POINT('',#1037);
#1037 = CARTESIAN_POINT('',(6.834082375723E-02,-0.999872999746,
    0.142084619895));
#1038 = B_SPLINE_CURVE_WITH_KNOTS('',3,(#1039,#1040,#1041,#1042),
  .UNSPECIFIED.,.F.,.F.,(4,4),(5.,6.),.PIECEWISE_BEZIER_KNOTS.);
#1039 = CARTESIAN_POINT('',(6.834082375723E-02,-0.999872999746,
    0.142084619895));
#1040 = CARTESIAN_POINT('',(6.834082375723E-02,-0.999872999746,
    0.140296236279));
#1041 = CARTESIAN_POINT('',(6.881911239875E-02,-0.999872999746,
    0.138757394563));
#1042 = CARTESIAN_POINT('',(6.978608726093E-02,-0.999872999746,
    0.137488889905));
#1043 = ORIENTED_EDGE('',*,*,#1044,.F.);
#1044 = EDGE_CURVE('',#1045,#1036,#1047,.T.);
#1045 = VERTEX_POINT('',#1046);
#1046 = CARTESIAN_POINT('',(7.160566361449E-02,-0.999872999746,
    0.148281577076));
#1047 = B_SPLINE_CURVE_WITH_KNOTS('',3,(#1048,#1049,#1050,#1051),
  .UNSPECIFIED.,.F.,.F.,(4,4),(6.,7.),.PIECEWISE_BEZIER_KNOTS.);
#1048 = CARTESIAN_POINT('',(7.160566361449E-02,-0.999872999746,
    0.148281577076));
#1049 = CARTESIAN_POINT('',(6.943256956937E-02,-0.999872999746,
    0.146721940202));
#1050 = CARTESIAN_POINT('',(6.834082375723E-02,-0.999872999746,
    0.144663219527));
#1051 = CARTESIAN_POINT('',(6.834082375723E-02,-0.999872999746,
    0.142084619895));
#1052 = ORIENTED_EDGE('',*,*,#1053,.F.);
#1053 = EDGE_CURVE('',#1054,#1045,#1056,.T.);
#1054 = VERTEX_POINT('',#1055);
#1055 = CARTESIAN_POINT('',(7.965338988676E-02,-0.999872999746,
    0.150589839651));
#1056 = B_SPLINE_CURVE_WITH_KNOTS('',3,(#1057,#1058,#1059,#1060),
  .UNSPECIFIED.,.F.,.F.,(4,4),(7.,8.),.PIECEWISE_BEZIER_KNOTS.);
#1057 = CARTESIAN_POINT('',(7.965338988676E-02,-0.999872999746,
    0.150589839651));
#1058 = CARTESIAN_POINT('',(7.647173066285E-02,-0.999872999746,
    0.150589839651));
#1059 = CARTESIAN_POINT('',(7.378915523876E-02,-0.999872999746,
    0.149820418792));
#1060 = CARTESIAN_POINT('',(7.160566361449E-02,-0.999872999746,
    0.148281577076));
#1061 = ORIENTED_EDGE('',*,*,#1062,.F.);
#1062 = EDGE_CURVE('',#1063,#1054,#1065,.T.);
#1063 = VERTEX_POINT('',#1064);
#1064 = CARTESIAN_POINT('',(8.653658729283E-02,-0.999872999746,
    0.149300539834));
#1065 = B_SPLINE_CURVE_WITH_KNOTS('',3,(#1066,#1067,#1068,#1069),
  .UNSPECIFIED.,.F.,.F.,(4,4),(8.,9.),.PIECEWISE_BEZIER_KNOTS.);
#1066 = CARTESIAN_POINT('',(8.653658729283E-02,-0.999872999746,
    0.149300539834));
#1067 = CARTESIAN_POINT('',(8.441548114347E-02,-0.999872999746,
    0.150173936484));
#1068 = CARTESIAN_POINT('',(8.212801372755E-02,-0.999872999746,
    0.150589839651));
#1069 = CARTESIAN_POINT('',(7.965338988676E-02,-0.999872999746,
    0.150589839651));
#1070 = ORIENTED_EDGE('',*,*,#1071,.F.);
#1071 = EDGE_CURVE('',#1072,#1063,#1074,.T.);
#1072 = VERTEX_POINT('',#1073);
#1073 = CARTESIAN_POINT('',(8.653658729283E-02,-0.999872999746,
    0.144351292153));
#1074 = LINE('',#1075,#1076);
#1075 = CARTESIAN_POINT('',(8.653658729283E-02,-0.999872999746,
    0.149300539834));
#1076 = VECTOR('',#1077,1.);
#1077 = DIRECTION('',(0.,0.,1.));
#1078 = ORIENTED_EDGE('',*,*,#1079,.F.);
#1079 = EDGE_CURVE('',#1080,#1072,#1082,.T.);
#1080 = VERTEX_POINT('',#1081);
#1081 = CARTESIAN_POINT('',(7.915430608694E-02,-0.999872999746,
    0.146451603144));
#1082 = B_SPLINE_CURVE_WITH_KNOTS('',3,(#1083,#1084,#1085,#1086),
  .UNSPECIFIED.,.F.,.F.,(4,4),(10.,11.),.PIECEWISE_BEZIER_KNOTS.);
#1083 = CARTESIAN_POINT('',(7.915430608694E-02,-0.999872999746,
    0.146451603144));
#1084 = CARTESIAN_POINT('',(8.190966456523E-02,-0.999872999746,
    0.146451603144));
#1085 = CARTESIAN_POINT('',(8.436349324771E-02,-0.999872999746,
    0.14574456776));
#1086 = CARTESIAN_POINT('',(8.653658729283E-02,-0.999872999746,
    0.144351292153));
#1087 = ORIENTED_EDGE('',*,*,#1088,.F.);
#1088 = EDGE_CURVE('',#1089,#1080,#1091,.T.);
#1089 = VERTEX_POINT('',#1090);
#1090 = CARTESIAN_POINT('',(7.514084052996E-02,-0.999872999746,
    0.14537025491));
#1091 = B_SPLINE_CURVE_WITH_KNOTS('',3,(#1092,#1093,#1094,#1095),
  .UNSPECIFIED.,.F.,.F.,(4,4),(11.,12.),.PIECEWISE_BEZIER_KNOTS.);
#1092 = CARTESIAN_POINT('',(7.514084052996E-02,-0.999872999746,
    0.14537025491));
#1093 = CARTESIAN_POINT('',(7.617020086705E-02,-0.999872999746,
    0.146098085452));
#1094 = CARTESIAN_POINT('',(7.751148857923E-02,-0.999872999746,
    0.146451603144));
#1095 = CARTESIAN_POINT('',(7.915430608694E-02,-0.999872999746,
    0.146451603144));
#1096 = ORIENTED_EDGE('',*,*,#1097,.F.);
#1097 = EDGE_CURVE('',#1098,#1089,#1100,.T.);
#1098 = VERTEX_POINT('',#1099);
#1099 = CARTESIAN_POINT('',(7.359160123461E-02,-0.999872999746,
    0.142542113378));
#1100 = B_SPLINE_CURVE_WITH_KNOTS('',3,(#1101,#1102,#1103,#1104),
  .UNSPECIFIED.,.F.,.F.,(4,4),(12.,13.),.PIECEWISE_BEZIER_KNOTS.);
#1101 = CARTESIAN_POINT('',(7.359160123461E-02,-0.999872999746,
    0.142542113378));
#1102 = CARTESIAN_POINT('',(7.359160123461E-02,-0.999872999746,
    0.143706642244));
#1103 = CARTESIAN_POINT('',(7.411148019287E-02,-0.999872999746,
    0.144663219527));
#1104 = CARTESIAN_POINT('',(7.514084052996E-02,-0.999872999746,
    0.14537025491));
#1105 = ORIENTED_EDGE('',*,*,#1106,.F.);
#1106 = EDGE_CURVE('',#1107,#1098,#1109,.T.);
#1107 = VERTEX_POINT('',#1108);
#1108 = CARTESIAN_POINT('',(7.470414220505E-02,-0.999872999746,
    0.139838742796));
#1109 = B_SPLINE_CURVE_WITH_KNOTS('',3,(#1110,#1111,#1112,#1113),
  .UNSPECIFIED.,.F.,.F.,(4,4),(13.,14.),.PIECEWISE_BEZIER_KNOTS.);
#1110 = CARTESIAN_POINT('',(7.470414220505E-02,-0.999872999746,
    0.139838742796));
#1111 = CARTESIAN_POINT('',(7.396591408447E-02,-0.999872999746,
    0.140483392704));
#1112 = CARTESIAN_POINT('',(7.359160123461E-02,-0.999872999746,
    0.141377584512));
#1113 = CARTESIAN_POINT('',(7.359160123461E-02,-0.999872999746,
    0.142542113378));
#1114 = ORIENTED_EDGE('',*,*,#1115,.F.);
#1115 = EDGE_CURVE('',#1116,#1107,#1118,.T.);
#1116 = VERTEX_POINT('',#1117);
#1117 = CARTESIAN_POINT('',(7.965338988676E-02,-0.999872999746,
    0.137343323796));
#1118 = B_SPLINE_CURVE_WITH_KNOTS('',3,(#1119,#1120,#1121,#1122),
  .UNSPECIFIED.,.F.,.F.,(4,4),(14.,15.),.PIECEWISE_BEZIER_KNOTS.);
#1119 = CARTESIAN_POINT('',(7.965338988676E-02,-0.999872999746,
    0.137343323796));
#1120 = CARTESIAN_POINT('',(7.709558541262E-02,-0.999872999746,
    0.138341491396));
#1121 = CARTESIAN_POINT('',(7.545276790491E-02,-0.999872999746,
    0.139173297729));
#1122 = CARTESIAN_POINT('',(7.470414220505E-02,-0.999872999746,
    0.139838742796));
#1123 = ORIENTED_EDGE('',*,*,#1124,.F.);
#1124 = EDGE_CURVE('',#1125,#1116,#1127,.T.);
#1125 = VERTEX_POINT('',#1126);
#1126 = CARTESIAN_POINT('',(8.622465991788E-02,-0.999872999746,
    0.13357940014));
#1127 = B_SPLINE_CURVE_WITH_KNOTS('',3,(#1128,#1129,#1130,#1131),
  .UNSPECIFIED.,.F.,.F.,(4,4),(15.,16.),.PIECEWISE_BEZIER_KNOTS.);
#1128 = CARTESIAN_POINT('',(8.622465991788E-02,-0.999872999746,
    0.13357940014));
#1129 = CARTESIAN_POINT('',(8.508092620999E-02,-0.999872999746,
    0.134868699956));
#1130 = CARTESIAN_POINT('',(8.289743458571E-02,-0.999872999746,
    0.136137204614));
#1131 = CARTESIAN_POINT('',(7.965338988676E-02,-0.999872999746,
    0.137343323796));
#1132 = ORIENTED_EDGE('',*,*,#1133,.F.);
#1133 = EDGE_CURVE('',#1134,#1125,#1136,.T.);
#1134 = VERTEX_POINT('',#1135);
#1135 = CARTESIAN_POINT('',(8.792986290064E-02,-0.999872999746,
    0.128775718566));
#1136 = B_SPLINE_CURVE_WITH_KNOTS('',3,(#1137,#1138,#1139,#1140),
  .UNSPECIFIED.,.F.,.F.,(4,4),(16.,17.),.PIECEWISE_BEZIER_KNOTS.);
#1137 = CARTESIAN_POINT('',(8.792986290064E-02,-0.999872999746,
    0.128775718566));
#1138 = CARTESIAN_POINT('',(8.792986290064E-02,-0.999872999746,
    0.130688873132));
#1139 = CARTESIAN_POINT('',(8.735799604662E-02,-0.999872999746,
    0.132290100323));
#1140 = CARTESIAN_POINT('',(8.622465991788E-02,-0.999872999746,
    0.13357940014));
#1141 = ORIENTED_EDGE('',*,*,#1142,.F.);
#1142 = EDGE_CURVE('',#1143,#1134,#1145,.T.);
#1143 = VERTEX_POINT('',#1144);
#1144 = CARTESIAN_POINT('',(8.465462546423E-02,-0.999872999746,
    0.122495580751));
#1145 = B_SPLINE_CURVE_WITH_KNOTS('',3,(#1146,#1147,#1148,#1149),
  .UNSPECIFIED.,.F.,.F.,(4,4),(17.,18.),.PIECEWISE_BEZIER_KNOTS.);
#1146 = CARTESIAN_POINT('',(8.465462546423E-02,-0.999872999746,
    0.122495580751));
#1147 = CARTESIAN_POINT('',(8.68381170885E-02,-0.999872999746,
    0.12401362731));
#1148 = CARTESIAN_POINT('',(8.792986290064E-02,-0.999872999746,
    0.1261139383));
#1149 = CARTESIAN_POINT('',(8.792986290064E-02,-0.999872999746,
    0.128775718566));
#1150 = ORIENTED_EDGE('',*,*,#1151,.F.);
#1151 = EDGE_CURVE('',#1152,#1143,#1154,.T.);
#1152 = VERTEX_POINT('',#1153);
#1153 = CARTESIAN_POINT('',(7.619099602549E-02,-0.999872999746,
    0.120187318177));
#1154 = B_SPLINE_CURVE_WITH_KNOTS('',3,(#1155,#1156,#1157,#1158),
  .UNSPECIFIED.,.F.,.F.,(4,4),(18.,19.),.PIECEWISE_BEZIER_KNOTS.);
#1155 = CARTESIAN_POINT('',(7.619099602549E-02,-0.999872999746,
    0.120187318177));
#1156 = CARTESIAN_POINT('',(7.965338988676E-02,-0.999872999746,
    0.120187318177));
#1157 = CARTESIAN_POINT('',(8.248153141911E-02,-0.999872999746,
    0.120956739035));
#1158 = CARTESIAN_POINT('',(8.465462546423E-02,-0.999872999746,
    0.122495580751));
#1159 = ORIENTED_EDGE('',*,*,#1160,.F.);
#1160 = EDGE_CURVE('',#1161,#1152,#1163,.T.);
#1161 = VERTEX_POINT('',#1162);
#1162 = CARTESIAN_POINT('',(6.830963101978E-02,-0.999872999746,
    0.12189252116));
#1163 = B_SPLINE_CURVE_WITH_KNOTS('',3,(#1164,#1165,#1166,#1167),
  .UNSPECIFIED.,.F.,.F.,(4,4),(19.,20.),.PIECEWISE_BEZIER_KNOTS.);
#1164 = CARTESIAN_POINT('',(6.830963101978E-02,-0.999872999746,
    0.12189252116));
#1165 = CARTESIAN_POINT('',(7.055550811896E-02,-0.999872999746,
    0.12076958261));
#1166 = CARTESIAN_POINT('',(7.317569806814E-02,-0.999872999746,
    0.120187318177));
#1167 = CARTESIAN_POINT('',(7.619099602549E-02,-0.999872999746,
    0.120187318177));
#1168 = ORIENTED_EDGE('',*,*,#1169,.F.);
#1169 = EDGE_CURVE('',#991,#1161,#1170,.T.);
#1170 = LINE('',#1171,#1172);
#1171 = CARTESIAN_POINT('',(6.830963101978E-02,-0.999872999746,
    0.12189252116));
#1172 = VECTOR('',#1173,1.);
#1173 = DIRECTION('',(-0.,-0.,-1.));
#1174 = FACE_BOUND('',#1175,.T.);
#1175 = EDGE_LOOP('',(#1176,#1186,#1194,#1202,#1210,#1218,#1226,#1234,
    #1242,#1250,#1258,#1266));
#1176 = ORIENTED_EDGE('',*,*,#1177,.F.);
#1177 = EDGE_CURVE('',#1178,#1180,#1182,.T.);
#1178 = VERTEX_POINT('',#1179);
#1179 = CARTESIAN_POINT('',(0.14583398126,-0.999872999746,0.120873558402
    ));
#1180 = VERTEX_POINT('',#1181);
#1181 = CARTESIAN_POINT('',(0.14583398126,-0.999872999746,0.125510878709
    ));
#1182 = LINE('',#1183,#1184);
#1183 = CARTESIAN_POINT('',(0.14583398126,-0.999872999746,0.125510878709
    ));
#1184 = VECTOR('',#1185,1.);
#1185 = DIRECTION('',(0.,0.,1.));
#1186 = ORIENTED_EDGE('',*,*,#1187,.F.);
#1187 = EDGE_CURVE('',#1188,#1178,#1190,.T.);
#1188 = VERTEX_POINT('',#1189);
#1189 = CARTESIAN_POINT('',(0.123957474701,-0.999872999746,
    0.120873558402));
#1190 = LINE('',#1191,#1192);
#1191 = CARTESIAN_POINT('',(0.14583398126,-0.999872999746,0.120873558402
    ));
#1192 = VECTOR('',#1193,1.);
#1193 = DIRECTION('',(1.,0.,0.));
#1194 = ORIENTED_EDGE('',*,*,#1195,.F.);
#1195 = EDGE_CURVE('',#1196,#1188,#1198,.T.);
#1196 = VERTEX_POINT('',#1197);
#1197 = CARTESIAN_POINT('',(0.123957474701,-0.999872999746,
    0.161548888088));
#1198 = LINE('',#1199,#1200);
#1199 = CARTESIAN_POINT('',(0.123957474701,-0.999872999746,
    0.120873558402));
#1200 = VECTOR('',#1201,1.);
#1201 = DIRECTION('',(-0.,-0.,-1.));
#1202 = ORIENTED_EDGE('',*,*,#1203,.F.);
#1203 = EDGE_CURVE('',#1204,#1196,#1206,.T.);
#1204 = VERTEX_POINT('',#1205);
#1205 = CARTESIAN_POINT('',(0.144908596715,-0.999872999746,
    0.161548888088));
#1206 = LINE('',#1207,#1208);
#1207 = CARTESIAN_POINT('',(0.123957474701,-0.999872999746,
    0.161548888088));
#1208 = VECTOR('',#1209,1.);
#1209 = DIRECTION('',(-1.,-0.,-0.));
#1210 = ORIENTED_EDGE('',*,*,#1211,.F.);
#1211 = EDGE_CURVE('',#1212,#1204,#1214,.T.);
#1212 = VERTEX_POINT('',#1213);
#1213 = CARTESIAN_POINT('',(0.144908596715,-0.999872999746,
    0.156869977465));
#1214 = LINE('',#1215,#1216);
#1215 = CARTESIAN_POINT('',(0.144908596715,-0.999872999746,
    0.161548888088));
#1216 = VECTOR('',#1217,1.);
#1217 = DIRECTION('',(0.,0.,1.));
#1218 = ORIENTED_EDGE('',*,*,#1219,.F.);
#1219 = EDGE_CURVE('',#1220,#1212,#1222,.T.);
#1220 = VERTEX_POINT('',#1221);
#1221 = CARTESIAN_POINT('',(0.129208252179,-0.999872999746,
    0.156869977465));
#1222 = LINE('',#1223,#1224);
#1223 = CARTESIAN_POINT('',(0.144908596715,-0.999872999746,
    0.156869977465));
#1224 = VECTOR('',#1225,1.);
#1225 = DIRECTION('',(1.,0.,0.));
#1226 = ORIENTED_EDGE('',*,*,#1227,.F.);
#1227 = EDGE_CURVE('',#1228,#1220,#1230,.T.);
#1228 = VERTEX_POINT('',#1229);
#1229 = CARTESIAN_POINT('',(0.129208252179,-0.999872999746,
    0.143852208353));
#1230 = LINE('',#1231,#1232);
#1231 = CARTESIAN_POINT('',(0.129208252179,-0.999872999746,
    0.156869977465));
#1232 = VECTOR('',#1233,1.);
#1233 = DIRECTION('',(0.,0.,1.));
#1234 = ORIENTED_EDGE('',*,*,#1235,.F.);
#1235 = EDGE_CURVE('',#1236,#1228,#1238,.T.);
#1236 = VERTEX_POINT('',#1237);
#1237 = CARTESIAN_POINT('',(0.143754465428,-0.999872999746,
    0.143852208353));
#1238 = LINE('',#1239,#1240);
#1239 = CARTESIAN_POINT('',(0.129208252179,-0.999872999746,
    0.143852208353));
#1240 = VECTOR('',#1241,1.);
#1241 = DIRECTION('',(-1.,-0.,-0.));
#1242 = ORIENTED_EDGE('',*,*,#1243,.F.);
#1243 = EDGE_CURVE('',#1244,#1236,#1246,.T.);
#1244 = VERTEX_POINT('',#1245);
#1245 = CARTESIAN_POINT('',(0.143754465428,-0.999872999746,
    0.139194092888));
#1246 = LINE('',#1247,#1248);
#1247 = CARTESIAN_POINT('',(0.143754465428,-0.999872999746,
    0.143852208353));
#1248 = VECTOR('',#1249,1.);
#1249 = DIRECTION('',(0.,0.,1.));
#1250 = ORIENTED_EDGE('',*,*,#1251,.F.);
#1251 = EDGE_CURVE('',#1252,#1244,#1254,.T.);
#1252 = VERTEX_POINT('',#1253);
#1253 = CARTESIAN_POINT('',(0.129208252179,-0.999872999746,
    0.139194092888));
#1254 = LINE('',#1255,#1256);
#1255 = CARTESIAN_POINT('',(0.143754465428,-0.999872999746,
    0.139194092888));
#1256 = VECTOR('',#1257,1.);
#1257 = DIRECTION('',(1.,0.,0.));
#1258 = ORIENTED_EDGE('',*,*,#1259,.F.);
#1259 = EDGE_CURVE('',#1260,#1252,#1262,.T.);
#1260 = VERTEX_POINT('',#1261);
#1261 = CARTESIAN_POINT('',(0.129208252179,-0.999872999746,
    0.125510878709));
#1262 = LINE('',#1263,#1264);
#1263 = CARTESIAN_POINT('',(0.129208252179,-0.999872999746,
    0.139194092888));
#1264 = VECTOR('',#1265,1.);
#1265 = DIRECTION('',(0.,0.,1.));
#1266 = ORIENTED_EDGE('',*,*,#1267,.F.);
#1267 = EDGE_CURVE('',#1180,#1260,#1268,.T.);
#1268 = LINE('',#1269,#1270);
#1269 = CARTESIAN_POINT('',(0.129208252179,-0.999872999746,
    0.125510878709));
#1270 = VECTOR('',#1271,1.);
#1271 = DIRECTION('',(-1.,-0.,-0.));
#1272 = FACE_BOUND('',#1273,.T.);
#1273 = EDGE_LOOP('',(#1274,#1284,#1292,#1300,#1309,#1318,#1327));
#1274 = ORIENTED_EDGE('',*,*,#1275,.F.);
#1275 = EDGE_CURVE('',#1276,#1278,#1280,.T.);
#1276 = VERTEX_POINT('',#1277);
#1277 = CARTESIAN_POINT('',(0.153517792262,-0.999872999746,
    0.120873558402));
#1278 = VERTEX_POINT('',#1279);
#1279 = CARTESIAN_POINT('',(0.164705587442,-0.999872999746,
    0.120873558402));
#1280 = LINE('',#1281,#1282);
#1281 = CARTESIAN_POINT('',(0.164705587442,-0.999872999746,
    0.120873558402));
#1282 = VECTOR('',#1283,1.);
#1283 = DIRECTION('',(1.,0.,0.));
#1284 = ORIENTED_EDGE('',*,*,#1285,.F.);
#1285 = EDGE_CURVE('',#1286,#1276,#1288,.T.);
#1286 = VERTEX_POINT('',#1287);
#1287 = CARTESIAN_POINT('',(0.153517792262,-0.999872999746,
    0.161548888088));
#1288 = LINE('',#1289,#1290);
#1289 = CARTESIAN_POINT('',(0.153517792262,-0.999872999746,
    0.120873558402));
#1290 = VECTOR('',#1291,1.);
#1291 = DIRECTION('',(-0.,-0.,-1.));
#1292 = ORIENTED_EDGE('',*,*,#1293,.F.);
#1293 = EDGE_CURVE('',#1294,#1286,#1296,.T.);
#1294 = VERTEX_POINT('',#1295);
#1295 = CARTESIAN_POINT('',(0.165121490608,-0.999872999746,
    0.161548888088));
#1296 = LINE('',#1297,#1298);
#1297 = CARTESIAN_POINT('',(0.153517792262,-0.999872999746,
    0.161548888088));
#1298 = VECTOR('',#1299,1.);
#1299 = DIRECTION('',(-1.,-0.,-0.));
#1300 = ORIENTED_EDGE('',*,*,#1301,.F.);
#1301 = EDGE_CURVE('',#1302,#1294,#1304,.T.);
#1302 = VERTEX_POINT('',#1303);
#1303 = CARTESIAN_POINT('',(0.18049951019,-0.999872999746,0.156162942082
    ));
#1304 = B_SPLINE_CURVE_WITH_KNOTS('',3,(#1305,#1306,#1307,#1308),
  .UNSPECIFIED.,.F.,.F.,(4,4),(2.,3.),.PIECEWISE_BEZIER_KNOTS.);
#1305 = CARTESIAN_POINT('',(0.18049951019,-0.999872999746,0.156162942082
    ));
#1306 = CARTESIAN_POINT('',(0.176413261579,-0.999872999746,
    0.159760504472));
#1307 = CARTESIAN_POINT('',(0.171287255052,-0.999872999746,
    0.161548888088));
#1308 = CARTESIAN_POINT('',(0.165121490608,-0.999872999746,
    0.161548888088));
#1309 = ORIENTED_EDGE('',*,*,#1310,.F.);
#1310 = EDGE_CURVE('',#1311,#1302,#1313,.T.);
#1311 = VERTEX_POINT('',#1312);
#1312 = CARTESIAN_POINT('',(0.186634081897,-0.999872999746,
    0.141731102203));
#1313 = B_SPLINE_CURVE_WITH_KNOTS('',3,(#1314,#1315,#1316,#1317),
  .UNSPECIFIED.,.F.,.F.,(4,4),(3.,4.),.PIECEWISE_BEZIER_KNOTS.);
#1314 = CARTESIAN_POINT('',(0.186634081897,-0.999872999746,
    0.141731102203));
#1315 = CARTESIAN_POINT('',(0.186634081897,-0.999872999746,
    0.147761698118));
#1316 = CARTESIAN_POINT('',(0.184585758802,-0.999872999746,
    0.152565379691));
#1317 = CARTESIAN_POINT('',(0.18049951019,-0.999872999746,0.156162942082
    ));
#1318 = ORIENTED_EDGE('',*,*,#1319,.F.);
#1319 = EDGE_CURVE('',#1320,#1311,#1322,.T.);
#1320 = VERTEX_POINT('',#1321);
#1321 = CARTESIAN_POINT('',(0.18049951019,-0.999872999746,0.126571431784
    ));
#1322 = B_SPLINE_CURVE_WITH_KNOTS('',3,(#1323,#1324,#1325,#1326),
  .UNSPECIFIED.,.F.,.F.,(4,4),(4.,5.),.PIECEWISE_BEZIER_KNOTS.);
#1323 = CARTESIAN_POINT('',(0.18049951019,-0.999872999746,0.126571431784
    ));
#1324 = CARTESIAN_POINT('',(0.184585758802,-0.999872999746,
    0.130376945757));
#1325 = CARTESIAN_POINT('',(0.186634081897,-0.999872999746,0.13543016923
    ));
#1326 = CARTESIAN_POINT('',(0.186634081897,-0.999872999746,
    0.141731102203));
#1327 = ORIENTED_EDGE('',*,*,#1328,.F.);
#1328 = EDGE_CURVE('',#1278,#1320,#1329,.T.);
#1329 = B_SPLINE_CURVE_WITH_KNOTS('',3,(#1330,#1331,#1332,#1333),
  .UNSPECIFIED.,.F.,.F.,(4,4),(5.,6.),.PIECEWISE_BEZIER_KNOTS.);
#1330 = CARTESIAN_POINT('',(0.164705587442,-0.999872999746,
    0.120873558402));
#1331 = CARTESIAN_POINT('',(0.171141688944,-0.999872999746,
    0.120873558402));
#1332 = CARTESIAN_POINT('',(0.176413261579,-0.999872999746,0.12276591781
    ));
#1333 = CARTESIAN_POINT('',(0.18049951019,-0.999872999746,0.126571431784
    ));
#1334 = FACE_BOUND('',#1335,.T.);
#1335 = EDGE_LOOP('',(#1336,#1346,#1354,#1362,#1370,#1378,#1386,#1394));
#1336 = ORIENTED_EDGE('',*,*,#1337,.F.);
#1337 = EDGE_CURVE('',#1338,#1340,#1342,.T.);
#1338 = VERTEX_POINT('',#1339);
#1339 = CARTESIAN_POINT('',(0.225489835229,-0.999872999746,
    0.120873558402));
#1340 = VERTEX_POINT('',#1341);
#1341 = CARTESIAN_POINT('',(0.209997442276,-0.999872999746,
    0.161548888088));
#1342 = LINE('',#1343,#1344);
#1343 = CARTESIAN_POINT('',(0.209997442276,-0.999872999746,
    0.161548888088));
#1344 = VECTOR('',#1345,1.);
#1345 = DIRECTION('',(-0.355935724364,0.,0.934510438744));
#1346 = ORIENTED_EDGE('',*,*,#1347,.F.);
#1347 = EDGE_CURVE('',#1348,#1338,#1350,.T.);
#1348 = VERTEX_POINT('',#1349);
#1349 = CARTESIAN_POINT('',(0.219687986057,-0.999872999746,
    0.120873558402));
#1350 = LINE('',#1351,#1352);
#1351 = CARTESIAN_POINT('',(0.225489835229,-0.999872999746,
    0.120873558402));
#1352 = VECTOR('',#1353,1.);
#1353 = DIRECTION('',(1.,0.,0.));
#1354 = ORIENTED_EDGE('',*,*,#1355,.F.);
#1355 = EDGE_CURVE('',#1356,#1348,#1358,.T.);
#1356 = VERTEX_POINT('',#1357);
#1357 = CARTESIAN_POINT('',(0.21553935197,-0.999872999746,0.131998968107
    ));
#1358 = LINE('',#1359,#1360);
#1359 = CARTESIAN_POINT('',(0.219687986057,-0.999872999746,
    0.120873558402));
#1360 = VECTOR('',#1361,1.);
#1361 = DIRECTION('',(0.349395479497,0.,-0.936975345944));
#1362 = ORIENTED_EDGE('',*,*,#1363,.F.);
#1363 = EDGE_CURVE('',#1364,#1356,#1366,.T.);
#1364 = VERTEX_POINT('',#1365);
#1365 = CARTESIAN_POINT('',(0.198601695513,-0.999872999746,
    0.131998968107));
#1366 = LINE('',#1367,#1368);
#1367 = CARTESIAN_POINT('',(0.21553935197,-0.999872999746,0.131998968107
    ));
#1368 = VECTOR('',#1369,1.);
#1369 = DIRECTION('',(1.,0.,0.));
#1370 = ORIENTED_EDGE('',*,*,#1371,.F.);
#1371 = EDGE_CURVE('',#1372,#1364,#1374,.T.);
#1372 = VERTEX_POINT('',#1373);
#1373 = CARTESIAN_POINT('',(0.194692205748,-0.999872999746,
    0.120873558402));
#1374 = LINE('',#1375,#1376);
#1375 = CARTESIAN_POINT('',(0.198601695513,-0.999872999746,
    0.131998968107));
#1376 = VECTOR('',#1377,1.);
#1377 = DIRECTION('',(0.331528418358,0.,0.94344523308));
#1378 = ORIENTED_EDGE('',*,*,#1379,.F.);
#1379 = EDGE_CURVE('',#1380,#1372,#1382,.T.);
#1380 = VERTEX_POINT('',#1381);
#1381 = CARTESIAN_POINT('',(0.188890356575,-0.999872999746,
    0.120873558402));
#1382 = LINE('',#1383,#1384);
#1383 = CARTESIAN_POINT('',(0.194692205748,-0.999872999746,
    0.120873558402));
#1384 = VECTOR('',#1385,1.);
#1385 = DIRECTION('',(1.,0.,0.));
#1386 = ORIENTED_EDGE('',*,*,#1387,.F.);
#1387 = EDGE_CURVE('',#1388,#1380,#1390,.T.);
#1388 = VERTEX_POINT('',#1389);
#1389 = CARTESIAN_POINT('',(0.204382749528,-0.999872999746,
    0.161548888088));
#1390 = LINE('',#1391,#1392);
#1391 = CARTESIAN_POINT('',(0.188890356575,-0.999872999746,
    0.120873558402));
#1392 = VECTOR('',#1393,1.);
#1393 = DIRECTION('',(-0.35593572437,-0.,-0.934510438742));
#1394 = ORIENTED_EDGE('',*,*,#1395,.F.);
#1395 = EDGE_CURVE('',#1340,#1388,#1396,.T.);
#1396 = LINE('',#1397,#1398);
#1397 = CARTESIAN_POINT('',(0.204382749528,-0.999872999746,
    0.161548888088));
#1398 = VECTOR('',#1399,1.);
#1399 = DIRECTION('',(-1.,-0.,-0.));
#1400 = FACE_BOUND('',#1401,.T.);
#1401 = EDGE_LOOP('',(#1402,#1413,#1422,#1431,#1439,#1448,#1457,#1466,
    #1474,#1483,#1492,#1501,#1510,#1519,#1528,#1537,#1546,#1555,#1564,
    #1572,#1580,#1588,#1597,#1606,#1615,#1624,#1633,#1642,#1651,#1660,
    #1669,#1678,#1687));
#1402 = ORIENTED_EDGE('',*,*,#1403,.F.);
#1403 = EDGE_CURVE('',#1404,#1406,#1408,.T.);
#1404 = VERTEX_POINT('',#1405);
#1405 = CARTESIAN_POINT('',(-2.200220401175E-02,-0.999872999746,
    0.16122013049));
#1406 = VERTEX_POINT('',#1407);
#1407 = CARTESIAN_POINT('',(-5.063274336989E-02,-0.999872999746,
    0.19910498443));
#1408 = B_SPLINE_CURVE_WITH_KNOTS('',3,(#1409,#1410,#1411,#1412),
  .UNSPECIFIED.,.F.,.F.,(4,4),(35.,36.),.PIECEWISE_BEZIER_KNOTS.);
#1409 = CARTESIAN_POINT('',(-2.200220401175E-02,-0.999872999746,
    0.16122013049));
#1410 = CARTESIAN_POINT('',(-2.229139703314E-02,-0.999872999746,
    0.178571965505));
#1411 = CARTESIAN_POINT('',(-3.414849845103E-02,-0.999872999746,
    0.193899432822));
#1412 = CARTESIAN_POINT('',(-5.063274336989E-02,-0.999872999746,
    0.19910498443));
#1413 = ORIENTED_EDGE('',*,*,#1414,.F.);
#1414 = EDGE_CURVE('',#1415,#1404,#1417,.T.);
#1415 = VERTEX_POINT('',#1416);
#1416 = CARTESIAN_POINT('',(-3.27025112805E-02,-0.999872999746,
    0.133746374249));
#1417 = B_SPLINE_CURVE_WITH_KNOTS('',3,(#1418,#1419,#1420,#1421),
  .UNSPECIFIED.,.F.,.F.,(4,4),(34.,35.),.PIECEWISE_BEZIER_KNOTS.);
#1418 = CARTESIAN_POINT('',(-3.27025112805E-02,-0.999872999746,
    0.133746374249));
#1419 = CARTESIAN_POINT('',(-2.576176844883E-02,-0.999872999746,
    0.141265503123));
#1420 = CARTESIAN_POINT('',(-2.200220401175E-02,-0.999872999746,
    0.151098220296));
#1421 = CARTESIAN_POINT('',(-2.200220401175E-02,-0.999872999746,
    0.16122013049));
#1422 = ORIENTED_EDGE('',*,*,#1423,.F.);
#1423 = EDGE_CURVE('',#1424,#1415,#1426,.T.);
#1424 = VERTEX_POINT('',#1425);
#1425 = CARTESIAN_POINT('',(-5.901947337194E-02,-0.999872999746,
    0.120732489714));
#1426 = B_SPLINE_CURVE_WITH_KNOTS('',3,(#1427,#1428,#1429,#1430),
  .UNSPECIFIED.,.F.,.F.,(4,4),(33.,34.),.PIECEWISE_BEZIER_KNOTS.);
#1427 = CARTESIAN_POINT('',(-5.901947337194E-02,-0.999872999746,
    0.120732489714));
#1428 = CARTESIAN_POINT('',(-4.889756317811E-02,-0.999872999746,
    0.12160007981));
#1429 = CARTESIAN_POINT('',(-3.964324307989E-02,-0.999872999746,
    0.126227245375));
#1430 = CARTESIAN_POINT('',(-3.27025112805E-02,-0.999872999746,
    0.133746374249));
#1431 = ORIENTED_EDGE('',*,*,#1432,.F.);
#1432 = EDGE_CURVE('',#1433,#1424,#1435,.T.);
#1433 = VERTEX_POINT('',#1434);
#1434 = CARTESIAN_POINT('',(-7.608211536558E-02,-0.999872999746,
    0.120732489714));
#1435 = LINE('',#1436,#1437);
#1436 = CARTESIAN_POINT('',(-5.988706346797E-02,-0.999872999746,
    0.120732489714));
#1437 = VECTOR('',#1438,1.);
#1438 = DIRECTION('',(1.,0.,0.));
#1439 = ORIENTED_EDGE('',*,*,#1440,.F.);
#1440 = EDGE_CURVE('',#1441,#1433,#1443,.T.);
#1441 = VERTEX_POINT('',#1442);
#1442 = CARTESIAN_POINT('',(-8.446884536764E-02,-0.999872999746,
    0.129697605759));
#1443 = B_SPLINE_CURVE_WITH_KNOTS('',3,(#1444,#1445,#1446,#1447),
  .UNSPECIFIED.,.F.,.F.,(4,4),(28.,29.),.PIECEWISE_BEZIER_KNOTS.);
#1444 = CARTESIAN_POINT('',(-8.446884536764E-02,-0.999872999746,
    0.129697605759));
#1445 = CARTESIAN_POINT('',(-8.446884536764E-02,-0.999872999746,
    0.125070451226));
#1446 = CARTESIAN_POINT('',(-8.07092809307E-02,-0.999872999746,
    0.121021682735));
#1447 = CARTESIAN_POINT('',(-7.608211536558E-02,-0.999872999746,
    0.120732489714));
#1448 = ORIENTED_EDGE('',*,*,#1449,.F.);
#1449 = EDGE_CURVE('',#1450,#1441,#1452,.T.);
#1450 = VERTEX_POINT('',#1451);
#1451 = CARTESIAN_POINT('',(-7.550372932295E-02,-0.999872999746,
    0.138662721803));
#1452 = B_SPLINE_CURVE_WITH_KNOTS('',3,(#1453,#1454,#1455,#1456),
  .UNSPECIFIED.,.F.,.F.,(4,4),(27.,28.),.PIECEWISE_BEZIER_KNOTS.);
#1453 = CARTESIAN_POINT('',(-7.550372932295E-02,-0.999872999746,
    0.138662721803));
#1454 = CARTESIAN_POINT('',(-8.042008790931E-02,-0.999872999746,
    0.138662721803));
#1455 = CARTESIAN_POINT('',(-8.446884536764E-02,-0.999872999746,
    0.134613953313));
#1456 = CARTESIAN_POINT('',(-8.446884536764E-02,-0.999872999746,
    0.129697605759));
#1457 = ORIENTED_EDGE('',*,*,#1458,.F.);
#1458 = EDGE_CURVE('',#1459,#1450,#1461,.T.);
#1459 = VERTEX_POINT('',#1460);
#1460 = CARTESIAN_POINT('',(-7.376854913103E-02,-0.999872999746,
    0.138373528782));
#1461 = B_SPLINE_CURVE_WITH_KNOTS('',3,(#1462,#1463,#1464,#1465),
  .UNSPECIFIED.,.F.,.F.,(4,4),(26.,27.),.PIECEWISE_BEZIER_KNOTS.);
#1462 = CARTESIAN_POINT('',(-7.376854913103E-02,-0.999872999746,
    0.138373528782));
#1463 = CARTESIAN_POINT('',(-7.434694620567E-02,-0.999872999746,
    0.138373528782));
#1464 = CARTESIAN_POINT('',(-7.492534328031E-02,-0.999872999746,
    0.138662721803));
#1465 = CARTESIAN_POINT('',(-7.550372932295E-02,-0.999872999746,
    0.138662721803));
#1466 = ORIENTED_EDGE('',*,*,#1467,.F.);
#1467 = EDGE_CURVE('',#1468,#1459,#1470,.T.);
#1468 = VERTEX_POINT('',#1469);
#1469 = CARTESIAN_POINT('',(-6.075466459587E-02,-0.999872999746,
    0.138373528782));
#1470 = LINE('',#1471,#1472);
#1471 = CARTESIAN_POINT('',(-6.075466459587E-02,-0.999872999746,
    0.138373528782));
#1472 = VECTOR('',#1473,1.);
#1473 = DIRECTION('',(-1.,0.,0.));
#1474 = ORIENTED_EDGE('',*,*,#1475,.F.);
#1475 = EDGE_CURVE('',#1476,#1468,#1478,.T.);
#1476 = VERTEX_POINT('',#1477);
#1477 = CARTESIAN_POINT('',(-3.993244713328E-02,-0.999872999746,
    0.160930926437));
#1478 = B_SPLINE_CURVE_WITH_KNOTS('',3,(#1479,#1480,#1481,#1482),
  .UNSPECIFIED.,.F.,.F.,(4,4),(24.,25.),.PIECEWISE_BEZIER_KNOTS.);
#1479 = CARTESIAN_POINT('',(-3.993244713328E-02,-0.999872999746,
    0.160930926437));
#1480 = CARTESIAN_POINT('',(-3.993244713328E-02,-0.999872999746,
    0.149073830535));
#1481 = CARTESIAN_POINT('',(-4.889756317811E-02,-0.999872999746,
    0.139241118878));
#1482 = CARTESIAN_POINT('',(-6.075466459587E-02,-0.999872999746,
    0.138373528782));
#1483 = ORIENTED_EDGE('',*,*,#1484,.F.);
#1484 = EDGE_CURVE('',#1485,#1476,#1487,.T.);
#1485 = VERTEX_POINT('',#1486);
#1486 = CARTESIAN_POINT('',(-6.248984478778E-02,-0.999872999746,
    0.183488324091));
#1487 = B_SPLINE_CURVE_WITH_KNOTS('',3,(#1488,#1489,#1490,#1491),
  .UNSPECIFIED.,.F.,.F.,(4,4),(23.,24.),.PIECEWISE_BEZIER_KNOTS.);
#1488 = CARTESIAN_POINT('',(-6.248984478778E-02,-0.999872999746,
    0.183488324091));
#1489 = CARTESIAN_POINT('',(-5.005435732725E-02,-0.999872999746,
    0.183488324091));
#1490 = CARTESIAN_POINT('',(-3.993244713328E-02,-0.999872999746,
    0.173366413897));
#1491 = CARTESIAN_POINT('',(-3.993244713328E-02,-0.999872999746,
    0.160930926437));
#1492 = ORIENTED_EDGE('',*,*,#1493,.F.);
#1493 = EDGE_CURVE('',#1494,#1485,#1496,.T.);
#1494 = VERTEX_POINT('',#1495);
#1495 = CARTESIAN_POINT('',(-6.480342205433E-02,-0.999872999746,
    0.183488324091));
#1496 = B_SPLINE_CURVE_WITH_KNOTS('',3,(#1497,#1498,#1499,#1500),
  .UNSPECIFIED.,.F.,.F.,(4,4),(22.,23.),.PIECEWISE_BEZIER_KNOTS.);
#1497 = CARTESIAN_POINT('',(-6.480342205433E-02,-0.999872999746,
    0.183488324091));
#1498 = CARTESIAN_POINT('',(-6.393583195845E-02,-0.999872999746,
    0.183488324091));
#1499 = CARTESIAN_POINT('',(-6.335743488381E-02,-0.999872999746,
    0.183488324091));
#1500 = CARTESIAN_POINT('',(-6.248984478778E-02,-0.999872999746,
    0.183488324091));
#1501 = ORIENTED_EDGE('',*,*,#1502,.F.);
#1502 = EDGE_CURVE('',#1503,#1494,#1505,.T.);
#1503 = VERTEX_POINT('',#1504);
#1504 = CARTESIAN_POINT('',(-0.10529106283,-0.999872999746,
    0.219638003355));
#1505 = B_SPLINE_CURVE_WITH_KNOTS('',3,(#1506,#1507,#1508,#1509),
  .UNSPECIFIED.,.F.,.F.,(4,4),(21.,22.),.PIECEWISE_BEZIER_KNOTS.);
#1506 = CARTESIAN_POINT('',(-0.10529106283,-0.999872999746,
    0.219638003355));
#1507 = CARTESIAN_POINT('',(-8.446884536764E-02,-0.999872999746,
    0.219638003355));
#1508 = CARTESIAN_POINT('',(-6.711699932089E-02,-0.999872999746,
    0.203732144479));
#1509 = CARTESIAN_POINT('',(-6.480342205433E-02,-0.999872999746,
    0.183488324091));
#1510 = ORIENTED_EDGE('',*,*,#1511,.F.);
#1511 = EDGE_CURVE('',#1512,#1503,#1514,.T.);
#1512 = VERTEX_POINT('',#1513);
#1513 = CARTESIAN_POINT('',(-0.144043512383,-0.999872999746,
    0.191875065125));
#1514 = B_SPLINE_CURVE_WITH_KNOTS('',3,(#1515,#1516,#1517,#1518),
  .UNSPECIFIED.,.F.,.F.,(4,4),(20.,21.),.PIECEWISE_BEZIER_KNOTS.);
#1515 = CARTESIAN_POINT('',(-0.144043512383,-0.999872999746,
    0.191875065125));
#1516 = CARTESIAN_POINT('',(-0.138548767754,-0.999872999746,
    0.208070105991));
#1517 = CARTESIAN_POINT('',(-0.123510498973,-0.999872999746,
    0.219638003355));
#1518 = CARTESIAN_POINT('',(-0.10529106283,-0.999872999746,
    0.219638003355));
#1519 = ORIENTED_EDGE('',*,*,#1520,.F.);
#1520 = EDGE_CURVE('',#1521,#1512,#1523,.T.);
#1521 = VERTEX_POINT('',#1522);
#1522 = CARTESIAN_POINT('',(-0.159370974184,-0.999872999746,
    0.196213026637));
#1523 = B_SPLINE_CURVE_WITH_KNOTS('',3,(#1524,#1525,#1526,#1527),
  .UNSPECIFIED.,.F.,.F.,(4,4),(19.,20.),.PIECEWISE_BEZIER_KNOTS.);
#1524 = CARTESIAN_POINT('',(-0.159370974184,-0.999872999746,
    0.196213026637));
#1525 = CARTESIAN_POINT('',(-0.153876224039,-0.999872999746,
    0.196213026637));
#1526 = CARTESIAN_POINT('',(-0.148381473894,-0.999872999746,
    0.194477840929));
#1527 = CARTESIAN_POINT('',(-0.144043512383,-0.999872999746,
    0.191875065125));
#1528 = ORIENTED_EDGE('',*,*,#1529,.F.);
#1529 = EDGE_CURVE('',#1530,#1521,#1532,.T.);
#1530 = VERTEX_POINT('',#1531);
#1531 = CARTESIAN_POINT('',(-0.188290717596,-0.999872999746,
    0.167293283226));
#1532 = B_SPLINE_CURVE_WITH_KNOTS('',3,(#1533,#1534,#1535,#1536),
  .UNSPECIFIED.,.F.,.F.,(4,4),(18.,19.),.PIECEWISE_BEZIER_KNOTS.);
#1533 = CARTESIAN_POINT('',(-0.188290717596,-0.999872999746,
    0.167293283226));
#1534 = CARTESIAN_POINT('',(-0.188290717596,-0.999872999746,
    0.183199142102));
#1535 = CARTESIAN_POINT('',(-0.175276833061,-0.999872999746,
    0.196213026637));
#1536 = CARTESIAN_POINT('',(-0.159370974184,-0.999872999746,
    0.196213026637));
#1537 = ORIENTED_EDGE('',*,*,#1538,.F.);
#1538 = EDGE_CURVE('',#1539,#1530,#1541,.T.);
#1539 = VERTEX_POINT('',#1540);
#1540 = CARTESIAN_POINT('',(-0.170938871549,-0.999872999746,
    0.140687117081));
#1541 = B_SPLINE_CURVE_WITH_KNOTS('',3,(#1542,#1543,#1544,#1545),
  .UNSPECIFIED.,.F.,.F.,(4,4),(17.,18.),.PIECEWISE_BEZIER_KNOTS.);
#1542 = CARTESIAN_POINT('',(-0.170938871549,-0.999872999746,
    0.140687117081));
#1543 = CARTESIAN_POINT('',(-0.181060781743,-0.999872999746,
    0.14531427713));
#1544 = CARTESIAN_POINT('',(-0.188290717596,-0.999872999746,
    0.155436187323));
#1545 = CARTESIAN_POINT('',(-0.188290717596,-0.999872999746,
    0.167293283226));
#1546 = ORIENTED_EDGE('',*,*,#1547,.F.);
#1547 = EDGE_CURVE('',#1548,#1539,#1550,.T.);
#1548 = VERTEX_POINT('',#1549);
#1549 = CARTESIAN_POINT('',(-0.143754313845,-0.999872999746,
    0.159774148835));
#1550 = B_SPLINE_CURVE_WITH_KNOTS('',3,(#1551,#1552,#1553,#1554),
  .UNSPECIFIED.,.F.,.F.,(4,4),(16.,17.),.PIECEWISE_BEZIER_KNOTS.);
#1551 = CARTESIAN_POINT('',(-0.143754313845,-0.999872999746,
    0.159774148835));
#1552 = CARTESIAN_POINT('',(-0.156189806822,-0.999872999746,
    0.159774148835));
#1553 = CARTESIAN_POINT('',(-0.166890108574,-0.999872999746,
    0.151676622887));
#1554 = CARTESIAN_POINT('',(-0.170938871549,-0.999872999746,
    0.140687117081));
#1555 = ORIENTED_EDGE('',*,*,#1556,.F.);
#1556 = EDGE_CURVE('',#1557,#1548,#1559,.T.);
#1557 = VERTEX_POINT('',#1558);
#1558 = CARTESIAN_POINT('',(-0.122064506287,-0.999872999746,
    0.149941437179));
#1559 = B_SPLINE_CURVE_WITH_KNOTS('',3,(#1560,#1561,#1562,#1563),
  .UNSPECIFIED.,.F.,.F.,(4,4),(15.,16.),.PIECEWISE_BEZIER_KNOTS.);
#1560 = CARTESIAN_POINT('',(-0.122064506287,-0.999872999746,
    0.149941437179));
#1561 = CARTESIAN_POINT('',(-0.127270057894,-0.999872999746,
    0.156014584398));
#1562 = CARTESIAN_POINT('',(-0.135078390822,-0.999872999746,
    0.159774148835));
#1563 = CARTESIAN_POINT('',(-0.143754313845,-0.999872999746,
    0.159774148835));
#1564 = ORIENTED_EDGE('',*,*,#1565,.F.);
#1565 = EDGE_CURVE('',#1566,#1557,#1568,.T.);
#1566 = VERTEX_POINT('',#1567);
#1567 = CARTESIAN_POINT('',(-8.33120512185E-02,-0.999872999746,
    0.170185257567));
#1568 = LINE('',#1569,#1570);
#1569 = CARTESIAN_POINT('',(-8.33120512185E-02,-0.999872999746,
    0.170185257567));
#1570 = VECTOR('',#1571,1.);
#1571 = DIRECTION('',(-0.886348842796,0.,-0.463018065387));
#1572 = ORIENTED_EDGE('',*,*,#1573,.F.);
#1573 = EDGE_CURVE('',#1574,#1566,#1576,.T.);
#1574 = VERTEX_POINT('',#1575);
#1575 = CARTESIAN_POINT('',(-7.434693517367E-02,-0.999872999746,
    0.154857790249));
#1576 = LINE('',#1577,#1578);
#1577 = CARTESIAN_POINT('',(-7.434693517367E-02,-0.999872999746,
    0.154857790249));
#1578 = VECTOR('',#1579,1.);
#1579 = DIRECTION('',(-0.50488304865,0.,0.863187758941));
#1580 = ORIENTED_EDGE('',*,*,#1581,.F.);
#1581 = EDGE_CURVE('',#1582,#1574,#1584,.T.);
#1582 = VERTEX_POINT('',#1583);
#1583 = CARTESIAN_POINT('',(-0.11483457595,-0.999872999746,
    0.133457181228));
#1584 = LINE('',#1585,#1586);
#1585 = CARTESIAN_POINT('',(-0.11483457595,-0.999872999746,
    0.133457181228));
#1586 = VECTOR('',#1587,1.);
#1587 = DIRECTION('',(0.884094950248,0.,0.467307306755));
#1588 = ORIENTED_EDGE('',*,*,#1589,.F.);
#1589 = EDGE_CURVE('',#1590,#1582,#1592,.T.);
#1590 = VERTEX_POINT('',#1591);
#1591 = CARTESIAN_POINT('',(-0.11483457595,-0.999872999746,
    0.130565206886));
#1592 = B_SPLINE_CURVE_WITH_KNOTS('',3,(#1593,#1594,#1595,#1596),
  .UNSPECIFIED.,.F.,.F.,(4,4),(11.,12.),.PIECEWISE_BEZIER_KNOTS.);
#1593 = CARTESIAN_POINT('',(-0.11483457595,-0.999872999746,
    0.130565206886));
#1594 = CARTESIAN_POINT('',(-0.11483457595,-0.999872999746,
    0.131432796982));
#1595 = CARTESIAN_POINT('',(-0.11483457595,-0.999872999746,
    0.132300387078));
#1596 = CARTESIAN_POINT('',(-0.11483457595,-0.999872999746,
    0.133457181228));
#1597 = ORIENTED_EDGE('',*,*,#1598,.F.);
#1598 = EDGE_CURVE('',#1599,#1590,#1601,.T.);
#1599 = VERTEX_POINT('',#1600);
#1600 = CARTESIAN_POINT('',(-0.143754319361,-0.999872999746,
    0.101645463475));
#1601 = B_SPLINE_CURVE_WITH_KNOTS('',3,(#1602,#1603,#1604,#1605),
  .UNSPECIFIED.,.F.,.F.,(4,4),(10.,11.),.PIECEWISE_BEZIER_KNOTS.);
#1602 = CARTESIAN_POINT('',(-0.143754319361,-0.999872999746,
    0.101645463475));
#1603 = CARTESIAN_POINT('',(-0.127848460485,-0.999872999746,
    0.101645463475));
#1604 = CARTESIAN_POINT('',(-0.11483457595,-0.999872999746,0.11465934801
    ));
#1605 = CARTESIAN_POINT('',(-0.11483457595,-0.999872999746,
    0.130565206886));
#1606 = ORIENTED_EDGE('',*,*,#1607,.F.);
#1607 = EDGE_CURVE('',#1608,#1599,#1610,.T.);
#1608 = VERTEX_POINT('',#1609);
#1609 = CARTESIAN_POINT('',(-0.17122807836,-0.999872999746,
    0.121310886788));
#1610 = B_SPLINE_CURVE_WITH_KNOTS('',3,(#1611,#1612,#1613,#1614),
  .UNSPECIFIED.,.F.,.F.,(4,4),(9.,10.),.PIECEWISE_BEZIER_KNOTS.);
#1611 = CARTESIAN_POINT('',(-0.17122807836,-0.999872999746,
    0.121310886788));
#1612 = CARTESIAN_POINT('',(-0.167468511165,-0.999872999746,
    0.109742989424));
#1613 = CARTESIAN_POINT('',(-0.156479010875,-0.999872999746,
    0.101645463475));
#1614 = CARTESIAN_POINT('',(-0.143754319361,-0.999872999746,
    0.101645463475));
#1615 = ORIENTED_EDGE('',*,*,#1616,.F.);
#1616 = EDGE_CURVE('',#1617,#1608,#1619,.T.);
#1617 = VERTEX_POINT('',#1618);
#1618 = CARTESIAN_POINT('',(-0.194363873089,-0.999872999746,
    0.13519236142));
#1619 = B_SPLINE_CURVE_WITH_KNOTS('',3,(#1620,#1621,#1622,#1623),
  .UNSPECIFIED.,.F.,.F.,(4,4),(8.,9.),.PIECEWISE_BEZIER_KNOTS.);
#1620 = CARTESIAN_POINT('',(-0.194363873089,-0.999872999746,
    0.13519236142));
#1621 = CARTESIAN_POINT('',(-0.18800153009,-0.999872999746,
    0.128251618588));
#1622 = CARTESIAN_POINT('',(-0.180193197163,-0.999872999746,
    0.123624464055));
#1623 = CARTESIAN_POINT('',(-0.17122807836,-0.999872999746,
    0.121310886788));
#1624 = ORIENTED_EDGE('',*,*,#1625,.F.);
#1625 = EDGE_CURVE('',#1626,#1617,#1628,.T.);
#1626 = VERTEX_POINT('',#1627);
#1627 = CARTESIAN_POINT('',(-0.206510164771,-0.999872999746,
    0.166714875119));
#1628 = B_SPLINE_CURVE_WITH_KNOTS('',3,(#1629,#1630,#1631,#1632),
  .UNSPECIFIED.,.F.,.F.,(4,4),(7.,8.),.PIECEWISE_BEZIER_KNOTS.);
#1629 = CARTESIAN_POINT('',(-0.206510164771,-0.999872999746,
    0.166714875119));
#1630 = CARTESIAN_POINT('',(-0.206510164771,-0.999872999746,
    0.155146977754));
#1631 = CARTESIAN_POINT('',(-0.202172203259,-0.999872999746,
    0.143868273411));
#1632 = CARTESIAN_POINT('',(-0.194363873089,-0.999872999746,
    0.13519236142));
#1633 = ORIENTED_EDGE('',*,*,#1634,.F.);
#1634 = EDGE_CURVE('',#1635,#1626,#1637,.T.);
#1635 = VERTEX_POINT('',#1636);
#1636 = CARTESIAN_POINT('',(-0.192917877645,-0.999872999746,
    0.199683378747));
#1637 = B_SPLINE_CURVE_WITH_KNOTS('',3,(#1638,#1639,#1640,#1641),
  .UNSPECIFIED.,.F.,.F.,(4,4),(6.,7.),.PIECEWISE_BEZIER_KNOTS.);
#1638 = CARTESIAN_POINT('',(-0.192917877645,-0.999872999746,
    0.199683378747));
#1639 = CARTESIAN_POINT('',(-0.201593808253,-0.999872999746,
    0.191007458481));
#1640 = CARTESIAN_POINT('',(-0.206510164771,-0.999872999746,
    0.179150362579));
#1641 = CARTESIAN_POINT('',(-0.206510164771,-0.999872999746,
    0.166714875119));
#1642 = ORIENTED_EDGE('',*,*,#1643,.F.);
#1643 = EDGE_CURVE('',#1644,#1635,#1646,.T.);
#1644 = VERTEX_POINT('',#1645);
#1645 = CARTESIAN_POINT('',(-0.159660172722,-0.999872999746,
    0.213564856136));
#1646 = B_SPLINE_CURVE_WITH_KNOTS('',3,(#1647,#1648,#1649,#1650),
  .UNSPECIFIED.,.F.,.F.,(4,4),(5.,6.),.PIECEWISE_BEZIER_KNOTS.);
#1647 = CARTESIAN_POINT('',(-0.159660172722,-0.999872999746,
    0.213564856136));
#1648 = CARTESIAN_POINT('',(-0.17209566294,-0.999872999746,
    0.213564856136));
#1649 = CARTESIAN_POINT('',(-0.183952756084,-0.999872999746,
    0.208648500308));
#1650 = CARTESIAN_POINT('',(-0.192917877645,-0.999872999746,
    0.199683378747));
#1651 = ORIENTED_EDGE('',*,*,#1652,.F.);
#1652 = EDGE_CURVE('',#1653,#1644,#1655,.T.);
#1653 = VERTEX_POINT('',#1654);
#1654 = CARTESIAN_POINT('',(-0.153008633943,-0.999872999746,
    0.212986461819));
#1655 = B_SPLINE_CURVE_WITH_KNOTS('',3,(#1656,#1657,#1658,#1659),
  .UNSPECIFIED.,.F.,.F.,(4,4),(4.,5.),.PIECEWISE_BEZIER_KNOTS.);
#1656 = CARTESIAN_POINT('',(-0.153008633943,-0.999872999746,
    0.212986461819));
#1657 = CARTESIAN_POINT('',(-0.15532221121,-0.999872999746,
    0.213275660357));
#1658 = CARTESIAN_POINT('',(-0.157346595455,-0.999872999746,
    0.213564856136));
#1659 = CARTESIAN_POINT('',(-0.159660172722,-0.999872999746,
    0.213564856136));
#1660 = ORIENTED_EDGE('',*,*,#1661,.F.);
#1661 = EDGE_CURVE('',#1662,#1653,#1664,.T.);
#1662 = VERTEX_POINT('',#1663);
#1663 = CARTESIAN_POINT('',(-0.140283947946,-0.999872999746,
    0.225711149196));
#1664 = B_SPLINE_CURVE_WITH_KNOTS('',3,(#1665,#1666,#1667,#1668),
  .UNSPECIFIED.,.F.,.F.,(4,4),(3.,4.),.PIECEWISE_BEZIER_KNOTS.);
#1665 = CARTESIAN_POINT('',(-0.140283947946,-0.999872999746,
    0.225711149196));
#1666 = CARTESIAN_POINT('',(-0.145200306532,-0.999872999746,
    0.222240779159));
#1667 = CARTESIAN_POINT('',(-0.149249069506,-0.999872999746,
    0.217902817648));
#1668 = CARTESIAN_POINT('',(-0.153008633943,-0.999872999746,
    0.212986461819));
#1669 = ORIENTED_EDGE('',*,*,#1670,.F.);
#1670 = EDGE_CURVE('',#1671,#1662,#1673,.T.);
#1671 = VERTEX_POINT('',#1672);
#1672 = CARTESIAN_POINT('',(-0.105580255852,-0.999872999746,
    0.236989849402));
#1673 = B_SPLINE_CURVE_WITH_KNOTS('',3,(#1674,#1675,#1676,#1677),
  .UNSPECIFIED.,.F.,.F.,(4,4),(2.,3.),.PIECEWISE_BEZIER_KNOTS.);
#1674 = CARTESIAN_POINT('',(-0.105580255852,-0.999872999746,
    0.236989849402));
#1675 = CARTESIAN_POINT('',(-0.11830494185,-0.999872999746,
    0.236989849402));
#1676 = CARTESIAN_POINT('',(-0.130162037751,-0.999872999746,
    0.232941085394));
#1677 = CARTESIAN_POINT('',(-0.140283947946,-0.999872999746,
    0.225711149196));
#1678 = ORIENTED_EDGE('',*,*,#1679,.F.);
#1679 = EDGE_CURVE('',#1680,#1671,#1682,.T.);
#1680 = VERTEX_POINT('',#1681);
#1681 = CARTESIAN_POINT('',(-6.624940922486E-02,-0.999872999746,
    0.221951582001));
#1682 = B_SPLINE_CURVE_WITH_KNOTS('',3,(#1683,#1684,#1685,#1686),
  .UNSPECIFIED.,.F.,.F.,(4,4),(1.,2.),.PIECEWISE_BEZIER_KNOTS.);
#1683 = CARTESIAN_POINT('',(-6.624940922486E-02,-0.999872999746,
    0.221951582001));
#1684 = CARTESIAN_POINT('',(-7.723890951486E-02,-0.999872999746,
    0.231495098223));
#1685 = CARTESIAN_POINT('',(-9.112038414605E-02,-0.999872999746,
    0.236989849402));
#1686 = CARTESIAN_POINT('',(-0.105580255852,-0.999872999746,
    0.236989849402));
#1687 = ORIENTED_EDGE('',*,*,#1688,.F.);
#1688 = EDGE_CURVE('',#1406,#1680,#1689,.T.);
#1689 = B_SPLINE_CURVE_WITH_KNOTS('',3,(#1690,#1691,#1692,#1693),
  .UNSPECIFIED.,.F.,.F.,(4,4),(0.,1.),.PIECEWISE_BEZIER_KNOTS.);
#1690 = CARTESIAN_POINT('',(-5.063274336989E-02,-0.999872999746,
    0.19910498443));
#1691 = CARTESIAN_POINT('',(-5.381391073233E-02,-0.999872999746,
    0.207780907453));
#1692 = CARTESIAN_POINT('',(-5.930866639333E-02,-0.999872999746,
    0.215589237623));
#1693 = CARTESIAN_POINT('',(-6.624940922486E-02,-0.999872999746,
    0.221951582001));
#1694 = PLANE('',#1695);
#1695 = AXIS2_PLACEMENT_3D('',#1696,#1697,#1698);
#1696 = CARTESIAN_POINT('',(1.000025400051,-0.999872999746,
    0.299999999553));
#1697 = DIRECTION('',(-1.084202172486E-16,1.,0.));
#1698 = DIRECTION('',(-1.,-1.084202172486E-16,0.));
#1699 = ADVANCED_FACE('',(#1700,#1853,#1919,#1993,#2091,#2269),#2319,.F.
  );
#1700 = FACE_BOUND('',#1701,.T.);
#1701 = EDGE_LOOP('',(#1702,#1712,#1720,#1728,#1736,#1744,#1752,#1760,
    #1768,#1776,#1784,#1792,#1800,#1808,#1816,#1824,#1830,#1831,#1839,
    #1847));
#1702 = ORIENTED_EDGE('',*,*,#1703,.F.);
#1703 = EDGE_CURVE('',#1704,#1706,#1708,.T.);
#1704 = VERTEX_POINT('',#1705);
#1705 = CARTESIAN_POINT('',(-0.999974599949,-0.199872999746,
    1.999999955297E-02));
#1706 = VERTEX_POINT('',#1707);
#1707 = CARTESIAN_POINT('',(-0.499974599949,-0.199872999746,
    1.999999955297E-02));
#1708 = LINE('',#1709,#1710);
#1709 = CARTESIAN_POINT('',(-0.499974599949,-0.199872999746,
    1.999999955297E-02));
#1710 = VECTOR('',#1711,1.);
#1711 = DIRECTION('',(1.,-2.168404344971E-16,0.));
#1712 = ORIENTED_EDGE('',*,*,#1713,.F.);
#1713 = EDGE_CURVE('',#1714,#1704,#1716,.T.);
#1714 = VERTEX_POINT('',#1715);
#1715 = CARTESIAN_POINT('',(-0.999974599949,0.200127000254,
    1.999999955297E-02));
#1716 = LINE('',#1717,#1718);
#1717 = CARTESIAN_POINT('',(-0.999974599949,-0.999872999746,
    1.999999955297E-02));
#1718 = VECTOR('',#1719,1.);
#1719 = DIRECTION('',(-0.,-1.,-0.));
#1720 = ORIENTED_EDGE('',*,*,#1721,.F.);
#1721 = EDGE_CURVE('',#1722,#1714,#1724,.T.);
#1722 = VERTEX_POINT('',#1723);
#1723 = CARTESIAN_POINT('',(-0.499974599949,0.200127000254,
    1.999999955297E-02));
#1724 = LINE('',#1725,#1726);
#1725 = CARTESIAN_POINT('',(-0.499974599949,0.200127000254,
    1.999999955297E-02));
#1726 = VECTOR('',#1727,1.);
#1727 = DIRECTION('',(-1.,-2.168404344971E-16,0.));
#1728 = ORIENTED_EDGE('',*,*,#1729,.F.);
#1729 = EDGE_CURVE('',#1730,#1722,#1732,.T.);
#1730 = VERTEX_POINT('',#1731);
#1731 = CARTESIAN_POINT('',(-0.499974599949,0.900127000254,
    1.999999955297E-02));
#1732 = LINE('',#1733,#1734);
#1733 = CARTESIAN_POINT('',(-0.499974599949,0.900127000254,
    1.999999955297E-02));
#1734 = VECTOR('',#1735,1.);
#1735 = DIRECTION('',(1.548860246408E-16,-1.,0.));
#1736 = ORIENTED_EDGE('',*,*,#1737,.F.);
#1737 = EDGE_CURVE('',#1738,#1730,#1740,.T.);
#1738 = VERTEX_POINT('',#1739);
#1739 = CARTESIAN_POINT('',(-0.999974599949,0.900127000254,
    1.999999955297E-02));
#1740 = LINE('',#1741,#1742);
#1741 = CARTESIAN_POINT('',(-0.999974599949,0.900127000254,
    1.999999955297E-02));
#1742 = VECTOR('',#1743,1.);
#1743 = DIRECTION('',(1.,2.168404344971E-16,0.));
#1744 = ORIENTED_EDGE('',*,*,#1745,.F.);
#1745 = EDGE_CURVE('',#1746,#1738,#1748,.T.);
#1746 = VERTEX_POINT('',#1747);
#1747 = CARTESIAN_POINT('',(-0.999974599949,1.000127000254,
    1.999999955297E-02));
#1748 = LINE('',#1749,#1750);
#1749 = CARTESIAN_POINT('',(-0.999974599949,-0.999872999746,
    1.999999955297E-02));
#1750 = VECTOR('',#1751,1.);
#1751 = DIRECTION('',(-0.,-1.,-0.));
#1752 = ORIENTED_EDGE('',*,*,#1753,.F.);
#1753 = EDGE_CURVE('',#1754,#1746,#1756,.T.);
#1754 = VERTEX_POINT('',#1755);
#1755 = CARTESIAN_POINT('',(1.000025400051,1.000127000254,
    1.999999955297E-02));
#1756 = LINE('',#1757,#1758);
#1757 = CARTESIAN_POINT('',(1.000025400051,1.000127000254,
    1.999999955297E-02));
#1758 = VECTOR('',#1759,1.);
#1759 = DIRECTION('',(-1.,0.,0.));
#1760 = ORIENTED_EDGE('',*,*,#1761,.F.);
#1761 = EDGE_CURVE('',#1762,#1754,#1764,.T.);
#1762 = VERTEX_POINT('',#1763);
#1763 = CARTESIAN_POINT('',(1.000025400051,0.900127000254,
    1.999999955297E-02));
#1764 = LINE('',#1765,#1766);
#1765 = CARTESIAN_POINT('',(1.000025400051,-0.999872999746,
    1.999999955297E-02));
#1766 = VECTOR('',#1767,1.);
#1767 = DIRECTION('',(0.,1.,0.));
#1768 = ORIENTED_EDGE('',*,*,#1769,.F.);
#1769 = EDGE_CURVE('',#1770,#1762,#1772,.T.);
#1770 = VERTEX_POINT('',#1771);
#1771 = CARTESIAN_POINT('',(0.500025400051,0.900127000254,
    1.999999955297E-02));
#1772 = LINE('',#1773,#1774);
#1773 = CARTESIAN_POINT('',(1.000025400051,0.900127000254,
    1.999999955297E-02));
#1774 = VECTOR('',#1775,1.);
#1775 = DIRECTION('',(1.,-2.168404344971E-16,0.));
#1776 = ORIENTED_EDGE('',*,*,#1777,.F.);
#1777 = EDGE_CURVE('',#1778,#1770,#1780,.T.);
#1778 = VERTEX_POINT('',#1779);
#1779 = CARTESIAN_POINT('',(0.500025400051,0.200127000254,
    1.999999955297E-02));
#1780 = LINE('',#1781,#1782);
#1781 = CARTESIAN_POINT('',(0.500025400051,0.900127000254,
    1.999999955297E-02));
#1782 = VECTOR('',#1783,1.);
#1783 = DIRECTION('',(1.548860246408E-16,1.,0.));
#1784 = ORIENTED_EDGE('',*,*,#1785,.F.);
#1785 = EDGE_CURVE('',#1786,#1778,#1788,.T.);
#1786 = VERTEX_POINT('',#1787);
#1787 = CARTESIAN_POINT('',(1.000025400051,0.200127000254,
    1.999999955297E-02));
#1788 = LINE('',#1789,#1790);
#1789 = CARTESIAN_POINT('',(0.500025400051,0.200127000254,
    1.999999955297E-02));
#1790 = VECTOR('',#1791,1.);
#1791 = DIRECTION('',(-1.,2.168404344971E-16,0.));
#1792 = ORIENTED_EDGE('',*,*,#1793,.F.);
#1793 = EDGE_CURVE('',#1794,#1786,#1796,.T.);
#1794 = VERTEX_POINT('',#1795);
#1795 = CARTESIAN_POINT('',(1.000025400051,-0.199872999746,
    1.999999955297E-02));
#1796 = LINE('',#1797,#1798);
#1797 = CARTESIAN_POINT('',(1.000025400051,-0.999872999746,
    1.999999955297E-02));
#1798 = VECTOR('',#1799,1.);
#1799 = DIRECTION('',(0.,1.,0.));
#1800 = ORIENTED_EDGE('',*,*,#1801,.F.);
#1801 = EDGE_CURVE('',#1802,#1794,#1804,.T.);
#1802 = VERTEX_POINT('',#1803);
#1803 = CARTESIAN_POINT('',(0.500025400051,-0.199872999746,
    1.999999955297E-02));
#1804 = LINE('',#1805,#1806);
#1805 = CARTESIAN_POINT('',(0.500025400051,-0.199872999746,
    1.999999955297E-02));
#1806 = VECTOR('',#1807,1.);
#1807 = DIRECTION('',(1.,2.168404344971E-16,0.));
#1808 = ORIENTED_EDGE('',*,*,#1809,.F.);
#1809 = EDGE_CURVE('',#1810,#1802,#1812,.T.);
#1810 = VERTEX_POINT('',#1811);
#1811 = CARTESIAN_POINT('',(0.500025400051,-0.899872999746,
    1.999999955297E-02));
#1812 = LINE('',#1813,#1814);
#1813 = CARTESIAN_POINT('',(0.500025400051,-0.899872999746,
    1.999999955297E-02));
#1814 = VECTOR('',#1815,1.);
#1815 = DIRECTION('',(-1.548860246408E-16,1.,0.));
#1816 = ORIENTED_EDGE('',*,*,#1817,.F.);
#1817 = EDGE_CURVE('',#1818,#1810,#1820,.T.);
#1818 = VERTEX_POINT('',#1819);
#1819 = CARTESIAN_POINT('',(1.000025400051,-0.899872999746,
    1.999999955297E-02));
#1820 = LINE('',#1821,#1822);
#1821 = CARTESIAN_POINT('',(1.000025400051,-0.899872999746,
    1.999999955297E-02));
#1822 = VECTOR('',#1823,1.);
#1823 = DIRECTION('',(-1.,-2.168404344971E-16,0.));
#1824 = ORIENTED_EDGE('',*,*,#1825,.F.);
#1825 = EDGE_CURVE('',#665,#1818,#1826,.T.);
#1826 = LINE('',#1827,#1828);
#1827 = CARTESIAN_POINT('',(1.000025400051,-0.999872999746,
    1.999999955297E-02));
#1828 = VECTOR('',#1829,1.);
#1829 = DIRECTION('',(0.,1.,0.));
#1830 = ORIENTED_EDGE('',*,*,#662,.F.);
#1831 = ORIENTED_EDGE('',*,*,#1832,.F.);
#1832 = EDGE_CURVE('',#1833,#663,#1835,.T.);
#1833 = VERTEX_POINT('',#1834);
#1834 = CARTESIAN_POINT('',(-0.999974599949,-0.899872999746,
    1.999999955297E-02));
#1835 = LINE('',#1836,#1837);
#1836 = CARTESIAN_POINT('',(-0.999974599949,-0.999872999746,
    1.999999955297E-02));
#1837 = VECTOR('',#1838,1.);
#1838 = DIRECTION('',(-0.,-1.,-0.));
#1839 = ORIENTED_EDGE('',*,*,#1840,.F.);
#1840 = EDGE_CURVE('',#1841,#1833,#1843,.T.);
#1841 = VERTEX_POINT('',#1842);
#1842 = CARTESIAN_POINT('',(-0.499974599949,-0.899872999746,
    1.999999955297E-02));
#1843 = LINE('',#1844,#1845);
#1844 = CARTESIAN_POINT('',(-0.999974599949,-0.899872999746,
    1.999999955297E-02));
#1845 = VECTOR('',#1846,1.);
#1846 = DIRECTION('',(-1.,2.168404344971E-16,0.));
#1847 = ORIENTED_EDGE('',*,*,#1848,.F.);
#1848 = EDGE_CURVE('',#1706,#1841,#1849,.T.);
#1849 = LINE('',#1850,#1851);
#1850 = CARTESIAN_POINT('',(-0.499974599949,-0.899872999746,
    1.999999955297E-02));
#1851 = VECTOR('',#1852,1.);
#1852 = DIRECTION('',(-1.548860246408E-16,-1.,-0.));
#1853 = FACE_BOUND('',#1854,.T.);
#1854 = EDGE_LOOP('',(#1855,#1865,#1873,#1881,#1889,#1897,#1905,#1913));
#1855 = ORIENTED_EDGE('',*,*,#1856,.T.);
#1856 = EDGE_CURVE('',#1857,#1859,#1861,.T.);
#1857 = VERTEX_POINT('',#1858);
#1858 = CARTESIAN_POINT('',(5.785971267922E-02,-0.78603585599,
    1.999999955297E-02));
#1859 = VERTEX_POINT('',#1860);
#1860 = CARTESIAN_POINT('',(4.444507853288E-02,-0.78603585599,
    1.999999955297E-02));
#1861 = LINE('',#1862,#1863);
#1862 = CARTESIAN_POINT('',(5.785971267922E-02,-0.78603585599,
    1.999999955297E-02));
#1863 = VECTOR('',#1864,1.);
#1864 = DIRECTION('',(-1.,0.,0.));
#1865 = ORIENTED_EDGE('',*,*,#1866,.T.);
#1866 = EDGE_CURVE('',#1859,#1867,#1869,.T.);
#1867 = VERTEX_POINT('',#1868);
#1868 = CARTESIAN_POINT('',(5.420688288974E-03,-0.88603585599,
    1.999999955297E-02));
#1869 = LINE('',#1870,#1871);
#1870 = CARTESIAN_POINT('',(4.444507853288E-02,-0.78603585599,
    1.999999955297E-02));
#1871 = VECTOR('',#1872,1.);
#1872 = DIRECTION('',(-0.363542485653,-0.931577619485,0.));
#1873 = ORIENTED_EDGE('',*,*,#1874,.T.);
#1874 = EDGE_CURVE('',#1867,#1875,#1877,.T.);
#1875 = VERTEX_POINT('',#1876);
#1876 = CARTESIAN_POINT('',(2.005483463044E-02,-0.88603585599,
    1.999999955297E-02));
#1877 = LINE('',#1878,#1879);
#1878 = CARTESIAN_POINT('',(5.420688288974E-03,-0.88603585599,
    1.999999955297E-02));
#1879 = VECTOR('',#1880,1.);
#1880 = DIRECTION('',(1.,0.,0.));
#1881 = ORIENTED_EDGE('',*,*,#1882,.T.);
#1882 = EDGE_CURVE('',#1875,#1883,#1885,.T.);
#1883 = VERTEX_POINT('',#1884);
#1884 = CARTESIAN_POINT('',(3.017297487434E-02,-0.857987075502,
    1.999999955297E-02));
#1885 = LINE('',#1886,#1887);
#1886 = CARTESIAN_POINT('',(2.005483463044E-02,-0.88603585599,
    1.999999955297E-02));
#1887 = VECTOR('',#1888,1.);
#1888 = DIRECTION('',(0.339330377275,0.940667260544,0.));
#1889 = ORIENTED_EDGE('',*,*,#1890,.T.);
#1890 = EDGE_CURVE('',#1883,#1891,#1893,.T.);
#1891 = VERTEX_POINT('',#1892);
#1892 = CARTESIAN_POINT('',(7.14839504841E-02,-0.857987075502,
    1.999999955297E-02));
#1893 = LINE('',#1894,#1895);
#1894 = CARTESIAN_POINT('',(3.017297487434E-02,-0.857987075502,
    1.999999955297E-02));
#1895 = VECTOR('',#1896,1.);
#1896 = DIRECTION('',(1.,0.,0.));
#1897 = ORIENTED_EDGE('',*,*,#1898,.T.);
#1898 = EDGE_CURVE('',#1891,#1899,#1901,.T.);
#1899 = VERTEX_POINT('',#1900);
#1900 = CARTESIAN_POINT('',(8.103044438654E-02,-0.88603585599,
    1.999999955297E-02));
#1901 = LINE('',#1902,#1903);
#1902 = CARTESIAN_POINT('',(7.14839504841E-02,-0.857987075502,
    1.999999955297E-02));
#1903 = VECTOR('',#1904,1.);
#1904 = DIRECTION('',(0.322202485606,-0.946670776072,0.));
#1905 = ORIENTED_EDGE('',*,*,#1906,.T.);
#1906 = EDGE_CURVE('',#1899,#1907,#1909,.T.);
#1907 = VERTEX_POINT('',#1908);
#1908 = CARTESIAN_POINT('',(9.5664590728E-02,-0.88603585599,
    1.999999955297E-02));
#1909 = LINE('',#1910,#1911);
#1910 = CARTESIAN_POINT('',(8.103044438654E-02,-0.88603585599,
    1.999999955297E-02));
#1911 = VECTOR('',#1912,1.);
#1912 = DIRECTION('',(1.,0.,0.));
#1913 = ORIENTED_EDGE('',*,*,#1914,.T.);
#1914 = EDGE_CURVE('',#1907,#1857,#1915,.T.);
#1915 = LINE('',#1916,#1917);
#1916 = CARTESIAN_POINT('',(9.5664590728E-02,-0.88603585599,
    1.999999955297E-02));
#1917 = VECTOR('',#1918,1.);
#1918 = DIRECTION('',(-0.353622392329,0.93538826358,0.));
#1919 = FACE_BOUND('',#1920,.T.);
#1920 = EDGE_LOOP('',(#1921,#1947,#1955,#1963,#1971));
#1921 = ORIENTED_EDGE('',*,*,#1922,.T.);
#1922 = EDGE_CURVE('',#1923,#1925,#1927,.T.);
#1923 = VERTEX_POINT('',#1924);
#1924 = CARTESIAN_POINT('',(0.102981663899,-0.834778234039,
    1.999999955297E-02));
#1925 = VERTEX_POINT('',#1926);
#1926 = CARTESIAN_POINT('',(0.156278157801,-0.88603585599,
    1.999999955297E-02));
#1927 = B_SPLINE_CURVE_WITH_KNOTS('',3,(#1928,#1929,#1930,#1931,#1932,
    #1933,#1934,#1935,#1936,#1937,#1938,#1939,#1940,#1941,#1942,#1943,
    #1944,#1945,#1946),.UNSPECIFIED.,.F.,.F.,(4,1,1,1,1,1,1,1,1,1,1,1,1,
    1,1,1,4),(0.,6.806869584499E-02,0.133427432819,0.196146033813,
    0.257048592449,0.316882663159,0.376187208666,0.435960335364,
    0.496535236863,0.557465343481,0.61768686341,0.677943640697,
    0.738805284806,0.800949336767,0.86481466747,0.931024781079,1.),
  .UNSPECIFIED.);
#1928 = CARTESIAN_POINT('',(0.102981663899,-0.834778234039,
    1.999999955297E-02));
#1929 = CARTESIAN_POINT('',(0.103022050619,-0.836666992489,
    1.999999955297E-02));
#1930 = CARTESIAN_POINT('',(0.103101216179,-0.840369313919,
    1.999999955297E-02));
#1931 = CARTESIAN_POINT('',(0.103824794042,-0.845772533426,
    1.999999955297E-02));
#1932 = CARTESIAN_POINT('',(0.10497986365,-0.850892236721,
    1.999999955297E-02));
#1933 = CARTESIAN_POINT('',(0.106601239836,-0.855725515205,
    1.999999955297E-02));
#1934 = CARTESIAN_POINT('',(0.108700448447,-0.86026888274,
    1.999999955297E-02));
#1935 = CARTESIAN_POINT('',(0.111303154414,-0.864505740442,
    1.999999955297E-02));
#1936 = CARTESIAN_POINT('',(0.114339209458,-0.868468392952,
    1.999999955297E-02));
#1937 = CARTESIAN_POINT('',(0.117829414414,-0.872102548678,
    1.999999955297E-02));
#1938 = CARTESIAN_POINT('',(0.121689329571,-0.875355105093,
    1.999999955297E-02));
#1939 = CARTESIAN_POINT('',(0.125816813199,-0.878247786319,
    1.999999955297E-02));
#1940 = CARTESIAN_POINT('',(0.130247330925,-0.880651218886,
    1.999999955297E-02));
#1941 = CARTESIAN_POINT('',(0.134943041771,-0.882614937647,
    1.999999955297E-02));
#1942 = CARTESIAN_POINT('',(0.139895732929,-0.884174012953,
    1.999999955297E-02));
#1943 = CARTESIAN_POINT('',(0.145126868702,-0.885235510799,
    1.999999955297E-02));
#1944 = CARTESIAN_POINT('',(0.150612674756,-0.88593335266,
    1.999999955297E-02));
#1945 = CARTESIAN_POINT('',(0.154364086103,-0.886001225452,
    1.999999955297E-02));
#1946 = CARTESIAN_POINT('',(0.156278157801,-0.88603585599,
    1.999999955297E-02));
#1947 = ORIENTED_EDGE('',*,*,#1948,.T.);
#1948 = EDGE_CURVE('',#1925,#1949,#1951,.T.);
#1949 = VERTEX_POINT('',#1950);
#1950 = CARTESIAN_POINT('',(0.183469468777,-0.88603585599,
    1.999999955297E-02));
#1951 = LINE('',#1952,#1953);
#1952 = CARTESIAN_POINT('',(0.156278157801,-0.88603585599,
    1.999999955297E-02));
#1953 = VECTOR('',#1954,1.);
#1954 = DIRECTION('',(1.,0.,0.));
#1955 = ORIENTED_EDGE('',*,*,#1956,.T.);
#1956 = EDGE_CURVE('',#1949,#1957,#1959,.T.);
#1957 = VERTEX_POINT('',#1958);
#1958 = CARTESIAN_POINT('',(0.183469468777,-0.78603585599,
    1.999999955297E-02));
#1959 = LINE('',#1960,#1961);
#1960 = CARTESIAN_POINT('',(0.183469468777,-0.88603585599,
    1.999999955297E-02));
#1961 = VECTOR('',#1962,1.);
#1962 = DIRECTION('',(0.,1.,0.));
#1963 = ORIENTED_EDGE('',*,*,#1964,.T.);
#1964 = EDGE_CURVE('',#1957,#1965,#1967,.T.);
#1965 = VERTEX_POINT('',#1966);
#1966 = CARTESIAN_POINT('',(0.155249194387,-0.78603585599,
    1.999999955297E-02));
#1967 = LINE('',#1968,#1969);
#1968 = CARTESIAN_POINT('',(0.183469468777,-0.78603585599,
    1.999999955297E-02));
#1969 = VECTOR('',#1970,1.);
#1970 = DIRECTION('',(-1.,0.,0.));
#1971 = ORIENTED_EDGE('',*,*,#1972,.T.);
#1972 = EDGE_CURVE('',#1965,#1923,#1973,.T.);
#1973 = B_SPLINE_CURVE_WITH_KNOTS('',3,(#1974,#1975,#1976,#1977,#1978,
    #1979,#1980,#1981,#1982,#1983,#1984,#1985,#1986,#1987,#1988,#1989,
    #1990,#1991,#1992),.UNSPECIFIED.,.F.,.F.,(4,1,1,1,1,1,1,1,1,1,1,1,1,
    1,1,1,4),(0.,6.86311786766E-02,0.134566466039,0.198328154011,
    0.260789766641,0.321999151484,0.382721746503,0.443537474036,
    0.505133429485,0.566213874765,0.626105864618,0.685349322161,
    0.744995870348,0.805415841815,0.867636266346,0.932307782302,1.),
  .UNSPECIFIED.);
#1974 = CARTESIAN_POINT('',(0.155249194387,-0.78603585599,
    1.999999955297E-02));
#1975 = CARTESIAN_POINT('',(0.15341200798,-0.786076805185,
    1.999999955297E-02));
#1976 = CARTESIAN_POINT('',(0.149809801418,-0.786157095056,
    1.999999955297E-02));
#1977 = CARTESIAN_POINT('',(0.144527386999,-0.786766990581,
    1.999999955297E-02));
#1978 = CARTESIAN_POINT('',(0.139487802698,-0.787825357562,
    1.999999955297E-02));
#1979 = CARTESIAN_POINT('',(0.134677189995,-0.789269207435,
    1.999999955297E-02));
#1980 = CARTESIAN_POINT('',(0.13008997659,-0.791113709889,
    1.999999955297E-02));
#1981 = CARTESIAN_POINT('',(0.12576937781,-0.793424379062,
    1.999999955297E-02));
#1982 = CARTESIAN_POINT('',(0.121667987404,-0.796120907922,
    1.999999955297E-02));
#1983 = CARTESIAN_POINT('',(0.117839176158,-0.79920914475,
    1.999999955297E-02));
#1984 = CARTESIAN_POINT('',(0.114349348602,-0.802642960199,
    1.999999955297E-02));
#1985 = CARTESIAN_POINT('',(0.111307136511,-0.806398427565,
    1.999999955297E-02));
#1986 = CARTESIAN_POINT('',(0.108702530477,-0.810425318025,
    1.999999955297E-02));
#1987 = CARTESIAN_POINT('',(0.106606508048,-0.814755471811,
    1.999999955297E-02));
#1988 = CARTESIAN_POINT('',(0.104979009203,-0.819365558053,
    1.999999955297E-02));
#1989 = CARTESIAN_POINT('',(0.103826527788,-0.824252233847,
    1.999999955297E-02));
#1990 = CARTESIAN_POINT('',(0.103099633018,-0.829421033956,
    1.999999955297E-02));
#1991 = CARTESIAN_POINT('',(0.103021580688,-0.832965537382,
    1.999999955297E-02));
#1992 = CARTESIAN_POINT('',(0.102981663899,-0.834778234039,
    1.999999955297E-02));
#1993 = FACE_BOUND('',#1994,.T.);
#1994 = EDGE_LOOP('',(#1995,#2005,#2013,#2021,#2029,#2037,#2045,#2053,
    #2061,#2069,#2077,#2085));
#1995 = ORIENTED_EDGE('',*,*,#1996,.T.);
#1996 = EDGE_CURVE('',#1997,#1999,#2001,.T.);
#1997 = VERTEX_POINT('',#1998);
#1998 = CARTESIAN_POINT('',(0.243225566338,-0.875060246234,
    1.999999955297E-02));
#1999 = VERTEX_POINT('',#2000);
#2000 = CARTESIAN_POINT('',(0.202981663899,-0.875060246234,
    1.999999955297E-02));
#2001 = LINE('',#2002,#2003);
#2002 = CARTESIAN_POINT('',(0.243225566338,-0.875060246234,
    1.999999955297E-02));
#2003 = VECTOR('',#2004,1.);
#2004 = DIRECTION('',(-1.,0.,0.));
#2005 = ORIENTED_EDGE('',*,*,#2006,.T.);
#2006 = EDGE_CURVE('',#1999,#2007,#2009,.T.);
#2007 = VERTEX_POINT('',#2008);
#2008 = CARTESIAN_POINT('',(0.202981663899,-0.88603585599,
    1.999999955297E-02));
#2009 = LINE('',#2010,#2011);
#2010 = CARTESIAN_POINT('',(0.202981663899,-0.875060246234,
    1.999999955297E-02));
#2011 = VECTOR('',#2012,1.);
#2012 = DIRECTION('',(0.,-1.,0.));
#2013 = ORIENTED_EDGE('',*,*,#2014,.T.);
#2014 = EDGE_CURVE('',#2007,#2015,#2017,.T.);
#2015 = VERTEX_POINT('',#2016);
#2016 = CARTESIAN_POINT('',(0.256640200484,-0.88603585599,
    1.999999955297E-02));
#2017 = LINE('',#2018,#2019);
#2018 = CARTESIAN_POINT('',(0.202981663899,-0.88603585599,
    1.999999955297E-02));
#2019 = VECTOR('',#2020,1.);
#2020 = DIRECTION('',(1.,0.,0.));
#2021 = ORIENTED_EDGE('',*,*,#2022,.T.);
#2022 = EDGE_CURVE('',#2015,#2023,#2025,.T.);
#2023 = VERTEX_POINT('',#2024);
#2024 = CARTESIAN_POINT('',(0.256640200484,-0.78603585599,
    1.999999955297E-02));
#2025 = LINE('',#2026,#2027);
#2026 = CARTESIAN_POINT('',(0.256640200484,-0.88603585599,
    1.999999955297E-02));
#2027 = VECTOR('',#2028,1.);
#2028 = DIRECTION('',(0.,1.,0.));
#2029 = ORIENTED_EDGE('',*,*,#2030,.T.);
#2030 = EDGE_CURVE('',#2023,#2031,#2033,.T.);
#2031 = VERTEX_POINT('',#2032);
#2032 = CARTESIAN_POINT('',(0.205420688289,-0.78603585599,
    1.999999955297E-02));
#2033 = LINE('',#2034,#2035);
#2034 = CARTESIAN_POINT('',(0.256640200484,-0.78603585599,
    1.999999955297E-02));
#2035 = VECTOR('',#2036,1.);
#2036 = DIRECTION('',(-1.,0.,0.));
#2037 = ORIENTED_EDGE('',*,*,#2038,.T.);
#2038 = EDGE_CURVE('',#2031,#2039,#2041,.T.);
#2039 = VERTEX_POINT('',#2040);
#2040 = CARTESIAN_POINT('',(0.205420688289,-0.797011465746,
    1.999999955297E-02));
#2041 = LINE('',#2042,#2043);
#2042 = CARTESIAN_POINT('',(0.205420688289,-0.78603585599,
    1.999999955297E-02));
#2043 = VECTOR('',#2044,1.);
#2044 = DIRECTION('',(0.,-1.,0.));
#2045 = ORIENTED_EDGE('',*,*,#2046,.T.);
#2046 = EDGE_CURVE('',#2039,#2047,#2049,.T.);
#2047 = VERTEX_POINT('',#2048);
#2048 = CARTESIAN_POINT('',(0.243225566338,-0.797011465746,
    1.999999955297E-02));
#2049 = LINE('',#2050,#2051);
#2050 = CARTESIAN_POINT('',(0.205420688289,-0.797011465746,
    1.999999955297E-02));
#2051 = VECTOR('',#2052,1.);
#2052 = DIRECTION('',(1.,0.,0.));
#2053 = ORIENTED_EDGE('',*,*,#2054,.T.);
#2054 = EDGE_CURVE('',#2047,#2055,#2057,.T.);
#2055 = VERTEX_POINT('',#2056);
#2056 = CARTESIAN_POINT('',(0.243225566338,-0.829938295014,
    1.999999955297E-02));
#2057 = LINE('',#2058,#2059);
#2058 = CARTESIAN_POINT('',(0.243225566338,-0.797011465746,
    1.999999955297E-02));
#2059 = VECTOR('',#2060,1.);
#2060 = DIRECTION('',(0.,-1.,0.));
#2061 = ORIENTED_EDGE('',*,*,#2062,.T.);
#2062 = EDGE_CURVE('',#2055,#2063,#2065,.T.);
#2063 = VERTEX_POINT('',#2064);
#2064 = CARTESIAN_POINT('',(0.207859712679,-0.829938295014,
    1.999999955297E-02));
#2065 = LINE('',#2066,#2067);
#2066 = CARTESIAN_POINT('',(0.243225566338,-0.829938295014,
    1.999999955297E-02));
#2067 = VECTOR('',#2068,1.);
#2068 = DIRECTION('',(-1.,0.,0.));
#2069 = ORIENTED_EDGE('',*,*,#2070,.T.);
#2070 = EDGE_CURVE('',#2063,#2071,#2073,.T.);
#2071 = VERTEX_POINT('',#2072);
#2072 = CARTESIAN_POINT('',(0.207859712679,-0.840913904771,
    1.999999955297E-02));
#2073 = LINE('',#2074,#2075);
#2074 = CARTESIAN_POINT('',(0.207859712679,-0.829938295014,
    1.999999955297E-02));
#2075 = VECTOR('',#2076,1.);
#2076 = DIRECTION('',(0.,-1.,0.));
#2077 = ORIENTED_EDGE('',*,*,#2078,.T.);
#2078 = EDGE_CURVE('',#2071,#2079,#2081,.T.);
#2079 = VERTEX_POINT('',#2080);
#2080 = CARTESIAN_POINT('',(0.243225566338,-0.840913904771,
    1.999999955297E-02));
#2081 = LINE('',#2082,#2083);
#2082 = CARTESIAN_POINT('',(0.207859712679,-0.840913904771,
    1.999999955297E-02));
#2083 = VECTOR('',#2084,1.);
#2084 = DIRECTION('',(1.,0.,0.));
#2085 = ORIENTED_EDGE('',*,*,#2086,.T.);
#2086 = EDGE_CURVE('',#2079,#1997,#2087,.T.);
#2087 = LINE('',#2088,#2089);
#2088 = CARTESIAN_POINT('',(0.243225566338,-0.840913904771,
    1.999999955297E-02));
#2089 = VECTOR('',#2090,1.);
#2090 = DIRECTION('',(0.,-1.,0.));
#2091 = FACE_BOUND('',#2092,.T.);
#2092 = EDGE_LOOP('',(#2093,#2111,#2119,#2135,#2159,#2183,#2199,#2207,
    #2223,#2247));
#2093 = ORIENTED_EDGE('',*,*,#2094,.T.);
#2094 = EDGE_CURVE('',#2095,#2097,#2099,.T.);
#2095 = VERTEX_POINT('',#2096);
#2096 = CARTESIAN_POINT('',(0.301819316338,-0.876279758429,
    1.999999955297E-02));
#2097 = VERTEX_POINT('',#2098);
#2098 = CARTESIAN_POINT('',(0.276152395606,-0.869877319405,
    1.999999955297E-02));
#2099 = B_SPLINE_CURVE_WITH_KNOTS('',3,(#2100,#2101,#2102,#2103,#2104,
    #2105,#2106,#2107,#2108,#2109,#2110),.UNSPECIFIED.,.F.,.F.,(4,1,1,1,
    1,1,1,1,4),(0.,0.135294604763,0.266765657925,0.394816018836,
    0.520051654434,0.642175702971,0.762651820558,0.881834004381,1.),
  .UNSPECIFIED.);
#2100 = CARTESIAN_POINT('',(0.301819316338,-0.876279758429,
    1.999999955297E-02));
#2101 = CARTESIAN_POINT('',(0.300611774281,-0.876263904374,
    1.999999955297E-02));
#2102 = CARTESIAN_POINT('',(0.298230816432,-0.876232644315,
    1.999999955297E-02));
#2103 = CARTESIAN_POINT('',(0.294719628248,-0.87591184682,
    1.999999955297E-02));
#2104 = CARTESIAN_POINT('',(0.291318605369,-0.875429024889,
    1.999999955297E-02));
#2105 = CARTESIAN_POINT('',(0.288042530284,-0.874718353417,
    1.999999955297E-02));
#2106 = CARTESIAN_POINT('',(0.284880170886,-0.873828753132,
    1.999999955297E-02));
#2107 = CARTESIAN_POINT('',(0.281849455588,-0.872711347021,
    1.999999955297E-02));
#2108 = CARTESIAN_POINT('',(0.278917999742,-0.871435038182,
    1.999999955297E-02));
#2109 = CARTESIAN_POINT('',(0.277071628619,-0.870395074822,
    1.999999955297E-02));
#2110 = CARTESIAN_POINT('',(0.276152395606,-0.869877319405,
    1.999999955297E-02));
#2111 = ORIENTED_EDGE('',*,*,#2112,.T.);
#2112 = EDGE_CURVE('',#2097,#2113,#2115,.T.);
#2113 = VERTEX_POINT('',#2114);
#2114 = CARTESIAN_POINT('',(0.276152395606,-0.880852929161,
    1.999999955297E-02));
#2115 = LINE('',#2116,#2117);
#2116 = CARTESIAN_POINT('',(0.276152395606,-0.869877319405,
    1.999999955297E-02));
#2117 = VECTOR('',#2118,1.);
#2118 = DIRECTION('',(0.,-1.,0.));
#2119 = ORIENTED_EDGE('',*,*,#2120,.T.);
#2120 = EDGE_CURVE('',#2113,#2121,#2123,.T.);
#2121 = VERTEX_POINT('',#2122);
#2122 = CARTESIAN_POINT('',(0.303667639508,-0.887255368185,
    1.999999955297E-02));
#2123 = B_SPLINE_CURVE_WITH_KNOTS('',3,(#2124,#2125,#2126,#2127,#2128,
    #2129,#2130,#2131,#2132,#2133,#2134),.UNSPECIFIED.,.F.,.F.,(4,1,1,1,
    1,1,1,1,4),(0.,0.112448389909,0.226527675213,0.344401949326,
    0.465864972487,0.591659449352,0.722168487025,0.858606387555,1.),
  .UNSPECIFIED.);
#2124 = CARTESIAN_POINT('',(0.276152395606,-0.880852929161,
    1.999999955297E-02));
#2125 = CARTESIAN_POINT('',(0.277090734684,-0.881370854128,
    1.999999955297E-02));
#2126 = CARTESIAN_POINT('',(0.278981022041,-0.882414215787,
    1.999999955297E-02));
#2127 = CARTESIAN_POINT('',(0.282003988489,-0.883701624798,
    1.999999955297E-02));
#2128 = CARTESIAN_POINT('',(0.285184881782,-0.88481207566,
    1.999999955297E-02));
#2129 = CARTESIAN_POINT('',(0.288551543029,-0.885697560616,
    1.999999955297E-02));
#2130 = CARTESIAN_POINT('',(0.292081591661,-0.886409202191,
    1.999999955297E-02));
#2131 = CARTESIAN_POINT('',(0.295793732584,-0.886891222529,
    1.999999955297E-02));
#2132 = CARTESIAN_POINT('',(0.299673259477,-0.88720852083,
    1.999999955297E-02));
#2133 = CARTESIAN_POINT('',(0.302320440145,-0.887239567804,
    1.999999955297E-02));
#2134 = CARTESIAN_POINT('',(0.303667639508,-0.887255368185,
    1.999999955297E-02));
#2135 = ORIENTED_EDGE('',*,*,#2136,.T.);
#2136 = EDGE_CURVE('',#2121,#2137,#2139,.T.);
#2137 = VERTEX_POINT('',#2138);
#2138 = CARTESIAN_POINT('',(0.350542639508,-0.837922288917,
    1.999999955297E-02));
#2139 = B_SPLINE_CURVE_WITH_KNOTS('',3,(#2140,#2141,#2142,#2143,#2144,
    #2145,#2146,#2147,#2148,#2149,#2150,#2151,#2152,#2153,#2154,#2155,
    #2156,#2157,#2158),.UNSPECIFIED.,.F.,.F.,(4,1,1,1,1,1,1,1,1,1,1,1,1,
    1,1,1,4),(0.,6.783324845577E-02,0.132655536508,0.195050884051,
    0.255582933069,0.314799834147,0.373600472826,0.432545595327,
    0.492430629284,0.552671255963,0.612513044188,0.672610250357,
    0.733838369314,0.796594238568,0.861449799291,0.929198942351,1.),
  .UNSPECIFIED.);
#2140 = CARTESIAN_POINT('',(0.303667639508,-0.887255368185,
    1.999999955297E-02));
#2141 = CARTESIAN_POINT('',(0.305403545664,-0.887216652477,
    1.999999955297E-02));
#2142 = CARTESIAN_POINT('',(0.30879830513,-0.88714093956,
    1.999999955297E-02));
#2143 = CARTESIAN_POINT('',(0.313757551317,-0.886504084334,
    1.999999955297E-02));
#2144 = CARTESIAN_POINT('',(0.318449178995,-0.885440832845,
    1.999999955297E-02));
#2145 = CARTESIAN_POINT('',(0.322871558618,-0.883946925413,
    1.999999955297E-02));
#2146 = CARTESIAN_POINT('',(0.327040161744,-0.882059217643,
    1.999999955297E-02));
#2147 = CARTESIAN_POINT('',(0.330933394592,-0.879725824604,
    1.999999955297E-02));
#2148 = CARTESIAN_POINT('',(0.33452549346,-0.876928370066,
    1.999999955297E-02));
#2149 = CARTESIAN_POINT('',(0.337863991259,-0.873779620963,
    1.999999955297E-02));
#2150 = CARTESIAN_POINT('',(0.340842826422,-0.870256610257,
    1.999999955297E-02));
#2151 = CARTESIAN_POINT('',(0.343450234455,-0.866445941775,
    1.999999955297E-02));
#2152 = CARTESIAN_POINT('',(0.345656089312,-0.862359468012,
    1.999999955297E-02));
#2153 = CARTESIAN_POINT('',(0.347445991462,-0.857994945543,
    1.999999955297E-02));
#2154 = CARTESIAN_POINT('',(0.348840854804,-0.853361233984,
    1.999999955297E-02));
#2155 = CARTESIAN_POINT('',(0.349816308487,-0.848454162341,
    1.999999955297E-02));
#2156 = CARTESIAN_POINT('',(0.350450222217,-0.843280615152,
    1.999999955297E-02));
#2157 = CARTESIAN_POINT('',(0.350511384659,-0.839734435487,
    1.999999955297E-02));
#2158 = CARTESIAN_POINT('',(0.350542639508,-0.837922288917,
    1.999999955297E-02));
#2159 = ORIENTED_EDGE('',*,*,#2160,.T.);
#2160 = EDGE_CURVE('',#2137,#2161,#2163,.T.);
#2161 = VERTEX_POINT('',#2162);
#2162 = CARTESIAN_POINT('',(0.299685169996,-0.784816343795,
    1.999999955297E-02));
#2163 = B_SPLINE_CURVE_WITH_KNOTS('',3,(#2164,#2165,#2166,#2167,#2168,
    #2169,#2170,#2171,#2172,#2173,#2174,#2175,#2176,#2177,#2178,#2179,
    #2180,#2181,#2182),.UNSPECIFIED.,.F.,.F.,(4,1,1,1,1,1,1,1,1,1,1,1,1,
    1,1,1,4),(0.,7.064371857535E-02,0.138256715509,0.203364124218,
    0.266324093803,0.327904761543,0.388737715173,0.449423528109,
    0.510861011459,0.572079396048,0.631734428731,0.691117210579,
    0.75036002949,0.810032900531,0.871362450829,0.934427141231,1.),
  .UNSPECIFIED.);
#2164 = CARTESIAN_POINT('',(0.350542639508,-0.837922288917,
    1.999999955297E-02));
#2165 = CARTESIAN_POINT('',(0.350499087163,-0.835976737806,
    1.999999955297E-02));
#2166 = CARTESIAN_POINT('',(0.350413850933,-0.832169102649,
    1.999999955297E-02));
#2167 = CARTESIAN_POINT('',(0.349736339364,-0.826601406811,
    1.999999955297E-02));
#2168 = CARTESIAN_POINT('',(0.348624653524,-0.821322007266,
    1.999999955297E-02));
#2169 = CARTESIAN_POINT('',(0.34703368509,-0.816338917998,
    1.999999955297E-02));
#2170 = CARTESIAN_POINT('',(0.345007716068,-0.811645404039,
    1.999999955297E-02));
#2171 = CARTESIAN_POINT('',(0.342545024587,-0.80723522025,
    1.999999955297E-02));
#2172 = CARTESIAN_POINT('',(0.339605594469,-0.803131089271,
    1.999999955297E-02));
#2173 = CARTESIAN_POINT('',(0.33623623702,-0.799360906669,
    1.999999955297E-02));
#2174 = CARTESIAN_POINT('',(0.332548441548,-0.795943556019,
    1.999999955297E-02));
#2175 = CARTESIAN_POINT('',(0.32856932583,-0.792961513738,
    1.999999955297E-02));
#2176 = CARTESIAN_POINT('',(0.32434688784,-0.790441438849,
    1.999999955297E-02));
#2177 = CARTESIAN_POINT('',(0.31988710423,-0.788366713208,
    1.999999955297E-02));
#2178 = CARTESIAN_POINT('',(0.315173580096,-0.786782986922,
    1.999999955297E-02));
#2179 = CARTESIAN_POINT('',(0.310228368718,-0.785645596773,
    1.999999955297E-02));
#2180 = CARTESIAN_POINT('',(0.305034438906,-0.784940803934,
    1.999999955297E-02));
#2181 = CARTESIAN_POINT('',(0.301491287693,-0.784858366296,
    1.999999955297E-02));
#2182 = CARTESIAN_POINT('',(0.299685169996,-0.784816343795,
    1.999999955297E-02));
#2183 = ORIENTED_EDGE('',*,*,#2184,.T.);
#2184 = EDGE_CURVE('',#2161,#2185,#2187,.T.);
#2185 = VERTEX_POINT('',#2186);
#2186 = CARTESIAN_POINT('',(0.276152395606,-0.788779758429,
    1.999999955297E-02));
#2187 = B_SPLINE_CURVE_WITH_KNOTS('',3,(#2188,#2189,#2190,#2191,#2192,
    #2193,#2194,#2195,#2196,#2197,#2198),.UNSPECIFIED.,.F.,.F.,(4,1,1,1,
    1,1,1,1,4),(0.,0.145186866472,0.28344261092,0.416524365929,
    0.543181123535,0.665153082638,0.781360206313,0.892756655642,1.),
  .UNSPECIFIED.);
#2188 = CARTESIAN_POINT('',(0.299685169996,-0.784816343795,
    1.999999955297E-02));
#2189 = CARTESIAN_POINT('',(0.298522483934,-0.784824678238,
    1.999999955297E-02));
#2190 = CARTESIAN_POINT('',(0.296252617649,-0.784840949245,
    1.999999955297E-02));
#2191 = CARTESIAN_POINT('',(0.292922693152,-0.785044989172,
    1.999999955297E-02));
#2192 = CARTESIAN_POINT('',(0.289747965439,-0.785333360043,
    1.999999955297E-02));
#2193 = CARTESIAN_POINT('',(0.286723840305,-0.785783022217,
    1.999999955297E-02));
#2194 = CARTESIAN_POINT('',(0.283850473357,-0.786318298156,
    1.999999955297E-02));
#2195 = CARTESIAN_POINT('',(0.281138628661,-0.787016056009,
    1.999999955297E-02));
#2196 = CARTESIAN_POINT('',(0.278571259028,-0.787797888437,
    1.999999955297E-02));
#2197 = CARTESIAN_POINT('',(0.276948407957,-0.788456639466,
    1.999999955297E-02));
#2198 = CARTESIAN_POINT('',(0.276152395606,-0.788779758429,
    1.999999955297E-02));
#2199 = ORIENTED_EDGE('',*,*,#2200,.T.);
#2200 = EDGE_CURVE('',#2185,#2201,#2203,.T.);
#2201 = VERTEX_POINT('',#2202);
#2202 = CARTESIAN_POINT('',(0.276152395606,-0.802194392575,
    1.999999955297E-02));
#2203 = LINE('',#2204,#2205);
#2204 = CARTESIAN_POINT('',(0.276152395606,-0.788779758429,
    1.999999955297E-02));
#2205 = VECTOR('',#2206,1.);
#2206 = DIRECTION('',(0.,-1.,0.));
#2207 = ORIENTED_EDGE('',*,*,#2208,.T.);
#2208 = EDGE_CURVE('',#2201,#2209,#2211,.T.);
#2209 = VERTEX_POINT('',#2210);
#2210 = CARTESIAN_POINT('',(0.299570840728,-0.795791953551,
    1.999999955297E-02));
#2211 = B_SPLINE_CURVE_WITH_KNOTS('',3,(#2212,#2213,#2214,#2215,#2216,
    #2217,#2218,#2219,#2220,#2221,#2222),.UNSPECIFIED.,.F.,.F.,(4,1,1,1,
    1,1,1,1,4),(0.,0.125279696736,0.249419970742,0.373356799493,
    0.496681278782,0.620202915744,0.745086320161,0.871269195019,1.),
  .UNSPECIFIED.);
#2212 = CARTESIAN_POINT('',(0.276152395606,-0.802194392575,
    1.999999955297E-02));
#2213 = CARTESIAN_POINT('',(0.277040434169,-0.801678375276,
    1.999999955297E-02));
#2214 = CARTESIAN_POINT('',(0.278808434556,-0.800651033871,
    1.999999955297E-02));
#2215 = CARTESIAN_POINT('',(0.281589177717,-0.799366654929,
    1.999999955297E-02));
#2216 = CARTESIAN_POINT('',(0.284423502033,-0.798252641111,
    1.999999955297E-02));
#2217 = CARTESIAN_POINT('',(0.287331249188,-0.797363341028,
    1.999999955297E-02));
#2218 = CARTESIAN_POINT('',(0.290294118687,-0.796645224386,
    1.999999955297E-02));
#2219 = CARTESIAN_POINT('',(0.293327647221,-0.796163563315,
    1.999999955297E-02));
#2220 = CARTESIAN_POINT('',(0.296426087328,-0.795839499956,
    1.999999955297E-02));
#2221 = CARTESIAN_POINT('',(0.298515627757,-0.795807907611,
    1.999999955297E-02));
#2222 = CARTESIAN_POINT('',(0.299570840728,-0.795791953551,
    1.999999955297E-02));
#2223 = ORIENTED_EDGE('',*,*,#2224,.T.);
#2224 = EDGE_CURVE('',#2209,#2225,#2227,.T.);
#2225 = VERTEX_POINT('',#2226);
#2226 = CARTESIAN_POINT('',(0.337128005362,-0.837102929161,
    1.999999955297E-02));
#2227 = B_SPLINE_CURVE_WITH_KNOTS('',3,(#2228,#2229,#2230,#2231,#2232,
    #2233,#2234,#2235,#2236,#2237,#2238,#2239,#2240,#2241,#2242,#2243,
    #2244,#2245,#2246),.UNSPECIFIED.,.F.,.F.,(4,1,1,1,1,1,1,1,1,1,1,1,1,
    1,1,1,4),(0.,6.460397028839E-02,0.126702413963,0.186756814036,
    0.245505687365,0.30365202445,0.361503073971,0.420240222928,
    0.480033340777,0.540678134776,0.601191806381,0.662333502477,
    0.724739510297,0.789467736173,0.856504860044,0.926312095839,1.),
  .UNSPECIFIED.);
#2228 = CARTESIAN_POINT('',(0.299570840728,-0.795791953551,
    1.999999955297E-02));
#2229 = CARTESIAN_POINT('',(0.300925776914,-0.79582108716,
    1.999999955297E-02));
#2230 = CARTESIAN_POINT('',(0.303583100989,-0.795878224492,
    1.999999955297E-02));
#2231 = CARTESIAN_POINT('',(0.307465248761,-0.796439207461,
    1.999999955297E-02));
#2232 = CARTESIAN_POINT('',(0.311167988079,-0.797278501384,
    1.999999955297E-02));
#2233 = CARTESIAN_POINT('',(0.314676471211,-0.798506873112,
    1.999999955297E-02));
#2234 = CARTESIAN_POINT('',(0.317986714257,-0.800092276146,
    1.999999955297E-02));
#2235 = CARTESIAN_POINT('',(0.321095846657,-0.802040656878,
    1.999999955297E-02));
#2236 = CARTESIAN_POINT('',(0.324022962763,-0.804310242115,
    1.999999955297E-02));
#2237 = CARTESIAN_POINT('',(0.326723410413,-0.80692934584,
    1.999999955297E-02));
#2238 = CARTESIAN_POINT('',(0.32918426939,-0.809825656218,
    1.999999955297E-02));
#2239 = CARTESIAN_POINT('',(0.331296552424,-0.813018327285,
    1.999999955297E-02));
#2240 = CARTESIAN_POINT('',(0.333128222446,-0.816420945294,
    1.999999955297E-02));
#2241 = CARTESIAN_POINT('',(0.334595020238,-0.820093208317,
    1.999999955297E-02));
#2242 = CARTESIAN_POINT('',(0.335730970163,-0.824006940704,
    1.999999955297E-02));
#2243 = CARTESIAN_POINT('',(0.336550886566,-0.828156802171,
    1.999999955297E-02));
#2244 = CARTESIAN_POINT('',(0.337025934834,-0.832550446513,
    1.999999955297E-02));
#2245 = CARTESIAN_POINT('',(0.337093373914,-0.835558320066,
    1.999999955297E-02));
#2246 = CARTESIAN_POINT('',(0.337128005362,-0.837102929161,
    1.999999955297E-02));
#2247 = ORIENTED_EDGE('',*,*,#2248,.T.);
#2248 = EDGE_CURVE('',#2225,#2095,#2249,.T.);
#2249 = B_SPLINE_CURVE_WITH_KNOTS('',3,(#2250,#2251,#2252,#2253,#2254,
    #2255,#2256,#2257,#2258,#2259,#2260,#2261,#2262,#2263,#2264,#2265,
    #2266,#2267,#2268),.UNSPECIFIED.,.F.,.F.,(4,1,1,1,1,1,1,1,1,1,1,1,1,
    1,1,1,4),(0.,7.377411937406E-02,0.144079114726,0.211348518309,
    0.27607688574,0.33852091582,0.399885116693,0.460254067465,
    0.520588964391,0.580207684563,0.638632908553,0.696364549491,
    0.75400177466,0.812805681374,0.872754425526,0.935181996978,1.),
  .UNSPECIFIED.);
#2250 = CARTESIAN_POINT('',(0.337128005362,-0.837102929161,
    1.999999955297E-02));
#2251 = CARTESIAN_POINT('',(0.337100223377,-0.83856504973,
    1.999999955297E-02));
#2252 = CARTESIAN_POINT('',(0.337045965816,-0.84142053671,
    1.999999955297E-02));
#2253 = CARTESIAN_POINT('',(0.336579807153,-0.845588304502,
    1.999999955297E-02));
#2254 = CARTESIAN_POINT('',(0.335824682729,-0.849528976686,
    1.999999955297E-02));
#2255 = CARTESIAN_POINT('',(0.334763448559,-0.853239079804,
    1.999999955297E-02));
#2256 = CARTESIAN_POINT('',(0.33337963804,-0.856715180412,
    1.999999955297E-02));
#2257 = CARTESIAN_POINT('',(0.331708043432,-0.859966514497,
    1.999999955297E-02));
#2258 = CARTESIAN_POINT('',(0.329709441657,-0.862978399661,
    1.999999955297E-02));
#2259 = CARTESIAN_POINT('',(0.327427951677,-0.865736735586,
    1.999999955297E-02));
#2260 = CARTESIAN_POINT('',(0.324894896841,-0.868210300797,
    1.999999955297E-02));
#2261 = CARTESIAN_POINT('',(0.322163321047,-0.870382646829,
    1.999999955297E-02));
#2262 = CARTESIAN_POINT('',(0.319227273034,-0.872195879512,
    1.999999955297E-02));
#2263 = CARTESIAN_POINT('',(0.316114130966,-0.8736994696,
    1.999999955297E-02));
#2264 = CARTESIAN_POINT('',(0.312809829061,-0.874861952119,
    1.999999955297E-02));
#2265 = CARTESIAN_POINT('',(0.30930818203,-0.875676893134,
    1.999999955297E-02));
#2266 = CARTESIAN_POINT('',(0.305625941421,-0.876181650065,
    1.999999955297E-02));
#2267 = CARTESIAN_POINT('',(0.303103983839,-0.876246648621,
    1.999999955297E-02));
#2268 = CARTESIAN_POINT('',(0.301819316338,-0.876279758429,
    1.999999955297E-02));
#2269 = FACE_BOUND('',#2270,.T.);
#2270 = EDGE_LOOP('',(#2271,#2281,#2289,#2297,#2305,#2313));
#2271 = ORIENTED_EDGE('',*,*,#2272,.T.);
#2272 = EDGE_CURVE('',#2273,#2275,#2277,.T.);
#2273 = VERTEX_POINT('',#2274);
#2274 = CARTESIAN_POINT('',(0.396884102923,-0.875060246234,
    1.999999955297E-02));
#2275 = VERTEX_POINT('',#2276);
#2276 = CARTESIAN_POINT('',(0.359079224874,-0.875060246234,
    1.999999955297E-02));
#2277 = LINE('',#2278,#2279);
#2278 = CARTESIAN_POINT('',(0.396884102923,-0.875060246234,
    1.999999955297E-02));
#2279 = VECTOR('',#2280,1.);
#2280 = DIRECTION('',(-1.,0.,0.));
#2281 = ORIENTED_EDGE('',*,*,#2282,.T.);
#2282 = EDGE_CURVE('',#2275,#2283,#2285,.T.);
#2283 = VERTEX_POINT('',#2284);
#2284 = CARTESIAN_POINT('',(0.359079224874,-0.88603585599,
    1.999999955297E-02));
#2285 = LINE('',#2286,#2287);
#2286 = CARTESIAN_POINT('',(0.359079224874,-0.875060246234,
    1.999999955297E-02));
#2287 = VECTOR('',#2288,1.);
#2288 = DIRECTION('',(0.,-1.,0.));
#2289 = ORIENTED_EDGE('',*,*,#2290,.T.);
#2290 = EDGE_CURVE('',#2283,#2291,#2293,.T.);
#2291 = VERTEX_POINT('',#2292);
#2292 = CARTESIAN_POINT('',(0.410298737069,-0.88603585599,
    1.999999955297E-02));
#2293 = LINE('',#2294,#2295);
#2294 = CARTESIAN_POINT('',(0.359079224874,-0.88603585599,
    1.999999955297E-02));
#2295 = VECTOR('',#2296,1.);
#2296 = DIRECTION('',(1.,0.,0.));
#2297 = ORIENTED_EDGE('',*,*,#2298,.T.);
#2298 = EDGE_CURVE('',#2291,#2299,#2301,.T.);
#2299 = VERTEX_POINT('',#2300);
#2300 = CARTESIAN_POINT('',(0.410298737069,-0.78603585599,
    1.999999955297E-02));
#2301 = LINE('',#2302,#2303);
#2302 = CARTESIAN_POINT('',(0.410298737069,-0.88603585599,
    1.999999955297E-02));
#2303 = VECTOR('',#2304,1.);
#2304 = DIRECTION('',(0.,1.,0.));
#2305 = ORIENTED_EDGE('',*,*,#2306,.T.);
#2306 = EDGE_CURVE('',#2299,#2307,#2309,.T.);
#2307 = VERTEX_POINT('',#2308);
#2308 = CARTESIAN_POINT('',(0.396884102923,-0.78603585599,
    1.999999955297E-02));
#2309 = LINE('',#2310,#2311);
#2310 = CARTESIAN_POINT('',(0.410298737069,-0.78603585599,
    1.999999955297E-02));
#2311 = VECTOR('',#2312,1.);
#2312 = DIRECTION('',(-1.,0.,0.));
#2313 = ORIENTED_EDGE('',*,*,#2314,.T.);
#2314 = EDGE_CURVE('',#2307,#2273,#2315,.T.);
#2315 = LINE('',#2316,#2317);
#2316 = CARTESIAN_POINT('',(0.396884102923,-0.78603585599,
    1.999999955297E-02));
#2317 = VECTOR('',#2318,1.);
#2318 = DIRECTION('',(0.,-1.,0.));
#2319 = PLANE('',#2320);
#2320 = AXIS2_PLACEMENT_3D('',#2321,#2322,#2323);
#2321 = CARTESIAN_POINT('',(2.54000508001E-05,1.270002540005E-04,
    1.999999955297E-02));
#2322 = DIRECTION('',(0.,0.,1.));
#2323 = DIRECTION('',(1.,0.,-0.));
#2324 = ADVANCED_FACE('',(#2325),#2333,.F.);
#2325 = FACE_BOUND('',#2326,.T.);
#2326 = EDGE_LOOP('',(#2327,#2328,#2329,#2330,#2331,#2332));
#2327 = ORIENTED_EDGE('',*,*,#2282,.F.);
#2328 = ORIENTED_EDGE('',*,*,#2272,.F.);
#2329 = ORIENTED_EDGE('',*,*,#2314,.F.);
#2330 = ORIENTED_EDGE('',*,*,#2306,.F.);
#2331 = ORIENTED_EDGE('',*,*,#2298,.F.);
#2332 = ORIENTED_EDGE('',*,*,#2290,.F.);
#2333 = PLANE('',#2334);
#2334 = AXIS2_PLACEMENT_3D('',#2335,#2336,#2337);
#2335 = CARTESIAN_POINT('',(2.54000508001E-05,1.270002540005E-04,
    1.999999955297E-02));
#2336 = DIRECTION('',(0.,0.,1.));
#2337 = DIRECTION('',(1.,0.,-0.));
#2338 = ADVANCED_FACE('',(#2339),#2351,.F.);
#2339 = FACE_BOUND('',#2340,.T.);
#2340 = EDGE_LOOP('',(#2341,#2342,#2343,#2344,#2345,#2346,#2347,#2348,
    #2349,#2350));
#2341 = ORIENTED_EDGE('',*,*,#2112,.F.);
#2342 = ORIENTED_EDGE('',*,*,#2094,.F.);
#2343 = ORIENTED_EDGE('',*,*,#2248,.F.);
#2344 = ORIENTED_EDGE('',*,*,#2224,.F.);
#2345 = ORIENTED_EDGE('',*,*,#2208,.F.);
#2346 = ORIENTED_EDGE('',*,*,#2200,.F.);
#2347 = ORIENTED_EDGE('',*,*,#2184,.F.);
#2348 = ORIENTED_EDGE('',*,*,#2160,.F.);
#2349 = ORIENTED_EDGE('',*,*,#2136,.F.);
#2350 = ORIENTED_EDGE('',*,*,#2120,.F.);
#2351 = PLANE('',#2352);
#2352 = AXIS2_PLACEMENT_3D('',#2353,#2354,#2355);
#2353 = CARTESIAN_POINT('',(2.54000508001E-05,1.270002540005E-04,
    1.999999955297E-02));
#2354 = DIRECTION('',(0.,0.,1.));
#2355 = DIRECTION('',(1.,0.,-0.));
#2356 = ADVANCED_FACE('',(#2357),#2431,.F.);
#2357 = FACE_BOUND('',#2358,.T.);
#2358 = EDGE_LOOP('',(#2359,#2385,#2393,#2401,#2409));
#2359 = ORIENTED_EDGE('',*,*,#2360,.T.);
#2360 = EDGE_CURVE('',#2361,#2363,#2365,.T.);
#2361 = VERTEX_POINT('',#2362);
#2362 = CARTESIAN_POINT('',(0.116396298045,-0.83506405721,
    1.999999955297E-02));
#2363 = VERTEX_POINT('',#2364);
#2364 = CARTESIAN_POINT('',(0.155306359021,-0.797011465746,
    1.999999955297E-02));
#2365 = B_SPLINE_CURVE_WITH_KNOTS('',3,(#2366,#2367,#2368,#2369,#2370,
    #2371,#2372,#2373,#2374,#2375,#2376,#2377,#2378,#2379,#2380,#2381,
    #2382,#2383,#2384),.UNSPECIFIED.,.F.,.F.,(4,1,1,1,1,1,1,1,1,1,1,1,1,
    1,1,1,4),(0.,7.430379644282E-02,0.144393610364,0.210499496103,
    0.273542606503,0.333824744579,0.392529672409,0.4500874546,
    0.507820611556,0.565464912777,0.623148722334,0.681297192791,
    0.740913498157,0.801855752196,0.865241237721,0.930941657047,1.),
  .UNSPECIFIED.);
#2366 = CARTESIAN_POINT('',(0.116396298045,-0.83506405721,
    1.999999955297E-02));
#2367 = CARTESIAN_POINT('',(0.116429076103,-0.833531968696,
    1.999999955297E-02));
#2368 = CARTESIAN_POINT('',(0.116492773282,-0.830554680825,
    1.999999955297E-02));
#2369 = CARTESIAN_POINT('',(0.116988394702,-0.826236580038,
    1.999999955297E-02));
#2370 = CARTESIAN_POINT('',(0.117818993206,-0.822207882525,
    1.999999955297E-02));
#2371 = CARTESIAN_POINT('',(0.118999874274,-0.818478007844,
    1.999999955297E-02));
#2372 = CARTESIAN_POINT('',(0.12050712731,-0.815032573849,
    1.999999955297E-02));
#2373 = CARTESIAN_POINT('',(0.12236311046,-0.811891321006,
    1.999999955297E-02));
#2374 = CARTESIAN_POINT('',(0.124553437165,-0.80903884933,
    1.999999955297E-02));
#2375 = CARTESIAN_POINT('',(0.127077792008,-0.80650789209,
    1.999999955297E-02));
#2376 = CARTESIAN_POINT('',(0.129874194492,-0.804282815411,
    1.999999955297E-02));
#2377 = CARTESIAN_POINT('',(0.132873893937,-0.802324638396,
    1.999999955297E-02));
#2378 = CARTESIAN_POINT('',(0.13610291189,-0.800680474361,
    1.999999955297E-02));
#2379 = CARTESIAN_POINT('',(0.139535955078,-0.799329381757,
    1.999999955297E-02));
#2380 = CARTESIAN_POINT('',(0.143184642356,-0.7982751264,
    1.999999955297E-02));
#2381 = CARTESIAN_POINT('',(0.147037779766,-0.797543366307,
    1.999999955297E-02));
#2382 = CARTESIAN_POINT('',(0.15110381385,-0.797097939329,
    1.999999955297E-02));
#2383 = CARTESIAN_POINT('',(0.1538824314,-0.797040765163,
    1.999999955297E-02));
#2384 = CARTESIAN_POINT('',(0.155306359021,-0.797011465746,
    1.999999955297E-02));
#2385 = ORIENTED_EDGE('',*,*,#2386,.T.);
#2386 = EDGE_CURVE('',#2363,#2387,#2389,.T.);
#2387 = VERTEX_POINT('',#2388);
#2388 = CARTESIAN_POINT('',(0.17005483463,-0.797011465746,
    1.999999955297E-02));
#2389 = LINE('',#2390,#2391);
#2390 = CARTESIAN_POINT('',(0.155306359021,-0.797011465746,
    1.999999955297E-02));
#2391 = VECTOR('',#2392,1.);
#2392 = DIRECTION('',(1.,0.,0.));
#2393 = ORIENTED_EDGE('',*,*,#2394,.T.);
#2394 = EDGE_CURVE('',#2387,#2395,#2397,.T.);
#2395 = VERTEX_POINT('',#2396);
#2396 = CARTESIAN_POINT('',(0.17005483463,-0.875060246234,
    1.999999955297E-02));
#2397 = LINE('',#2398,#2399);
#2398 = CARTESIAN_POINT('',(0.17005483463,-0.797011465746,
    1.999999955297E-02));
#2399 = VECTOR('',#2400,1.);
#2400 = DIRECTION('',(0.,-1.,0.));
#2401 = ORIENTED_EDGE('',*,*,#2402,.T.);
#2402 = EDGE_CURVE('',#2395,#2403,#2405,.T.);
#2403 = VERTEX_POINT('',#2404);
#2404 = CARTESIAN_POINT('',(0.155858950484,-0.875060246234,
    1.999999955297E-02));
#2405 = LINE('',#2406,#2407);
#2406 = CARTESIAN_POINT('',(0.17005483463,-0.875060246234,
    1.999999955297E-02));
#2407 = VECTOR('',#2408,1.);
#2408 = DIRECTION('',(-1.,0.,0.));
#2409 = ORIENTED_EDGE('',*,*,#2410,.T.);
#2410 = EDGE_CURVE('',#2403,#2361,#2411,.T.);
#2411 = B_SPLINE_CURVE_WITH_KNOTS('',3,(#2412,#2413,#2414,#2415,#2416,
    #2417,#2418,#2419,#2420,#2421,#2422,#2423,#2424,#2425,#2426,#2427,
    #2428,#2429,#2430),.UNSPECIFIED.,.F.,.F.,(4,1,1,1,1,1,1,1,1,1,1,1,1,
    1,1,1,4),(0.,7.082657255516E-02,0.13816903328,0.202475331534,
    0.263973754414,0.323380320598,0.381797622713,0.439390074519,
    0.496902724546,0.554662169609,0.612741878492,0.671538836391,
    0.73165572209,0.794297811614,0.859482204979,0.927681325453,1.),
  .UNSPECIFIED.);
#2412 = CARTESIAN_POINT('',(0.155858950484,-0.875060246234,
    1.999999955297E-02));
#2413 = CARTESIAN_POINT('',(0.154352193607,-0.875027675342,
    1.999999955297E-02));
#2414 = CARTESIAN_POINT('',(0.151412800472,-0.874964135791,
    1.999999955297E-02));
#2415 = CARTESIAN_POINT('',(0.147129144818,-0.87445955563,
    1.999999955297E-02));
#2416 = CARTESIAN_POINT('',(0.143097458304,-0.873649296178,
    1.999999955297E-02));
#2417 = CARTESIAN_POINT('',(0.139317207041,-0.872514246696,
    1.999999955297E-02));
#2418 = CARTESIAN_POINT('',(0.135804768343,-0.871009684625,
    1.999999955297E-02));
#2419 = CARTESIAN_POINT('',(0.13253180705,-0.869204124777,
    1.999999955297E-02));
#2420 = CARTESIAN_POINT('',(0.129520803858,-0.867055542856,
    1.999999955297E-02));
#2421 = CARTESIAN_POINT('',(0.126783964373,-0.864588036785,
    1.999999955297E-02));
#2422 = CARTESIAN_POINT('',(0.124344489984,-0.861813893713,
    1.999999955297E-02));
#2423 = CARTESIAN_POINT('',(0.122192253397,-0.858776509377,
    1.999999955297E-02));
#2424 = CARTESIAN_POINT('',(0.120404102381,-0.855454579828,
    1.999999955297E-02));
#2425 = CARTESIAN_POINT('',(0.11892335336,-0.851881050893,
    1.999999955297E-02));
#2426 = CARTESIAN_POINT('',(0.117791851477,-0.848040174883,
    1.999999955297E-02));
#2427 = CARTESIAN_POINT('',(0.116971623741,-0.843947338561,
    1.999999955297E-02));
#2428 = CARTESIAN_POINT('',(0.116497866936,-0.839591194698,
    1.999999955297E-02));
#2429 = CARTESIAN_POINT('',(0.116430809647,-0.83660231136,
    1.999999955297E-02));
#2430 = CARTESIAN_POINT('',(0.116396298045,-0.83506405721,
    1.999999955297E-02));
#2431 = PLANE('',#2432);
#2432 = AXIS2_PLACEMENT_3D('',#2433,#2434,#2435);
#2433 = CARTESIAN_POINT('',(2.54000508001E-05,1.270002540005E-04,
    1.999999955297E-02));
#2434 = DIRECTION('',(0.,0.,1.));
#2435 = DIRECTION('',(1.,0.,-0.));
#2436 = ADVANCED_FACE('',(#2437),#2451,.F.);
#2437 = FACE_BOUND('',#2438,.T.);
#2438 = EDGE_LOOP('',(#2439,#2440,#2441,#2442,#2443,#2444,#2445,#2446,
    #2447,#2448,#2449,#2450));
#2439 = ORIENTED_EDGE('',*,*,#2006,.F.);
#2440 = ORIENTED_EDGE('',*,*,#1996,.F.);
#2441 = ORIENTED_EDGE('',*,*,#2086,.F.);
#2442 = ORIENTED_EDGE('',*,*,#2078,.F.);
#2443 = ORIENTED_EDGE('',*,*,#2070,.F.);
#2444 = ORIENTED_EDGE('',*,*,#2062,.F.);
#2445 = ORIENTED_EDGE('',*,*,#2054,.F.);
#2446 = ORIENTED_EDGE('',*,*,#2046,.F.);
#2447 = ORIENTED_EDGE('',*,*,#2038,.F.);
#2448 = ORIENTED_EDGE('',*,*,#2030,.F.);
#2449 = ORIENTED_EDGE('',*,*,#2022,.F.);
#2450 = ORIENTED_EDGE('',*,*,#2014,.F.);
#2451 = PLANE('',#2452);
#2452 = AXIS2_PLACEMENT_3D('',#2453,#2454,#2455);
#2453 = CARTESIAN_POINT('',(2.54000508001E-05,1.270002540005E-04,
    1.999999955297E-02));
#2454 = DIRECTION('',(0.,0.,1.));
#2455 = DIRECTION('',(1.,0.,-0.));
#2456 = ADVANCED_FACE('',(#2457),#2515,.F.);
#2457 = FACE_BOUND('',#2458,.T.);
#2458 = EDGE_LOOP('',(#2459,#2469,#2477,#2485,#2497,#2505));
#2459 = ORIENTED_EDGE('',*,*,#2460,.T.);
#2460 = EDGE_CURVE('',#2461,#2463,#2465,.T.);
#2461 = VERTEX_POINT('',#2462);
#2462 = CARTESIAN_POINT('',(5.319126755727E-02,-0.805243173063,
    1.999999955297E-02));
#2463 = VERTEX_POINT('',#2464);
#2464 = CARTESIAN_POINT('',(6.811123706946E-02,-0.847011465746,
    1.999999955297E-02));
#2465 = LINE('',#2466,#2467);
#2466 = CARTESIAN_POINT('',(5.319126755727E-02,-0.805243173063,
    1.999999955297E-02));
#2467 = VECTOR('',#2468,1.);
#2468 = DIRECTION('',(0.336390827665,-0.941722470297,0.));
#2469 = ORIENTED_EDGE('',*,*,#2470,.T.);
#2470 = EDGE_CURVE('',#2463,#2471,#2473,.T.);
#2471 = VERTEX_POINT('',#2472);
#2472 = CARTESIAN_POINT('',(3.466992609385E-02,-0.847011465746,
    1.999999955297E-02));
#2473 = LINE('',#2474,#2475);
#2474 = CARTESIAN_POINT('',(6.811123706946E-02,-0.847011465746,
    1.999999955297E-02));
#2475 = VECTOR('',#2476,1.);
#2476 = DIRECTION('',(-1.,0.,0.));
#2477 = ORIENTED_EDGE('',*,*,#2478,.T.);
#2478 = EDGE_CURVE('',#2471,#2479,#2481,.T.);
#2479 = VERTEX_POINT('',#2480);
#2480 = CARTESIAN_POINT('',(4.972327975239E-02,-0.805243173063,
    1.999999955297E-02));
#2481 = LINE('',#2482,#2483);
#2482 = CARTESIAN_POINT('',(3.466992609385E-02,-0.847011465746,
    1.999999955297E-02));
#2483 = VECTOR('',#2484,1.);
#2484 = DIRECTION('',(0.339053795485,0.940766986967,0.));
#2485 = ORIENTED_EDGE('',*,*,#2486,.T.);
#2486 = EDGE_CURVE('',#2479,#2487,#2489,.T.);
#2487 = VERTEX_POINT('',#2488);
#2488 = CARTESIAN_POINT('',(5.126672487434E-02,-0.798230977941,
    1.999999955297E-02));
#2489 = B_SPLINE_CURVE_WITH_KNOTS('',3,(#2490,#2491,#2492,#2493,#2494,
    #2495,#2496),.UNSPECIFIED.,.F.,.F.,(4,1,1,1,4),(0.,0.174481715317,
    0.398285759128,0.673897847399,1.),.UNSPECIFIED.);
#2490 = CARTESIAN_POINT('',(4.972327975239E-02,-0.805243173063,
    1.999999955297E-02));
#2491 = CARTESIAN_POINT('',(4.984807026473E-02,-0.804844189618,
    1.999999955297E-02));
#2492 = CARTESIAN_POINT('',(5.0132926955E-02,-0.803933438459,
    1.999999955297E-02));
#2493 = CARTESIAN_POINT('',(5.050620775193E-02,-0.802361532502,
    1.999999955297E-02));
#2494 = CARTESIAN_POINT('',(5.087218614667E-02,-0.800418167304,
    1.999999955297E-02));
#2495 = CARTESIAN_POINT('',(5.11280552741E-02,-0.798999715338,
    1.999999955297E-02));
#2496 = CARTESIAN_POINT('',(5.126672487434E-02,-0.798230977941,
    1.999999955297E-02));
#2497 = ORIENTED_EDGE('',*,*,#2498,.T.);
#2498 = EDGE_CURVE('',#2487,#2499,#2501,.T.);
#2499 = VERTEX_POINT('',#2500);
#2500 = CARTESIAN_POINT('',(5.159065780117E-02,-0.798230977941,
    1.999999955297E-02));
#2501 = LINE('',#2502,#2503);
#2502 = CARTESIAN_POINT('',(5.126672487434E-02,-0.798230977941,
    1.999999955297E-02));
#2503 = VECTOR('',#2504,1.);
#2504 = DIRECTION('',(1.,0.,0.));
#2505 = ORIENTED_EDGE('',*,*,#2506,.T.);
#2506 = EDGE_CURVE('',#2499,#2461,#2507,.T.);
#2507 = B_SPLINE_CURVE_WITH_KNOTS('',3,(#2508,#2509,#2510,#2511,#2512,
    #2513,#2514),.UNSPECIFIED.,.F.,.F.,(4,1,1,1,4),(0.,0.300541113159,
    0.567747146484,0.800033613737,1.),.UNSPECIFIED.);
#2508 = CARTESIAN_POINT('',(5.159065780117E-02,-0.798230977941,
    1.999999955297E-02));
#2509 = CARTESIAN_POINT('',(5.170726604841E-02,-0.79894306717,
    1.999999955297E-02));
#2510 = CARTESIAN_POINT('',(5.192754872101E-02,-0.800288262919,
    1.999999955297E-02));
#2511 = CARTESIAN_POINT('',(5.229939754179E-02,-0.802173160664,
    1.999999955297E-02));
#2512 = CARTESIAN_POINT('',(5.27134116007E-02,-0.803802141787,
    1.999999955297E-02));
#2513 = CARTESIAN_POINT('',(5.304012516429E-02,-0.804787385263,
    1.999999955297E-02));
#2514 = CARTESIAN_POINT('',(5.319126755727E-02,-0.805243173063,
    1.999999955297E-02));
#2515 = PLANE('',#2516);
#2516 = AXIS2_PLACEMENT_3D('',#2517,#2518,#2519);
#2517 = CARTESIAN_POINT('',(2.54000508001E-05,1.270002540005E-04,
    1.999999955297E-02));
#2518 = DIRECTION('',(0.,0.,1.));
#2519 = DIRECTION('',(1.,0.,-0.));
#2520 = ADVANCED_FACE('',(#2521,#2528),#2535,.F.);
#2521 = FACE_BOUND('',#2522,.T.);
#2522 = EDGE_LOOP('',(#2523,#2524,#2525,#2526,#2527));
#2523 = ORIENTED_EDGE('',*,*,#2386,.F.);
#2524 = ORIENTED_EDGE('',*,*,#2360,.F.);
#2525 = ORIENTED_EDGE('',*,*,#2410,.F.);
#2526 = ORIENTED_EDGE('',*,*,#2402,.F.);
#2527 = ORIENTED_EDGE('',*,*,#2394,.F.);
#2528 = FACE_BOUND('',#2529,.T.);
#2529 = EDGE_LOOP('',(#2530,#2531,#2532,#2533,#2534));
#2530 = ORIENTED_EDGE('',*,*,#1948,.F.);
#2531 = ORIENTED_EDGE('',*,*,#1922,.F.);
#2532 = ORIENTED_EDGE('',*,*,#1972,.F.);
#2533 = ORIENTED_EDGE('',*,*,#1964,.F.);
#2534 = ORIENTED_EDGE('',*,*,#1956,.F.);
#2535 = PLANE('',#2536);
#2536 = AXIS2_PLACEMENT_3D('',#2537,#2538,#2539);
#2537 = CARTESIAN_POINT('',(2.54000508001E-05,1.270002540005E-04,
    1.999999955297E-02));
#2538 = DIRECTION('',(0.,0.,1.));
#2539 = DIRECTION('',(1.,0.,-0.));
#2540 = ADVANCED_FACE('',(#2541),#2596,.F.);
#2541 = FACE_BOUND('',#2542,.T.);
#2542 = EDGE_LOOP('',(#2543,#2551,#2559,#2565,#2566,#2574,#2582,#2590));
#2543 = ORIENTED_EDGE('',*,*,#2544,.F.);
#2544 = EDGE_CURVE('',#1738,#2545,#2547,.T.);
#2545 = VERTEX_POINT('',#2546);
#2546 = CARTESIAN_POINT('',(-0.999974599949,0.720127000254,
    1.999999955297E-02));
#2547 = LINE('',#2548,#2549);
#2548 = CARTESIAN_POINT('',(-0.999974599949,-0.999872999746,
    1.999999955297E-02));
#2549 = VECTOR('',#2550,1.);
#2550 = DIRECTION('',(0.,-1.,-1.020538999289E-16));
#2551 = ORIENTED_EDGE('',*,*,#2552,.F.);
#2552 = EDGE_CURVE('',#2553,#1738,#2555,.T.);
#2553 = VERTEX_POINT('',#2554);
#2554 = CARTESIAN_POINT('',(-0.999974599949,0.900127000254,
    -4.470348362318E-10));
#2555 = LINE('',#2556,#2557);
#2556 = CARTESIAN_POINT('',(-0.999974599949,0.900127000254,
    -4.470348362318E-10));
#2557 = VECTOR('',#2558,1.);
#2558 = DIRECTION('',(0.,0.,1.));
#2559 = ORIENTED_EDGE('',*,*,#2560,.F.);
#2560 = EDGE_CURVE('',#148,#2553,#2561,.T.);
#2561 = LINE('',#2562,#2563);
#2562 = CARTESIAN_POINT('',(-0.999974599949,0.700127000254,
    -4.470348362318E-10));
#2563 = VECTOR('',#2564,1.);
#2564 = DIRECTION('',(0.,1.,0.));
#2565 = ORIENTED_EDGE('',*,*,#147,.T.);
#2566 = ORIENTED_EDGE('',*,*,#2567,.F.);
#2567 = EDGE_CURVE('',#2568,#150,#2570,.T.);
#2568 = VERTEX_POINT('',#2569);
#2569 = CARTESIAN_POINT('',(-0.999974599949,0.900127000254,
    0.319999999553));
#2570 = LINE('',#2571,#2572);
#2571 = CARTESIAN_POINT('',(-0.999974599949,1.270002540005E-04,
    0.319999999553));
#2572 = VECTOR('',#2573,1.);
#2573 = DIRECTION('',(0.,-1.,0.));
#2574 = ORIENTED_EDGE('',*,*,#2575,.T.);
#2575 = EDGE_CURVE('',#2568,#2576,#2578,.T.);
#2576 = VERTEX_POINT('',#2577);
#2577 = CARTESIAN_POINT('',(-0.999974599949,0.900127000254,
    0.299999999553));
#2578 = LINE('',#2579,#2580);
#2579 = CARTESIAN_POINT('',(-0.999974599949,0.900127000254,
    0.319999999553));
#2580 = VECTOR('',#2581,1.);
#2581 = DIRECTION('',(-0.,-0.,-1.));
#2582 = ORIENTED_EDGE('',*,*,#2583,.F.);
#2583 = EDGE_CURVE('',#2584,#2576,#2586,.T.);
#2584 = VERTEX_POINT('',#2585);
#2585 = CARTESIAN_POINT('',(-0.999974599949,0.720127000254,
    0.299999999553));
#2586 = LINE('',#2587,#2588);
#2587 = CARTESIAN_POINT('',(-0.999974599949,-0.999872999746,
    0.299999999553));
#2588 = VECTOR('',#2589,1.);
#2589 = DIRECTION('',(0.,1.,0.));
#2590 = ORIENTED_EDGE('',*,*,#2591,.F.);
#2591 = EDGE_CURVE('',#2545,#2584,#2592,.T.);
#2592 = LINE('',#2593,#2594);
#2593 = CARTESIAN_POINT('',(-0.999974599949,0.720127000254,
    0.299999999553));
#2594 = VECTOR('',#2595,1.);
#2595 = DIRECTION('',(0.,0.,1.));
#2596 = PLANE('',#2597);
#2597 = AXIS2_PLACEMENT_3D('',#2598,#2599,#2600);
#2598 = CARTESIAN_POINT('',(-0.999974599949,-0.999872999746,
    0.299999999553));
#2599 = DIRECTION('',(1.,0.,0.));
#2600 = DIRECTION('',(0.,0.,-1.));
#2601 = ADVANCED_FACE('',(#2602),#2666,.F.);
#2602 = FACE_BOUND('',#2603,.T.);
#2603 = EDGE_LOOP('',(#2604,#2612,#2620,#2628,#2636,#2644,#2652,#2660));
#2604 = ORIENTED_EDGE('',*,*,#2605,.F.);
#2605 = EDGE_CURVE('',#2606,#1762,#2608,.T.);
#2606 = VERTEX_POINT('',#2607);
#2607 = CARTESIAN_POINT('',(1.000025400051,0.720127000254,
    1.999999955297E-02));
#2608 = LINE('',#2609,#2610);
#2609 = CARTESIAN_POINT('',(1.000025400051,-0.999872999746,
    1.999999955297E-02));
#2610 = VECTOR('',#2611,1.);
#2611 = DIRECTION('',(0.,1.,1.020538999289E-16));
#2612 = ORIENTED_EDGE('',*,*,#2613,.F.);
#2613 = EDGE_CURVE('',#2614,#2606,#2616,.T.);
#2614 = VERTEX_POINT('',#2615);
#2615 = CARTESIAN_POINT('',(1.000025400051,0.720127000254,0.299999999553
    ));
#2616 = LINE('',#2617,#2618);
#2617 = CARTESIAN_POINT('',(1.000025400051,0.720127000254,0.299999999553
    ));
#2618 = VECTOR('',#2619,1.);
#2619 = DIRECTION('',(0.,0.,-1.));
#2620 = ORIENTED_EDGE('',*,*,#2621,.F.);
#2621 = EDGE_CURVE('',#2622,#2614,#2624,.T.);
#2622 = VERTEX_POINT('',#2623);
#2623 = CARTESIAN_POINT('',(1.000025400051,0.900127000254,0.299999999553
    ));
#2624 = LINE('',#2625,#2626);
#2625 = CARTESIAN_POINT('',(1.000025400051,-0.999872999746,
    0.299999999553));
#2626 = VECTOR('',#2627,1.);
#2627 = DIRECTION('',(0.,-1.,0.));
#2628 = ORIENTED_EDGE('',*,*,#2629,.F.);
#2629 = EDGE_CURVE('',#2630,#2622,#2632,.T.);
#2630 = VERTEX_POINT('',#2631);
#2631 = CARTESIAN_POINT('',(1.000025400051,0.900127000254,0.319999999553
    ));
#2632 = LINE('',#2633,#2634);
#2633 = CARTESIAN_POINT('',(1.000025400051,0.900127000254,0.319999999553
    ));
#2634 = VECTOR('',#2635,1.);
#2635 = DIRECTION('',(-0.,-0.,-1.));
#2636 = ORIENTED_EDGE('',*,*,#2637,.F.);
#2637 = EDGE_CURVE('',#2638,#2630,#2640,.T.);
#2638 = VERTEX_POINT('',#2639);
#2639 = CARTESIAN_POINT('',(1.000025400051,0.700127000254,0.319999999553
    ));
#2640 = LINE('',#2641,#2642);
#2641 = CARTESIAN_POINT('',(1.000025400051,1.270002540005E-04,
    0.319999999553));
#2642 = VECTOR('',#2643,1.);
#2643 = DIRECTION('',(0.,1.,0.));
#2644 = ORIENTED_EDGE('',*,*,#2645,.T.);
#2645 = EDGE_CURVE('',#2638,#2646,#2648,.T.);
#2646 = VERTEX_POINT('',#2647);
#2647 = CARTESIAN_POINT('',(1.000025400051,0.700127000254,
    -4.470348362318E-10));
#2648 = LINE('',#2649,#2650);
#2649 = CARTESIAN_POINT('',(1.000025400051,0.700127000254,
    -9.700000000447));
#2650 = VECTOR('',#2651,1.);
#2651 = DIRECTION('',(0.,0.,-1.));
#2652 = ORIENTED_EDGE('',*,*,#2653,.F.);
#2653 = EDGE_CURVE('',#2654,#2646,#2656,.T.);
#2654 = VERTEX_POINT('',#2655);
#2655 = CARTESIAN_POINT('',(1.000025400051,0.900127000254,
    -4.470348362318E-10));
#2656 = LINE('',#2657,#2658);
#2657 = CARTESIAN_POINT('',(1.000025400051,0.700127000254,
    -4.470348362318E-10));
#2658 = VECTOR('',#2659,1.);
#2659 = DIRECTION('',(-0.,-1.,-0.));
#2660 = ORIENTED_EDGE('',*,*,#2661,.T.);
#2661 = EDGE_CURVE('',#2654,#1762,#2662,.T.);
#2662 = LINE('',#2663,#2664);
#2663 = CARTESIAN_POINT('',(1.000025400051,0.900127000254,
    -4.470348362318E-10));
#2664 = VECTOR('',#2665,1.);
#2665 = DIRECTION('',(0.,0.,1.));
#2666 = PLANE('',#2667);
#2667 = AXIS2_PLACEMENT_3D('',#2668,#2669,#2670);
#2668 = CARTESIAN_POINT('',(1.000025400051,-0.999872999746,
    0.299999999553));
#2669 = DIRECTION('',(-1.,0.,0.));
#2670 = DIRECTION('',(0.,0.,1.));
#2671 = ADVANCED_FACE('',(#2672),#2704,.F.);
#2672 = FACE_BOUND('',#2673,.T.);
#2673 = EDGE_LOOP('',(#2674,#2682,#2688,#2689,#2690,#2698));
#2674 = ORIENTED_EDGE('',*,*,#2675,.F.);
#2675 = EDGE_CURVE('',#41,#2676,#2678,.T.);
#2676 = VERTEX_POINT('',#2677);
#2677 = CARTESIAN_POINT('',(1.000025400051,-0.719872999746,
    0.299999999553));
#2678 = LINE('',#2679,#2680);
#2679 = CARTESIAN_POINT('',(1.000025400051,-0.999872999746,
    0.299999999553));
#2680 = VECTOR('',#2681,1.);
#2681 = DIRECTION('',(0.,1.,0.));
#2682 = ORIENTED_EDGE('',*,*,#2683,.F.);
#2683 = EDGE_CURVE('',#673,#41,#2684,.T.);
#2684 = LINE('',#2685,#2686);
#2685 = CARTESIAN_POINT('',(1.000025400051,-0.999872999746,
    0.299999999553));
#2686 = VECTOR('',#2687,1.);
#2687 = DIRECTION('',(0.,1.,0.));
#2688 = ORIENTED_EDGE('',*,*,#672,.T.);
#2689 = ORIENTED_EDGE('',*,*,#1825,.T.);
#2690 = ORIENTED_EDGE('',*,*,#2691,.F.);
#2691 = EDGE_CURVE('',#2692,#1818,#2694,.T.);
#2692 = VERTEX_POINT('',#2693);
#2693 = CARTESIAN_POINT('',(1.000025400051,-0.719872999746,
    1.999999955297E-02));
#2694 = LINE('',#2695,#2696);
#2695 = CARTESIAN_POINT('',(1.000025400051,-0.999872999746,
    1.999999955297E-02));
#2696 = VECTOR('',#2697,1.);
#2697 = DIRECTION('',(0.,-1.,1.020538999289E-16));
#2698 = ORIENTED_EDGE('',*,*,#2699,.F.);
#2699 = EDGE_CURVE('',#2676,#2692,#2700,.T.);
#2700 = LINE('',#2701,#2702);
#2701 = CARTESIAN_POINT('',(1.000025400051,-0.719872999746,
    0.299999999553));
#2702 = VECTOR('',#2703,1.);
#2703 = DIRECTION('',(0.,0.,-1.));
#2704 = PLANE('',#2705);
#2705 = AXIS2_PLACEMENT_3D('',#2706,#2707,#2708);
#2706 = CARTESIAN_POINT('',(1.000025400051,-0.999872999746,
    0.299999999553));
#2707 = DIRECTION('',(-1.,0.,0.));
#2708 = DIRECTION('',(0.,0.,1.));
#2709 = ADVANCED_FACE('',(#2710),#2744,.F.);
#2710 = FACE_BOUND('',#2711,.T.);
#2711 = EDGE_LOOP('',(#2712,#2722,#2730,#2736,#2737,#2738));
#2712 = ORIENTED_EDGE('',*,*,#2713,.F.);
#2713 = EDGE_CURVE('',#2714,#2716,#2718,.T.);
#2714 = VERTEX_POINT('',#2715);
#2715 = CARTESIAN_POINT('',(-0.999974599949,-0.719872999746,
    0.299999999553));
#2716 = VERTEX_POINT('',#2717);
#2717 = CARTESIAN_POINT('',(-0.999974599949,-0.899872999746,
    0.299999999553));
#2718 = LINE('',#2719,#2720);
#2719 = CARTESIAN_POINT('',(-0.999974599949,-0.999872999746,
    0.299999999553));
#2720 = VECTOR('',#2721,1.);
#2721 = DIRECTION('',(0.,-1.,0.));
#2722 = ORIENTED_EDGE('',*,*,#2723,.F.);
#2723 = EDGE_CURVE('',#2724,#2714,#2726,.T.);
#2724 = VERTEX_POINT('',#2725);
#2725 = CARTESIAN_POINT('',(-0.999974599949,-0.719872999746,
    1.999999955297E-02));
#2726 = LINE('',#2727,#2728);
#2727 = CARTESIAN_POINT('',(-0.999974599949,-0.719872999746,
    0.299999999553));
#2728 = VECTOR('',#2729,1.);
#2729 = DIRECTION('',(0.,0.,1.));
#2730 = ORIENTED_EDGE('',*,*,#2731,.F.);
#2731 = EDGE_CURVE('',#1833,#2724,#2732,.T.);
#2732 = LINE('',#2733,#2734);
#2733 = CARTESIAN_POINT('',(-0.999974599949,-0.999872999746,
    1.999999955297E-02));
#2734 = VECTOR('',#2735,1.);
#2735 = DIRECTION('',(0.,1.,-1.020538999289E-16));
#2736 = ORIENTED_EDGE('',*,*,#1832,.T.);
#2737 = ORIENTED_EDGE('',*,*,#704,.F.);
#2738 = ORIENTED_EDGE('',*,*,#2739,.F.);
#2739 = EDGE_CURVE('',#2716,#697,#2740,.T.);
#2740 = LINE('',#2741,#2742);
#2741 = CARTESIAN_POINT('',(-0.999974599949,-0.999872999746,
    0.299999999553));
#2742 = VECTOR('',#2743,1.);
#2743 = DIRECTION('',(-0.,-1.,-0.));
#2744 = PLANE('',#2745);
#2745 = AXIS2_PLACEMENT_3D('',#2746,#2747,#2748);
#2746 = CARTESIAN_POINT('',(-0.999974599949,-0.999872999746,
    0.299999999553));
#2747 = DIRECTION('',(1.,0.,0.));
#2748 = DIRECTION('',(0.,0.,-1.));
#2749 = ADVANCED_FACE('',(#2750),#2805,.F.);
#2750 = FACE_BOUND('',#2751,.T.);
#2751 = EDGE_LOOP('',(#2752,#2762,#2770,#2776,#2784,#2790,#2791,#2799));
#2752 = ORIENTED_EDGE('',*,*,#2753,.F.);
#2753 = EDGE_CURVE('',#2754,#2756,#2758,.T.);
#2754 = VERTEX_POINT('',#2755);
#2755 = CARTESIAN_POINT('',(-0.999974599949,-0.379872999746,
    0.299999999553));
#2756 = VERTEX_POINT('',#2757);
#2757 = CARTESIAN_POINT('',(-0.999974599949,-0.199872999746,
    0.299999999553));
#2758 = LINE('',#2759,#2760);
#2759 = CARTESIAN_POINT('',(-0.999974599949,-0.999872999746,
    0.299999999553));
#2760 = VECTOR('',#2761,1.);
#2761 = DIRECTION('',(0.,1.,0.));
#2762 = ORIENTED_EDGE('',*,*,#2763,.F.);
#2763 = EDGE_CURVE('',#2764,#2754,#2766,.T.);
#2764 = VERTEX_POINT('',#2765);
#2765 = CARTESIAN_POINT('',(-0.999974599949,-0.379872999746,
    1.999999955297E-02));
#2766 = LINE('',#2767,#2768);
#2767 = CARTESIAN_POINT('',(-0.999974599949,-0.379872999746,
    0.299999999553));
#2768 = VECTOR('',#2769,1.);
#2769 = DIRECTION('',(0.,0.,1.));
#2770 = ORIENTED_EDGE('',*,*,#2771,.F.);
#2771 = EDGE_CURVE('',#1704,#2764,#2772,.T.);
#2772 = LINE('',#2773,#2774);
#2773 = CARTESIAN_POINT('',(-0.999974599949,-0.999872999746,
    1.999999955297E-02));
#2774 = VECTOR('',#2775,1.);
#2775 = DIRECTION('',(0.,-1.,0.));
#2776 = ORIENTED_EDGE('',*,*,#2777,.F.);
#2777 = EDGE_CURVE('',#2778,#1704,#2780,.T.);
#2778 = VERTEX_POINT('',#2779);
#2779 = CARTESIAN_POINT('',(-0.999974599949,-0.199872999746,
    -4.470348362318E-10));
#2780 = LINE('',#2781,#2782);
#2781 = CARTESIAN_POINT('',(-0.999974599949,-0.199872999746,
    -4.470348362318E-10));
#2782 = VECTOR('',#2783,1.);
#2783 = DIRECTION('',(0.,0.,1.));
#2784 = ORIENTED_EDGE('',*,*,#2785,.F.);
#2785 = EDGE_CURVE('',#106,#2778,#2786,.T.);
#2786 = LINE('',#2787,#2788);
#2787 = CARTESIAN_POINT('',(-0.999974599949,-0.199872999746,
    -4.470348362318E-10));
#2788 = VECTOR('',#2789,1.);
#2789 = DIRECTION('',(0.,1.,0.));
#2790 = ORIENTED_EDGE('',*,*,#105,.T.);
#2791 = ORIENTED_EDGE('',*,*,#2792,.F.);
#2792 = EDGE_CURVE('',#2793,#108,#2795,.T.);
#2793 = VERTEX_POINT('',#2794);
#2794 = CARTESIAN_POINT('',(-0.999974599949,-0.199872999746,
    0.319999999553));
#2795 = LINE('',#2796,#2797);
#2796 = CARTESIAN_POINT('',(-0.999974599949,1.270002540005E-04,
    0.319999999553));
#2797 = VECTOR('',#2798,1.);
#2798 = DIRECTION('',(0.,-1.,0.));
#2799 = ORIENTED_EDGE('',*,*,#2800,.T.);
#2800 = EDGE_CURVE('',#2793,#2756,#2801,.T.);
#2801 = LINE('',#2802,#2803);
#2802 = CARTESIAN_POINT('',(-0.999974599949,-0.199872999746,
    0.319999999553));
#2803 = VECTOR('',#2804,1.);
#2804 = DIRECTION('',(-0.,-0.,-1.));
#2805 = PLANE('',#2806);
#2806 = AXIS2_PLACEMENT_3D('',#2807,#2808,#2809);
#2807 = CARTESIAN_POINT('',(-0.999974599949,-0.999872999746,
    0.299999999553));
#2808 = DIRECTION('',(1.,0.,0.));
#2809 = DIRECTION('',(0.,0.,-1.));
#2810 = ADVANCED_FACE('',(#2811),#2875,.F.);
#2811 = FACE_BOUND('',#2812,.T.);
#2812 = EDGE_LOOP('',(#2813,#2821,#2829,#2837,#2845,#2853,#2861,#2869));
#2813 = ORIENTED_EDGE('',*,*,#2814,.F.);
#2814 = EDGE_CURVE('',#2815,#1714,#2817,.T.);
#2815 = VERTEX_POINT('',#2816);
#2816 = CARTESIAN_POINT('',(-0.999974599949,0.380127000254,
    1.999999955297E-02));
#2817 = LINE('',#2818,#2819);
#2818 = CARTESIAN_POINT('',(-0.999974599949,-0.999872999746,
    1.999999955297E-02));
#2819 = VECTOR('',#2820,1.);
#2820 = DIRECTION('',(0.,-1.,0.));
#2821 = ORIENTED_EDGE('',*,*,#2822,.F.);
#2822 = EDGE_CURVE('',#2823,#2815,#2825,.T.);
#2823 = VERTEX_POINT('',#2824);
#2824 = CARTESIAN_POINT('',(-0.999974599949,0.380127000254,
    0.299999999553));
#2825 = LINE('',#2826,#2827);
#2826 = CARTESIAN_POINT('',(-0.999974599949,0.380127000254,
    0.299999999553));
#2827 = VECTOR('',#2828,1.);
#2828 = DIRECTION('',(0.,0.,-1.));
#2829 = ORIENTED_EDGE('',*,*,#2830,.F.);
#2830 = EDGE_CURVE('',#2831,#2823,#2833,.T.);
#2831 = VERTEX_POINT('',#2832);
#2832 = CARTESIAN_POINT('',(-0.999974599949,0.200127000254,
    0.299999999553));
#2833 = LINE('',#2834,#2835);
#2834 = CARTESIAN_POINT('',(-0.999974599949,-0.999872999746,
    0.299999999553));
#2835 = VECTOR('',#2836,1.);
#2836 = DIRECTION('',(0.,1.,3.011672701349E-16));
#2837 = ORIENTED_EDGE('',*,*,#2838,.F.);
#2838 = EDGE_CURVE('',#2839,#2831,#2841,.T.);
#2839 = VERTEX_POINT('',#2840);
#2840 = CARTESIAN_POINT('',(-0.999974599949,0.200127000254,
    0.319999999553));
#2841 = LINE('',#2842,#2843);
#2842 = CARTESIAN_POINT('',(-0.999974599949,0.200127000254,
    0.319999999553));
#2843 = VECTOR('',#2844,1.);
#2844 = DIRECTION('',(-0.,-0.,-1.));
#2845 = ORIENTED_EDGE('',*,*,#2846,.F.);
#2846 = EDGE_CURVE('',#2847,#2839,#2849,.T.);
#2847 = VERTEX_POINT('',#2848);
#2848 = CARTESIAN_POINT('',(-0.999974599949,0.400127000254,
    0.319999999553));
#2849 = LINE('',#2850,#2851);
#2850 = CARTESIAN_POINT('',(-0.999974599949,1.270002540005E-04,
    0.319999999553));
#2851 = VECTOR('',#2852,1.);
#2852 = DIRECTION('',(0.,-1.,0.));
#2853 = ORIENTED_EDGE('',*,*,#2854,.T.);
#2854 = EDGE_CURVE('',#2847,#2855,#2857,.T.);
#2855 = VERTEX_POINT('',#2856);
#2856 = CARTESIAN_POINT('',(-0.999974599949,0.400127000254,
    -4.470348362318E-10));
#2857 = LINE('',#2858,#2859);
#2858 = CARTESIAN_POINT('',(-0.999974599949,0.400127000254,
    -9.700000000447));
#2859 = VECTOR('',#2860,1.);
#2860 = DIRECTION('',(0.,0.,-1.));
#2861 = ORIENTED_EDGE('',*,*,#2862,.F.);
#2862 = EDGE_CURVE('',#2863,#2855,#2865,.T.);
#2863 = VERTEX_POINT('',#2864);
#2864 = CARTESIAN_POINT('',(-0.999974599949,0.200127000254,
    -4.470348362318E-10));
#2865 = LINE('',#2866,#2867);
#2866 = CARTESIAN_POINT('',(-0.999974599949,0.200127000254,
    -4.470348362318E-10));
#2867 = VECTOR('',#2868,1.);
#2868 = DIRECTION('',(0.,1.,0.));
#2869 = ORIENTED_EDGE('',*,*,#2870,.T.);
#2870 = EDGE_CURVE('',#2863,#1714,#2871,.T.);
#2871 = LINE('',#2872,#2873);
#2872 = CARTESIAN_POINT('',(-0.999974599949,0.200127000254,
    -4.470348362318E-10));
#2873 = VECTOR('',#2874,1.);
#2874 = DIRECTION('',(0.,0.,1.));
#2875 = PLANE('',#2876);
#2876 = AXIS2_PLACEMENT_3D('',#2877,#2878,#2879);
#2877 = CARTESIAN_POINT('',(-0.999974599949,-0.999872999746,
    0.299999999553));
#2878 = DIRECTION('',(1.,0.,0.));
#2879 = DIRECTION('',(0.,0.,-1.));
#2880 = ADVANCED_FACE('',(#2881),#2945,.F.);
#2881 = FACE_BOUND('',#2882,.T.);
#2882 = EDGE_LOOP('',(#2883,#2893,#2901,#2909,#2917,#2925,#2931,#2939));
#2883 = ORIENTED_EDGE('',*,*,#2884,.F.);
#2884 = EDGE_CURVE('',#2885,#2887,#2889,.T.);
#2885 = VERTEX_POINT('',#2886);
#2886 = CARTESIAN_POINT('',(1.000025400051,-0.199872999746,
    0.299999999553));
#2887 = VERTEX_POINT('',#2888);
#2888 = CARTESIAN_POINT('',(1.000025400051,-0.379872999746,
    0.299999999553));
#2889 = LINE('',#2890,#2891);
#2890 = CARTESIAN_POINT('',(1.000025400051,-0.999872999746,
    0.299999999553));
#2891 = VECTOR('',#2892,1.);
#2892 = DIRECTION('',(0.,-1.,0.));
#2893 = ORIENTED_EDGE('',*,*,#2894,.F.);
#2894 = EDGE_CURVE('',#2895,#2885,#2897,.T.);
#2895 = VERTEX_POINT('',#2896);
#2896 = CARTESIAN_POINT('',(1.000025400051,-0.199872999746,
    0.319999999553));
#2897 = LINE('',#2898,#2899);
#2898 = CARTESIAN_POINT('',(1.000025400051,-0.199872999746,
    0.319999999553));
#2899 = VECTOR('',#2900,1.);
#2900 = DIRECTION('',(-0.,-0.,-1.));
#2901 = ORIENTED_EDGE('',*,*,#2902,.T.);
#2902 = EDGE_CURVE('',#2895,#2903,#2905,.T.);
#2903 = VERTEX_POINT('',#2904);
#2904 = CARTESIAN_POINT('',(1.000025400051,-0.399872999746,
    0.319999999553));
#2905 = LINE('',#2906,#2907);
#2906 = CARTESIAN_POINT('',(1.000025400051,1.270002540005E-04,
    0.319999999553));
#2907 = VECTOR('',#2908,1.);
#2908 = DIRECTION('',(0.,-1.,0.));
#2909 = ORIENTED_EDGE('',*,*,#2910,.T.);
#2910 = EDGE_CURVE('',#2903,#2911,#2913,.T.);
#2911 = VERTEX_POINT('',#2912);
#2912 = CARTESIAN_POINT('',(1.000025400051,-0.399872999746,
    -4.470348362318E-10));
#2913 = LINE('',#2914,#2915);
#2914 = CARTESIAN_POINT('',(1.000025400051,-0.399872999746,
    -9.700000000447));
#2915 = VECTOR('',#2916,1.);
#2916 = DIRECTION('',(0.,0.,-1.));
#2917 = ORIENTED_EDGE('',*,*,#2918,.F.);
#2918 = EDGE_CURVE('',#2919,#2911,#2921,.T.);
#2919 = VERTEX_POINT('',#2920);
#2920 = CARTESIAN_POINT('',(1.000025400051,-0.199872999746,
    -4.470348362318E-10));
#2921 = LINE('',#2922,#2923);
#2922 = CARTESIAN_POINT('',(1.000025400051,-0.199872999746,
    -4.470348362318E-10));
#2923 = VECTOR('',#2924,1.);
#2924 = DIRECTION('',(0.,-1.,0.));
#2925 = ORIENTED_EDGE('',*,*,#2926,.T.);
#2926 = EDGE_CURVE('',#2919,#1794,#2927,.T.);
#2927 = LINE('',#2928,#2929);
#2928 = CARTESIAN_POINT('',(1.000025400051,-0.199872999746,
    -4.470348362318E-10));
#2929 = VECTOR('',#2930,1.);
#2930 = DIRECTION('',(0.,0.,1.));
#2931 = ORIENTED_EDGE('',*,*,#2932,.F.);
#2932 = EDGE_CURVE('',#2933,#1794,#2935,.T.);
#2933 = VERTEX_POINT('',#2934);
#2934 = CARTESIAN_POINT('',(1.000025400051,-0.379872999746,
    1.999999955297E-02));
#2935 = LINE('',#2936,#2937);
#2936 = CARTESIAN_POINT('',(1.000025400051,-0.999872999746,
    1.999999955297E-02));
#2937 = VECTOR('',#2938,1.);
#2938 = DIRECTION('',(0.,1.,0.));
#2939 = ORIENTED_EDGE('',*,*,#2940,.F.);
#2940 = EDGE_CURVE('',#2887,#2933,#2941,.T.);
#2941 = LINE('',#2942,#2943);
#2942 = CARTESIAN_POINT('',(1.000025400051,-0.379872999746,
    0.299999999553));
#2943 = VECTOR('',#2944,1.);
#2944 = DIRECTION('',(0.,0.,-1.));
#2945 = PLANE('',#2946);
#2946 = AXIS2_PLACEMENT_3D('',#2947,#2948,#2949);
#2947 = CARTESIAN_POINT('',(1.000025400051,-0.999872999746,
    0.299999999553));
#2948 = DIRECTION('',(-1.,0.,0.));
#2949 = DIRECTION('',(0.,0.,1.));
#2950 = ADVANCED_FACE('',(#2951),#3006,.F.);
#2951 = FACE_BOUND('',#2952,.T.);
#2952 = EDGE_LOOP('',(#2953,#2961,#2969,#2977,#2985,#2991,#2992,#3000));
#2953 = ORIENTED_EDGE('',*,*,#2954,.F.);
#2954 = EDGE_CURVE('',#1786,#2955,#2957,.T.);
#2955 = VERTEX_POINT('',#2956);
#2956 = CARTESIAN_POINT('',(1.000025400051,0.380127000254,
    1.999999955297E-02));
#2957 = LINE('',#2958,#2959);
#2958 = CARTESIAN_POINT('',(1.000025400051,-0.999872999746,
    1.999999955297E-02));
#2959 = VECTOR('',#2960,1.);
#2960 = DIRECTION('',(0.,1.,0.));
#2961 = ORIENTED_EDGE('',*,*,#2962,.F.);
#2962 = EDGE_CURVE('',#2963,#1786,#2965,.T.);
#2963 = VERTEX_POINT('',#2964);
#2964 = CARTESIAN_POINT('',(1.000025400051,0.200127000254,
    -4.470348362318E-10));
#2965 = LINE('',#2966,#2967);
#2966 = CARTESIAN_POINT('',(1.000025400051,0.200127000254,
    -4.470348362318E-10));
#2967 = VECTOR('',#2968,1.);
#2968 = DIRECTION('',(0.,0.,1.));
#2969 = ORIENTED_EDGE('',*,*,#2970,.F.);
#2970 = EDGE_CURVE('',#2971,#2963,#2973,.T.);
#2971 = VERTEX_POINT('',#2972);
#2972 = CARTESIAN_POINT('',(1.000025400051,0.400127000254,
    -4.470348362318E-10));
#2973 = LINE('',#2974,#2975);
#2974 = CARTESIAN_POINT('',(1.000025400051,0.200127000254,
    -4.470348362318E-10));
#2975 = VECTOR('',#2976,1.);
#2976 = DIRECTION('',(-0.,-1.,-0.));
#2977 = ORIENTED_EDGE('',*,*,#2978,.T.);
#2978 = EDGE_CURVE('',#2971,#2979,#2981,.T.);
#2979 = VERTEX_POINT('',#2980);
#2980 = CARTESIAN_POINT('',(1.000025400051,0.400127000254,0.319999999553
    ));
#2981 = LINE('',#2982,#2983);
#2982 = CARTESIAN_POINT('',(1.000025400051,0.400127000254,
    -9.700000000447));
#2983 = VECTOR('',#2984,1.);
#2984 = DIRECTION('',(0.,0.,1.));
#2985 = ORIENTED_EDGE('',*,*,#2986,.F.);
#2986 = EDGE_CURVE('',#64,#2979,#2987,.T.);
#2987 = LINE('',#2988,#2989);
#2988 = CARTESIAN_POINT('',(1.000025400051,1.270002540005E-04,
    0.319999999553));
#2989 = VECTOR('',#2990,1.);
#2990 = DIRECTION('',(0.,1.,0.));
#2991 = ORIENTED_EDGE('',*,*,#91,.T.);
#2992 = ORIENTED_EDGE('',*,*,#2993,.F.);
#2993 = EDGE_CURVE('',#2994,#83,#2996,.T.);
#2994 = VERTEX_POINT('',#2995);
#2995 = CARTESIAN_POINT('',(1.000025400051,0.380127000254,0.299999999553
    ));
#2996 = LINE('',#2997,#2998);
#2997 = CARTESIAN_POINT('',(1.000025400051,-0.999872999746,
    0.299999999553));
#2998 = VECTOR('',#2999,1.);
#2999 = DIRECTION('',(0.,-1.,-3.011672701349E-16));
#3000 = ORIENTED_EDGE('',*,*,#3001,.F.);
#3001 = EDGE_CURVE('',#2955,#2994,#3002,.T.);
#3002 = LINE('',#3003,#3004);
#3003 = CARTESIAN_POINT('',(1.000025400051,0.380127000254,0.299999999553
    ));
#3004 = VECTOR('',#3005,1.);
#3005 = DIRECTION('',(0.,0.,1.));
#3006 = PLANE('',#3007);
#3007 = AXIS2_PLACEMENT_3D('',#3008,#3009,#3010);
#3008 = CARTESIAN_POINT('',(1.000025400051,-0.999872999746,
    0.299999999553));
#3009 = DIRECTION('',(-1.,0.,0.));
#3010 = DIRECTION('',(0.,0.,1.));
#3011 = ADVANCED_FACE('',(#3012),#3060,.T.);
#3012 = FACE_BOUND('',#3013,.T.);
#3013 = EDGE_LOOP('',(#3014,#3015,#3016,#3023,#3029,#3030,#3037,#3045,
    #3053,#3059));
#3014 = ORIENTED_EDGE('',*,*,#2683,.T.);
#3015 = ORIENTED_EDGE('',*,*,#40,.F.);
#3016 = ORIENTED_EDGE('',*,*,#3017,.F.);
#3017 = EDGE_CURVE('',#2885,#33,#3018,.T.);
#3018 = CIRCLE('',#3019,0.35);
#3019 = AXIS2_PLACEMENT_3D('',#3020,#3021,#3022);
#3020 = CARTESIAN_POINT('',(1.000025400051,-0.549872999746,
    0.299999999553));
#3021 = DIRECTION('',(0.,0.,1.));
#3022 = DIRECTION('',(1.,0.,-0.));
#3023 = ORIENTED_EDGE('',*,*,#3024,.T.);
#3024 = EDGE_CURVE('',#2885,#83,#3025,.T.);
#3025 = LINE('',#3026,#3027);
#3026 = CARTESIAN_POINT('',(1.000025400051,-0.999872999746,
    0.299999999553));
#3027 = VECTOR('',#3028,1.);
#3028 = DIRECTION('',(0.,1.,0.));
#3029 = ORIENTED_EDGE('',*,*,#82,.T.);
#3030 = ORIENTED_EDGE('',*,*,#3031,.T.);
#3031 = EDGE_CURVE('',#75,#2622,#3032,.T.);
#3032 = CIRCLE('',#3033,0.35);
#3033 = AXIS2_PLACEMENT_3D('',#3034,#3035,#3036);
#3034 = CARTESIAN_POINT('',(1.000025400051,0.550127000254,0.299999999553
    ));
#3035 = DIRECTION('',(0.,0.,-1.));
#3036 = DIRECTION('',(1.,0.,0.));
#3037 = ORIENTED_EDGE('',*,*,#3038,.T.);
#3038 = EDGE_CURVE('',#2622,#3039,#3041,.T.);
#3039 = VERTEX_POINT('',#3040);
#3040 = CARTESIAN_POINT('',(1.000025400051,1.000127000254,0.299999999553
    ));
#3041 = LINE('',#3042,#3043);
#3042 = CARTESIAN_POINT('',(1.000025400051,-0.999872999746,
    0.299999999553));
#3043 = VECTOR('',#3044,1.);
#3044 = DIRECTION('',(0.,1.,0.));
#3045 = ORIENTED_EDGE('',*,*,#3046,.T.);
#3046 = EDGE_CURVE('',#3039,#3047,#3049,.T.);
#3047 = VERTEX_POINT('',#3048);
#3048 = CARTESIAN_POINT('',(0.565025400051,1.000127000254,0.299999999553
    ));
#3049 = LINE('',#3050,#3051);
#3050 = CARTESIAN_POINT('',(1.000025400051,1.000127000254,0.299999999553
    ));
#3051 = VECTOR('',#3052,1.);
#3052 = DIRECTION('',(-1.,0.,0.));
#3053 = ORIENTED_EDGE('',*,*,#3054,.F.);
#3054 = EDGE_CURVE('',#681,#3047,#3055,.T.);
#3055 = LINE('',#3056,#3057);
#3056 = CARTESIAN_POINT('',(0.565025400051,-0.999872999746,
    0.299999999553));
#3057 = VECTOR('',#3058,1.);
#3058 = DIRECTION('',(0.,1.,0.));
#3059 = ORIENTED_EDGE('',*,*,#680,.T.);
#3060 = PLANE('',#3061);
#3061 = AXIS2_PLACEMENT_3D('',#3062,#3063,#3064);
#3062 = CARTESIAN_POINT('',(2.54000508001E-05,1.270002540005E-04,
    0.299999999553));
#3063 = DIRECTION('',(0.,0.,1.));
#3064 = DIRECTION('',(1.,0.,-0.));
#3065 = ADVANCED_FACE('',(#3066),#3112,.T.);
#3066 = FACE_BOUND('',#3067,.T.);
#3067 = EDGE_LOOP('',(#3068,#3075,#3076,#3077,#3085,#3093,#3099,#3106));
#3068 = ORIENTED_EDGE('',*,*,#3069,.T.);
#3069 = EDGE_CURVE('',#2756,#2716,#3070,.T.);
#3070 = CIRCLE('',#3071,0.35);
#3071 = AXIS2_PLACEMENT_3D('',#3072,#3073,#3074);
#3072 = CARTESIAN_POINT('',(-0.999974599949,-0.549872999746,
    0.299999999553));
#3073 = DIRECTION('',(0.,0.,-1.));
#3074 = DIRECTION('',(1.,0.,0.));
#3075 = ORIENTED_EDGE('',*,*,#2739,.T.);
#3076 = ORIENTED_EDGE('',*,*,#696,.T.);
#3077 = ORIENTED_EDGE('',*,*,#3078,.F.);
#3078 = EDGE_CURVE('',#3079,#689,#3081,.T.);
#3079 = VERTEX_POINT('',#3080);
#3080 = CARTESIAN_POINT('',(-0.564974599949,1.000127000254,
    0.299999999553));
#3081 = LINE('',#3082,#3083);
#3082 = CARTESIAN_POINT('',(-0.564974599949,-0.999872999746,
    0.299999999553));
#3083 = VECTOR('',#3084,1.);
#3084 = DIRECTION('',(-0.,-1.,-0.));
#3085 = ORIENTED_EDGE('',*,*,#3086,.T.);
#3086 = EDGE_CURVE('',#3079,#3087,#3089,.T.);
#3087 = VERTEX_POINT('',#3088);
#3088 = CARTESIAN_POINT('',(-0.999974599949,1.000127000254,
    0.299999999553));
#3089 = LINE('',#3090,#3091);
#3090 = CARTESIAN_POINT('',(1.000025400051,1.000127000254,0.299999999553
    ));
#3091 = VECTOR('',#3092,1.);
#3092 = DIRECTION('',(-1.,0.,0.));
#3093 = ORIENTED_EDGE('',*,*,#3094,.T.);
#3094 = EDGE_CURVE('',#3087,#2576,#3095,.T.);
#3095 = LINE('',#3096,#3097);
#3096 = CARTESIAN_POINT('',(-0.999974599949,-0.999872999746,
    0.299999999553));
#3097 = VECTOR('',#3098,1.);
#3098 = DIRECTION('',(-0.,-1.,-0.));
#3099 = ORIENTED_EDGE('',*,*,#3100,.F.);
#3100 = EDGE_CURVE('',#2831,#2576,#3101,.T.);
#3101 = CIRCLE('',#3102,0.35);
#3102 = AXIS2_PLACEMENT_3D('',#3103,#3104,#3105);
#3103 = CARTESIAN_POINT('',(-0.999974599949,0.550127000254,
    0.299999999553));
#3104 = DIRECTION('',(0.,0.,1.));
#3105 = DIRECTION('',(1.,0.,-0.));
#3106 = ORIENTED_EDGE('',*,*,#3107,.T.);
#3107 = EDGE_CURVE('',#2831,#2756,#3108,.T.);
#3108 = LINE('',#3109,#3110);
#3109 = CARTESIAN_POINT('',(-0.999974599949,-0.999872999746,
    0.299999999553));
#3110 = VECTOR('',#3111,1.);
#3111 = DIRECTION('',(-0.,-1.,-0.));
#3112 = PLANE('',#3113);
#3113 = AXIS2_PLACEMENT_3D('',#3114,#3115,#3116);
#3114 = CARTESIAN_POINT('',(2.54000508001E-05,1.270002540005E-04,
    0.299999999553));
#3115 = DIRECTION('',(0.,0.,1.));
#3116 = DIRECTION('',(1.,0.,-0.));
#3117 = ADVANCED_FACE('',(#3118,#3126),#3136,.F.);
#3118 = FACE_BOUND('',#3119,.T.);
#3119 = EDGE_LOOP('',(#3120,#3121,#3122,#3123,#3124,#3125));
#3120 = ORIENTED_EDGE('',*,*,#2470,.F.);
#3121 = ORIENTED_EDGE('',*,*,#2460,.F.);
#3122 = ORIENTED_EDGE('',*,*,#2506,.F.);
#3123 = ORIENTED_EDGE('',*,*,#2498,.F.);
#3124 = ORIENTED_EDGE('',*,*,#2486,.F.);
#3125 = ORIENTED_EDGE('',*,*,#2478,.F.);
#3126 = FACE_BOUND('',#3127,.T.);
#3127 = EDGE_LOOP('',(#3128,#3129,#3130,#3131,#3132,#3133,#3134,#3135));
#3128 = ORIENTED_EDGE('',*,*,#1866,.F.);
#3129 = ORIENTED_EDGE('',*,*,#1856,.F.);
#3130 = ORIENTED_EDGE('',*,*,#1914,.F.);
#3131 = ORIENTED_EDGE('',*,*,#1906,.F.);
#3132 = ORIENTED_EDGE('',*,*,#1898,.F.);
#3133 = ORIENTED_EDGE('',*,*,#1890,.F.);
#3134 = ORIENTED_EDGE('',*,*,#1882,.F.);
#3135 = ORIENTED_EDGE('',*,*,#1874,.F.);
#3136 = PLANE('',#3137);
#3137 = AXIS2_PLACEMENT_3D('',#3138,#3139,#3140);
#3138 = CARTESIAN_POINT('',(2.54000508001E-05,1.270002540005E-04,
    1.999999955297E-02));
#3139 = DIRECTION('',(0.,0.,1.));
#3140 = DIRECTION('',(1.,0.,-0.));
#3141 = ADVANCED_FACE('',(#3142),#3152,.F.);
#3142 = FACE_BOUND('',#3143,.T.);
#3143 = EDGE_LOOP('',(#3144,#3145,#3146,#3147,#3148,#3149,#3150,#3151));
#3144 = ORIENTED_EDGE('',*,*,#2763,.T.);
#3145 = ORIENTED_EDGE('',*,*,#2753,.T.);
#3146 = ORIENTED_EDGE('',*,*,#3107,.F.);
#3147 = ORIENTED_EDGE('',*,*,#2830,.T.);
#3148 = ORIENTED_EDGE('',*,*,#2822,.T.);
#3149 = ORIENTED_EDGE('',*,*,#2814,.T.);
#3150 = ORIENTED_EDGE('',*,*,#1713,.T.);
#3151 = ORIENTED_EDGE('',*,*,#2771,.T.);
#3152 = PLANE('',#3153);
#3153 = AXIS2_PLACEMENT_3D('',#3154,#3155,#3156);
#3154 = CARTESIAN_POINT('',(-0.999974599949,-0.999872999746,
    0.299999999553));
#3155 = DIRECTION('',(1.,0.,0.));
#3156 = DIRECTION('',(0.,0.,-1.));
#3157 = ADVANCED_FACE('',(#3158),#3171,.F.);
#3158 = FACE_BOUND('',#3159,.T.);
#3159 = EDGE_LOOP('',(#3160,#3161,#3162,#3163,#3164,#3165));
#3160 = ORIENTED_EDGE('',*,*,#1745,.T.);
#3161 = ORIENTED_EDGE('',*,*,#2544,.T.);
#3162 = ORIENTED_EDGE('',*,*,#2591,.T.);
#3163 = ORIENTED_EDGE('',*,*,#2583,.T.);
#3164 = ORIENTED_EDGE('',*,*,#3094,.F.);
#3165 = ORIENTED_EDGE('',*,*,#3166,.T.);
#3166 = EDGE_CURVE('',#3087,#1746,#3167,.T.);
#3167 = LINE('',#3168,#3169);
#3168 = CARTESIAN_POINT('',(-0.999974599949,1.000127000254,
    0.299999999553));
#3169 = VECTOR('',#3170,1.);
#3170 = DIRECTION('',(-0.,-0.,-1.));
#3171 = PLANE('',#3172);
#3172 = AXIS2_PLACEMENT_3D('',#3173,#3174,#3175);
#3173 = CARTESIAN_POINT('',(-0.999974599949,-0.999872999746,
    0.299999999553));
#3174 = DIRECTION('',(1.,0.,0.));
#3175 = DIRECTION('',(0.,0.,-1.));
#3176 = ADVANCED_FACE('',(#3177),#3213,.F.);
#3177 = FACE_BOUND('',#3178,.T.);
#3178 = EDGE_LOOP('',(#3179,#3180,#3181,#3182,#3183,#3191,#3199,#3207));
#3179 = ORIENTED_EDGE('',*,*,#49,.T.);
#3180 = ORIENTED_EDGE('',*,*,#2675,.T.);
#3181 = ORIENTED_EDGE('',*,*,#2699,.T.);
#3182 = ORIENTED_EDGE('',*,*,#2691,.T.);
#3183 = ORIENTED_EDGE('',*,*,#3184,.F.);
#3184 = EDGE_CURVE('',#3185,#1818,#3187,.T.);
#3185 = VERTEX_POINT('',#3186);
#3186 = CARTESIAN_POINT('',(1.000025400051,-0.899872999746,
    -4.470348362318E-10));
#3187 = LINE('',#3188,#3189);
#3188 = CARTESIAN_POINT('',(1.000025400051,-0.899872999746,
    -4.470348362318E-10));
#3189 = VECTOR('',#3190,1.);
#3190 = DIRECTION('',(0.,0.,1.));
#3191 = ORIENTED_EDGE('',*,*,#3192,.F.);
#3192 = EDGE_CURVE('',#3193,#3185,#3195,.T.);
#3193 = VERTEX_POINT('',#3194);
#3194 = CARTESIAN_POINT('',(1.000025400051,-0.699872999746,
    -4.470348362318E-10));
#3195 = LINE('',#3196,#3197);
#3196 = CARTESIAN_POINT('',(1.000025400051,-0.699872999746,
    -4.470348362318E-10));
#3197 = VECTOR('',#3198,1.);
#3198 = DIRECTION('',(0.,-1.,0.));
#3199 = ORIENTED_EDGE('',*,*,#3200,.T.);
#3200 = EDGE_CURVE('',#3193,#3201,#3203,.T.);
#3201 = VERTEX_POINT('',#3202);
#3202 = CARTESIAN_POINT('',(1.000025400051,-0.699872999746,
    0.319999999553));
#3203 = LINE('',#3204,#3205);
#3204 = CARTESIAN_POINT('',(1.000025400051,-0.699872999746,
    -9.700000000447));
#3205 = VECTOR('',#3206,1.);
#3206 = DIRECTION('',(0.,0.,1.));
#3207 = ORIENTED_EDGE('',*,*,#3208,.T.);
#3208 = EDGE_CURVE('',#3201,#24,#3209,.T.);
#3209 = LINE('',#3210,#3211);
#3210 = CARTESIAN_POINT('',(1.000025400051,1.270002540005E-04,
    0.319999999553));
#3211 = VECTOR('',#3212,1.);
#3212 = DIRECTION('',(0.,-1.,0.));
#3213 = PLANE('',#3214);
#3214 = AXIS2_PLACEMENT_3D('',#3215,#3216,#3217);
#3215 = CARTESIAN_POINT('',(1.000025400051,-0.999872999746,
    0.299999999553));
#3216 = DIRECTION('',(-1.,0.,0.));
#3217 = DIRECTION('',(0.,0.,1.));
#3218 = ADVANCED_FACE('',(#3219),#3229,.F.);
#3219 = FACE_BOUND('',#3220,.T.);
#3220 = EDGE_LOOP('',(#3221,#3222,#3223,#3224,#3225,#3226,#3227,#3228));
#3221 = ORIENTED_EDGE('',*,*,#3024,.F.);
#3222 = ORIENTED_EDGE('',*,*,#2884,.T.);
#3223 = ORIENTED_EDGE('',*,*,#2940,.T.);
#3224 = ORIENTED_EDGE('',*,*,#2932,.T.);
#3225 = ORIENTED_EDGE('',*,*,#1793,.T.);
#3226 = ORIENTED_EDGE('',*,*,#2954,.T.);
#3227 = ORIENTED_EDGE('',*,*,#3001,.T.);
#3228 = ORIENTED_EDGE('',*,*,#2993,.T.);
#3229 = PLANE('',#3230);
#3230 = AXIS2_PLACEMENT_3D('',#3231,#3232,#3233);
#3231 = CARTESIAN_POINT('',(1.000025400051,-0.999872999746,
    0.299999999553));
#3232 = DIRECTION('',(-1.,0.,0.));
#3233 = DIRECTION('',(0.,0.,1.));
#3234 = ADVANCED_FACE('',(#3235),#3278,.F.);
#3235 = FACE_BOUND('',#3236,.T.);
#3236 = EDGE_LOOP('',(#3237,#3238,#3239,#3247,#3255,#3263,#3271,#3277));
#3237 = ORIENTED_EDGE('',*,*,#2723,.T.);
#3238 = ORIENTED_EDGE('',*,*,#2713,.T.);
#3239 = ORIENTED_EDGE('',*,*,#3240,.F.);
#3240 = EDGE_CURVE('',#3241,#2716,#3243,.T.);
#3241 = VERTEX_POINT('',#3242);
#3242 = CARTESIAN_POINT('',(-0.999974599949,-0.899872999746,
    0.319999999553));
#3243 = LINE('',#3244,#3245);
#3244 = CARTESIAN_POINT('',(-0.999974599949,-0.899872999746,
    0.319999999553));
#3245 = VECTOR('',#3246,1.);
#3246 = DIRECTION('',(-0.,-0.,-1.));
#3247 = ORIENTED_EDGE('',*,*,#3248,.F.);
#3248 = EDGE_CURVE('',#3249,#3241,#3251,.T.);
#3249 = VERTEX_POINT('',#3250);
#3250 = CARTESIAN_POINT('',(-0.999974599949,-0.699872999746,
    0.319999999553));
#3251 = LINE('',#3252,#3253);
#3252 = CARTESIAN_POINT('',(-0.999974599949,1.270002540005E-04,
    0.319999999553));
#3253 = VECTOR('',#3254,1.);
#3254 = DIRECTION('',(0.,-1.,0.));
#3255 = ORIENTED_EDGE('',*,*,#3256,.T.);
#3256 = EDGE_CURVE('',#3249,#3257,#3259,.T.);
#3257 = VERTEX_POINT('',#3258);
#3258 = CARTESIAN_POINT('',(-0.999974599949,-0.699872999746,
    -4.470348362318E-10));
#3259 = LINE('',#3260,#3261);
#3260 = CARTESIAN_POINT('',(-0.999974599949,-0.699872999746,
    -9.700000000447));
#3261 = VECTOR('',#3262,1.);
#3262 = DIRECTION('',(0.,0.,-1.));
#3263 = ORIENTED_EDGE('',*,*,#3264,.F.);
#3264 = EDGE_CURVE('',#3265,#3257,#3267,.T.);
#3265 = VERTEX_POINT('',#3266);
#3266 = CARTESIAN_POINT('',(-0.999974599949,-0.899872999746,
    -4.470348362318E-10));
#3267 = LINE('',#3268,#3269);
#3268 = CARTESIAN_POINT('',(-0.999974599949,-0.699872999746,
    -4.470348362318E-10));
#3269 = VECTOR('',#3270,1.);
#3270 = DIRECTION('',(0.,1.,0.));
#3271 = ORIENTED_EDGE('',*,*,#3272,.T.);
#3272 = EDGE_CURVE('',#3265,#1833,#3273,.T.);
#3273 = LINE('',#3274,#3275);
#3274 = CARTESIAN_POINT('',(-0.999974599949,-0.899872999746,
    -4.470348362318E-10));
#3275 = VECTOR('',#3276,1.);
#3276 = DIRECTION('',(0.,0.,1.));
#3277 = ORIENTED_EDGE('',*,*,#2731,.T.);
#3278 = PLANE('',#3279);
#3279 = AXIS2_PLACEMENT_3D('',#3280,#3281,#3282);
#3280 = CARTESIAN_POINT('',(-0.999974599949,-0.999872999746,
    0.299999999553));
#3281 = DIRECTION('',(1.,0.,0.));
#3282 = DIRECTION('',(0.,0.,-1.));
#3283 = ADVANCED_FACE('',(#3284),#3297,.F.);
#3284 = FACE_BOUND('',#3285,.T.);
#3285 = EDGE_LOOP('',(#3286,#3287,#3288,#3289,#3295,#3296));
#3286 = ORIENTED_EDGE('',*,*,#2613,.T.);
#3287 = ORIENTED_EDGE('',*,*,#2605,.T.);
#3288 = ORIENTED_EDGE('',*,*,#1761,.T.);
#3289 = ORIENTED_EDGE('',*,*,#3290,.F.);
#3290 = EDGE_CURVE('',#3039,#1754,#3291,.T.);
#3291 = LINE('',#3292,#3293);
#3292 = CARTESIAN_POINT('',(1.000025400051,1.000127000254,0.299999999553
    ));
#3293 = VECTOR('',#3294,1.);
#3294 = DIRECTION('',(-0.,-0.,-1.));
#3295 = ORIENTED_EDGE('',*,*,#3038,.F.);
#3296 = ORIENTED_EDGE('',*,*,#2621,.T.);
#3297 = PLANE('',#3298);
#3298 = AXIS2_PLACEMENT_3D('',#3299,#3300,#3301);
#3299 = CARTESIAN_POINT('',(1.000025400051,-0.999872999746,
    0.299999999553));
#3300 = DIRECTION('',(-1.,0.,0.));
#3301 = DIRECTION('',(0.,0.,1.));
#3302 = ADVANCED_FACE('',(#3303),#3316,.F.);
#3303 = FACE_BOUND('',#3304,.T.);
#3304 = EDGE_LOOP('',(#3305,#3306,#3307,#3308,#3314,#3315));
#3305 = ORIENTED_EDGE('',*,*,#1753,.T.);
#3306 = ORIENTED_EDGE('',*,*,#3166,.F.);
#3307 = ORIENTED_EDGE('',*,*,#3086,.F.);
#3308 = ORIENTED_EDGE('',*,*,#3309,.F.);
#3309 = EDGE_CURVE('',#3047,#3079,#3310,.T.);
#3310 = LINE('',#3311,#3312);
#3311 = CARTESIAN_POINT('',(0.565025400051,1.000127000254,0.299999999553
    ));
#3312 = VECTOR('',#3313,1.);
#3313 = DIRECTION('',(-1.,0.,0.));
#3314 = ORIENTED_EDGE('',*,*,#3046,.F.);
#3315 = ORIENTED_EDGE('',*,*,#3290,.T.);
#3316 = PLANE('',#3317);
#3317 = AXIS2_PLACEMENT_3D('',#3318,#3319,#3320);
#3318 = CARTESIAN_POINT('',(1.000025400051,1.000127000254,0.299999999553
    ));
#3319 = DIRECTION('',(0.,-1.,0.));
#3320 = DIRECTION('',(0.,0.,-1.));
#3321 = ADVANCED_FACE('',(#3322),#3340,.F.);
#3322 = FACE_BOUND('',#3323,.F.);
#3323 = EDGE_LOOP('',(#3324,#3331,#3332,#3339));
#3324 = ORIENTED_EDGE('',*,*,#3325,.T.);
#3325 = EDGE_CURVE('',#158,#2847,#3326,.T.);
#3326 = CIRCLE('',#3327,0.15);
#3327 = AXIS2_PLACEMENT_3D('',#3328,#3329,#3330);
#3328 = CARTESIAN_POINT('',(-0.999974599949,0.550127000254,
    0.319999999553));
#3329 = DIRECTION('',(0.,0.,-1.));
#3330 = DIRECTION('',(1.,0.,0.));
#3331 = ORIENTED_EDGE('',*,*,#2854,.T.);
#3332 = ORIENTED_EDGE('',*,*,#3333,.T.);
#3333 = EDGE_CURVE('',#2855,#167,#3334,.T.);
#3334 = CIRCLE('',#3335,0.15);
#3335 = AXIS2_PLACEMENT_3D('',#3336,#3337,#3338);
#3336 = CARTESIAN_POINT('',(-0.999974599949,0.550127000254,
    -4.470348362318E-10));
#3337 = DIRECTION('',(0.,0.,1.));
#3338 = DIRECTION('',(1.,0.,-0.));
#3339 = ORIENTED_EDGE('',*,*,#166,.T.);
#3340 = CYLINDRICAL_SURFACE('',#3341,0.15);
#3341 = AXIS2_PLACEMENT_3D('',#3342,#3343,#3344);
#3342 = CARTESIAN_POINT('',(-0.999974599949,0.550127000254,
    -9.700000000447));
#3343 = DIRECTION('',(0.,0.,1.));
#3344 = DIRECTION('',(1.,0.,-0.));
#3345 = ADVANCED_FACE('',(#3346),#3364,.F.);
#3346 = FACE_BOUND('',#3347,.F.);
#3347 = EDGE_LOOP('',(#3348,#3355,#3356,#3363));
#3348 = ORIENTED_EDGE('',*,*,#3349,.T.);
#3349 = EDGE_CURVE('',#2979,#2638,#3350,.T.);
#3350 = CIRCLE('',#3351,0.15);
#3351 = AXIS2_PLACEMENT_3D('',#3352,#3353,#3354);
#3352 = CARTESIAN_POINT('',(1.000025400051,0.550127000254,0.319999999553
    ));
#3353 = DIRECTION('',(0.,0.,-1.));
#3354 = DIRECTION('',(1.,0.,0.));
#3355 = ORIENTED_EDGE('',*,*,#2645,.T.);
#3356 = ORIENTED_EDGE('',*,*,#3357,.T.);
#3357 = EDGE_CURVE('',#2646,#2971,#3358,.T.);
#3358 = CIRCLE('',#3359,0.15);
#3359 = AXIS2_PLACEMENT_3D('',#3360,#3361,#3362);
#3360 = CARTESIAN_POINT('',(1.000025400051,0.550127000254,
    -4.470348362318E-10));
#3361 = DIRECTION('',(0.,0.,1.));
#3362 = DIRECTION('',(-1.,0.,0.));
#3363 = ORIENTED_EDGE('',*,*,#2978,.T.);
#3364 = CYLINDRICAL_SURFACE('',#3365,0.15);
#3365 = AXIS2_PLACEMENT_3D('',#3366,#3367,#3368);
#3366 = CARTESIAN_POINT('',(1.000025400051,0.550127000254,
    -9.700000000447));
#3367 = DIRECTION('',(0.,0.,1.));
#3368 = DIRECTION('',(1.,0.,-0.));
#3369 = ADVANCED_FACE('',(#3370),#3388,.F.);
#3370 = FACE_BOUND('',#3371,.F.);
#3371 = EDGE_LOOP('',(#3372,#3379,#3380,#3387));
#3372 = ORIENTED_EDGE('',*,*,#3373,.F.);
#3373 = EDGE_CURVE('',#2903,#3201,#3374,.T.);
#3374 = CIRCLE('',#3375,0.15);
#3375 = AXIS2_PLACEMENT_3D('',#3376,#3377,#3378);
#3376 = CARTESIAN_POINT('',(1.000025400051,-0.549872999746,
    0.319999999553));
#3377 = DIRECTION('',(0.,0.,1.));
#3378 = DIRECTION('',(1.,0.,-0.));
#3379 = ORIENTED_EDGE('',*,*,#2910,.T.);
#3380 = ORIENTED_EDGE('',*,*,#3381,.T.);
#3381 = EDGE_CURVE('',#2911,#3193,#3382,.T.);
#3382 = CIRCLE('',#3383,0.15);
#3383 = AXIS2_PLACEMENT_3D('',#3384,#3385,#3386);
#3384 = CARTESIAN_POINT('',(1.000025400051,-0.549872999746,
    -4.470348362318E-10));
#3385 = DIRECTION('',(0.,0.,1.));
#3386 = DIRECTION('',(1.,0.,-0.));
#3387 = ORIENTED_EDGE('',*,*,#3200,.T.);
#3388 = CYLINDRICAL_SURFACE('',#3389,0.15);
#3389 = AXIS2_PLACEMENT_3D('',#3390,#3391,#3392);
#3390 = CARTESIAN_POINT('',(1.000025400051,-0.549872999746,
    -9.700000000447));
#3391 = DIRECTION('',(0.,0.,1.));
#3392 = DIRECTION('',(1.,0.,-0.));
#3393 = ADVANCED_FACE('',(#3394),#3412,.F.);
#3394 = FACE_BOUND('',#3395,.F.);
#3395 = EDGE_LOOP('',(#3396,#3403,#3404,#3411));
#3396 = ORIENTED_EDGE('',*,*,#3397,.T.);
#3397 = EDGE_CURVE('',#116,#3249,#3398,.T.);
#3398 = CIRCLE('',#3399,0.15);
#3399 = AXIS2_PLACEMENT_3D('',#3400,#3401,#3402);
#3400 = CARTESIAN_POINT('',(-0.999974599949,-0.549872999746,
    0.319999999553));
#3401 = DIRECTION('',(0.,0.,-1.));
#3402 = DIRECTION('',(1.,0.,0.));
#3403 = ORIENTED_EDGE('',*,*,#3256,.T.);
#3404 = ORIENTED_EDGE('',*,*,#3405,.T.);
#3405 = EDGE_CURVE('',#3257,#125,#3406,.T.);
#3406 = CIRCLE('',#3407,0.15);
#3407 = AXIS2_PLACEMENT_3D('',#3408,#3409,#3410);
#3408 = CARTESIAN_POINT('',(-0.999974599949,-0.549872999746,
    -4.470348362318E-10));
#3409 = DIRECTION('',(0.,0.,1.));
#3410 = DIRECTION('',(-1.,0.,0.));
#3411 = ORIENTED_EDGE('',*,*,#124,.T.);
#3412 = CYLINDRICAL_SURFACE('',#3413,0.15);
#3413 = AXIS2_PLACEMENT_3D('',#3414,#3415,#3416);
#3414 = CARTESIAN_POINT('',(-0.999974599949,-0.549872999746,
    -9.700000000447));
#3415 = DIRECTION('',(0.,0.,1.));
#3416 = DIRECTION('',(1.,0.,-0.));
#3417 = ADVANCED_FACE('',(#3418),#3436,.F.);
#3418 = FACE_BOUND('',#3419,.T.);
#3419 = EDGE_LOOP('',(#3420,#3421,#3429,#3435));
#3420 = ORIENTED_EDGE('',*,*,#1785,.T.);
#3421 = ORIENTED_EDGE('',*,*,#3422,.F.);
#3422 = EDGE_CURVE('',#3423,#1778,#3425,.T.);
#3423 = VERTEX_POINT('',#3424);
#3424 = CARTESIAN_POINT('',(0.500025400051,0.200127000254,
    -4.470348362318E-10));
#3425 = LINE('',#3426,#3427);
#3426 = CARTESIAN_POINT('',(0.500025400051,0.200127000254,
    -4.470348362318E-10));
#3427 = VECTOR('',#3428,1.);
#3428 = DIRECTION('',(0.,0.,1.));
#3429 = ORIENTED_EDGE('',*,*,#3430,.F.);
#3430 = EDGE_CURVE('',#2963,#3423,#3431,.T.);
#3431 = LINE('',#3432,#3433);
#3432 = CARTESIAN_POINT('',(0.500025400051,0.200127000254,
    -4.470348362318E-10));
#3433 = VECTOR('',#3434,1.);
#3434 = DIRECTION('',(-1.,2.168404344971E-16,0.));
#3435 = ORIENTED_EDGE('',*,*,#2962,.T.);
#3436 = PLANE('',#3437);
#3437 = AXIS2_PLACEMENT_3D('',#3438,#3439,#3440);
#3438 = CARTESIAN_POINT('',(0.500025400051,0.200127000254,
    -4.470348362318E-10));
#3439 = DIRECTION('',(2.168404344971E-16,1.,0.));
#3440 = DIRECTION('',(-1.,2.168404344971E-16,0.));
#3441 = ADVANCED_FACE('',(#3442),#3460,.F.);
#3442 = FACE_BOUND('',#3443,.T.);
#3443 = EDGE_LOOP('',(#3444,#3445,#3453,#3459));
#3444 = ORIENTED_EDGE('',*,*,#1777,.T.);
#3445 = ORIENTED_EDGE('',*,*,#3446,.F.);
#3446 = EDGE_CURVE('',#3447,#1770,#3449,.T.);
#3447 = VERTEX_POINT('',#3448);
#3448 = CARTESIAN_POINT('',(0.500025400051,0.900127000254,
    -4.470348362318E-10));
#3449 = LINE('',#3450,#3451);
#3450 = CARTESIAN_POINT('',(0.500025400051,0.900127000254,
    -4.470348362318E-10));
#3451 = VECTOR('',#3452,1.);
#3452 = DIRECTION('',(0.,0.,1.));
#3453 = ORIENTED_EDGE('',*,*,#3454,.F.);
#3454 = EDGE_CURVE('',#3423,#3447,#3455,.T.);
#3455 = LINE('',#3456,#3457);
#3456 = CARTESIAN_POINT('',(0.500025400051,0.900127000254,
    -4.470348362318E-10));
#3457 = VECTOR('',#3458,1.);
#3458 = DIRECTION('',(1.548860246408E-16,1.,0.));
#3459 = ORIENTED_EDGE('',*,*,#3422,.T.);
#3460 = PLANE('',#3461);
#3461 = AXIS2_PLACEMENT_3D('',#3462,#3463,#3464);
#3462 = CARTESIAN_POINT('',(0.500025400051,0.900127000254,
    -4.470348362318E-10));
#3463 = DIRECTION('',(1.,-1.548860246408E-16,0.));
#3464 = DIRECTION('',(1.548860246408E-16,1.,0.));
#3465 = ADVANCED_FACE('',(#3466),#3477,.F.);
#3466 = FACE_BOUND('',#3467,.T.);
#3467 = EDGE_LOOP('',(#3468,#3469,#3470,#3476));
#3468 = ORIENTED_EDGE('',*,*,#1769,.T.);
#3469 = ORIENTED_EDGE('',*,*,#2661,.F.);
#3470 = ORIENTED_EDGE('',*,*,#3471,.F.);
#3471 = EDGE_CURVE('',#3447,#2654,#3472,.T.);
#3472 = LINE('',#3473,#3474);
#3473 = CARTESIAN_POINT('',(1.000025400051,0.900127000254,
    -4.470348362318E-10));
#3474 = VECTOR('',#3475,1.);
#3475 = DIRECTION('',(1.,-2.168404344971E-16,0.));
#3476 = ORIENTED_EDGE('',*,*,#3446,.T.);
#3477 = PLANE('',#3478);
#3478 = AXIS2_PLACEMENT_3D('',#3479,#3480,#3481);
#3479 = CARTESIAN_POINT('',(1.000025400051,0.900127000254,
    -4.470348362318E-10));
#3480 = DIRECTION('',(-2.168404344971E-16,-1.,0.));
#3481 = DIRECTION('',(1.,-2.168404344971E-16,0.));
#3482 = ADVANCED_FACE('',(#3483),#3491,.T.);
#3483 = FACE_BOUND('',#3484,.T.);
#3484 = EDGE_LOOP('',(#3485,#3486,#3487,#3488,#3489,#3490));
#3485 = ORIENTED_EDGE('',*,*,#3357,.T.);
#3486 = ORIENTED_EDGE('',*,*,#2970,.T.);
#3487 = ORIENTED_EDGE('',*,*,#3430,.T.);
#3488 = ORIENTED_EDGE('',*,*,#3454,.T.);
#3489 = ORIENTED_EDGE('',*,*,#3471,.T.);
#3490 = ORIENTED_EDGE('',*,*,#2653,.T.);
#3491 = PLANE('',#3492);
#3492 = AXIS2_PLACEMENT_3D('',#3493,#3494,#3495);
#3493 = CARTESIAN_POINT('',(1.000025400051,0.550127000254,
    -4.470348362318E-10));
#3494 = DIRECTION('',(0.,0.,-1.));
#3495 = DIRECTION('',(-1.,0.,0.));
#3496 = ADVANCED_FACE('',(#3497),#3515,.F.);
#3497 = FACE_BOUND('',#3498,.T.);
#3498 = EDGE_LOOP('',(#3499,#3500,#3508,#3514));
#3499 = ORIENTED_EDGE('',*,*,#1737,.T.);
#3500 = ORIENTED_EDGE('',*,*,#3501,.F.);
#3501 = EDGE_CURVE('',#3502,#1730,#3504,.T.);
#3502 = VERTEX_POINT('',#3503);
#3503 = CARTESIAN_POINT('',(-0.499974599949,0.900127000254,
    -4.470348362318E-10));
#3504 = LINE('',#3505,#3506);
#3505 = CARTESIAN_POINT('',(-0.499974599949,0.900127000254,
    -4.470348362318E-10));
#3506 = VECTOR('',#3507,1.);
#3507 = DIRECTION('',(0.,0.,1.));
#3508 = ORIENTED_EDGE('',*,*,#3509,.F.);
#3509 = EDGE_CURVE('',#2553,#3502,#3510,.T.);
#3510 = LINE('',#3511,#3512);
#3511 = CARTESIAN_POINT('',(-0.999974599949,0.900127000254,
    -4.470348362318E-10));
#3512 = VECTOR('',#3513,1.);
#3513 = DIRECTION('',(1.,2.168404344971E-16,0.));
#3514 = ORIENTED_EDGE('',*,*,#2552,.T.);
#3515 = PLANE('',#3516);
#3516 = AXIS2_PLACEMENT_3D('',#3517,#3518,#3519);
#3517 = CARTESIAN_POINT('',(-0.999974599949,0.900127000254,
    -4.470348362318E-10));
#3518 = DIRECTION('',(2.168404344971E-16,-1.,0.));
#3519 = DIRECTION('',(1.,2.168404344971E-16,0.));
#3520 = ADVANCED_FACE('',(#3521),#3539,.F.);
#3521 = FACE_BOUND('',#3522,.T.);
#3522 = EDGE_LOOP('',(#3523,#3524,#3532,#3538));
#3523 = ORIENTED_EDGE('',*,*,#1729,.T.);
#3524 = ORIENTED_EDGE('',*,*,#3525,.F.);
#3525 = EDGE_CURVE('',#3526,#1722,#3528,.T.);
#3526 = VERTEX_POINT('',#3527);
#3527 = CARTESIAN_POINT('',(-0.499974599949,0.200127000254,
    -4.470348362318E-10));
#3528 = LINE('',#3529,#3530);
#3529 = CARTESIAN_POINT('',(-0.499974599949,0.200127000254,
    -4.470348362318E-10));
#3530 = VECTOR('',#3531,1.);
#3531 = DIRECTION('',(0.,0.,1.));
#3532 = ORIENTED_EDGE('',*,*,#3533,.F.);
#3533 = EDGE_CURVE('',#3502,#3526,#3534,.T.);
#3534 = LINE('',#3535,#3536);
#3535 = CARTESIAN_POINT('',(-0.499974599949,0.900127000254,
    -4.470348362318E-10));
#3536 = VECTOR('',#3537,1.);
#3537 = DIRECTION('',(1.548860246408E-16,-1.,0.));
#3538 = ORIENTED_EDGE('',*,*,#3501,.T.);
#3539 = PLANE('',#3540);
#3540 = AXIS2_PLACEMENT_3D('',#3541,#3542,#3543);
#3541 = CARTESIAN_POINT('',(-0.499974599949,0.900127000254,
    -4.470348362318E-10));
#3542 = DIRECTION('',(-1.,-1.548860246408E-16,0.));
#3543 = DIRECTION('',(1.548860246408E-16,-1.,0.));
#3544 = ADVANCED_FACE('',(#3545),#3556,.F.);
#3545 = FACE_BOUND('',#3546,.T.);
#3546 = EDGE_LOOP('',(#3547,#3548,#3549,#3555));
#3547 = ORIENTED_EDGE('',*,*,#1721,.T.);
#3548 = ORIENTED_EDGE('',*,*,#2870,.F.);
#3549 = ORIENTED_EDGE('',*,*,#3550,.F.);
#3550 = EDGE_CURVE('',#3526,#2863,#3551,.T.);
#3551 = LINE('',#3552,#3553);
#3552 = CARTESIAN_POINT('',(-0.499974599949,0.200127000254,
    -4.470348362318E-10));
#3553 = VECTOR('',#3554,1.);
#3554 = DIRECTION('',(-1.,-2.168404344971E-16,0.));
#3555 = ORIENTED_EDGE('',*,*,#3525,.T.);
#3556 = PLANE('',#3557);
#3557 = AXIS2_PLACEMENT_3D('',#3558,#3559,#3560);
#3558 = CARTESIAN_POINT('',(-0.499974599949,0.200127000254,
    -4.470348362318E-10));
#3559 = DIRECTION('',(-2.168404344971E-16,1.,0.));
#3560 = DIRECTION('',(-1.,-2.168404344971E-16,0.));
#3561 = ADVANCED_FACE('',(#3562),#3571,.F.);
#3562 = FACE_BOUND('',#3563,.T.);
#3563 = EDGE_LOOP('',(#3564,#3565,#3566,#3567,#3568,#3569,#3570));
#3564 = ORIENTED_EDGE('',*,*,#3333,.T.);
#3565 = ORIENTED_EDGE('',*,*,#174,.T.);
#3566 = ORIENTED_EDGE('',*,*,#2560,.T.);
#3567 = ORIENTED_EDGE('',*,*,#3509,.T.);
#3568 = ORIENTED_EDGE('',*,*,#3533,.T.);
#3569 = ORIENTED_EDGE('',*,*,#3550,.T.);
#3570 = ORIENTED_EDGE('',*,*,#2862,.T.);
#3571 = PLANE('',#3572);
#3572 = AXIS2_PLACEMENT_3D('',#3573,#3574,#3575);
#3573 = CARTESIAN_POINT('',(-0.999974599949,0.550127000254,
    -4.470348362318E-10));
#3574 = DIRECTION('',(0.,0.,1.));
#3575 = DIRECTION('',(1.,0.,-0.));
#3576 = ADVANCED_FACE('',(#3577),#3602,.F.);
#3577 = FACE_BOUND('',#3578,.T.);
#3578 = EDGE_LOOP('',(#3579,#3580,#3588,#3596));
#3579 = ORIENTED_EDGE('',*,*,#1809,.T.);
#3580 = ORIENTED_EDGE('',*,*,#3581,.F.);
#3581 = EDGE_CURVE('',#3582,#1802,#3584,.T.);
#3582 = VERTEX_POINT('',#3583);
#3583 = CARTESIAN_POINT('',(0.500025400051,-0.199872999746,
    -4.470348362318E-10));
#3584 = LINE('',#3585,#3586);
#3585 = CARTESIAN_POINT('',(0.500025400051,-0.199872999746,
    -4.470348362318E-10));
#3586 = VECTOR('',#3587,1.);
#3587 = DIRECTION('',(0.,0.,1.));
#3588 = ORIENTED_EDGE('',*,*,#3589,.F.);
#3589 = EDGE_CURVE('',#3590,#3582,#3592,.T.);
#3590 = VERTEX_POINT('',#3591);
#3591 = CARTESIAN_POINT('',(0.500025400051,-0.899872999746,
    -4.470348362318E-10));
#3592 = LINE('',#3593,#3594);
#3593 = CARTESIAN_POINT('',(0.500025400051,-0.899872999746,
    -4.470348362318E-10));
#3594 = VECTOR('',#3595,1.);
#3595 = DIRECTION('',(-1.548860246408E-16,1.,0.));
#3596 = ORIENTED_EDGE('',*,*,#3597,.T.);
#3597 = EDGE_CURVE('',#3590,#1810,#3598,.T.);
#3598 = LINE('',#3599,#3600);
#3599 = CARTESIAN_POINT('',(0.500025400051,-0.899872999746,
    -4.470348362318E-10));
#3600 = VECTOR('',#3601,1.);
#3601 = DIRECTION('',(0.,0.,1.));
#3602 = PLANE('',#3603);
#3603 = AXIS2_PLACEMENT_3D('',#3604,#3605,#3606);
#3604 = CARTESIAN_POINT('',(0.500025400051,-0.899872999746,
    -4.470348362318E-10));
#3605 = DIRECTION('',(1.,1.548860246408E-16,0.));
#3606 = DIRECTION('',(-1.548860246408E-16,1.,0.));
#3607 = ADVANCED_FACE('',(#3608),#3619,.F.);
#3608 = FACE_BOUND('',#3609,.T.);
#3609 = EDGE_LOOP('',(#3610,#3611,#3612,#3618));
#3610 = ORIENTED_EDGE('',*,*,#1801,.T.);
#3611 = ORIENTED_EDGE('',*,*,#2926,.F.);
#3612 = ORIENTED_EDGE('',*,*,#3613,.F.);
#3613 = EDGE_CURVE('',#3582,#2919,#3614,.T.);
#3614 = LINE('',#3615,#3616);
#3615 = CARTESIAN_POINT('',(0.500025400051,-0.199872999746,
    -4.470348362318E-10));
#3616 = VECTOR('',#3617,1.);
#3617 = DIRECTION('',(1.,2.168404344971E-16,0.));
#3618 = ORIENTED_EDGE('',*,*,#3581,.T.);
#3619 = PLANE('',#3620);
#3620 = AXIS2_PLACEMENT_3D('',#3621,#3622,#3623);
#3621 = CARTESIAN_POINT('',(0.500025400051,-0.199872999746,
    -4.470348362318E-10));
#3622 = DIRECTION('',(2.168404344971E-16,-1.,0.));
#3623 = DIRECTION('',(1.,2.168404344971E-16,0.));
#3624 = ADVANCED_FACE('',(#3625),#3636,.F.);
#3625 = FACE_BOUND('',#3626,.T.);
#3626 = EDGE_LOOP('',(#3627,#3628,#3629,#3635));
#3627 = ORIENTED_EDGE('',*,*,#1817,.T.);
#3628 = ORIENTED_EDGE('',*,*,#3597,.F.);
#3629 = ORIENTED_EDGE('',*,*,#3630,.F.);
#3630 = EDGE_CURVE('',#3185,#3590,#3631,.T.);
#3631 = LINE('',#3632,#3633);
#3632 = CARTESIAN_POINT('',(1.000025400051,-0.899872999746,
    -4.470348362318E-10));
#3633 = VECTOR('',#3634,1.);
#3634 = DIRECTION('',(-1.,-2.168404344971E-16,0.));
#3635 = ORIENTED_EDGE('',*,*,#3184,.T.);
#3636 = PLANE('',#3637);
#3637 = AXIS2_PLACEMENT_3D('',#3638,#3639,#3640);
#3638 = CARTESIAN_POINT('',(1.000025400051,-0.899872999746,
    -4.470348362318E-10));
#3639 = DIRECTION('',(-2.168404344971E-16,1.,0.));
#3640 = DIRECTION('',(-1.,-2.168404344971E-16,0.));
#3641 = ADVANCED_FACE('',(#3642),#3650,.F.);
#3642 = FACE_BOUND('',#3643,.T.);
#3643 = EDGE_LOOP('',(#3644,#3645,#3646,#3647,#3648,#3649));
#3644 = ORIENTED_EDGE('',*,*,#3589,.T.);
#3645 = ORIENTED_EDGE('',*,*,#3613,.T.);
#3646 = ORIENTED_EDGE('',*,*,#2918,.T.);
#3647 = ORIENTED_EDGE('',*,*,#3381,.T.);
#3648 = ORIENTED_EDGE('',*,*,#3192,.T.);
#3649 = ORIENTED_EDGE('',*,*,#3630,.T.);
#3650 = PLANE('',#3651);
#3651 = AXIS2_PLACEMENT_3D('',#3652,#3653,#3654);
#3652 = CARTESIAN_POINT('',(1.000025400051,-0.549872999746,
    -4.470348362318E-10));
#3653 = DIRECTION('',(0.,0.,1.));
#3654 = DIRECTION('',(1.,0.,-0.));
#3655 = ADVANCED_FACE('',(#3656),#3674,.F.);
#3656 = FACE_BOUND('',#3657,.T.);
#3657 = EDGE_LOOP('',(#3658,#3659,#3667,#3673));
#3658 = ORIENTED_EDGE('',*,*,#1703,.T.);
#3659 = ORIENTED_EDGE('',*,*,#3660,.F.);
#3660 = EDGE_CURVE('',#3661,#1706,#3663,.T.);
#3661 = VERTEX_POINT('',#3662);
#3662 = CARTESIAN_POINT('',(-0.499974599949,-0.199872999746,
    -4.470348362318E-10));
#3663 = LINE('',#3664,#3665);
#3664 = CARTESIAN_POINT('',(-0.499974599949,-0.199872999746,
    -4.470348362318E-10));
#3665 = VECTOR('',#3666,1.);
#3666 = DIRECTION('',(0.,0.,1.));
#3667 = ORIENTED_EDGE('',*,*,#3668,.F.);
#3668 = EDGE_CURVE('',#2778,#3661,#3669,.T.);
#3669 = LINE('',#3670,#3671);
#3670 = CARTESIAN_POINT('',(-0.499974599949,-0.199872999746,
    -4.470348362318E-10));
#3671 = VECTOR('',#3672,1.);
#3672 = DIRECTION('',(1.,-2.168404344971E-16,0.));
#3673 = ORIENTED_EDGE('',*,*,#2777,.T.);
#3674 = PLANE('',#3675);
#3675 = AXIS2_PLACEMENT_3D('',#3676,#3677,#3678);
#3676 = CARTESIAN_POINT('',(-0.499974599949,-0.199872999746,
    -4.470348362318E-10));
#3677 = DIRECTION('',(-2.168404344971E-16,-1.,0.));
#3678 = DIRECTION('',(1.,-2.168404344971E-16,0.));
#3679 = ADVANCED_FACE('',(#3680),#3698,.F.);
#3680 = FACE_BOUND('',#3681,.T.);
#3681 = EDGE_LOOP('',(#3682,#3683,#3691,#3697));
#3682 = ORIENTED_EDGE('',*,*,#1848,.T.);
#3683 = ORIENTED_EDGE('',*,*,#3684,.F.);
#3684 = EDGE_CURVE('',#3685,#1841,#3687,.T.);
#3685 = VERTEX_POINT('',#3686);
#3686 = CARTESIAN_POINT('',(-0.499974599949,-0.899872999746,
    -4.470348362318E-10));
#3687 = LINE('',#3688,#3689);
#3688 = CARTESIAN_POINT('',(-0.499974599949,-0.899872999746,
    -4.470348362318E-10));
#3689 = VECTOR('',#3690,1.);
#3690 = DIRECTION('',(0.,0.,1.));
#3691 = ORIENTED_EDGE('',*,*,#3692,.F.);
#3692 = EDGE_CURVE('',#3661,#3685,#3693,.T.);
#3693 = LINE('',#3694,#3695);
#3694 = CARTESIAN_POINT('',(-0.499974599949,-0.899872999746,
    -4.470348362318E-10));
#3695 = VECTOR('',#3696,1.);
#3696 = DIRECTION('',(-1.548860246408E-16,-1.,-0.));
#3697 = ORIENTED_EDGE('',*,*,#3660,.T.);
#3698 = PLANE('',#3699);
#3699 = AXIS2_PLACEMENT_3D('',#3700,#3701,#3702);
#3700 = CARTESIAN_POINT('',(-0.499974599949,-0.899872999746,
    -4.470348362318E-10));
#3701 = DIRECTION('',(-1.,1.548860246408E-16,0.));
#3702 = DIRECTION('',(-1.548860246408E-16,-1.,0.));
#3703 = ADVANCED_FACE('',(#3704),#3715,.F.);
#3704 = FACE_BOUND('',#3705,.T.);
#3705 = EDGE_LOOP('',(#3706,#3707,#3708,#3714));
#3706 = ORIENTED_EDGE('',*,*,#1840,.T.);
#3707 = ORIENTED_EDGE('',*,*,#3272,.F.);
#3708 = ORIENTED_EDGE('',*,*,#3709,.F.);
#3709 = EDGE_CURVE('',#3685,#3265,#3710,.T.);
#3710 = LINE('',#3711,#3712);
#3711 = CARTESIAN_POINT('',(-0.999974599949,-0.899872999746,
    -4.470348362318E-10));
#3712 = VECTOR('',#3713,1.);
#3713 = DIRECTION('',(-1.,2.168404344971E-16,0.));
#3714 = ORIENTED_EDGE('',*,*,#3684,.T.);
#3715 = PLANE('',#3716);
#3716 = AXIS2_PLACEMENT_3D('',#3717,#3718,#3719);
#3717 = CARTESIAN_POINT('',(-0.999974599949,-0.899872999746,
    -4.470348362318E-10));
#3718 = DIRECTION('',(2.168404344971E-16,1.,0.));
#3719 = DIRECTION('',(-1.,2.168404344971E-16,0.));
#3720 = ADVANCED_FACE('',(#3721),#3730,.T.);
#3721 = FACE_BOUND('',#3722,.T.);
#3722 = EDGE_LOOP('',(#3723,#3724,#3725,#3726,#3727,#3728,#3729));
#3723 = ORIENTED_EDGE('',*,*,#3405,.T.);
#3724 = ORIENTED_EDGE('',*,*,#132,.T.);
#3725 = ORIENTED_EDGE('',*,*,#2785,.T.);
#3726 = ORIENTED_EDGE('',*,*,#3668,.T.);
#3727 = ORIENTED_EDGE('',*,*,#3692,.T.);
#3728 = ORIENTED_EDGE('',*,*,#3709,.T.);
#3729 = ORIENTED_EDGE('',*,*,#3264,.T.);
#3730 = PLANE('',#3731);
#3731 = AXIS2_PLACEMENT_3D('',#3732,#3733,#3734);
#3732 = CARTESIAN_POINT('',(-0.999974599949,-0.549872999746,
    -4.470348362318E-10));
#3733 = DIRECTION('',(0.,0.,-1.));
#3734 = DIRECTION('',(-1.,0.,0.));
#3735 = ADVANCED_FACE('',(#3736),#3761,.T.);
#3736 = FACE_BOUND('',#3737,.T.);
#3737 = EDGE_LOOP('',(#3738,#3746,#3754,#3760));
#3738 = ORIENTED_EDGE('',*,*,#3739,.F.);
#3739 = EDGE_CURVE('',#3740,#689,#3742,.T.);
#3740 = VERTEX_POINT('',#3741);
#3741 = CARTESIAN_POINT('',(-0.530466569706,-0.965364969503,
    0.79348782324));
#3742 = LINE('',#3743,#3744);
#3743 = CARTESIAN_POINT('',(-0.559502684939,-0.994401084735,
    0.378252029905));
#3744 = VECTOR('',#3745,1.);
#3745 = DIRECTION('',(-6.958737431663E-02,-6.958737431663E-02,
    -0.995145815784));
#3746 = ORIENTED_EDGE('',*,*,#3747,.T.);
#3747 = EDGE_CURVE('',#3740,#3748,#3750,.T.);
#3748 = VERTEX_POINT('',#3749);
#3749 = CARTESIAN_POINT('',(-0.530466569706,0.965618970011,0.79348782324
    ));
#3750 = LINE('',#3751,#3752);
#3751 = CARTESIAN_POINT('',(-0.530466569706,0.962366521805,0.79348782324
    ));
#3752 = VECTOR('',#3753,1.);
#3753 = DIRECTION('',(0.,1.,0.));
#3754 = ORIENTED_EDGE('',*,*,#3755,.T.);
#3755 = EDGE_CURVE('',#3748,#3079,#3756,.T.);
#3756 = LINE('',#3757,#3758);
#3757 = CARTESIAN_POINT('',(-0.555289794621,0.990442194925,
    0.438499168318));
#3758 = VECTOR('',#3759,1.);
#3759 = DIRECTION('',(-6.958737431663E-02,6.958737431663E-02,
    -0.995145815784));
#3760 = ORIENTED_EDGE('',*,*,#3078,.T.);
#3761 = PLANE('',#3762);
#3762 = AXIS2_PLACEMENT_3D('',#3763,#3764,#3765);
#3763 = CARTESIAN_POINT('',(-0.564974599949,-0.999872999746,
    0.299999999553));
#3764 = DIRECTION('',(-0.99756405026,0.,6.975647374412E-02));
#3765 = DIRECTION('',(6.975647374412E-02,0.,0.99756405026));
#3766 = ADVANCED_FACE('',(#3767),#3785,.T.);
#3767 = FACE_BOUND('',#3768,.T.);
#3768 = EDGE_LOOP('',(#3769,#3777,#3783,#3784));
#3769 = ORIENTED_EDGE('',*,*,#3770,.F.);
#3770 = EDGE_CURVE('',#3771,#681,#3773,.T.);
#3771 = VERTEX_POINT('',#3772);
#3772 = CARTESIAN_POINT('',(0.530517369807,-0.965364969503,0.79348782324
    ));
#3773 = LINE('',#3774,#3775);
#3774 = CARTESIAN_POINT('',(0.565025400051,-0.999872999746,
    0.299999999553));
#3775 = VECTOR('',#3776,1.);
#3776 = DIRECTION('',(6.958737431663E-02,-6.958737431663E-02,
    -0.995145815784));
#3777 = ORIENTED_EDGE('',*,*,#3778,.T.);
#3778 = EDGE_CURVE('',#3771,#3740,#3779,.T.);
#3779 = LINE('',#3780,#3781);
#3780 = CARTESIAN_POINT('',(-0.5272141215,-0.965364969503,0.79348782324)
  );
#3781 = VECTOR('',#3782,1.);
#3782 = DIRECTION('',(-1.,-0.,-0.));
#3783 = ORIENTED_EDGE('',*,*,#3739,.T.);
#3784 = ORIENTED_EDGE('',*,*,#688,.T.);
#3785 = PLANE('',#3786);
#3786 = AXIS2_PLACEMENT_3D('',#3787,#3788,#3789);
#3787 = CARTESIAN_POINT('',(0.565025400051,-0.999872999746,
    0.299999999553));
#3788 = DIRECTION('',(0.,-0.99756405026,6.975647374412E-02));
#3789 = DIRECTION('',(0.,-6.975647374412E-02,-0.99756405026));
#3790 = ADVANCED_FACE('',(#3791),#3809,.T.);
#3791 = FACE_BOUND('',#3792,.T.);
#3792 = EDGE_LOOP('',(#3793,#3801,#3807,#3808));
#3793 = ORIENTED_EDGE('',*,*,#3794,.F.);
#3794 = EDGE_CURVE('',#3795,#3047,#3797,.T.);
#3795 = VERTEX_POINT('',#3796);
#3796 = CARTESIAN_POINT('',(0.530517369807,0.965618970011,0.79348782324)
  );
#3797 = LINE('',#3798,#3799);
#3798 = CARTESIAN_POINT('',(0.565025400051,1.000127000254,0.299999999553
    ));
#3799 = VECTOR('',#3800,1.);
#3800 = DIRECTION('',(6.958737431663E-02,6.958737431663E-02,
    -0.995145815784));
#3801 = ORIENTED_EDGE('',*,*,#3802,.T.);
#3802 = EDGE_CURVE('',#3795,#3771,#3803,.T.);
#3803 = LINE('',#3804,#3805);
#3804 = CARTESIAN_POINT('',(0.530517369807,-0.962112521297,0.79348782324
    ));
#3805 = VECTOR('',#3806,1.);
#3806 = DIRECTION('',(-0.,-1.,-0.));
#3807 = ORIENTED_EDGE('',*,*,#3770,.T.);
#3808 = ORIENTED_EDGE('',*,*,#3054,.T.);
#3809 = PLANE('',#3810);
#3810 = AXIS2_PLACEMENT_3D('',#3811,#3812,#3813);
#3811 = CARTESIAN_POINT('',(0.565025400051,-0.999872999746,
    0.299999999553));
#3812 = DIRECTION('',(0.99756405026,0.,6.975647374412E-02));
#3813 = DIRECTION('',(6.975647374412E-02,0.,-0.99756405026));
#3814 = ADVANCED_FACE('',(#3815),#3826,.T.);
#3815 = FACE_BOUND('',#3816,.T.);
#3816 = EDGE_LOOP('',(#3817,#3818,#3824,#3825));
#3817 = ORIENTED_EDGE('',*,*,#3755,.F.);
#3818 = ORIENTED_EDGE('',*,*,#3819,.T.);
#3819 = EDGE_CURVE('',#3748,#3795,#3820,.T.);
#3820 = LINE('',#3821,#3822);
#3821 = CARTESIAN_POINT('',(0.527264921601,0.965618970011,0.79348782324)
  );
#3822 = VECTOR('',#3823,1.);
#3823 = DIRECTION('',(1.,0.,0.));
#3824 = ORIENTED_EDGE('',*,*,#3794,.T.);
#3825 = ORIENTED_EDGE('',*,*,#3309,.T.);
#3826 = PLANE('',#3827);
#3827 = AXIS2_PLACEMENT_3D('',#3828,#3829,#3830);
#3828 = CARTESIAN_POINT('',(0.565025400051,1.000127000254,0.299999999553
    ));
#3829 = DIRECTION('',(0.,0.99756405026,6.975647374412E-02));
#3830 = DIRECTION('',(0.,-6.975647374412E-02,0.99756405026));
#3831 = ADVANCED_FACE('',(#3832),#3866,.T.);
#3832 = FACE_BOUND('',#3833,.T.);
#3833 = EDGE_LOOP('',(#3834,#3844,#3852,#3860));
#3834 = ORIENTED_EDGE('',*,*,#3835,.T.);
#3835 = EDGE_CURVE('',#3836,#3838,#3840,.T.);
#3836 = VERTEX_POINT('',#3837);
#3837 = CARTESIAN_POINT('',(0.480639167294,-0.91548676699,0.839999999553
    ));
#3838 = VERTEX_POINT('',#3839);
#3839 = CARTESIAN_POINT('',(0.480639167294,0.915740767498,0.839999999553
    ));
#3840 = LINE('',#3841,#3842);
#3841 = CARTESIAN_POINT('',(0.480639167294,0.962366521805,0.839999999553
    ));
#3842 = VECTOR('',#3843,1.);
#3843 = DIRECTION('',(0.,1.,0.));
#3844 = ORIENTED_EDGE('',*,*,#3845,.T.);
#3845 = EDGE_CURVE('',#3838,#3846,#3848,.T.);
#3846 = VERTEX_POINT('',#3847);
#3847 = CARTESIAN_POINT('',(-0.480588367193,0.915740767498,
    0.839999999553));
#3848 = LINE('',#3849,#3850);
#3849 = CARTESIAN_POINT('',(-0.5272141215,0.915740767498,0.839999999553)
  );
#3850 = VECTOR('',#3851,1.);
#3851 = DIRECTION('',(-1.,0.,0.));
#3852 = ORIENTED_EDGE('',*,*,#3853,.T.);
#3853 = EDGE_CURVE('',#3846,#3854,#3856,.T.);
#3854 = VERTEX_POINT('',#3855);
#3855 = CARTESIAN_POINT('',(-0.480588367193,-0.91548676699,
    0.839999999553));
#3856 = LINE('',#3857,#3858);
#3857 = CARTESIAN_POINT('',(-0.480588367193,-0.962112521297,
    0.839999999553));
#3858 = VECTOR('',#3859,1.);
#3859 = DIRECTION('',(-0.,-1.,-0.));
#3860 = ORIENTED_EDGE('',*,*,#3861,.T.);
#3861 = EDGE_CURVE('',#3854,#3836,#3862,.T.);
#3862 = LINE('',#3863,#3864);
#3863 = CARTESIAN_POINT('',(0.527264921601,-0.91548676699,0.839999999553
    ));
#3864 = VECTOR('',#3865,1.);
#3865 = DIRECTION('',(1.,0.,0.));
#3866 = PLANE('',#3867);
#3867 = AXIS2_PLACEMENT_3D('',#3868,#3869,#3870);
#3868 = CARTESIAN_POINT('',(2.54000508001E-05,1.270002540005E-04,
    0.839999999553));
#3869 = DIRECTION('',(0.,0.,1.));
#3870 = DIRECTION('',(1.,0.,-0.));
#3871 = ADVANCED_FACE('',(#3872),#3890,.T.);
#3872 = FACE_BOUND('',#3873,.T.);
#3873 = EDGE_LOOP('',(#3874,#3881,#3882,#3889));
#3874 = ORIENTED_EDGE('',*,*,#3875,.F.);
#3875 = EDGE_CURVE('',#3740,#3854,#3876,.T.);
#3876 = ( BOUNDED_CURVE() B_SPLINE_CURVE(3,(#3877,#3878,#3879,#3880),
.UNSPECIFIED.,.F.,.F.) B_SPLINE_CURVE_WITH_KNOTS((4,4),(
6.981317007977E-02,1.570796326795),.PIECEWISE_BEZIER_KNOTS.) CURVE() 
GEOMETRIC_REPRESENTATION_ITEM() RATIONAL_B_SPLINE_CURVE((1.,
0.820902467746,0.820902467746,1.)) REPRESENTATION_ITEM('') );
#3877 = CARTESIAN_POINT('',(-0.530466569706,-0.965364969503,
    0.79348782324));
#3878 = CARTESIAN_POINT('',(-0.528534801416,-0.963433201212,
    0.821113396844));
#3879 = CARTESIAN_POINT('',(-0.508281399632,-0.943179799429,
    0.839999999553));
#3880 = CARTESIAN_POINT('',(-0.480588367193,-0.91548676699,
    0.839999999553));
#3881 = ORIENTED_EDGE('',*,*,#3778,.F.);
#3882 = ORIENTED_EDGE('',*,*,#3883,.F.);
#3883 = EDGE_CURVE('',#3836,#3771,#3884,.T.);
#3884 = ( BOUNDED_CURVE() B_SPLINE_CURVE(3,(#3885,#3886,#3887,#3888),
.UNSPECIFIED.,.F.,.F.) B_SPLINE_CURVE_WITH_KNOTS((4,4),(4.712388980385,
6.2133721371),.PIECEWISE_BEZIER_KNOTS.) CURVE() 
GEOMETRIC_REPRESENTATION_ITEM() RATIONAL_B_SPLINE_CURVE((1.,
0.820902467746,0.820902467746,1.)) REPRESENTATION_ITEM('') );
#3885 = CARTESIAN_POINT('',(0.480639167294,-0.91548676699,0.839999999553
    ));
#3886 = CARTESIAN_POINT('',(0.508332199734,-0.943179799429,
    0.839999999553));
#3887 = CARTESIAN_POINT('',(0.528585601517,-0.963433201212,
    0.821113396844));
#3888 = CARTESIAN_POINT('',(0.530517369807,-0.965364969503,0.79348782324
    ));
#3889 = ORIENTED_EDGE('',*,*,#3861,.F.);
#3890 = CYLINDRICAL_SURFACE('',#3891,5.E-02);
#3891 = AXIS2_PLACEMENT_3D('',#3892,#3893,#3894);
#3892 = CARTESIAN_POINT('',(2.54000508001E-05,-0.91548676699,
    0.789999999553));
#3893 = DIRECTION('',(1.,0.,0.));
#3894 = DIRECTION('',(0.,0.,-1.));
#3895 = ADVANCED_FACE('',(#3896),#3908,.T.);
#3896 = FACE_BOUND('',#3897,.T.);
#3897 = EDGE_LOOP('',(#3898,#3899,#3900,#3907));
#3898 = ORIENTED_EDGE('',*,*,#3883,.T.);
#3899 = ORIENTED_EDGE('',*,*,#3802,.F.);
#3900 = ORIENTED_EDGE('',*,*,#3901,.F.);
#3901 = EDGE_CURVE('',#3838,#3795,#3902,.T.);
#3902 = ( BOUNDED_CURVE() B_SPLINE_CURVE(3,(#3903,#3904,#3905,#3906),
.UNSPECIFIED.,.F.,.F.) B_SPLINE_CURVE_WITH_KNOTS((4,4),(4.712388980385,
6.2133721371),.PIECEWISE_BEZIER_KNOTS.) CURVE() 
GEOMETRIC_REPRESENTATION_ITEM() RATIONAL_B_SPLINE_CURVE((1.,
0.820902467746,0.820902467746,1.)) REPRESENTATION_ITEM('') );
#3903 = CARTESIAN_POINT('',(0.480639167294,0.915740767498,0.839999999553
    ));
#3904 = CARTESIAN_POINT('',(0.508332199734,0.943433799937,0.839999999553
    ));
#3905 = CARTESIAN_POINT('',(0.528585601517,0.96368720172,0.821113396844)
  );
#3906 = CARTESIAN_POINT('',(0.530517369807,0.965618970011,0.79348782324)
  );
#3907 = ORIENTED_EDGE('',*,*,#3835,.F.);
#3908 = CYLINDRICAL_SURFACE('',#3909,5.E-02);
#3909 = AXIS2_PLACEMENT_3D('',#3910,#3911,#3912);
#3910 = CARTESIAN_POINT('',(0.480639167294,1.270002540005E-04,
    0.789999999553));
#3911 = DIRECTION('',(0.,1.,0.));
#3912 = DIRECTION('',(0.,-0.,1.));
#3913 = ADVANCED_FACE('',(#3914),#3926,.T.);
#3914 = FACE_BOUND('',#3915,.T.);
#3915 = EDGE_LOOP('',(#3916,#3917,#3918,#3925));
#3916 = ORIENTED_EDGE('',*,*,#3875,.T.);
#3917 = ORIENTED_EDGE('',*,*,#3853,.F.);
#3918 = ORIENTED_EDGE('',*,*,#3919,.F.);
#3919 = EDGE_CURVE('',#3748,#3846,#3920,.T.);
#3920 = ( BOUNDED_CURVE() B_SPLINE_CURVE(3,(#3921,#3922,#3923,#3924),
.UNSPECIFIED.,.F.,.F.) B_SPLINE_CURVE_WITH_KNOTS((4,4),(3.21140582367,
4.712388980385),.PIECEWISE_BEZIER_KNOTS.) CURVE() 
GEOMETRIC_REPRESENTATION_ITEM() RATIONAL_B_SPLINE_CURVE((1.,
0.820902467746,0.820902467746,1.)) REPRESENTATION_ITEM('') );
#3921 = CARTESIAN_POINT('',(-0.530466569706,0.965618970011,0.79348782324
    ));
#3922 = CARTESIAN_POINT('',(-0.528534801416,0.96368720172,0.821113396844
    ));
#3923 = CARTESIAN_POINT('',(-0.508281399632,0.943433799937,
    0.839999999553));
#3924 = CARTESIAN_POINT('',(-0.480588367193,0.915740767498,
    0.839999999553));
#3925 = ORIENTED_EDGE('',*,*,#3747,.F.);
#3926 = CYLINDRICAL_SURFACE('',#3927,5.E-02);
#3927 = AXIS2_PLACEMENT_3D('',#3928,#3929,#3930);
#3928 = CARTESIAN_POINT('',(-0.480588367193,1.270002540005E-04,
    0.789999999553));
#3929 = DIRECTION('',(0.,-1.,0.));
#3930 = DIRECTION('',(0.,0.,-1.));
#3931 = ADVANCED_FACE('',(#3932),#3938,.T.);
#3932 = FACE_BOUND('',#3933,.T.);
#3933 = EDGE_LOOP('',(#3934,#3935,#3936,#3937));
#3934 = ORIENTED_EDGE('',*,*,#3901,.T.);
#3935 = ORIENTED_EDGE('',*,*,#3819,.F.);
#3936 = ORIENTED_EDGE('',*,*,#3919,.T.);
#3937 = ORIENTED_EDGE('',*,*,#3845,.F.);
#3938 = CYLINDRICAL_SURFACE('',#3939,5.E-02);
#3939 = AXIS2_PLACEMENT_3D('',#3940,#3941,#3942);
#3940 = CARTESIAN_POINT('',(2.54000508001E-05,0.915740767498,
    0.789999999553));
#3941 = DIRECTION('',(-1.,0.,0.));
#3942 = DIRECTION('',(0.,0.,1.));
#3943 = ADVANCED_FACE('',(#3944),#3956,.T.);
#3944 = FACE_BOUND('',#3945,.T.);
#3945 = EDGE_LOOP('',(#3946,#3947,#3948,#3955));
#3946 = ORIENTED_EDGE('',*,*,#3100,.T.);
#3947 = ORIENTED_EDGE('',*,*,#2575,.F.);
#3948 = ORIENTED_EDGE('',*,*,#3949,.F.);
#3949 = EDGE_CURVE('',#2839,#2568,#3950,.T.);
#3950 = CIRCLE('',#3951,0.35);
#3951 = AXIS2_PLACEMENT_3D('',#3952,#3953,#3954);
#3952 = CARTESIAN_POINT('',(-0.999974599949,0.550127000254,
    0.319999999553));
#3953 = DIRECTION('',(0.,0.,1.));
#3954 = DIRECTION('',(1.,0.,-0.));
#3955 = ORIENTED_EDGE('',*,*,#2838,.T.);
#3956 = CYLINDRICAL_SURFACE('',#3957,0.35);
#3957 = AXIS2_PLACEMENT_3D('',#3958,#3959,#3960);
#3958 = CARTESIAN_POINT('',(-0.999974599949,0.550127000254,
    0.319999999553));
#3959 = DIRECTION('',(-0.,-0.,-1.));
#3960 = DIRECTION('',(-1.,0.,0.));
#3961 = ADVANCED_FACE('',(#3962),#3969,.T.);
#3962 = FACE_BOUND('',#3963,.T.);
#3963 = EDGE_LOOP('',(#3964,#3965,#3966,#3967,#3968));
#3964 = ORIENTED_EDGE('',*,*,#2846,.T.);
#3965 = ORIENTED_EDGE('',*,*,#3949,.T.);
#3966 = ORIENTED_EDGE('',*,*,#2567,.T.);
#3967 = ORIENTED_EDGE('',*,*,#157,.T.);
#3968 = ORIENTED_EDGE('',*,*,#3325,.T.);
#3969 = PLANE('',#3970);
#3970 = AXIS2_PLACEMENT_3D('',#3971,#3972,#3973);
#3971 = CARTESIAN_POINT('',(2.54000508001E-05,1.270002540005E-04,
    0.319999999553));
#3972 = DIRECTION('',(0.,0.,1.));
#3973 = DIRECTION('',(1.,0.,-0.));
#3974 = ADVANCED_FACE('',(#3975),#3987,.T.);
#3975 = FACE_BOUND('',#3976,.T.);
#3976 = EDGE_LOOP('',(#3977,#3978,#3985,#3986));
#3977 = ORIENTED_EDGE('',*,*,#74,.F.);
#3978 = ORIENTED_EDGE('',*,*,#3979,.T.);
#3979 = EDGE_CURVE('',#66,#2630,#3980,.T.);
#3980 = CIRCLE('',#3981,0.35);
#3981 = AXIS2_PLACEMENT_3D('',#3982,#3983,#3984);
#3982 = CARTESIAN_POINT('',(1.000025400051,0.550127000254,0.319999999553
    ));
#3983 = DIRECTION('',(0.,0.,-1.));
#3984 = DIRECTION('',(1.,0.,0.));
#3985 = ORIENTED_EDGE('',*,*,#2629,.T.);
#3986 = ORIENTED_EDGE('',*,*,#3031,.F.);
#3987 = CYLINDRICAL_SURFACE('',#3988,0.35);
#3988 = AXIS2_PLACEMENT_3D('',#3989,#3990,#3991);
#3989 = CARTESIAN_POINT('',(1.000025400051,0.550127000254,0.319999999553
    ));
#3990 = DIRECTION('',(-0.,-0.,-1.));
#3991 = DIRECTION('',(-1.,0.,0.));
#3992 = ADVANCED_FACE('',(#3993),#4000,.T.);
#3993 = FACE_BOUND('',#3994,.T.);
#3994 = EDGE_LOOP('',(#3995,#3996,#3997,#3998,#3999));
#3995 = ORIENTED_EDGE('',*,*,#63,.F.);
#3996 = ORIENTED_EDGE('',*,*,#2986,.T.);
#3997 = ORIENTED_EDGE('',*,*,#3349,.T.);
#3998 = ORIENTED_EDGE('',*,*,#2637,.T.);
#3999 = ORIENTED_EDGE('',*,*,#3979,.F.);
#4000 = PLANE('',#4001);
#4001 = AXIS2_PLACEMENT_3D('',#4002,#4003,#4004);
#4002 = CARTESIAN_POINT('',(2.54000508001E-05,1.270002540005E-04,
    0.319999999553));
#4003 = DIRECTION('',(0.,0.,1.));
#4004 = DIRECTION('',(1.,0.,-0.));
#4005 = ADVANCED_FACE('',(#4006),#4018,.T.);
#4006 = FACE_BOUND('',#4007,.T.);
#4007 = EDGE_LOOP('',(#4008,#4009,#4016,#4017));
#4008 = ORIENTED_EDGE('',*,*,#32,.F.);
#4009 = ORIENTED_EDGE('',*,*,#4010,.F.);
#4010 = EDGE_CURVE('',#2895,#22,#4011,.T.);
#4011 = CIRCLE('',#4012,0.35);
#4012 = AXIS2_PLACEMENT_3D('',#4013,#4014,#4015);
#4013 = CARTESIAN_POINT('',(1.000025400051,-0.549872999746,
    0.319999999553));
#4014 = DIRECTION('',(0.,0.,1.));
#4015 = DIRECTION('',(1.,0.,-0.));
#4016 = ORIENTED_EDGE('',*,*,#2894,.T.);
#4017 = ORIENTED_EDGE('',*,*,#3017,.T.);
#4018 = CYLINDRICAL_SURFACE('',#4019,0.35);
#4019 = AXIS2_PLACEMENT_3D('',#4020,#4021,#4022);
#4020 = CARTESIAN_POINT('',(1.000025400051,-0.549872999746,
    0.319999999553));
#4021 = DIRECTION('',(-0.,-0.,-1.));
#4022 = DIRECTION('',(-1.,0.,0.));
#4023 = ADVANCED_FACE('',(#4024),#4031,.T.);
#4024 = FACE_BOUND('',#4025,.T.);
#4025 = EDGE_LOOP('',(#4026,#4027,#4028,#4029,#4030));
#4026 = ORIENTED_EDGE('',*,*,#3373,.F.);
#4027 = ORIENTED_EDGE('',*,*,#2902,.F.);
#4028 = ORIENTED_EDGE('',*,*,#4010,.T.);
#4029 = ORIENTED_EDGE('',*,*,#21,.T.);
#4030 = ORIENTED_EDGE('',*,*,#3208,.F.);
#4031 = PLANE('',#4032);
#4032 = AXIS2_PLACEMENT_3D('',#4033,#4034,#4035);
#4033 = CARTESIAN_POINT('',(2.54000508001E-05,1.270002540005E-04,
    0.319999999553));
#4034 = DIRECTION('',(0.,0.,1.));
#4035 = DIRECTION('',(1.,0.,-0.));
#4036 = ADVANCED_FACE('',(#4037),#4049,.T.);
#4037 = FACE_BOUND('',#4038,.T.);
#4038 = EDGE_LOOP('',(#4039,#4040,#4041,#4048));
#4039 = ORIENTED_EDGE('',*,*,#3069,.F.);
#4040 = ORIENTED_EDGE('',*,*,#2800,.F.);
#4041 = ORIENTED_EDGE('',*,*,#4042,.T.);
#4042 = EDGE_CURVE('',#2793,#3241,#4043,.T.);
#4043 = CIRCLE('',#4044,0.35);
#4044 = AXIS2_PLACEMENT_3D('',#4045,#4046,#4047);
#4045 = CARTESIAN_POINT('',(-0.999974599949,-0.549872999746,
    0.319999999553));
#4046 = DIRECTION('',(0.,0.,-1.));
#4047 = DIRECTION('',(1.,0.,0.));
#4048 = ORIENTED_EDGE('',*,*,#3240,.T.);
#4049 = CYLINDRICAL_SURFACE('',#4050,0.35);
#4050 = AXIS2_PLACEMENT_3D('',#4051,#4052,#4053);
#4051 = CARTESIAN_POINT('',(-0.999974599949,-0.549872999746,
    0.319999999553));
#4052 = DIRECTION('',(-0.,-0.,-1.));
#4053 = DIRECTION('',(-1.,0.,0.));
#4054 = ADVANCED_FACE('',(#4055),#4062,.T.);
#4055 = FACE_BOUND('',#4056,.T.);
#4056 = EDGE_LOOP('',(#4057,#4058,#4059,#4060,#4061));
#4057 = ORIENTED_EDGE('',*,*,#4042,.F.);
#4058 = ORIENTED_EDGE('',*,*,#2792,.T.);
#4059 = ORIENTED_EDGE('',*,*,#115,.T.);
#4060 = ORIENTED_EDGE('',*,*,#3397,.T.);
#4061 = ORIENTED_EDGE('',*,*,#3248,.T.);
#4062 = PLANE('',#4063);
#4063 = AXIS2_PLACEMENT_3D('',#4064,#4065,#4066);
#4064 = CARTESIAN_POINT('',(2.54000508001E-05,1.270002540005E-04,
    0.319999999553));
#4065 = DIRECTION('',(0.,0.,1.));
#4066 = DIRECTION('',(1.,0.,-0.));
#4067 = ADVANCED_FACE('',(#4068),#4093,.F.);
#4068 = FACE_BOUND('',#4069,.T.);
#4069 = EDGE_LOOP('',(#4070,#4071,#4079,#4087));
#4070 = ORIENTED_EDGE('',*,*,#712,.T.);
#4071 = ORIENTED_EDGE('',*,*,#4072,.F.);
#4072 = EDGE_CURVE('',#4073,#715,#4075,.T.);
#4073 = VERTEX_POINT('',#4074);
#4074 = CARTESIAN_POINT('',(3.276030786093E-02,-1.009872999746,
    0.190038254996));
#4075 = LINE('',#4076,#4077);
#4076 = CARTESIAN_POINT('',(3.276030786093E-02,-1.009872999746,
    0.190038254996));
#4077 = VECTOR('',#4078,1.);
#4078 = DIRECTION('',(-1.084202172486E-16,1.,0.));
#4079 = ORIENTED_EDGE('',*,*,#4080,.F.);
#4080 = EDGE_CURVE('',#4081,#4073,#4083,.T.);
#4081 = VERTEX_POINT('',#4082);
#4082 = CARTESIAN_POINT('',(3.276030786093E-02,-1.009872999746,
    0.185400934689));
#4083 = LINE('',#4084,#4085);
#4084 = CARTESIAN_POINT('',(3.276030786093E-02,-1.009872999746,
    0.190038254996));
#4085 = VECTOR('',#4086,1.);
#4086 = DIRECTION('',(0.,0.,1.));
#4087 = ORIENTED_EDGE('',*,*,#4088,.T.);
#4088 = EDGE_CURVE('',#4081,#713,#4089,.T.);
#4089 = LINE('',#4090,#4091);
#4090 = CARTESIAN_POINT('',(3.276030786093E-02,-1.009872999746,
    0.185400934689));
#4091 = VECTOR('',#4092,1.);
#4092 = DIRECTION('',(-1.084202172486E-16,1.,0.));
#4093 = PLANE('',#4094);
#4094 = AXIS2_PLACEMENT_3D('',#4095,#4096,#4097);
#4095 = CARTESIAN_POINT('',(3.276030786093E-02,-1.009872999746,
    0.190038254996));
#4096 = DIRECTION('',(-1.,-1.084202172486E-16,0.));
#4097 = DIRECTION('',(1.084202172486E-16,-1.,0.));
#4098 = ADVANCED_FACE('',(#4099),#4117,.F.);
#4099 = FACE_BOUND('',#4100,.T.);
#4100 = EDGE_LOOP('',(#4101,#4102,#4110,#4116));
#4101 = ORIENTED_EDGE('',*,*,#754,.T.);
#4102 = ORIENTED_EDGE('',*,*,#4103,.F.);
#4103 = EDGE_CURVE('',#4104,#747,#4106,.T.);
#4104 = VERTEX_POINT('',#4105);
#4105 = CARTESIAN_POINT('',(1.65608795246E-02,-1.009872999746,
    0.190038254996));
#4106 = LINE('',#4107,#4108);
#4107 = CARTESIAN_POINT('',(1.65608795246E-02,-1.009872999746,
    0.190038254996));
#4108 = VECTOR('',#4109,1.);
#4109 = DIRECTION('',(-1.084202172486E-16,1.,0.));
#4110 = ORIENTED_EDGE('',*,*,#4111,.F.);
#4111 = EDGE_CURVE('',#4073,#4104,#4112,.T.);
#4112 = LINE('',#4113,#4114);
#4113 = CARTESIAN_POINT('',(1.65608795246E-02,-1.009872999746,
    0.190038254996));
#4114 = VECTOR('',#4115,1.);
#4115 = DIRECTION('',(-1.,-0.,-0.));
#4116 = ORIENTED_EDGE('',*,*,#4072,.T.);
#4117 = PLANE('',#4118);
#4118 = AXIS2_PLACEMENT_3D('',#4119,#4120,#4121);
#4119 = CARTESIAN_POINT('',(1.65608795246E-02,-1.009872999746,
    0.190038254996));
#4120 = DIRECTION('',(0.,0.,-1.));
#4121 = DIRECTION('',(-1.,0.,0.));
#4122 = ADVANCED_FACE('',(#4123),#4141,.F.);
#4123 = FACE_BOUND('',#4124,.T.);
#4124 = EDGE_LOOP('',(#4125,#4126,#4134,#4140));
#4125 = ORIENTED_EDGE('',*,*,#746,.T.);
#4126 = ORIENTED_EDGE('',*,*,#4127,.F.);
#4127 = EDGE_CURVE('',#4128,#739,#4130,.T.);
#4128 = VERTEX_POINT('',#4129);
#4129 = CARTESIAN_POINT('',(1.65608795246E-02,-1.009872999746,
    0.226076264375));
#4130 = LINE('',#4131,#4132);
#4131 = CARTESIAN_POINT('',(1.65608795246E-02,-1.009872999746,
    0.226076264375));
#4132 = VECTOR('',#4133,1.);
#4133 = DIRECTION('',(-1.084202172486E-16,1.,0.));
#4134 = ORIENTED_EDGE('',*,*,#4135,.F.);
#4135 = EDGE_CURVE('',#4104,#4128,#4136,.T.);
#4136 = LINE('',#4137,#4138);
#4137 = CARTESIAN_POINT('',(1.65608795246E-02,-1.009872999746,
    0.226076264375));
#4138 = VECTOR('',#4139,1.);
#4139 = DIRECTION('',(0.,0.,1.));
#4140 = ORIENTED_EDGE('',*,*,#4103,.T.);
#4141 = PLANE('',#4142);
#4142 = AXIS2_PLACEMENT_3D('',#4143,#4144,#4145);
#4143 = CARTESIAN_POINT('',(1.65608795246E-02,-1.009872999746,
    0.226076264375));
#4144 = DIRECTION('',(-1.,-1.084202172486E-16,0.));
#4145 = DIRECTION('',(1.084202172486E-16,-1.,0.));
#4146 = ADVANCED_FACE('',(#4147),#4165,.F.);
#4147 = FACE_BOUND('',#4148,.T.);
#4148 = EDGE_LOOP('',(#4149,#4150,#4158,#4164));
#4149 = ORIENTED_EDGE('',*,*,#738,.T.);
#4150 = ORIENTED_EDGE('',*,*,#4151,.F.);
#4151 = EDGE_CURVE('',#4152,#731,#4154,.T.);
#4152 = VERTEX_POINT('',#4153);
#4153 = CARTESIAN_POINT('',(1.131010204722E-02,-1.009872999746,
    0.226076264375));
#4154 = LINE('',#4155,#4156);
#4155 = CARTESIAN_POINT('',(1.131010204722E-02,-1.009872999746,
    0.226076264375));
#4156 = VECTOR('',#4157,1.);
#4157 = DIRECTION('',(-1.084202172486E-16,1.,0.));
#4158 = ORIENTED_EDGE('',*,*,#4159,.F.);
#4159 = EDGE_CURVE('',#4128,#4152,#4160,.T.);
#4160 = LINE('',#4161,#4162);
#4161 = CARTESIAN_POINT('',(1.131010204722E-02,-1.009872999746,
    0.226076264375));
#4162 = VECTOR('',#4163,1.);
#4163 = DIRECTION('',(-1.,-0.,-0.));
#4164 = ORIENTED_EDGE('',*,*,#4127,.T.);
#4165 = PLANE('',#4166);
#4166 = AXIS2_PLACEMENT_3D('',#4167,#4168,#4169);
#4167 = CARTESIAN_POINT('',(1.131010204722E-02,-1.009872999746,
    0.226076264375));
#4168 = DIRECTION('',(0.,0.,-1.));
#4169 = DIRECTION('',(-1.,0.,0.));
#4170 = ADVANCED_FACE('',(#4171),#4189,.F.);
#4171 = FACE_BOUND('',#4172,.T.);
#4172 = EDGE_LOOP('',(#4173,#4174,#4182,#4188));
#4173 = ORIENTED_EDGE('',*,*,#730,.T.);
#4174 = ORIENTED_EDGE('',*,*,#4175,.F.);
#4175 = EDGE_CURVE('',#4176,#723,#4178,.T.);
#4176 = VERTEX_POINT('',#4177);
#4177 = CARTESIAN_POINT('',(1.131010204722E-02,-1.009872999746,
    0.185400934689));
#4178 = LINE('',#4179,#4180);
#4179 = CARTESIAN_POINT('',(1.131010204722E-02,-1.009872999746,
    0.185400934689));
#4180 = VECTOR('',#4181,1.);
#4181 = DIRECTION('',(-1.084202172486E-16,1.,0.));
#4182 = ORIENTED_EDGE('',*,*,#4183,.F.);
#4183 = EDGE_CURVE('',#4152,#4176,#4184,.T.);
#4184 = LINE('',#4185,#4186);
#4185 = CARTESIAN_POINT('',(1.131010204722E-02,-1.009872999746,
    0.185400934689));
#4186 = VECTOR('',#4187,1.);
#4187 = DIRECTION('',(-0.,-0.,-1.));
#4188 = ORIENTED_EDGE('',*,*,#4151,.T.);
#4189 = PLANE('',#4190);
#4190 = AXIS2_PLACEMENT_3D('',#4191,#4192,#4193);
#4191 = CARTESIAN_POINT('',(1.131010204722E-02,-1.009872999746,
    0.185400934689));
#4192 = DIRECTION('',(1.,1.084202172486E-16,0.));
#4193 = DIRECTION('',(-1.084202172486E-16,1.,0.));
#4194 = ADVANCED_FACE('',(#4195),#4206,.F.);
#4195 = FACE_BOUND('',#4196,.T.);
#4196 = EDGE_LOOP('',(#4197,#4198,#4199,#4205));
#4197 = ORIENTED_EDGE('',*,*,#722,.T.);
#4198 = ORIENTED_EDGE('',*,*,#4088,.F.);
#4199 = ORIENTED_EDGE('',*,*,#4200,.F.);
#4200 = EDGE_CURVE('',#4176,#4081,#4201,.T.);
#4201 = LINE('',#4202,#4203);
#4202 = CARTESIAN_POINT('',(3.276030786093E-02,-1.009872999746,
    0.185400934689));
#4203 = VECTOR('',#4204,1.);
#4204 = DIRECTION('',(1.,0.,0.));
#4205 = ORIENTED_EDGE('',*,*,#4175,.T.);
#4206 = PLANE('',#4207);
#4207 = AXIS2_PLACEMENT_3D('',#4208,#4209,#4210);
#4208 = CARTESIAN_POINT('',(3.276030786093E-02,-1.009872999746,
    0.185400934689));
#4209 = DIRECTION('',(0.,0.,1.));
#4210 = DIRECTION('',(1.,0.,-0.));
#4211 = ADVANCED_FACE('',(#4212),#4220,.F.);
#4212 = FACE_BOUND('',#4213,.T.);
#4213 = EDGE_LOOP('',(#4214,#4215,#4216,#4217,#4218,#4219));
#4214 = ORIENTED_EDGE('',*,*,#4080,.T.);
#4215 = ORIENTED_EDGE('',*,*,#4111,.T.);
#4216 = ORIENTED_EDGE('',*,*,#4135,.T.);
#4217 = ORIENTED_EDGE('',*,*,#4159,.T.);
#4218 = ORIENTED_EDGE('',*,*,#4183,.T.);
#4219 = ORIENTED_EDGE('',*,*,#4200,.T.);
#4220 = PLANE('',#4221);
#4221 = AXIS2_PLACEMENT_3D('',#4222,#4223,#4224);
#4222 = CARTESIAN_POINT('',(2.54000508001E-05,-1.009872999746,
    1.999999955297E-02));
#4223 = DIRECTION('',(0.,1.,0.));
#4224 = DIRECTION('',(0.,-0.,1.));
#4225 = ADVANCED_FACE('',(#4226),#4252,.F.);
#4226 = FACE_BOUND('',#4227,.F.);
#4227 = EDGE_LOOP('',(#4228,#4236,#4245,#4251));
#4228 = ORIENTED_EDGE('',*,*,#4229,.F.);
#4229 = EDGE_CURVE('',#4230,#537,#4232,.T.);
#4230 = VERTEX_POINT('',#4231);
#4231 = CARTESIAN_POINT('',(5.361785166219E-02,-1.009872999746,
    0.184714694464));
#4232 = LINE('',#4233,#4234);
#4233 = CARTESIAN_POINT('',(5.361785166219E-02,-1.009872999746,
    0.184714694464));
#4234 = VECTOR('',#4235,1.);
#4235 = DIRECTION('',(-1.084202172486E-16,1.,0.));
#4236 = ORIENTED_EDGE('',*,*,#4237,.T.);
#4237 = EDGE_CURVE('',#4230,#4238,#4240,.T.);
#4238 = VERTEX_POINT('',#4239);
#4239 = CARTESIAN_POINT('',(6.487842989596E-02,-1.009872999746,
    0.187085342513));
#4240 = B_SPLINE_CURVE_WITH_KNOTS('',3,(#4241,#4242,#4243,#4244),
  .UNSPECIFIED.,.F.,.F.,(4,4),(0.,1.),.PIECEWISE_BEZIER_KNOTS.);
#4241 = CARTESIAN_POINT('',(5.361785166219E-02,-1.009872999746,
    0.184714694464));
#4242 = CARTESIAN_POINT('',(5.813040101899E-02,-1.009872999746,
    0.184714694464));
#4243 = CARTESIAN_POINT('',(6.188392709691E-02,-1.009872999746,
    0.18550491048));
#4244 = CARTESIAN_POINT('',(6.487842989596E-02,-1.009872999746,
    0.187085342513));
#4245 = ORIENTED_EDGE('',*,*,#4246,.T.);
#4246 = EDGE_CURVE('',#4238,#539,#4247,.T.);
#4247 = LINE('',#4248,#4249);
#4248 = CARTESIAN_POINT('',(6.487842989596E-02,-1.009872999746,
    0.187085342513));
#4249 = VECTOR('',#4250,1.);
#4250 = DIRECTION('',(-1.084202172486E-16,1.,0.));
#4251 = ORIENTED_EDGE('',*,*,#536,.F.);
#4252 = B_SPLINE_SURFACE_WITH_KNOTS('',3,1,(
    (#4253,#4254)
    ,(#4255,#4256)
    ,(#4257,#4258)
    ,(#4259,#4260
    )),.UNSPECIFIED.,.F.,.F.,.F.,(4,4),(2,2),(0.,1.),(0.,1.),
  .PIECEWISE_BEZIER_KNOTS.);
#4253 = CARTESIAN_POINT('',(5.361785166219E-02,-1.009872999746,
    0.184714694464));
#4254 = CARTESIAN_POINT('',(5.361785166219E-02,-0.999872999746,
    0.184714694464));
#4255 = CARTESIAN_POINT('',(5.813040101899E-02,-1.009872999746,
    0.184714694464));
#4256 = CARTESIAN_POINT('',(5.813040101899E-02,-0.999872999746,
    0.184714694464));
#4257 = CARTESIAN_POINT('',(6.188392709691E-02,-1.009872999746,
    0.18550491048));
#4258 = CARTESIAN_POINT('',(6.188392709691E-02,-0.999872999746,
    0.18550491048));
#4259 = CARTESIAN_POINT('',(6.487842989596E-02,-1.009872999746,
    0.187085342513));
#4260 = CARTESIAN_POINT('',(6.487842989596E-02,-0.999872999746,
    0.187085342513));
#4261 = ADVANCED_FACE('',(#4262),#4280,.F.);
#4262 = FACE_BOUND('',#4263,.T.);
#4263 = EDGE_LOOP('',(#4264,#4265,#4273,#4279));
#4264 = ORIENTED_EDGE('',*,*,#654,.T.);
#4265 = ORIENTED_EDGE('',*,*,#4266,.F.);
#4266 = EDGE_CURVE('',#4267,#646,#4269,.T.);
#4267 = VERTEX_POINT('',#4268);
#4268 = CARTESIAN_POINT('',(6.487842989596E-02,-1.009872999746,
    0.192117770828));
#4269 = LINE('',#4270,#4271);
#4270 = CARTESIAN_POINT('',(6.487842989596E-02,-1.009872999746,
    0.192117770828));
#4271 = VECTOR('',#4272,1.);
#4272 = DIRECTION('',(-1.084202172486E-16,1.,0.));
#4273 = ORIENTED_EDGE('',*,*,#4274,.F.);
#4274 = EDGE_CURVE('',#4238,#4267,#4275,.T.);
#4275 = LINE('',#4276,#4277);
#4276 = CARTESIAN_POINT('',(6.487842989596E-02,-1.009872999746,
    0.192117770828));
#4277 = VECTOR('',#4278,1.);
#4278 = DIRECTION('',(0.,0.,1.));
#4279 = ORIENTED_EDGE('',*,*,#4246,.T.);
#4280 = PLANE('',#4281);
#4281 = AXIS2_PLACEMENT_3D('',#4282,#4283,#4284);
#4282 = CARTESIAN_POINT('',(6.487842989596E-02,-1.009872999746,
    0.192117770828));
#4283 = DIRECTION('',(-1.,-1.084202172486E-16,0.));
#4284 = DIRECTION('',(1.084202172486E-16,-1.,0.));
#4285 = ADVANCED_FACE('',(#4286),#4305,.F.);
#4286 = FACE_BOUND('',#4287,.F.);
#4287 = EDGE_LOOP('',(#4288,#4289,#4298,#4304));
#4288 = ORIENTED_EDGE('',*,*,#4266,.F.);
#4289 = ORIENTED_EDGE('',*,*,#4290,.T.);
#4290 = EDGE_CURVE('',#4267,#4291,#4293,.T.);
#4291 = VERTEX_POINT('',#4292);
#4292 = CARTESIAN_POINT('',(5.437687494106E-02,-1.009872999746,
    0.189393605087));
#4293 = B_SPLINE_CURVE_WITH_KNOTS('',3,(#4294,#4295,#4296,#4297),
  .UNSPECIFIED.,.F.,.F.,(4,4),(12.,13.),.PIECEWISE_BEZIER_KNOTS.);
#4294 = CARTESIAN_POINT('',(6.487842989596E-02,-1.009872999746,
    0.192117770828));
#4295 = CARTESIAN_POINT('',(6.190472225522E-02,-1.009872999746,
    0.190308592054));
#4296 = CARTESIAN_POINT('',(5.84007380772E-02,-1.009872999746,
    0.189393605087));
#4297 = CARTESIAN_POINT('',(5.437687494106E-02,-1.009872999746,
    0.189393605087));
#4298 = ORIENTED_EDGE('',*,*,#4299,.T.);
#4299 = EDGE_CURVE('',#4291,#637,#4300,.T.);
#4300 = LINE('',#4301,#4302);
#4301 = CARTESIAN_POINT('',(5.437687494106E-02,-1.009872999746,
    0.189393605087));
#4302 = VECTOR('',#4303,1.);
#4303 = DIRECTION('',(-1.084202172486E-16,1.,0.));
#4304 = ORIENTED_EDGE('',*,*,#645,.F.);
#4305 = B_SPLINE_SURFACE_WITH_KNOTS('',3,1,(
    (#4306,#4307)
    ,(#4308,#4309)
    ,(#4310,#4311)
    ,(#4312,#4313
    )),.UNSPECIFIED.,.F.,.F.,.F.,(4,4),(2,2),(12.,13.),(0.,1.),
  .PIECEWISE_BEZIER_KNOTS.);
#4306 = CARTESIAN_POINT('',(6.487842989596E-02,-1.009872999746,
    0.192117770828));
#4307 = CARTESIAN_POINT('',(6.487842989596E-02,-0.999872999746,
    0.192117770828));
#4308 = CARTESIAN_POINT('',(6.190472225522E-02,-1.009872999746,
    0.190308592054));
#4309 = CARTESIAN_POINT('',(6.190472225522E-02,-0.999872999746,
    0.190308592054));
#4310 = CARTESIAN_POINT('',(5.84007380772E-02,-1.009872999746,
    0.189393605087));
#4311 = CARTESIAN_POINT('',(5.84007380772E-02,-0.999872999746,
    0.189393605087));
#4312 = CARTESIAN_POINT('',(5.437687494106E-02,-1.009872999746,
    0.189393605087));
#4313 = CARTESIAN_POINT('',(5.437687494106E-02,-0.999872999746,
    0.189393605087));
#4314 = ADVANCED_FACE('',(#4315),#4334,.F.);
#4315 = FACE_BOUND('',#4316,.F.);
#4316 = EDGE_LOOP('',(#4317,#4318,#4327,#4333));
#4317 = ORIENTED_EDGE('',*,*,#4299,.F.);
#4318 = ORIENTED_EDGE('',*,*,#4319,.T.);
#4319 = EDGE_CURVE('',#4291,#4320,#4322,.T.);
#4320 = VERTEX_POINT('',#4321);
#4321 = CARTESIAN_POINT('',(4.392730788207E-02,-1.009872999746,
    0.193677407703));
#4322 = B_SPLINE_CURVE_WITH_KNOTS('',3,(#4323,#4324,#4325,#4326),
  .UNSPECIFIED.,.F.,.F.,(4,4),(11.,12.),.PIECEWISE_BEZIER_KNOTS.);
#4323 = CARTESIAN_POINT('',(5.437687494106E-02,-1.009872999746,
    0.189393605087));
#4324 = CARTESIAN_POINT('',(5.007227716757E-02,-1.009872999746,
    0.189393605087));
#4325 = CARTESIAN_POINT('',(4.658908814785E-02,-1.009872999746,
    0.190828471012));
#4326 = CARTESIAN_POINT('',(4.392730788207E-02,-1.009872999746,
    0.193677407703));
#4327 = ORIENTED_EDGE('',*,*,#4328,.T.);
#4328 = EDGE_CURVE('',#4320,#628,#4329,.T.);
#4329 = LINE('',#4330,#4331);
#4330 = CARTESIAN_POINT('',(4.392730788207E-02,-1.009872999746,
    0.193677407703));
#4331 = VECTOR('',#4332,1.);
#4332 = DIRECTION('',(-1.084202172486E-16,1.,0.));
#4333 = ORIENTED_EDGE('',*,*,#636,.F.);
#4334 = B_SPLINE_SURFACE_WITH_KNOTS('',3,1,(
    (#4335,#4336)
    ,(#4337,#4338)
    ,(#4339,#4340)
    ,(#4341,#4342
    )),.UNSPECIFIED.,.F.,.F.,.F.,(4,4),(2,2),(11.,12.),(0.,1.),
  .PIECEWISE_BEZIER_KNOTS.);
#4335 = CARTESIAN_POINT('',(5.437687494106E-02,-1.009872999746,
    0.189393605087));
#4336 = CARTESIAN_POINT('',(5.437687494106E-02,-0.999872999746,
    0.189393605087));
#4337 = CARTESIAN_POINT('',(5.007227716757E-02,-1.009872999746,
    0.189393605087));
#4338 = CARTESIAN_POINT('',(5.007227716757E-02,-0.999872999746,
    0.189393605087));
#4339 = CARTESIAN_POINT('',(4.658908814785E-02,-1.009872999746,
    0.190828471012));
#4340 = CARTESIAN_POINT('',(4.658908814785E-02,-0.999872999746,
    0.190828471012));
#4341 = CARTESIAN_POINT('',(4.392730788207E-02,-1.009872999746,
    0.193677407703));
#4342 = CARTESIAN_POINT('',(4.392730788207E-02,-0.999872999746,
    0.193677407703));
#4343 = ADVANCED_FACE('',(#4344),#4363,.F.);
#4344 = FACE_BOUND('',#4345,.F.);
#4345 = EDGE_LOOP('',(#4346,#4347,#4356,#4362));
#4346 = ORIENTED_EDGE('',*,*,#4328,.F.);
#4347 = ORIENTED_EDGE('',*,*,#4348,.T.);
#4348 = EDGE_CURVE('',#4320,#4349,#4351,.T.);
#4349 = VERTEX_POINT('',#4350);
#4350 = CARTESIAN_POINT('',(3.993463748352E-02,-1.009872999746,
    0.205281106049));
#4351 = B_SPLINE_CURVE_WITH_KNOTS('',3,(#4352,#4353,#4354,#4355),
  .UNSPECIFIED.,.F.,.F.,(4,4),(10.,11.),.PIECEWISE_BEZIER_KNOTS.);
#4352 = CARTESIAN_POINT('',(4.392730788207E-02,-1.009872999746,
    0.193677407703));
#4353 = CARTESIAN_POINT('',(4.126552761628E-02,-1.009872999746,
    0.196547139552));
#4354 = CARTESIAN_POINT('',(3.993463748352E-02,-1.009872999746,
    0.200415039));
#4355 = CARTESIAN_POINT('',(3.993463748352E-02,-1.009872999746,
    0.205281106049));
#4356 = ORIENTED_EDGE('',*,*,#4357,.T.);
#4357 = EDGE_CURVE('',#4349,#619,#4358,.T.);
#4358 = LINE('',#4359,#4360);
#4359 = CARTESIAN_POINT('',(3.993463748352E-02,-1.009872999746,
    0.205281106049));
#4360 = VECTOR('',#4361,1.);
#4361 = DIRECTION('',(-1.084202172486E-16,1.,0.));
#4362 = ORIENTED_EDGE('',*,*,#627,.F.);
#4363 = B_SPLINE_SURFACE_WITH_KNOTS('',3,1,(
    (#4364,#4365)
    ,(#4366,#4367)
    ,(#4368,#4369)
    ,(#4370,#4371
    )),.UNSPECIFIED.,.F.,.F.,.F.,(4,4),(2,2),(10.,11.),(0.,1.),
  .PIECEWISE_BEZIER_KNOTS.);
#4364 = CARTESIAN_POINT('',(4.392730788207E-02,-1.009872999746,
    0.193677407703));
#4365 = CARTESIAN_POINT('',(4.392730788207E-02,-0.999872999746,
    0.193677407703));
#4366 = CARTESIAN_POINT('',(4.126552761628E-02,-1.009872999746,
    0.196547139552));
#4367 = CARTESIAN_POINT('',(4.126552761628E-02,-0.999872999746,
    0.196547139552));
#4368 = CARTESIAN_POINT('',(3.993463748352E-02,-1.009872999746,
    0.200415039));
#4369 = CARTESIAN_POINT('',(3.993463748352E-02,-0.999872999746,
    0.200415039));
#4370 = CARTESIAN_POINT('',(3.993463748352E-02,-1.009872999746,
    0.205281106049));
#4371 = CARTESIAN_POINT('',(3.993463748352E-02,-0.999872999746,
    0.205281106049));
#4372 = ADVANCED_FACE('',(#4373),#4392,.F.);
#4373 = FACE_BOUND('',#4374,.F.);
#4374 = EDGE_LOOP('',(#4375,#4376,#4385,#4391));
#4375 = ORIENTED_EDGE('',*,*,#4357,.F.);
#4376 = ORIENTED_EDGE('',*,*,#4377,.T.);
#4377 = EDGE_CURVE('',#4349,#4378,#4380,.T.);
#4378 = VERTEX_POINT('',#4379);
#4379 = CARTESIAN_POINT('',(4.420804251957E-02,-1.009872999746,
    0.217508659145));
#4380 = B_SPLINE_CURVE_WITH_KNOTS('',3,(#4381,#4382,#4383,#4384),
  .UNSPECIFIED.,.F.,.F.,(4,4),(9.,10.),.PIECEWISE_BEZIER_KNOTS.);
#4381 = CARTESIAN_POINT('',(3.993463748352E-02,-1.009872999746,
    0.205281106049));
#4382 = CARTESIAN_POINT('',(3.993463748352E-02,-1.009872999746,
    0.210396714997));
#4383 = CARTESIAN_POINT('',(4.135910582878E-02,-1.009872999746,
    0.214472566029));
#4384 = CARTESIAN_POINT('',(4.420804251957E-02,-1.009872999746,
    0.217508659145));
#4385 = ORIENTED_EDGE('',*,*,#4386,.T.);
#4386 = EDGE_CURVE('',#4378,#610,#4387,.T.);
#4387 = LINE('',#4388,#4389);
#4388 = CARTESIAN_POINT('',(4.420804251957E-02,-1.009872999746,
    0.217508659145));
#4389 = VECTOR('',#4390,1.);
#4390 = DIRECTION('',(-1.084202172486E-16,1.,0.));
#4391 = ORIENTED_EDGE('',*,*,#618,.F.);
#4392 = B_SPLINE_SURFACE_WITH_KNOTS('',3,1,(
    (#4393,#4394)
    ,(#4395,#4396)
    ,(#4397,#4398)
    ,(#4399,#4400
    )),.UNSPECIFIED.,.F.,.F.,.F.,(4,4),(2,2),(9.,10.),(0.,1.),
  .PIECEWISE_BEZIER_KNOTS.);
#4393 = CARTESIAN_POINT('',(3.993463748352E-02,-1.009872999746,
    0.205281106049));
#4394 = CARTESIAN_POINT('',(3.993463748352E-02,-0.999872999746,
    0.205281106049));
#4395 = CARTESIAN_POINT('',(3.993463748352E-02,-1.009872999746,
    0.210396714997));
#4396 = CARTESIAN_POINT('',(3.993463748352E-02,-0.999872999746,
    0.210396714997));
#4397 = CARTESIAN_POINT('',(4.135910582878E-02,-1.009872999746,
    0.214472566029));
#4398 = CARTESIAN_POINT('',(4.135910582878E-02,-0.999872999746,
    0.214472566029));
#4399 = CARTESIAN_POINT('',(4.420804251957E-02,-1.009872999746,
    0.217508659145));
#4400 = CARTESIAN_POINT('',(4.420804251957E-02,-0.999872999746,
    0.217508659145));
#4401 = ADVANCED_FACE('',(#4402),#4421,.F.);
#4402 = FACE_BOUND('',#4403,.F.);
#4403 = EDGE_LOOP('',(#4404,#4405,#4414,#4420));
#4404 = ORIENTED_EDGE('',*,*,#4386,.F.);
#4405 = ORIENTED_EDGE('',*,*,#4406,.T.);
#4406 = EDGE_CURVE('',#4378,#4407,#4409,.T.);
#4407 = VERTEX_POINT('',#4408);
#4408 = CARTESIAN_POINT('',(5.529186190749E-02,-1.009872999746,
    0.222021208501));
#4409 = B_SPLINE_CURVE_WITH_KNOTS('',3,(#4410,#4411,#4412,#4413),
  .UNSPECIFIED.,.F.,.F.,(4,4),(8.,9.),.PIECEWISE_BEZIER_KNOTS.);
#4410 = CARTESIAN_POINT('',(4.420804251957E-02,-1.009872999746,
    0.217508659145));
#4411 = CARTESIAN_POINT('',(4.706737678937E-02,-1.009872999746,
    0.220523957102));
#4412 = CARTESIAN_POINT('',(5.075851739238E-02,-1.009872999746,
    0.222021208501));
#4413 = CARTESIAN_POINT('',(5.529186190749E-02,-1.009872999746,
    0.222021208501));
#4414 = ORIENTED_EDGE('',*,*,#4415,.T.);
#4415 = EDGE_CURVE('',#4407,#601,#4416,.T.);
#4416 = LINE('',#4417,#4418);
#4417 = CARTESIAN_POINT('',(5.529186190749E-02,-1.009872999746,
    0.222021208501));
#4418 = VECTOR('',#4419,1.);
#4419 = DIRECTION('',(-1.084202172486E-16,1.,0.));
#4420 = ORIENTED_EDGE('',*,*,#609,.F.);
#4421 = B_SPLINE_SURFACE_WITH_KNOTS('',3,1,(
    (#4422,#4423)
    ,(#4424,#4425)
    ,(#4426,#4427)
    ,(#4428,#4429
    )),.UNSPECIFIED.,.F.,.F.,.F.,(4,4),(2,2),(8.,9.),(0.,1.),
  .PIECEWISE_BEZIER_KNOTS.);
#4422 = CARTESIAN_POINT('',(4.420804251957E-02,-1.009872999746,
    0.217508659145));
#4423 = CARTESIAN_POINT('',(4.420804251957E-02,-0.999872999746,
    0.217508659145));
#4424 = CARTESIAN_POINT('',(4.706737678937E-02,-1.009872999746,
    0.220523957102));
#4425 = CARTESIAN_POINT('',(4.706737678937E-02,-0.999872999746,
    0.220523957102));
#4426 = CARTESIAN_POINT('',(5.075851739238E-02,-1.009872999746,
    0.222021208501));
#4427 = CARTESIAN_POINT('',(5.075851739238E-02,-0.999872999746,
    0.222021208501));
#4428 = CARTESIAN_POINT('',(5.529186190749E-02,-1.009872999746,
    0.222021208501));
#4429 = CARTESIAN_POINT('',(5.529186190749E-02,-0.999872999746,
    0.222021208501));
#4430 = ADVANCED_FACE('',(#4431),#4450,.F.);
#4431 = FACE_BOUND('',#4432,.F.);
#4432 = EDGE_LOOP('',(#4433,#4434,#4443,#4449));
#4433 = ORIENTED_EDGE('',*,*,#4415,.F.);
#4434 = ORIENTED_EDGE('',*,*,#4435,.T.);
#4435 = EDGE_CURVE('',#4407,#4436,#4438,.T.);
#4436 = VERTEX_POINT('',#4437);
#4437 = CARTESIAN_POINT('',(6.487842989596E-02,-1.009872999746,
    0.219608970136));
#4438 = B_SPLINE_CURVE_WITH_KNOTS('',3,(#4439,#4440,#4441,#4442),
  .UNSPECIFIED.,.F.,.F.,(4,4),(7.,8.),.PIECEWISE_BEZIER_KNOTS.);
#4439 = CARTESIAN_POINT('',(5.529186190749E-02,-1.009872999746,
    0.222021208501));
#4440 = CARTESIAN_POINT('',(5.877505092706E-02,-1.009872999746,
    0.222021208501));
#4441 = CARTESIAN_POINT('',(6.196710773026E-02,-1.009872999746,
    0.221230992485));
#4442 = CARTESIAN_POINT('',(6.487842989596E-02,-1.009872999746,
    0.219608970136));
#4443 = ORIENTED_EDGE('',*,*,#4444,.T.);
#4444 = EDGE_CURVE('',#4436,#593,#4445,.T.);
#4445 = LINE('',#4446,#4447);
#4446 = CARTESIAN_POINT('',(6.487842989596E-02,-1.009872999746,
    0.219608970136));
#4447 = VECTOR('',#4448,1.);
#4448 = DIRECTION('',(-1.084202172486E-16,1.,0.));
#4449 = ORIENTED_EDGE('',*,*,#600,.F.);
#4450 = B_SPLINE_SURFACE_WITH_KNOTS('',3,1,(
    (#4451,#4452)
    ,(#4453,#4454)
    ,(#4455,#4456)
    ,(#4457,#4458
    )),.UNSPECIFIED.,.F.,.F.,.F.,(4,4),(2,2),(7.,8.),(0.,1.),
  .PIECEWISE_BEZIER_KNOTS.);
#4451 = CARTESIAN_POINT('',(5.529186190749E-02,-1.009872999746,
    0.222021208501));
#4452 = CARTESIAN_POINT('',(5.529186190749E-02,-0.999872999746,
    0.222021208501));
#4453 = CARTESIAN_POINT('',(5.877505092706E-02,-1.009872999746,
    0.222021208501));
#4454 = CARTESIAN_POINT('',(5.877505092706E-02,-0.999872999746,
    0.222021208501));
#4455 = CARTESIAN_POINT('',(6.196710773026E-02,-1.009872999746,
    0.221230992485));
#4456 = CARTESIAN_POINT('',(6.196710773026E-02,-0.999872999746,
    0.221230992485));
#4457 = CARTESIAN_POINT('',(6.487842989596E-02,-1.009872999746,
    0.219608970136));
#4458 = CARTESIAN_POINT('',(6.487842989596E-02,-0.999872999746,
    0.219608970136));
#4459 = ADVANCED_FACE('',(#4460),#4478,.F.);
#4460 = FACE_BOUND('',#4461,.T.);
#4461 = EDGE_LOOP('',(#4462,#4463,#4471,#4477));
#4462 = ORIENTED_EDGE('',*,*,#592,.T.);
#4463 = ORIENTED_EDGE('',*,*,#4464,.F.);
#4464 = EDGE_CURVE('',#4465,#584,#4467,.T.);
#4465 = VERTEX_POINT('',#4466);
#4466 = CARTESIAN_POINT('',(6.487842989596E-02,-1.009872999746,
    0.225098891934));
#4467 = LINE('',#4468,#4469);
#4468 = CARTESIAN_POINT('',(6.487842989596E-02,-1.009872999746,
    0.225098891934));
#4469 = VECTOR('',#4470,1.);
#4470 = DIRECTION('',(-1.084202172486E-16,1.,0.));
#4471 = ORIENTED_EDGE('',*,*,#4472,.F.);
#4472 = EDGE_CURVE('',#4436,#4465,#4473,.T.);
#4473 = LINE('',#4474,#4475);
#4474 = CARTESIAN_POINT('',(6.487842989596E-02,-1.009872999746,
    0.225098891934));
#4475 = VECTOR('',#4476,1.);
#4476 = DIRECTION('',(0.,0.,1.));
#4477 = ORIENTED_EDGE('',*,*,#4444,.T.);
#4478 = PLANE('',#4479);
#4479 = AXIS2_PLACEMENT_3D('',#4480,#4481,#4482);
#4480 = CARTESIAN_POINT('',(6.487842989596E-02,-1.009872999746,
    0.225098891934));
#4481 = DIRECTION('',(-1.,-1.084202172486E-16,0.));
#4482 = DIRECTION('',(1.084202172486E-16,-1.,0.));
#4483 = ADVANCED_FACE('',(#4484),#4503,.F.);
#4484 = FACE_BOUND('',#4485,.F.);
#4485 = EDGE_LOOP('',(#4486,#4487,#4496,#4502));
#4486 = ORIENTED_EDGE('',*,*,#4464,.F.);
#4487 = ORIENTED_EDGE('',*,*,#4488,.T.);
#4488 = EDGE_CURVE('',#4465,#4489,#4491,.T.);
#4489 = VERTEX_POINT('',#4490);
#4490 = CARTESIAN_POINT('',(5.523987401159E-02,-1.009872999746,
    0.2267625046));
#4491 = B_SPLINE_CURVE_WITH_KNOTS('',3,(#4492,#4493,#4494,#4495),
  .UNSPECIFIED.,.F.,.F.,(4,4),(5.,6.),.PIECEWISE_BEZIER_KNOTS.);
#4492 = CARTESIAN_POINT('',(6.487842989596E-02,-1.009872999746,
    0.225098891934));
#4493 = CARTESIAN_POINT('',(6.234142058013E-02,-1.009872999746,
    0.226201035325));
#4494 = CARTESIAN_POINT('',(5.912856861862E-02,-1.009872999746,
    0.2267625046));
#4495 = CARTESIAN_POINT('',(5.523987401159E-02,-1.009872999746,
    0.2267625046));
#4496 = ORIENTED_EDGE('',*,*,#4497,.T.);
#4497 = EDGE_CURVE('',#4489,#575,#4498,.T.);
#4498 = LINE('',#4499,#4500);
#4499 = CARTESIAN_POINT('',(5.523987401159E-02,-1.009872999746,
    0.2267625046));
#4500 = VECTOR('',#4501,1.);
#4501 = DIRECTION('',(-1.084202172486E-16,1.,0.));
#4502 = ORIENTED_EDGE('',*,*,#583,.F.);
#4503 = B_SPLINE_SURFACE_WITH_KNOTS('',3,1,(
    (#4504,#4505)
    ,(#4506,#4507)
    ,(#4508,#4509)
    ,(#4510,#4511
    )),.UNSPECIFIED.,.F.,.F.,.F.,(4,4),(2,2),(5.,6.),(0.,1.),
  .PIECEWISE_BEZIER_KNOTS.);
#4504 = CARTESIAN_POINT('',(6.487842989596E-02,-1.009872999746,
    0.225098891934));
#4505 = CARTESIAN_POINT('',(6.487842989596E-02,-0.999872999746,
    0.225098891934));
#4506 = CARTESIAN_POINT('',(6.234142058013E-02,-1.009872999746,
    0.226201035325));
#4507 = CARTESIAN_POINT('',(6.234142058013E-02,-0.999872999746,
    0.226201035325));
#4508 = CARTESIAN_POINT('',(5.912856861862E-02,-1.009872999746,
    0.2267625046));
#4509 = CARTESIAN_POINT('',(5.912856861862E-02,-0.999872999746,
    0.2267625046));
#4510 = CARTESIAN_POINT('',(5.523987401159E-02,-1.009872999746,
    0.2267625046));
#4511 = CARTESIAN_POINT('',(5.523987401159E-02,-0.999872999746,
    0.2267625046));
#4512 = ADVANCED_FACE('',(#4513),#4532,.F.);
#4513 = FACE_BOUND('',#4514,.F.);
#4514 = EDGE_LOOP('',(#4515,#4516,#4525,#4531));
#4515 = ORIENTED_EDGE('',*,*,#4497,.F.);
#4516 = ORIENTED_EDGE('',*,*,#4517,.T.);
#4517 = EDGE_CURVE('',#4489,#4518,#4520,.T.);
#4518 = VERTEX_POINT('',#4519);
#4519 = CARTESIAN_POINT('',(4.02985527541E-02,-1.009872999746,
    0.220773499002));
#4520 = B_SPLINE_CURVE_WITH_KNOTS('',3,(#4521,#4522,#4523,#4524),
  .UNSPECIFIED.,.F.,.F.,(4,4),(4.,5.),.PIECEWISE_BEZIER_KNOTS.);
#4521 = CARTESIAN_POINT('',(5.523987401159E-02,-1.009872999746,
    0.2267625046));
#4522 = CARTESIAN_POINT('',(4.919888051788E-02,-1.009872999746,
    0.2267625046));
#4523 = CARTESIAN_POINT('',(4.421844009872E-02,-1.009872999746,
    0.224766169401));
#4524 = CARTESIAN_POINT('',(4.02985527541E-02,-1.009872999746,
    0.220773499002));
#4525 = ORIENTED_EDGE('',*,*,#4526,.T.);
#4526 = EDGE_CURVE('',#4518,#566,#4527,.T.);
#4527 = LINE('',#4528,#4529);
#4528 = CARTESIAN_POINT('',(4.02985527541E-02,-1.009872999746,
    0.220773499002));
#4529 = VECTOR('',#4530,1.);
#4530 = DIRECTION('',(-1.084202172486E-16,1.,0.));
#4531 = ORIENTED_EDGE('',*,*,#574,.F.);
#4532 = B_SPLINE_SURFACE_WITH_KNOTS('',3,1,(
    (#4533,#4534)
    ,(#4535,#4536)
    ,(#4537,#4538)
    ,(#4539,#4540
    )),.UNSPECIFIED.,.F.,.F.,.F.,(4,4),(2,2),(4.,5.),(0.,1.),
  .PIECEWISE_BEZIER_KNOTS.);
#4533 = CARTESIAN_POINT('',(5.523987401159E-02,-1.009872999746,
    0.2267625046));
#4534 = CARTESIAN_POINT('',(5.523987401159E-02,-0.999872999746,
    0.2267625046));
#4535 = CARTESIAN_POINT('',(4.919888051788E-02,-1.009872999746,
    0.2267625046));
#4536 = CARTESIAN_POINT('',(4.919888051788E-02,-0.999872999746,
    0.2267625046));
#4537 = CARTESIAN_POINT('',(4.421844009872E-02,-1.009872999746,
    0.224766169401));
#4538 = CARTESIAN_POINT('',(4.421844009872E-02,-0.999872999746,
    0.224766169401));
#4539 = CARTESIAN_POINT('',(4.02985527541E-02,-1.009872999746,
    0.220773499002));
#4540 = CARTESIAN_POINT('',(4.02985527541E-02,-0.999872999746,
    0.220773499002));
#4541 = ADVANCED_FACE('',(#4542),#4561,.F.);
#4542 = FACE_BOUND('',#4543,.F.);
#4543 = EDGE_LOOP('',(#4544,#4545,#4554,#4560));
#4544 = ORIENTED_EDGE('',*,*,#4526,.F.);
#4545 = ORIENTED_EDGE('',*,*,#4546,.T.);
#4546 = EDGE_CURVE('',#4518,#4547,#4549,.T.);
#4547 = VERTEX_POINT('',#4548);
#4548 = CARTESIAN_POINT('',(3.442392052695E-02,-1.009872999746,
    0.204969178674));
#4549 = B_SPLINE_CURVE_WITH_KNOTS('',3,(#4550,#4551,#4552,#4553),
  .UNSPECIFIED.,.F.,.F.,(4,4),(3.,4.),.PIECEWISE_BEZIER_KNOTS.);
#4550 = CARTESIAN_POINT('',(4.02985527541E-02,-1.009872999746,
    0.220773499002));
#4551 = CARTESIAN_POINT('',(3.637866540961E-02,-1.009872999746,
    0.216780828603));
#4552 = CARTESIAN_POINT('',(3.442392052695E-02,-1.009872999746,
    0.211519653547));
#4553 = CARTESIAN_POINT('',(3.442392052695E-02,-1.009872999746,
    0.204969178674));
#4554 = ORIENTED_EDGE('',*,*,#4555,.T.);
#4555 = EDGE_CURVE('',#4547,#557,#4556,.T.);
#4556 = LINE('',#4557,#4558);
#4557 = CARTESIAN_POINT('',(3.442392052695E-02,-1.009872999746,
    0.204969178674));
#4558 = VECTOR('',#4559,1.);
#4559 = DIRECTION('',(-1.084202172486E-16,1.,0.));
#4560 = ORIENTED_EDGE('',*,*,#565,.F.);
#4561 = B_SPLINE_SURFACE_WITH_KNOTS('',3,1,(
    (#4562,#4563)
    ,(#4564,#4565)
    ,(#4566,#4567)
    ,(#4568,#4569
    )),.UNSPECIFIED.,.F.,.F.,.F.,(4,4),(2,2),(3.,4.),(0.,1.),
  .PIECEWISE_BEZIER_KNOTS.);
#4562 = CARTESIAN_POINT('',(4.02985527541E-02,-1.009872999746,
    0.220773499002));
#4563 = CARTESIAN_POINT('',(4.02985527541E-02,-0.999872999746,
    0.220773499002));
#4564 = CARTESIAN_POINT('',(3.637866540961E-02,-1.009872999746,
    0.216780828603));
#4565 = CARTESIAN_POINT('',(3.637866540961E-02,-0.999872999746,
    0.216780828603));
#4566 = CARTESIAN_POINT('',(3.442392052695E-02,-1.009872999746,
    0.211519653547));
#4567 = CARTESIAN_POINT('',(3.442392052695E-02,-0.999872999746,
    0.211519653547));
#4568 = CARTESIAN_POINT('',(3.442392052695E-02,-1.009872999746,
    0.204969178674));
#4569 = CARTESIAN_POINT('',(3.442392052695E-02,-0.999872999746,
    0.204969178674));
#4570 = ADVANCED_FACE('',(#4571),#4590,.F.);
#4571 = FACE_BOUND('',#4572,.F.);
#4572 = EDGE_LOOP('',(#4573,#4574,#4583,#4589));
#4573 = ORIENTED_EDGE('',*,*,#4555,.F.);
#4574 = ORIENTED_EDGE('',*,*,#4575,.T.);
#4575 = EDGE_CURVE('',#4547,#4576,#4578,.T.);
#4576 = VERTEX_POINT('',#4577);
#4577 = CARTESIAN_POINT('',(3.964350526687E-02,-1.009872999746,
    0.190267001737));
#4578 = B_SPLINE_CURVE_WITH_KNOTS('',3,(#4579,#4580,#4581,#4582),
  .UNSPECIFIED.,.F.,.F.,(4,4),(2.,3.),.PIECEWISE_BEZIER_KNOTS.);
#4579 = CARTESIAN_POINT('',(3.442392052695E-02,-1.009872999746,
    0.204969178674));
#4580 = CARTESIAN_POINT('',(3.442392052695E-02,-1.009872999746,
    0.198876197284));
#4581 = CARTESIAN_POINT('',(3.616031624716E-02,-1.009872999746,
    0.193968539919));
#4582 = CARTESIAN_POINT('',(3.964350526687E-02,-1.009872999746,
    0.190267001737));
#4583 = ORIENTED_EDGE('',*,*,#4584,.T.);
#4584 = EDGE_CURVE('',#4576,#548,#4585,.T.);
#4585 = LINE('',#4586,#4587);
#4586 = CARTESIAN_POINT('',(3.964350526687E-02,-1.009872999746,
    0.190267001737));
#4587 = VECTOR('',#4588,1.);
#4588 = DIRECTION('',(-1.084202172486E-16,1.,0.));
#4589 = ORIENTED_EDGE('',*,*,#556,.F.);
#4590 = B_SPLINE_SURFACE_WITH_KNOTS('',3,1,(
    (#4591,#4592)
    ,(#4593,#4594)
    ,(#4595,#4596)
    ,(#4597,#4598
    )),.UNSPECIFIED.,.F.,.F.,.F.,(4,4),(2,2),(2.,3.),(0.,1.),
  .PIECEWISE_BEZIER_KNOTS.);
#4591 = CARTESIAN_POINT('',(3.442392052695E-02,-1.009872999746,
    0.204969178674));
#4592 = CARTESIAN_POINT('',(3.442392052695E-02,-0.999872999746,
    0.204969178674));
#4593 = CARTESIAN_POINT('',(3.442392052695E-02,-1.009872999746,
    0.198876197284));
#4594 = CARTESIAN_POINT('',(3.442392052695E-02,-0.999872999746,
    0.198876197284));
#4595 = CARTESIAN_POINT('',(3.616031624716E-02,-1.009872999746,
    0.193968539919));
#4596 = CARTESIAN_POINT('',(3.616031624716E-02,-0.999872999746,
    0.193968539919));
#4597 = CARTESIAN_POINT('',(3.964350526687E-02,-1.009872999746,
    0.190267001737));
#4598 = CARTESIAN_POINT('',(3.964350526687E-02,-0.999872999746,
    0.190267001737));
#4599 = ADVANCED_FACE('',(#4600),#4612,.F.);
#4600 = FACE_BOUND('',#4601,.F.);
#4601 = EDGE_LOOP('',(#4602,#4603,#4610,#4611));
#4602 = ORIENTED_EDGE('',*,*,#4584,.F.);
#4603 = ORIENTED_EDGE('',*,*,#4604,.T.);
#4604 = EDGE_CURVE('',#4576,#4230,#4605,.T.);
#4605 = B_SPLINE_CURVE_WITH_KNOTS('',3,(#4606,#4607,#4608,#4609),
  .UNSPECIFIED.,.F.,.F.,(4,4),(1.,2.),.PIECEWISE_BEZIER_KNOTS.);
#4606 = CARTESIAN_POINT('',(3.964350526687E-02,-1.009872999746,
    0.190267001737));
#4607 = CARTESIAN_POINT('',(4.312669428658E-02,-1.009872999746,
    0.186565463555));
#4608 = CARTESIAN_POINT('',(4.778480975164E-02,-1.009872999746,
    0.184714694464));
#4609 = CARTESIAN_POINT('',(5.361785166219E-02,-1.009872999746,
    0.184714694464));
#4610 = ORIENTED_EDGE('',*,*,#4229,.T.);
#4611 = ORIENTED_EDGE('',*,*,#547,.F.);
#4612 = B_SPLINE_SURFACE_WITH_KNOTS('',3,1,(
    (#4613,#4614)
    ,(#4615,#4616)
    ,(#4617,#4618)
    ,(#4619,#4620
    )),.UNSPECIFIED.,.F.,.F.,.F.,(4,4),(2,2),(1.,2.),(0.,1.),
  .PIECEWISE_BEZIER_KNOTS.);
#4613 = CARTESIAN_POINT('',(3.964350526687E-02,-1.009872999746,
    0.190267001737));
#4614 = CARTESIAN_POINT('',(3.964350526687E-02,-0.999872999746,
    0.190267001737));
#4615 = CARTESIAN_POINT('',(4.312669428658E-02,-1.009872999746,
    0.186565463555));
#4616 = CARTESIAN_POINT('',(4.312669428658E-02,-0.999872999746,
    0.186565463555));
#4617 = CARTESIAN_POINT('',(4.778480975164E-02,-1.009872999746,
    0.184714694464));
#4618 = CARTESIAN_POINT('',(4.778480975164E-02,-0.999872999746,
    0.184714694464));
#4619 = CARTESIAN_POINT('',(5.361785166219E-02,-1.009872999746,
    0.184714694464));
#4620 = CARTESIAN_POINT('',(5.361785166219E-02,-0.999872999746,
    0.184714694464));
#4621 = ADVANCED_FACE('',(#4622),#4638,.T.);
#4622 = FACE_BOUND('',#4623,.T.);
#4623 = EDGE_LOOP('',(#4624,#4625,#4626,#4627,#4628,#4629,#4630,#4631,
    #4632,#4633,#4634,#4635,#4636,#4637));
#4624 = ORIENTED_EDGE('',*,*,#4237,.T.);
#4625 = ORIENTED_EDGE('',*,*,#4274,.T.);
#4626 = ORIENTED_EDGE('',*,*,#4290,.T.);
#4627 = ORIENTED_EDGE('',*,*,#4319,.T.);
#4628 = ORIENTED_EDGE('',*,*,#4348,.T.);
#4629 = ORIENTED_EDGE('',*,*,#4377,.T.);
#4630 = ORIENTED_EDGE('',*,*,#4406,.T.);
#4631 = ORIENTED_EDGE('',*,*,#4435,.T.);
#4632 = ORIENTED_EDGE('',*,*,#4472,.T.);
#4633 = ORIENTED_EDGE('',*,*,#4488,.T.);
#4634 = ORIENTED_EDGE('',*,*,#4517,.T.);
#4635 = ORIENTED_EDGE('',*,*,#4546,.T.);
#4636 = ORIENTED_EDGE('',*,*,#4575,.T.);
#4637 = ORIENTED_EDGE('',*,*,#4604,.T.);
#4638 = PLANE('',#4639);
#4639 = AXIS2_PLACEMENT_3D('',#4640,#4641,#4642);
#4640 = CARTESIAN_POINT('',(5.981740823823E-02,-1.009872999746,
    0.185307356476));
#4641 = DIRECTION('',(0.,-1.,0.));
#4642 = DIRECTION('',(0.,0.,-1.));
#4643 = ADVANCED_FACE('',(#4644),#4669,.F.);
#4644 = FACE_BOUND('',#4645,.T.);
#4645 = EDGE_LOOP('',(#4646,#4647,#4655,#4663));
#4646 = ORIENTED_EDGE('',*,*,#762,.T.);
#4647 = ORIENTED_EDGE('',*,*,#4648,.F.);
#4648 = EDGE_CURVE('',#4649,#765,#4651,.T.);
#4649 = VERTEX_POINT('',#4650);
#4650 = CARTESIAN_POINT('',(9.489624093992E-02,-1.009872999746,
    0.190038254996));
#4651 = LINE('',#4652,#4653);
#4652 = CARTESIAN_POINT('',(9.489624093992E-02,-1.009872999746,
    0.190038254996));
#4653 = VECTOR('',#4654,1.);
#4654 = DIRECTION('',(-1.084202172486E-16,1.,0.));
#4655 = ORIENTED_EDGE('',*,*,#4656,.F.);
#4656 = EDGE_CURVE('',#4657,#4649,#4659,.T.);
#4657 = VERTEX_POINT('',#4658);
#4658 = CARTESIAN_POINT('',(9.489624093992E-02,-1.009872999746,
    0.185400934689));
#4659 = LINE('',#4660,#4661);
#4660 = CARTESIAN_POINT('',(9.489624093992E-02,-1.009872999746,
    0.190038254996));
#4661 = VECTOR('',#4662,1.);
#4662 = DIRECTION('',(0.,0.,1.));
#4663 = ORIENTED_EDGE('',*,*,#4664,.T.);
#4664 = EDGE_CURVE('',#4657,#763,#4665,.T.);
#4665 = LINE('',#4666,#4667);
#4666 = CARTESIAN_POINT('',(9.489624093992E-02,-1.009872999746,
    0.185400934689));
#4667 = VECTOR('',#4668,1.);
#4668 = DIRECTION('',(-1.084202172486E-16,1.,0.));
#4669 = PLANE('',#4670);
#4670 = AXIS2_PLACEMENT_3D('',#4671,#4672,#4673);
#4671 = CARTESIAN_POINT('',(9.489624093992E-02,-1.009872999746,
    0.190038254996));
#4672 = DIRECTION('',(-1.,-1.084202172486E-16,0.));
#4673 = DIRECTION('',(1.084202172486E-16,-1.,0.));
#4674 = ADVANCED_FACE('',(#4675),#4693,.F.);
#4675 = FACE_BOUND('',#4676,.T.);
#4676 = EDGE_LOOP('',(#4677,#4678,#4686,#4692));
#4677 = ORIENTED_EDGE('',*,*,#852,.T.);
#4678 = ORIENTED_EDGE('',*,*,#4679,.F.);
#4679 = EDGE_CURVE('',#4680,#845,#4682,.T.);
#4680 = VERTEX_POINT('',#4681);
#4681 = CARTESIAN_POINT('',(7.827051185811E-02,-1.009872999746,
    0.190038254996));
#4682 = LINE('',#4683,#4684);
#4683 = CARTESIAN_POINT('',(7.827051185811E-02,-1.009872999746,
    0.190038254996));
#4684 = VECTOR('',#4685,1.);
#4685 = DIRECTION('',(-1.084202172486E-16,1.,0.));
#4686 = ORIENTED_EDGE('',*,*,#4687,.F.);
#4687 = EDGE_CURVE('',#4649,#4680,#4688,.T.);
#4688 = LINE('',#4689,#4690);
#4689 = CARTESIAN_POINT('',(7.827051185811E-02,-1.009872999746,
    0.190038254996));
#4690 = VECTOR('',#4691,1.);
#4691 = DIRECTION('',(-1.,-0.,-0.));
#4692 = ORIENTED_EDGE('',*,*,#4648,.T.);
#4693 = PLANE('',#4694);
#4694 = AXIS2_PLACEMENT_3D('',#4695,#4696,#4697);
#4695 = CARTESIAN_POINT('',(7.827051185811E-02,-1.009872999746,
    0.190038254996));
#4696 = DIRECTION('',(0.,0.,-1.));
#4697 = DIRECTION('',(-1.,0.,0.));
#4698 = ADVANCED_FACE('',(#4699),#4717,.F.);
#4699 = FACE_BOUND('',#4700,.T.);
#4700 = EDGE_LOOP('',(#4701,#4702,#4710,#4716));
#4701 = ORIENTED_EDGE('',*,*,#844,.T.);
#4702 = ORIENTED_EDGE('',*,*,#4703,.F.);
#4703 = EDGE_CURVE('',#4704,#837,#4706,.T.);
#4704 = VERTEX_POINT('',#4705);
#4705 = CARTESIAN_POINT('',(7.827051185811E-02,-1.009872999746,
    0.203721469174));
#4706 = LINE('',#4707,#4708);
#4707 = CARTESIAN_POINT('',(7.827051185811E-02,-1.009872999746,
    0.203721469174));
#4708 = VECTOR('',#4709,1.);
#4709 = DIRECTION('',(-1.084202172486E-16,1.,0.));
#4710 = ORIENTED_EDGE('',*,*,#4711,.F.);
#4711 = EDGE_CURVE('',#4680,#4704,#4712,.T.);
#4712 = LINE('',#4713,#4714);
#4713 = CARTESIAN_POINT('',(7.827051185811E-02,-1.009872999746,
    0.203721469174));
#4714 = VECTOR('',#4715,1.);
#4715 = DIRECTION('',(0.,0.,1.));
#4716 = ORIENTED_EDGE('',*,*,#4679,.T.);
#4717 = PLANE('',#4718);
#4718 = AXIS2_PLACEMENT_3D('',#4719,#4720,#4721);
#4719 = CARTESIAN_POINT('',(7.827051185811E-02,-1.009872999746,
    0.203721469174));
#4720 = DIRECTION('',(-1.,-1.084202172486E-16,0.));
#4721 = DIRECTION('',(1.084202172486E-16,-1.,0.));
#4722 = ADVANCED_FACE('',(#4723),#4741,.F.);
#4723 = FACE_BOUND('',#4724,.T.);
#4724 = EDGE_LOOP('',(#4725,#4726,#4734,#4740));
#4725 = ORIENTED_EDGE('',*,*,#836,.T.);
#4726 = ORIENTED_EDGE('',*,*,#4727,.F.);
#4727 = EDGE_CURVE('',#4728,#829,#4730,.T.);
#4728 = VERTEX_POINT('',#4729);
#4729 = CARTESIAN_POINT('',(9.28167251073E-02,-1.009872999746,
    0.203721469174));
#4730 = LINE('',#4731,#4732);
#4731 = CARTESIAN_POINT('',(9.28167251073E-02,-1.009872999746,
    0.203721469174));
#4732 = VECTOR('',#4733,1.);
#4733 = DIRECTION('',(-1.084202172486E-16,1.,0.));
#4734 = ORIENTED_EDGE('',*,*,#4735,.F.);
#4735 = EDGE_CURVE('',#4704,#4728,#4736,.T.);
#4736 = LINE('',#4737,#4738);
#4737 = CARTESIAN_POINT('',(9.28167251073E-02,-1.009872999746,
    0.203721469174));
#4738 = VECTOR('',#4739,1.);
#4739 = DIRECTION('',(1.,0.,0.));
#4740 = ORIENTED_EDGE('',*,*,#4703,.T.);
#4741 = PLANE('',#4742);
#4742 = AXIS2_PLACEMENT_3D('',#4743,#4744,#4745);
#4743 = CARTESIAN_POINT('',(9.28167251073E-02,-1.009872999746,
    0.203721469174));
#4744 = DIRECTION('',(0.,0.,1.));
#4745 = DIRECTION('',(1.,0.,-0.));
#4746 = ADVANCED_FACE('',(#4747),#4765,.F.);
#4747 = FACE_BOUND('',#4748,.T.);
#4748 = EDGE_LOOP('',(#4749,#4750,#4758,#4764));
#4749 = ORIENTED_EDGE('',*,*,#828,.T.);
#4750 = ORIENTED_EDGE('',*,*,#4751,.F.);
#4751 = EDGE_CURVE('',#4752,#821,#4754,.T.);
#4752 = VERTEX_POINT('',#4753);
#4753 = CARTESIAN_POINT('',(9.28167251073E-02,-1.009872999746,
    0.208379584639));
#4754 = LINE('',#4755,#4756);
#4755 = CARTESIAN_POINT('',(9.28167251073E-02,-1.009872999746,
    0.208379584639));
#4756 = VECTOR('',#4757,1.);
#4757 = DIRECTION('',(-1.084202172486E-16,1.,0.));
#4758 = ORIENTED_EDGE('',*,*,#4759,.F.);
#4759 = EDGE_CURVE('',#4728,#4752,#4760,.T.);
#4760 = LINE('',#4761,#4762);
#4761 = CARTESIAN_POINT('',(9.28167251073E-02,-1.009872999746,
    0.208379584639));
#4762 = VECTOR('',#4763,1.);
#4763 = DIRECTION('',(0.,0.,1.));
#4764 = ORIENTED_EDGE('',*,*,#4727,.T.);
#4765 = PLANE('',#4766);
#4766 = AXIS2_PLACEMENT_3D('',#4767,#4768,#4769);
#4767 = CARTESIAN_POINT('',(9.28167251073E-02,-1.009872999746,
    0.208379584639));
#4768 = DIRECTION('',(-1.,-1.084202172486E-16,0.));
#4769 = DIRECTION('',(1.084202172486E-16,-1.,0.));
#4770 = ADVANCED_FACE('',(#4771),#4789,.F.);
#4771 = FACE_BOUND('',#4772,.T.);
#4772 = EDGE_LOOP('',(#4773,#4774,#4782,#4788));
#4773 = ORIENTED_EDGE('',*,*,#820,.T.);
#4774 = ORIENTED_EDGE('',*,*,#4775,.F.);
#4775 = EDGE_CURVE('',#4776,#813,#4778,.T.);
#4776 = VERTEX_POINT('',#4777);
#4777 = CARTESIAN_POINT('',(7.827051185811E-02,-1.009872999746,
    0.208379584639));
#4778 = LINE('',#4779,#4780);
#4779 = CARTESIAN_POINT('',(7.827051185811E-02,-1.009872999746,
    0.208379584639));
#4780 = VECTOR('',#4781,1.);
#4781 = DIRECTION('',(-1.084202172486E-16,1.,0.));
#4782 = ORIENTED_EDGE('',*,*,#4783,.F.);
#4783 = EDGE_CURVE('',#4752,#4776,#4784,.T.);
#4784 = LINE('',#4785,#4786);
#4785 = CARTESIAN_POINT('',(7.827051185811E-02,-1.009872999746,
    0.208379584639));
#4786 = VECTOR('',#4787,1.);
#4787 = DIRECTION('',(-1.,-0.,-0.));
#4788 = ORIENTED_EDGE('',*,*,#4751,.T.);
#4789 = PLANE('',#4790);
#4790 = AXIS2_PLACEMENT_3D('',#4791,#4792,#4793);
#4791 = CARTESIAN_POINT('',(7.827051185811E-02,-1.009872999746,
    0.208379584639));
#4792 = DIRECTION('',(0.,0.,-1.));
#4793 = DIRECTION('',(-1.,0.,0.));
#4794 = ADVANCED_FACE('',(#4795),#4813,.F.);
#4795 = FACE_BOUND('',#4796,.T.);
#4796 = EDGE_LOOP('',(#4797,#4798,#4806,#4812));
#4797 = ORIENTED_EDGE('',*,*,#812,.T.);
#4798 = ORIENTED_EDGE('',*,*,#4799,.F.);
#4799 = EDGE_CURVE('',#4800,#805,#4802,.T.);
#4800 = VERTEX_POINT('',#4801);
#4801 = CARTESIAN_POINT('',(7.827051185811E-02,-1.009872999746,
    0.221397353752));
#4802 = LINE('',#4803,#4804);
#4803 = CARTESIAN_POINT('',(7.827051185811E-02,-1.009872999746,
    0.221397353752));
#4804 = VECTOR('',#4805,1.);
#4805 = DIRECTION('',(-1.084202172486E-16,1.,0.));
#4806 = ORIENTED_EDGE('',*,*,#4807,.F.);
#4807 = EDGE_CURVE('',#4776,#4800,#4808,.T.);
#4808 = LINE('',#4809,#4810);
#4809 = CARTESIAN_POINT('',(7.827051185811E-02,-1.009872999746,
    0.221397353752));
#4810 = VECTOR('',#4811,1.);
#4811 = DIRECTION('',(0.,0.,1.));
#4812 = ORIENTED_EDGE('',*,*,#4775,.T.);
#4813 = PLANE('',#4814);
#4814 = AXIS2_PLACEMENT_3D('',#4815,#4816,#4817);
#4815 = CARTESIAN_POINT('',(7.827051185811E-02,-1.009872999746,
    0.221397353752));
#4816 = DIRECTION('',(-1.,-1.084202172486E-16,0.));
#4817 = DIRECTION('',(1.084202172486E-16,-1.,0.));
#4818 = ADVANCED_FACE('',(#4819),#4837,.F.);
#4819 = FACE_BOUND('',#4820,.T.);
#4820 = EDGE_LOOP('',(#4821,#4822,#4830,#4836));
#4821 = ORIENTED_EDGE('',*,*,#804,.T.);
#4822 = ORIENTED_EDGE('',*,*,#4823,.F.);
#4823 = EDGE_CURVE('',#4824,#797,#4826,.T.);
#4824 = VERTEX_POINT('',#4825);
#4825 = CARTESIAN_POINT('',(9.397085639449E-02,-1.009872999746,
    0.221397353752));
#4826 = LINE('',#4827,#4828);
#4827 = CARTESIAN_POINT('',(9.397085639449E-02,-1.009872999746,
    0.221397353752));
#4828 = VECTOR('',#4829,1.);
#4829 = DIRECTION('',(-1.084202172486E-16,1.,0.));
#4830 = ORIENTED_EDGE('',*,*,#4831,.F.);
#4831 = EDGE_CURVE('',#4800,#4824,#4832,.T.);
#4832 = LINE('',#4833,#4834);
#4833 = CARTESIAN_POINT('',(9.397085639449E-02,-1.009872999746,
    0.221397353752));
#4834 = VECTOR('',#4835,1.);
#4835 = DIRECTION('',(1.,0.,0.));
#4836 = ORIENTED_EDGE('',*,*,#4799,.T.);
#4837 = PLANE('',#4838);
#4838 = AXIS2_PLACEMENT_3D('',#4839,#4840,#4841);
#4839 = CARTESIAN_POINT('',(9.397085639449E-02,-1.009872999746,
    0.221397353752));
#4840 = DIRECTION('',(0.,0.,1.));
#4841 = DIRECTION('',(1.,0.,-0.));
#4842 = ADVANCED_FACE('',(#4843),#4861,.F.);
#4843 = FACE_BOUND('',#4844,.T.);
#4844 = EDGE_LOOP('',(#4845,#4846,#4854,#4860));
#4845 = ORIENTED_EDGE('',*,*,#796,.T.);
#4846 = ORIENTED_EDGE('',*,*,#4847,.F.);
#4847 = EDGE_CURVE('',#4848,#789,#4850,.T.);
#4848 = VERTEX_POINT('',#4849);
#4849 = CARTESIAN_POINT('',(9.397085639449E-02,-1.009872999746,
    0.226076264375));
#4850 = LINE('',#4851,#4852);
#4851 = CARTESIAN_POINT('',(9.397085639449E-02,-1.009872999746,
    0.226076264375));
#4852 = VECTOR('',#4853,1.);
#4853 = DIRECTION('',(-1.084202172486E-16,1.,0.));
#4854 = ORIENTED_EDGE('',*,*,#4855,.F.);
#4855 = EDGE_CURVE('',#4824,#4848,#4856,.T.);
#4856 = LINE('',#4857,#4858);
#4857 = CARTESIAN_POINT('',(9.397085639449E-02,-1.009872999746,
    0.226076264375));
#4858 = VECTOR('',#4859,1.);
#4859 = DIRECTION('',(0.,0.,1.));
#4860 = ORIENTED_EDGE('',*,*,#4823,.T.);
#4861 = PLANE('',#4862);
#4862 = AXIS2_PLACEMENT_3D('',#4863,#4864,#4865);
#4863 = CARTESIAN_POINT('',(9.397085639449E-02,-1.009872999746,
    0.226076264375));
#4864 = DIRECTION('',(-1.,-1.084202172486E-16,0.));
#4865 = DIRECTION('',(1.084202172486E-16,-1.,0.));
#4866 = ADVANCED_FACE('',(#4867),#4885,.F.);
#4867 = FACE_BOUND('',#4868,.T.);
#4868 = EDGE_LOOP('',(#4869,#4870,#4878,#4884));
#4869 = ORIENTED_EDGE('',*,*,#788,.T.);
#4870 = ORIENTED_EDGE('',*,*,#4871,.F.);
#4871 = EDGE_CURVE('',#4872,#781,#4874,.T.);
#4872 = VERTEX_POINT('',#4873);
#4873 = CARTESIAN_POINT('',(7.301973438073E-02,-1.009872999746,
    0.226076264375));
#4874 = LINE('',#4875,#4876);
#4875 = CARTESIAN_POINT('',(7.301973438073E-02,-1.009872999746,
    0.226076264375));
#4876 = VECTOR('',#4877,1.);
#4877 = DIRECTION('',(-1.084202172486E-16,1.,0.));
#4878 = ORIENTED_EDGE('',*,*,#4879,.F.);
#4879 = EDGE_CURVE('',#4848,#4872,#4880,.T.);
#4880 = LINE('',#4881,#4882);
#4881 = CARTESIAN_POINT('',(7.301973438073E-02,-1.009872999746,
    0.226076264375));
#4882 = VECTOR('',#4883,1.);
#4883 = DIRECTION('',(-1.,-0.,-0.));
#4884 = ORIENTED_EDGE('',*,*,#4847,.T.);
#4885 = PLANE('',#4886);
#4886 = AXIS2_PLACEMENT_3D('',#4887,#4888,#4889);
#4887 = CARTESIAN_POINT('',(7.301973438073E-02,-1.009872999746,
    0.226076264375));
#4888 = DIRECTION('',(0.,0.,-1.));
#4889 = DIRECTION('',(-1.,0.,0.));
#4890 = ADVANCED_FACE('',(#4891),#4909,.F.);
#4891 = FACE_BOUND('',#4892,.T.);
#4892 = EDGE_LOOP('',(#4893,#4894,#4902,#4908));
#4893 = ORIENTED_EDGE('',*,*,#780,.T.);
#4894 = ORIENTED_EDGE('',*,*,#4895,.F.);
#4895 = EDGE_CURVE('',#4896,#773,#4898,.T.);
#4896 = VERTEX_POINT('',#4897);
#4897 = CARTESIAN_POINT('',(7.301973438073E-02,-1.009872999746,
    0.185400934689));
#4898 = LINE('',#4899,#4900);
#4899 = CARTESIAN_POINT('',(7.301973438073E-02,-1.009872999746,
    0.185400934689));
#4900 = VECTOR('',#4901,1.);
#4901 = DIRECTION('',(-1.084202172486E-16,1.,0.));
#4902 = ORIENTED_EDGE('',*,*,#4903,.F.);
#4903 = EDGE_CURVE('',#4872,#4896,#4904,.T.);
#4904 = LINE('',#4905,#4906);
#4905 = CARTESIAN_POINT('',(7.301973438073E-02,-1.009872999746,
    0.185400934689));
#4906 = VECTOR('',#4907,1.);
#4907 = DIRECTION('',(-0.,-0.,-1.));
#4908 = ORIENTED_EDGE('',*,*,#4871,.T.);
#4909 = PLANE('',#4910);
#4910 = AXIS2_PLACEMENT_3D('',#4911,#4912,#4913);
#4911 = CARTESIAN_POINT('',(7.301973438073E-02,-1.009872999746,
    0.185400934689));
#4912 = DIRECTION('',(1.,1.084202172486E-16,0.));
#4913 = DIRECTION('',(-1.084202172486E-16,1.,0.));
#4914 = ADVANCED_FACE('',(#4915),#4926,.F.);
#4915 = FACE_BOUND('',#4916,.T.);
#4916 = EDGE_LOOP('',(#4917,#4918,#4919,#4925));
#4917 = ORIENTED_EDGE('',*,*,#772,.T.);
#4918 = ORIENTED_EDGE('',*,*,#4664,.F.);
#4919 = ORIENTED_EDGE('',*,*,#4920,.F.);
#4920 = EDGE_CURVE('',#4896,#4657,#4921,.T.);
#4921 = LINE('',#4922,#4923);
#4922 = CARTESIAN_POINT('',(9.489624093992E-02,-1.009872999746,
    0.185400934689));
#4923 = VECTOR('',#4924,1.);
#4924 = DIRECTION('',(1.,0.,0.));
#4925 = ORIENTED_EDGE('',*,*,#4895,.T.);
#4926 = PLANE('',#4927);
#4927 = AXIS2_PLACEMENT_3D('',#4928,#4929,#4930);
#4928 = CARTESIAN_POINT('',(9.489624093992E-02,-1.009872999746,
    0.185400934689));
#4929 = DIRECTION('',(0.,0.,1.));
#4930 = DIRECTION('',(1.,0.,-0.));
#4931 = ADVANCED_FACE('',(#4932),#4946,.F.);
#4932 = FACE_BOUND('',#4933,.T.);
#4933 = EDGE_LOOP('',(#4934,#4935,#4936,#4937,#4938,#4939,#4940,#4941,
    #4942,#4943,#4944,#4945));
#4934 = ORIENTED_EDGE('',*,*,#4656,.T.);
#4935 = ORIENTED_EDGE('',*,*,#4687,.T.);
#4936 = ORIENTED_EDGE('',*,*,#4711,.T.);
#4937 = ORIENTED_EDGE('',*,*,#4735,.T.);
#4938 = ORIENTED_EDGE('',*,*,#4759,.T.);
#4939 = ORIENTED_EDGE('',*,*,#4783,.T.);
#4940 = ORIENTED_EDGE('',*,*,#4807,.T.);
#4941 = ORIENTED_EDGE('',*,*,#4831,.T.);
#4942 = ORIENTED_EDGE('',*,*,#4855,.T.);
#4943 = ORIENTED_EDGE('',*,*,#4879,.T.);
#4944 = ORIENTED_EDGE('',*,*,#4903,.T.);
#4945 = ORIENTED_EDGE('',*,*,#4920,.T.);
#4946 = PLANE('',#4947);
#4947 = AXIS2_PLACEMENT_3D('',#4948,#4949,#4950);
#4948 = CARTESIAN_POINT('',(2.54000508001E-05,-1.009872999746,
    1.999999955297E-02));
#4949 = DIRECTION('',(0.,1.,0.));
#4950 = DIRECTION('',(0.,-0.,1.));
#4951 = ADVANCED_FACE('',(#4952,#5014),#5076,.T.);
#4952 = FACE_BOUND('',#4953,.T.);
#4953 = EDGE_LOOP('',(#4954,#4964,#4973,#4982,#4991,#5000,#5008));
#4954 = ORIENTED_EDGE('',*,*,#4955,.T.);
#4955 = EDGE_CURVE('',#4956,#4958,#4960,.T.);
#4956 = VERTEX_POINT('',#4957);
#4957 = CARTESIAN_POINT('',(0.102580051942,-1.009872999746,
    0.185400934689));
#4958 = VERTEX_POINT('',#4959);
#4959 = CARTESIAN_POINT('',(0.113767847121,-1.009872999746,
    0.185400934689));
#4960 = LINE('',#4961,#4962);
#4961 = CARTESIAN_POINT('',(0.113767847121,-1.009872999746,
    0.185400934689));
#4962 = VECTOR('',#4963,1.);
#4963 = DIRECTION('',(1.,0.,0.));
#4964 = ORIENTED_EDGE('',*,*,#4965,.T.);
#4965 = EDGE_CURVE('',#4958,#4966,#4968,.T.);
#4966 = VERTEX_POINT('',#4967);
#4967 = CARTESIAN_POINT('',(0.12956176987,-1.009872999746,0.19109880807)
  );
#4968 = B_SPLINE_CURVE_WITH_KNOTS('',3,(#4969,#4970,#4971,#4972),
  .UNSPECIFIED.,.F.,.F.,(4,4),(5.,6.),.PIECEWISE_BEZIER_KNOTS.);
#4969 = CARTESIAN_POINT('',(0.113767847121,-1.009872999746,
    0.185400934689));
#4970 = CARTESIAN_POINT('',(0.120203948623,-1.009872999746,
    0.185400934689));
#4971 = CARTESIAN_POINT('',(0.125475521259,-1.009872999746,
    0.187293294097));
#4972 = CARTESIAN_POINT('',(0.12956176987,-1.009872999746,0.19109880807)
  );
#4973 = ORIENTED_EDGE('',*,*,#4974,.T.);
#4974 = EDGE_CURVE('',#4966,#4975,#4977,.T.);
#4975 = VERTEX_POINT('',#4976);
#4976 = CARTESIAN_POINT('',(0.135696341576,-1.009872999746,0.20625847849
    ));
#4977 = B_SPLINE_CURVE_WITH_KNOTS('',3,(#4978,#4979,#4980,#4981),
  .UNSPECIFIED.,.F.,.F.,(4,4),(4.,5.),.PIECEWISE_BEZIER_KNOTS.);
#4978 = CARTESIAN_POINT('',(0.12956176987,-1.009872999746,0.19109880807)
  );
#4979 = CARTESIAN_POINT('',(0.133648018481,-1.009872999746,
    0.194904322044));
#4980 = CARTESIAN_POINT('',(0.135696341576,-1.009872999746,
    0.199957545517));
#4981 = CARTESIAN_POINT('',(0.135696341576,-1.009872999746,0.20625847849
    ));
#4982 = ORIENTED_EDGE('',*,*,#4983,.T.);
#4983 = EDGE_CURVE('',#4975,#4984,#4986,.T.);
#4984 = VERTEX_POINT('',#4985);
#4985 = CARTESIAN_POINT('',(0.12956176987,-1.009872999746,0.220690318369
    ));
#4986 = B_SPLINE_CURVE_WITH_KNOTS('',3,(#4987,#4988,#4989,#4990),
  .UNSPECIFIED.,.F.,.F.,(4,4),(3.,4.),.PIECEWISE_BEZIER_KNOTS.);
#4987 = CARTESIAN_POINT('',(0.135696341576,-1.009872999746,0.20625847849
    ));
#4988 = CARTESIAN_POINT('',(0.135696341576,-1.009872999746,
    0.212289074405));
#4989 = CARTESIAN_POINT('',(0.133648018481,-1.009872999746,
    0.217092755978));
#4990 = CARTESIAN_POINT('',(0.12956176987,-1.009872999746,0.220690318369
    ));
#4991 = ORIENTED_EDGE('',*,*,#4992,.T.);
#4992 = EDGE_CURVE('',#4984,#4993,#4995,.T.);
#4993 = VERTEX_POINT('',#4994);
#4994 = CARTESIAN_POINT('',(0.114183750288,-1.009872999746,
    0.226076264375));
#4995 = B_SPLINE_CURVE_WITH_KNOTS('',3,(#4996,#4997,#4998,#4999),
  .UNSPECIFIED.,.F.,.F.,(4,4),(2.,3.),.PIECEWISE_BEZIER_KNOTS.);
#4996 = CARTESIAN_POINT('',(0.12956176987,-1.009872999746,0.220690318369
    ));
#4997 = CARTESIAN_POINT('',(0.125475521259,-1.009872999746,
    0.224287880759));
#4998 = CARTESIAN_POINT('',(0.120349514731,-1.009872999746,
    0.226076264375));
#4999 = CARTESIAN_POINT('',(0.114183750288,-1.009872999746,
    0.226076264375));
#5000 = ORIENTED_EDGE('',*,*,#5001,.T.);
#5001 = EDGE_CURVE('',#4993,#5002,#5004,.T.);
#5002 = VERTEX_POINT('',#5003);
#5003 = CARTESIAN_POINT('',(0.102580051942,-1.009872999746,
    0.226076264375));
#5004 = LINE('',#5005,#5006);
#5005 = CARTESIAN_POINT('',(0.102580051942,-1.009872999746,
    0.226076264375));
#5006 = VECTOR('',#5007,1.);
#5007 = DIRECTION('',(-1.,-0.,-0.));
#5008 = ORIENTED_EDGE('',*,*,#5009,.T.);
#5009 = EDGE_CURVE('',#5002,#4956,#5010,.T.);
#5010 = LINE('',#5011,#5012);
#5011 = CARTESIAN_POINT('',(0.102580051942,-1.009872999746,
    0.185400934689));
#5012 = VECTOR('',#5013,1.);
#5013 = DIRECTION('',(-0.,-0.,-1.));
#5014 = FACE_BOUND('',#5015,.T.);
#5015 = EDGE_LOOP('',(#5016,#5026,#5034,#5043,#5052,#5061,#5070));
#5016 = ORIENTED_EDGE('',*,*,#5017,.F.);
#5017 = EDGE_CURVE('',#5018,#5020,#5022,.T.);
#5018 = VERTEX_POINT('',#5019);
#5019 = CARTESIAN_POINT('',(0.107830829419,-1.009872999746,
    0.221397353752));
#5020 = VERTEX_POINT('',#5021);
#5021 = CARTESIAN_POINT('',(0.107830829419,-1.009872999746,
    0.190038254996));
#5022 = LINE('',#5023,#5024);
#5023 = CARTESIAN_POINT('',(0.107830829419,-1.009872999746,
    0.221397353752));
#5024 = VECTOR('',#5025,1.);
#5025 = DIRECTION('',(0.,0.,-1.));
#5026 = ORIENTED_EDGE('',*,*,#5027,.F.);
#5027 = EDGE_CURVE('',#5028,#5018,#5030,.T.);
#5028 = VERTEX_POINT('',#5029);
#5029 = CARTESIAN_POINT('',(0.113975798704,-1.009872999746,
    0.221397353752));
#5030 = LINE('',#5031,#5032);
#5031 = CARTESIAN_POINT('',(0.113975798704,-1.009872999746,
    0.221397353752));
#5032 = VECTOR('',#5033,1.);
#5033 = DIRECTION('',(-1.,0.,0.));
#5034 = ORIENTED_EDGE('',*,*,#5035,.F.);
#5035 = EDGE_CURVE('',#5036,#5028,#5038,.T.);
#5036 = VERTEX_POINT('',#5037);
#5037 = CARTESIAN_POINT('',(0.12571466558,-1.009872999746,0.21757104462)
  );
#5038 = B_SPLINE_CURVE_WITH_KNOTS('',3,(#5039,#5040,#5041,#5042),
  .UNSPECIFIED.,.F.,.F.,(4,4),(5.,6.),.PIECEWISE_BEZIER_KNOTS.);
#5039 = CARTESIAN_POINT('',(0.12571466558,-1.009872999746,0.21757104462)
  );
#5040 = CARTESIAN_POINT('',(0.122740957939,-1.009872999746,
    0.220128849094));
#5041 = CARTESIAN_POINT('',(0.118821070594,-1.009872999746,
    0.221397353752));
#5042 = CARTESIAN_POINT('',(0.113975798704,-1.009872999746,
    0.221397353752));
#5043 = ORIENTED_EDGE('',*,*,#5044,.F.);
#5044 = EDGE_CURVE('',#5045,#5036,#5047,.T.);
#5045 = VERTEX_POINT('',#5046);
#5046 = CARTESIAN_POINT('',(0.130175227041,-1.009872999746,
    0.206112912382));
#5047 = B_SPLINE_CURVE_WITH_KNOTS('',3,(#5048,#5049,#5050,#5051),
  .UNSPECIFIED.,.F.,.F.,(4,4),(4.,5.),.PIECEWISE_BEZIER_KNOTS.);
#5048 = CARTESIAN_POINT('',(0.130175227041,-1.009872999746,
    0.206112912382));
#5049 = CARTESIAN_POINT('',(0.130175227041,-1.009872999746,
    0.211186931013));
#5050 = CARTESIAN_POINT('',(0.12868837322,-1.009872999746,0.215013240146
    ));
#5051 = CARTESIAN_POINT('',(0.12571466558,-1.009872999746,0.21757104462)
  );
#5052 = ORIENTED_EDGE('',*,*,#5053,.F.);
#5053 = EDGE_CURVE('',#5054,#5045,#5056,.T.);
#5054 = VERTEX_POINT('',#5055);
#5055 = CARTESIAN_POINT('',(0.125829038951,-1.009872999746,
    0.194280467294));
#5056 = B_SPLINE_CURVE_WITH_KNOTS('',3,(#5057,#5058,#5059,#5060),
  .UNSPECIFIED.,.F.,.F.,(4,4),(3.,4.),.PIECEWISE_BEZIER_KNOTS.);
#5057 = CARTESIAN_POINT('',(0.125829038951,-1.009872999746,
    0.194280467294));
#5058 = CARTESIAN_POINT('',(0.128729963537,-1.009872999746,
    0.197087813668));
#5059 = CARTESIAN_POINT('',(0.130175227041,-1.009872999746,0.20103889375
    ));
#5060 = CARTESIAN_POINT('',(0.130175227041,-1.009872999746,
    0.206112912382));
#5061 = ORIENTED_EDGE('',*,*,#5062,.F.);
#5062 = EDGE_CURVE('',#5063,#5054,#5065,.T.);
#5063 = VERTEX_POINT('',#5064);
#5064 = CARTESIAN_POINT('',(0.113736654384,-1.009872999746,
    0.190038254996));
#5065 = B_SPLINE_CURVE_WITH_KNOTS('',3,(#5066,#5067,#5068,#5069),
  .UNSPECIFIED.,.F.,.F.,(4,4),(2.,3.),.PIECEWISE_BEZIER_KNOTS.);
#5066 = CARTESIAN_POINT('',(0.113736654384,-1.009872999746,
    0.190038254996));
#5067 = CARTESIAN_POINT('',(0.118904251228,-1.009872999746,
    0.190038254996));
#5068 = CARTESIAN_POINT('',(0.122938511943,-1.009872999746,
    0.191452325762));
#5069 = CARTESIAN_POINT('',(0.125829038951,-1.009872999746,
    0.194280467294));
#5070 = ORIENTED_EDGE('',*,*,#5071,.F.);
#5071 = EDGE_CURVE('',#5020,#5063,#5072,.T.);
#5072 = LINE('',#5073,#5074);
#5073 = CARTESIAN_POINT('',(0.107830829419,-1.009872999746,
    0.190038254996));
#5074 = VECTOR('',#5075,1.);
#5075 = DIRECTION('',(1.,0.,0.));
#5076 = PLANE('',#5077);
#5077 = AXIS2_PLACEMENT_3D('',#5078,#5079,#5080);
#5078 = CARTESIAN_POINT('',(0.122652578516,-1.009872999746,
    0.224732377268));
#5079 = DIRECTION('',(0.,-1.,0.));
#5080 = DIRECTION('',(0.,0.,-1.));
#5081 = ADVANCED_FACE('',(#5082),#5098,.F.);
#5082 = FACE_BOUND('',#5083,.T.);
#5083 = EDGE_LOOP('',(#5084,#5085,#5091,#5092));
#5084 = ORIENTED_EDGE('',*,*,#860,.T.);
#5085 = ORIENTED_EDGE('',*,*,#5086,.F.);
#5086 = EDGE_CURVE('',#4958,#863,#5087,.T.);
#5087 = LINE('',#5088,#5089);
#5088 = CARTESIAN_POINT('',(0.113767847121,-1.009872999746,
    0.185400934689));
#5089 = VECTOR('',#5090,1.);
#5090 = DIRECTION('',(-1.084202172486E-16,1.,0.));
#5091 = ORIENTED_EDGE('',*,*,#4955,.F.);
#5092 = ORIENTED_EDGE('',*,*,#5093,.T.);
#5093 = EDGE_CURVE('',#4956,#861,#5094,.T.);
#5094 = LINE('',#5095,#5096);
#5095 = CARTESIAN_POINT('',(0.102580051942,-1.009872999746,
    0.185400934689));
#5096 = VECTOR('',#5097,1.);
#5097 = DIRECTION('',(-1.084202172486E-16,1.,0.));
#5098 = PLANE('',#5099);
#5099 = AXIS2_PLACEMENT_3D('',#5100,#5101,#5102);
#5100 = CARTESIAN_POINT('',(0.113767847121,-1.009872999746,
    0.185400934689));
#5101 = DIRECTION('',(0.,0.,1.));
#5102 = DIRECTION('',(1.,0.,-0.));
#5103 = ADVANCED_FACE('',(#5104),#5115,.F.);
#5104 = FACE_BOUND('',#5105,.F.);
#5105 = EDGE_LOOP('',(#5106,#5107,#5108,#5114));
#5106 = ORIENTED_EDGE('',*,*,#5086,.F.);
#5107 = ORIENTED_EDGE('',*,*,#4965,.T.);
#5108 = ORIENTED_EDGE('',*,*,#5109,.T.);
#5109 = EDGE_CURVE('',#4966,#905,#5110,.T.);
#5110 = LINE('',#5111,#5112);
#5111 = CARTESIAN_POINT('',(0.12956176987,-1.009872999746,0.19109880807)
  );
#5112 = VECTOR('',#5113,1.);
#5113 = DIRECTION('',(-1.084202172486E-16,1.,0.));
#5114 = ORIENTED_EDGE('',*,*,#913,.F.);
#5115 = B_SPLINE_SURFACE_WITH_KNOTS('',3,1,(
    (#5116,#5117)
    ,(#5118,#5119)
    ,(#5120,#5121)
    ,(#5122,#5123
    )),.UNSPECIFIED.,.F.,.F.,.F.,(4,4),(2,2),(5.,6.),(0.,1.),
  .PIECEWISE_BEZIER_KNOTS.);
#5116 = CARTESIAN_POINT('',(0.113767847121,-1.009872999746,
    0.185400934689));
#5117 = CARTESIAN_POINT('',(0.113767847121,-0.999872999746,
    0.185400934689));
#5118 = CARTESIAN_POINT('',(0.120203948623,-1.009872999746,
    0.185400934689));
#5119 = CARTESIAN_POINT('',(0.120203948623,-0.999872999746,
    0.185400934689));
#5120 = CARTESIAN_POINT('',(0.125475521259,-1.009872999746,
    0.187293294097));
#5121 = CARTESIAN_POINT('',(0.125475521259,-0.999872999746,
    0.187293294097));
#5122 = CARTESIAN_POINT('',(0.12956176987,-1.009872999746,0.19109880807)
  );
#5123 = CARTESIAN_POINT('',(0.12956176987,-0.999872999746,0.19109880807)
  );
#5124 = ADVANCED_FACE('',(#5125),#5136,.F.);
#5125 = FACE_BOUND('',#5126,.F.);
#5126 = EDGE_LOOP('',(#5127,#5128,#5129,#5135));
#5127 = ORIENTED_EDGE('',*,*,#5109,.F.);
#5128 = ORIENTED_EDGE('',*,*,#4974,.T.);
#5129 = ORIENTED_EDGE('',*,*,#5130,.T.);
#5130 = EDGE_CURVE('',#4975,#896,#5131,.T.);
#5131 = LINE('',#5132,#5133);
#5132 = CARTESIAN_POINT('',(0.135696341576,-1.009872999746,0.20625847849
    ));
#5133 = VECTOR('',#5134,1.);
#5134 = DIRECTION('',(-1.084202172486E-16,1.,0.));
#5135 = ORIENTED_EDGE('',*,*,#904,.F.);
#5136 = B_SPLINE_SURFACE_WITH_KNOTS('',3,1,(
    (#5137,#5138)
    ,(#5139,#5140)
    ,(#5141,#5142)
    ,(#5143,#5144
    )),.UNSPECIFIED.,.F.,.F.,.F.,(4,4),(2,2),(4.,5.),(0.,1.),
  .PIECEWISE_BEZIER_KNOTS.);
#5137 = CARTESIAN_POINT('',(0.12956176987,-1.009872999746,0.19109880807)
  );
#5138 = CARTESIAN_POINT('',(0.12956176987,-0.999872999746,0.19109880807)
  );
#5139 = CARTESIAN_POINT('',(0.133648018481,-1.009872999746,
    0.194904322044));
#5140 = CARTESIAN_POINT('',(0.133648018481,-0.999872999746,
    0.194904322044));
#5141 = CARTESIAN_POINT('',(0.135696341576,-1.009872999746,
    0.199957545517));
#5142 = CARTESIAN_POINT('',(0.135696341576,-0.999872999746,
    0.199957545517));
#5143 = CARTESIAN_POINT('',(0.135696341576,-1.009872999746,0.20625847849
    ));
#5144 = CARTESIAN_POINT('',(0.135696341576,-0.999872999746,0.20625847849
    ));
#5145 = ADVANCED_FACE('',(#5146),#5157,.F.);
#5146 = FACE_BOUND('',#5147,.F.);
#5147 = EDGE_LOOP('',(#5148,#5149,#5150,#5156));
#5148 = ORIENTED_EDGE('',*,*,#5130,.F.);
#5149 = ORIENTED_EDGE('',*,*,#4983,.T.);
#5150 = ORIENTED_EDGE('',*,*,#5151,.T.);
#5151 = EDGE_CURVE('',#4984,#887,#5152,.T.);
#5152 = LINE('',#5153,#5154);
#5153 = CARTESIAN_POINT('',(0.12956176987,-1.009872999746,0.220690318369
    ));
#5154 = VECTOR('',#5155,1.);
#5155 = DIRECTION('',(-1.084202172486E-16,1.,0.));
#5156 = ORIENTED_EDGE('',*,*,#895,.F.);
#5157 = B_SPLINE_SURFACE_WITH_KNOTS('',3,1,(
    (#5158,#5159)
    ,(#5160,#5161)
    ,(#5162,#5163)
    ,(#5164,#5165
    )),.UNSPECIFIED.,.F.,.F.,.F.,(4,4),(2,2),(3.,4.),(0.,1.),
  .PIECEWISE_BEZIER_KNOTS.);
#5158 = CARTESIAN_POINT('',(0.135696341576,-1.009872999746,0.20625847849
    ));
#5159 = CARTESIAN_POINT('',(0.135696341576,-0.999872999746,0.20625847849
    ));
#5160 = CARTESIAN_POINT('',(0.135696341576,-1.009872999746,
    0.212289074405));
#5161 = CARTESIAN_POINT('',(0.135696341576,-0.999872999746,
    0.212289074405));
#5162 = CARTESIAN_POINT('',(0.133648018481,-1.009872999746,
    0.217092755978));
#5163 = CARTESIAN_POINT('',(0.133648018481,-0.999872999746,
    0.217092755978));
#5164 = CARTESIAN_POINT('',(0.12956176987,-1.009872999746,0.220690318369
    ));
#5165 = CARTESIAN_POINT('',(0.12956176987,-0.999872999746,0.220690318369
    ));
#5166 = ADVANCED_FACE('',(#5167),#5178,.F.);
#5167 = FACE_BOUND('',#5168,.F.);
#5168 = EDGE_LOOP('',(#5169,#5170,#5171,#5177));
#5169 = ORIENTED_EDGE('',*,*,#5151,.F.);
#5170 = ORIENTED_EDGE('',*,*,#4992,.T.);
#5171 = ORIENTED_EDGE('',*,*,#5172,.T.);
#5172 = EDGE_CURVE('',#4993,#879,#5173,.T.);
#5173 = LINE('',#5174,#5175);
#5174 = CARTESIAN_POINT('',(0.114183750288,-1.009872999746,
    0.226076264375));
#5175 = VECTOR('',#5176,1.);
#5176 = DIRECTION('',(-1.084202172486E-16,1.,0.));
#5177 = ORIENTED_EDGE('',*,*,#886,.F.);
#5178 = B_SPLINE_SURFACE_WITH_KNOTS('',3,1,(
    (#5179,#5180)
    ,(#5181,#5182)
    ,(#5183,#5184)
    ,(#5185,#5186
    )),.UNSPECIFIED.,.F.,.F.,.F.,(4,4),(2,2),(2.,3.),(0.,1.),
  .PIECEWISE_BEZIER_KNOTS.);
#5179 = CARTESIAN_POINT('',(0.12956176987,-1.009872999746,0.220690318369
    ));
#5180 = CARTESIAN_POINT('',(0.12956176987,-0.999872999746,0.220690318369
    ));
#5181 = CARTESIAN_POINT('',(0.125475521259,-1.009872999746,
    0.224287880759));
#5182 = CARTESIAN_POINT('',(0.125475521259,-0.999872999746,
    0.224287880759));
#5183 = CARTESIAN_POINT('',(0.120349514731,-1.009872999746,
    0.226076264375));
#5184 = CARTESIAN_POINT('',(0.120349514731,-0.999872999746,
    0.226076264375));
#5185 = CARTESIAN_POINT('',(0.114183750288,-1.009872999746,
    0.226076264375));
#5186 = CARTESIAN_POINT('',(0.114183750288,-0.999872999746,
    0.226076264375));
#5187 = ADVANCED_FACE('',(#5188),#5199,.F.);
#5188 = FACE_BOUND('',#5189,.T.);
#5189 = EDGE_LOOP('',(#5190,#5191,#5197,#5198));
#5190 = ORIENTED_EDGE('',*,*,#878,.T.);
#5191 = ORIENTED_EDGE('',*,*,#5192,.F.);
#5192 = EDGE_CURVE('',#5002,#871,#5193,.T.);
#5193 = LINE('',#5194,#5195);
#5194 = CARTESIAN_POINT('',(0.102580051942,-1.009872999746,
    0.226076264375));
#5195 = VECTOR('',#5196,1.);
#5196 = DIRECTION('',(-1.084202172486E-16,1.,0.));
#5197 = ORIENTED_EDGE('',*,*,#5001,.F.);
#5198 = ORIENTED_EDGE('',*,*,#5172,.T.);
#5199 = PLANE('',#5200);
#5200 = AXIS2_PLACEMENT_3D('',#5201,#5202,#5203);
#5201 = CARTESIAN_POINT('',(0.102580051942,-1.009872999746,
    0.226076264375));
#5202 = DIRECTION('',(0.,0.,-1.));
#5203 = DIRECTION('',(-1.,0.,0.));
#5204 = ADVANCED_FACE('',(#5205),#5211,.F.);
#5205 = FACE_BOUND('',#5206,.T.);
#5206 = EDGE_LOOP('',(#5207,#5208,#5209,#5210));
#5207 = ORIENTED_EDGE('',*,*,#870,.T.);
#5208 = ORIENTED_EDGE('',*,*,#5093,.F.);
#5209 = ORIENTED_EDGE('',*,*,#5009,.F.);
#5210 = ORIENTED_EDGE('',*,*,#5192,.T.);
#5211 = PLANE('',#5212);
#5212 = AXIS2_PLACEMENT_3D('',#5213,#5214,#5215);
#5213 = CARTESIAN_POINT('',(0.102580051942,-1.009872999746,
    0.185400934689));
#5214 = DIRECTION('',(1.,1.084202172486E-16,0.));
#5215 = DIRECTION('',(-1.084202172486E-16,1.,0.));
#5216 = ADVANCED_FACE('',(#5217),#5242,.T.);
#5217 = FACE_BOUND('',#5218,.T.);
#5218 = EDGE_LOOP('',(#5219,#5229,#5235,#5236));
#5219 = ORIENTED_EDGE('',*,*,#5220,.F.);
#5220 = EDGE_CURVE('',#5221,#5223,#5225,.T.);
#5221 = VERTEX_POINT('',#5222);
#5222 = CARTESIAN_POINT('',(0.113975798704,-0.999872999746,
    0.221397353752));
#5223 = VERTEX_POINT('',#5224);
#5224 = CARTESIAN_POINT('',(0.107830829419,-0.999872999746,
    0.221397353752));
#5225 = LINE('',#5226,#5227);
#5226 = CARTESIAN_POINT('',(0.113975798704,-0.999872999746,
    0.221397353752));
#5227 = VECTOR('',#5228,1.);
#5228 = DIRECTION('',(-1.,0.,0.));
#5229 = ORIENTED_EDGE('',*,*,#5230,.F.);
#5230 = EDGE_CURVE('',#5028,#5221,#5231,.T.);
#5231 = LINE('',#5232,#5233);
#5232 = CARTESIAN_POINT('',(0.113975798704,-1.009872999746,
    0.221397353752));
#5233 = VECTOR('',#5234,1.);
#5234 = DIRECTION('',(-1.084202172486E-16,1.,0.));
#5235 = ORIENTED_EDGE('',*,*,#5027,.T.);
#5236 = ORIENTED_EDGE('',*,*,#5237,.T.);
#5237 = EDGE_CURVE('',#5018,#5223,#5238,.T.);
#5238 = LINE('',#5239,#5240);
#5239 = CARTESIAN_POINT('',(0.107830829419,-1.009872999746,
    0.221397353752));
#5240 = VECTOR('',#5241,1.);
#5241 = DIRECTION('',(-1.084202172486E-16,1.,0.));
#5242 = PLANE('',#5243);
#5243 = AXIS2_PLACEMENT_3D('',#5244,#5245,#5246);
#5244 = CARTESIAN_POINT('',(0.113975798704,-1.009872999746,
    0.221397353752));
#5245 = DIRECTION('',(0.,0.,-1.));
#5246 = DIRECTION('',(-1.,0.,0.));
#5247 = ADVANCED_FACE('',(#5248),#5266,.T.);
#5248 = FACE_BOUND('',#5249,.T.);
#5249 = EDGE_LOOP('',(#5250,#5258,#5259,#5260));
#5250 = ORIENTED_EDGE('',*,*,#5251,.F.);
#5251 = EDGE_CURVE('',#5223,#5252,#5254,.T.);
#5252 = VERTEX_POINT('',#5253);
#5253 = CARTESIAN_POINT('',(0.107830829419,-0.999872999746,
    0.190038254996));
#5254 = LINE('',#5255,#5256);
#5255 = CARTESIAN_POINT('',(0.107830829419,-0.999872999746,
    0.221397353752));
#5256 = VECTOR('',#5257,1.);
#5257 = DIRECTION('',(0.,0.,-1.));
#5258 = ORIENTED_EDGE('',*,*,#5237,.F.);
#5259 = ORIENTED_EDGE('',*,*,#5017,.T.);
#5260 = ORIENTED_EDGE('',*,*,#5261,.T.);
#5261 = EDGE_CURVE('',#5020,#5252,#5262,.T.);
#5262 = LINE('',#5263,#5264);
#5263 = CARTESIAN_POINT('',(0.107830829419,-1.009872999746,
    0.190038254996));
#5264 = VECTOR('',#5265,1.);
#5265 = DIRECTION('',(-1.084202172486E-16,1.,0.));
#5266 = PLANE('',#5267);
#5267 = AXIS2_PLACEMENT_3D('',#5268,#5269,#5270);
#5268 = CARTESIAN_POINT('',(0.107830829419,-1.009872999746,
    0.221397353752));
#5269 = DIRECTION('',(1.,1.084202172486E-16,0.));
#5270 = DIRECTION('',(-1.084202172486E-16,1.,0.));
#5271 = ADVANCED_FACE('',(#5272),#5290,.T.);
#5272 = FACE_BOUND('',#5273,.T.);
#5273 = EDGE_LOOP('',(#5274,#5282,#5283,#5284));
#5274 = ORIENTED_EDGE('',*,*,#5275,.F.);
#5275 = EDGE_CURVE('',#5252,#5276,#5278,.T.);
#5276 = VERTEX_POINT('',#5277);
#5277 = CARTESIAN_POINT('',(0.113736654384,-0.999872999746,
    0.190038254996));
#5278 = LINE('',#5279,#5280);
#5279 = CARTESIAN_POINT('',(0.107830829419,-0.999872999746,
    0.190038254996));
#5280 = VECTOR('',#5281,1.);
#5281 = DIRECTION('',(1.,0.,0.));
#5282 = ORIENTED_EDGE('',*,*,#5261,.F.);
#5283 = ORIENTED_EDGE('',*,*,#5071,.T.);
#5284 = ORIENTED_EDGE('',*,*,#5285,.T.);
#5285 = EDGE_CURVE('',#5063,#5276,#5286,.T.);
#5286 = LINE('',#5287,#5288);
#5287 = CARTESIAN_POINT('',(0.113736654384,-1.009872999746,
    0.190038254996));
#5288 = VECTOR('',#5289,1.);
#5289 = DIRECTION('',(-1.084202172486E-16,1.,0.));
#5290 = PLANE('',#5291);
#5291 = AXIS2_PLACEMENT_3D('',#5292,#5293,#5294);
#5292 = CARTESIAN_POINT('',(0.107830829419,-1.009872999746,
    0.190038254996));
#5293 = DIRECTION('',(0.,0.,1.));
#5294 = DIRECTION('',(1.,0.,-0.));
#5295 = ADVANCED_FACE('',(#5296),#5315,.T.);
#5296 = FACE_BOUND('',#5297,.T.);
#5297 = EDGE_LOOP('',(#5298,#5307,#5308,#5309));
#5298 = ORIENTED_EDGE('',*,*,#5299,.F.);
#5299 = EDGE_CURVE('',#5276,#5300,#5302,.T.);
#5300 = VERTEX_POINT('',#5301);
#5301 = CARTESIAN_POINT('',(0.125829038951,-0.999872999746,
    0.194280467294));
#5302 = B_SPLINE_CURVE_WITH_KNOTS('',3,(#5303,#5304,#5305,#5306),
  .UNSPECIFIED.,.F.,.F.,(4,4),(2.,3.),.PIECEWISE_BEZIER_KNOTS.);
#5303 = CARTESIAN_POINT('',(0.113736654384,-0.999872999746,
    0.190038254996));
#5304 = CARTESIAN_POINT('',(0.118904251228,-0.999872999746,
    0.190038254996));
#5305 = CARTESIAN_POINT('',(0.122938511943,-0.999872999746,
    0.191452325762));
#5306 = CARTESIAN_POINT('',(0.125829038951,-0.999872999746,
    0.194280467294));
#5307 = ORIENTED_EDGE('',*,*,#5285,.F.);
#5308 = ORIENTED_EDGE('',*,*,#5062,.T.);
#5309 = ORIENTED_EDGE('',*,*,#5310,.T.);
#5310 = EDGE_CURVE('',#5054,#5300,#5311,.T.);
#5311 = LINE('',#5312,#5313);
#5312 = CARTESIAN_POINT('',(0.125829038951,-1.009872999746,
    0.194280467294));
#5313 = VECTOR('',#5314,1.);
#5314 = DIRECTION('',(-1.084202172486E-16,1.,0.));
#5315 = B_SPLINE_SURFACE_WITH_KNOTS('',3,1,(
    (#5316,#5317)
    ,(#5318,#5319)
    ,(#5320,#5321)
    ,(#5322,#5323
    )),.UNSPECIFIED.,.F.,.F.,.F.,(4,4),(2,2),(2.,3.),(0.,1.),
  .PIECEWISE_BEZIER_KNOTS.);
#5316 = CARTESIAN_POINT('',(0.113736654384,-1.009872999746,
    0.190038254996));
#5317 = CARTESIAN_POINT('',(0.113736654384,-0.999872999746,
    0.190038254996));
#5318 = CARTESIAN_POINT('',(0.118904251228,-1.009872999746,
    0.190038254996));
#5319 = CARTESIAN_POINT('',(0.118904251228,-0.999872999746,
    0.190038254996));
#5320 = CARTESIAN_POINT('',(0.122938511943,-1.009872999746,
    0.191452325762));
#5321 = CARTESIAN_POINT('',(0.122938511943,-0.999872999746,
    0.191452325762));
#5322 = CARTESIAN_POINT('',(0.125829038951,-1.009872999746,
    0.194280467294));
#5323 = CARTESIAN_POINT('',(0.125829038951,-0.999872999746,
    0.194280467294));
#5324 = ADVANCED_FACE('',(#5325),#5344,.T.);
#5325 = FACE_BOUND('',#5326,.T.);
#5326 = EDGE_LOOP('',(#5327,#5336,#5337,#5338));
#5327 = ORIENTED_EDGE('',*,*,#5328,.F.);
#5328 = EDGE_CURVE('',#5300,#5329,#5331,.T.);
#5329 = VERTEX_POINT('',#5330);
#5330 = CARTESIAN_POINT('',(0.130175227041,-0.999872999746,
    0.206112912382));
#5331 = B_SPLINE_CURVE_WITH_KNOTS('',3,(#5332,#5333,#5334,#5335),
  .UNSPECIFIED.,.F.,.F.,(4,4),(3.,4.),.PIECEWISE_BEZIER_KNOTS.);
#5332 = CARTESIAN_POINT('',(0.125829038951,-0.999872999746,
    0.194280467294));
#5333 = CARTESIAN_POINT('',(0.128729963537,-0.999872999746,
    0.197087813668));
#5334 = CARTESIAN_POINT('',(0.130175227041,-0.999872999746,0.20103889375
    ));
#5335 = CARTESIAN_POINT('',(0.130175227041,-0.999872999746,
    0.206112912382));
#5336 = ORIENTED_EDGE('',*,*,#5310,.F.);
#5337 = ORIENTED_EDGE('',*,*,#5053,.T.);
#5338 = ORIENTED_EDGE('',*,*,#5339,.T.);
#5339 = EDGE_CURVE('',#5045,#5329,#5340,.T.);
#5340 = LINE('',#5341,#5342);
#5341 = CARTESIAN_POINT('',(0.130175227041,-1.009872999746,
    0.206112912382));
#5342 = VECTOR('',#5343,1.);
#5343 = DIRECTION('',(-1.084202172486E-16,1.,0.));
#5344 = B_SPLINE_SURFACE_WITH_KNOTS('',3,1,(
    (#5345,#5346)
    ,(#5347,#5348)
    ,(#5349,#5350)
    ,(#5351,#5352
    )),.UNSPECIFIED.,.F.,.F.,.F.,(4,4),(2,2),(3.,4.),(0.,1.),
  .PIECEWISE_BEZIER_KNOTS.);
#5345 = CARTESIAN_POINT('',(0.125829038951,-1.009872999746,
    0.194280467294));
#5346 = CARTESIAN_POINT('',(0.125829038951,-0.999872999746,
    0.194280467294));
#5347 = CARTESIAN_POINT('',(0.128729963537,-1.009872999746,
    0.197087813668));
#5348 = CARTESIAN_POINT('',(0.128729963537,-0.999872999746,
    0.197087813668));
#5349 = CARTESIAN_POINT('',(0.130175227041,-1.009872999746,0.20103889375
    ));
#5350 = CARTESIAN_POINT('',(0.130175227041,-0.999872999746,0.20103889375
    ));
#5351 = CARTESIAN_POINT('',(0.130175227041,-1.009872999746,
    0.206112912382));
#5352 = CARTESIAN_POINT('',(0.130175227041,-0.999872999746,
    0.206112912382));
#5353 = ADVANCED_FACE('',(#5354),#5373,.T.);
#5354 = FACE_BOUND('',#5355,.T.);
#5355 = EDGE_LOOP('',(#5356,#5365,#5366,#5367));
#5356 = ORIENTED_EDGE('',*,*,#5357,.F.);
#5357 = EDGE_CURVE('',#5329,#5358,#5360,.T.);
#5358 = VERTEX_POINT('',#5359);
#5359 = CARTESIAN_POINT('',(0.12571466558,-0.999872999746,0.21757104462)
  );
#5360 = B_SPLINE_CURVE_WITH_KNOTS('',3,(#5361,#5362,#5363,#5364),
  .UNSPECIFIED.,.F.,.F.,(4,4),(4.,5.),.PIECEWISE_BEZIER_KNOTS.);
#5361 = CARTESIAN_POINT('',(0.130175227041,-0.999872999746,
    0.206112912382));
#5362 = CARTESIAN_POINT('',(0.130175227041,-0.999872999746,
    0.211186931013));
#5363 = CARTESIAN_POINT('',(0.12868837322,-0.999872999746,0.215013240146
    ));
#5364 = CARTESIAN_POINT('',(0.12571466558,-0.999872999746,0.21757104462)
  );
#5365 = ORIENTED_EDGE('',*,*,#5339,.F.);
#5366 = ORIENTED_EDGE('',*,*,#5044,.T.);
#5367 = ORIENTED_EDGE('',*,*,#5368,.T.);
#5368 = EDGE_CURVE('',#5036,#5358,#5369,.T.);
#5369 = LINE('',#5370,#5371);
#5370 = CARTESIAN_POINT('',(0.12571466558,-1.009872999746,0.21757104462)
  );
#5371 = VECTOR('',#5372,1.);
#5372 = DIRECTION('',(-1.084202172486E-16,1.,0.));
#5373 = B_SPLINE_SURFACE_WITH_KNOTS('',3,1,(
    (#5374,#5375)
    ,(#5376,#5377)
    ,(#5378,#5379)
    ,(#5380,#5381
    )),.UNSPECIFIED.,.F.,.F.,.F.,(4,4),(2,2),(4.,5.),(0.,1.),
  .PIECEWISE_BEZIER_KNOTS.);
#5374 = CARTESIAN_POINT('',(0.130175227041,-1.009872999746,
    0.206112912382));
#5375 = CARTESIAN_POINT('',(0.130175227041,-0.999872999746,
    0.206112912382));
#5376 = CARTESIAN_POINT('',(0.130175227041,-1.009872999746,
    0.211186931013));
#5377 = CARTESIAN_POINT('',(0.130175227041,-0.999872999746,
    0.211186931013));
#5378 = CARTESIAN_POINT('',(0.12868837322,-1.009872999746,0.215013240146
    ));
#5379 = CARTESIAN_POINT('',(0.12868837322,-0.999872999746,0.215013240146
    ));
#5380 = CARTESIAN_POINT('',(0.12571466558,-1.009872999746,0.21757104462)
  );
#5381 = CARTESIAN_POINT('',(0.12571466558,-0.999872999746,0.21757104462)
  );
#5382 = ADVANCED_FACE('',(#5383),#5395,.T.);
#5383 = FACE_BOUND('',#5384,.T.);
#5384 = EDGE_LOOP('',(#5385,#5392,#5393,#5394));
#5385 = ORIENTED_EDGE('',*,*,#5386,.F.);
#5386 = EDGE_CURVE('',#5358,#5221,#5387,.T.);
#5387 = B_SPLINE_CURVE_WITH_KNOTS('',3,(#5388,#5389,#5390,#5391),
  .UNSPECIFIED.,.F.,.F.,(4,4),(5.,6.),.PIECEWISE_BEZIER_KNOTS.);
#5388 = CARTESIAN_POINT('',(0.12571466558,-0.999872999746,0.21757104462)
  );
#5389 = CARTESIAN_POINT('',(0.122740957939,-0.999872999746,
    0.220128849094));
#5390 = CARTESIAN_POINT('',(0.118821070594,-0.999872999746,
    0.221397353752));
#5391 = CARTESIAN_POINT('',(0.113975798704,-0.999872999746,
    0.221397353752));
#5392 = ORIENTED_EDGE('',*,*,#5368,.F.);
#5393 = ORIENTED_EDGE('',*,*,#5035,.T.);
#5394 = ORIENTED_EDGE('',*,*,#5230,.T.);
#5395 = B_SPLINE_SURFACE_WITH_KNOTS('',3,1,(
    (#5396,#5397)
    ,(#5398,#5399)
    ,(#5400,#5401)
    ,(#5402,#5403
    )),.UNSPECIFIED.,.F.,.F.,.F.,(4,4),(2,2),(5.,6.),(0.,1.),
  .PIECEWISE_BEZIER_KNOTS.);
#5396 = CARTESIAN_POINT('',(0.12571466558,-1.009872999746,0.21757104462)
  );
#5397 = CARTESIAN_POINT('',(0.12571466558,-0.999872999746,0.21757104462)
  );
#5398 = CARTESIAN_POINT('',(0.122740957939,-1.009872999746,
    0.220128849094));
#5399 = CARTESIAN_POINT('',(0.122740957939,-0.999872999746,
    0.220128849094));
#5400 = CARTESIAN_POINT('',(0.118821070594,-1.009872999746,
    0.221397353752));
#5401 = CARTESIAN_POINT('',(0.118821070594,-0.999872999746,
    0.221397353752));
#5402 = CARTESIAN_POINT('',(0.113975798704,-1.009872999746,
    0.221397353752));
#5403 = CARTESIAN_POINT('',(0.113975798704,-0.999872999746,
    0.221397353752));
#5404 = ADVANCED_FACE('',(#5405),#5414,.F.);
#5405 = FACE_BOUND('',#5406,.T.);
#5406 = EDGE_LOOP('',(#5407,#5408,#5409,#5410,#5411,#5412,#5413));
#5407 = ORIENTED_EDGE('',*,*,#5386,.T.);
#5408 = ORIENTED_EDGE('',*,*,#5220,.T.);
#5409 = ORIENTED_EDGE('',*,*,#5251,.T.);
#5410 = ORIENTED_EDGE('',*,*,#5275,.T.);
#5411 = ORIENTED_EDGE('',*,*,#5299,.T.);
#5412 = ORIENTED_EDGE('',*,*,#5328,.T.);
#5413 = ORIENTED_EDGE('',*,*,#5357,.T.);
#5414 = PLANE('',#5415);
#5415 = AXIS2_PLACEMENT_3D('',#5416,#5417,#5418);
#5416 = CARTESIAN_POINT('',(1.000025400051,-0.999872999746,
    0.299999999553));
#5417 = DIRECTION('',(-1.084202172486E-16,1.,0.));
#5418 = DIRECTION('',(-1.,-1.084202172486E-16,0.));
#5419 = ADVANCED_FACE('',(#5420,#5486),#5538,.F.);
#5420 = FACE_BOUND('',#5421,.T.);
#5421 = EDGE_LOOP('',(#5422,#5432,#5440,#5448,#5456,#5464,#5472,#5480));
#5422 = ORIENTED_EDGE('',*,*,#5423,.T.);
#5423 = EDGE_CURVE('',#5424,#5426,#5428,.T.);
#5424 = VERTEX_POINT('',#5425);
#5425 = CARTESIAN_POINT('',(0.174552094909,-1.009872999746,
    0.185400934689));
#5426 = VERTEX_POINT('',#5427);
#5427 = CARTESIAN_POINT('',(0.159059701956,-1.009872999746,
    0.226076264375));
#5428 = LINE('',#5429,#5430);
#5429 = CARTESIAN_POINT('',(0.159059701956,-1.009872999746,
    0.226076264375));
#5430 = VECTOR('',#5431,1.);
#5431 = DIRECTION('',(-0.35593572437,0.,0.934510438742));
#5432 = ORIENTED_EDGE('',*,*,#5433,.T.);
#5433 = EDGE_CURVE('',#5426,#5434,#5436,.T.);
#5434 = VERTEX_POINT('',#5435);
#5435 = CARTESIAN_POINT('',(0.153445009208,-1.009872999746,
    0.226076264375));
#5436 = LINE('',#5437,#5438);
#5437 = CARTESIAN_POINT('',(0.153445009208,-1.009872999746,
    0.226076264375));
#5438 = VECTOR('',#5439,1.);
#5439 = DIRECTION('',(-1.,-0.,-0.));
#5440 = ORIENTED_EDGE('',*,*,#5441,.T.);
#5441 = EDGE_CURVE('',#5434,#5442,#5444,.T.);
#5442 = VERTEX_POINT('',#5443);
#5443 = CARTESIAN_POINT('',(0.137952616255,-1.009872999746,
    0.185400934689));
#5444 = LINE('',#5445,#5446);
#5445 = CARTESIAN_POINT('',(0.137952616255,-1.009872999746,
    0.185400934689));
#5446 = VECTOR('',#5447,1.);
#5447 = DIRECTION('',(-0.355935724364,-0.,-0.934510438744));
#5448 = ORIENTED_EDGE('',*,*,#5449,.T.);
#5449 = EDGE_CURVE('',#5442,#5450,#5452,.T.);
#5450 = VERTEX_POINT('',#5451);
#5451 = CARTESIAN_POINT('',(0.143754465428,-1.009872999746,
    0.185400934689));
#5452 = LINE('',#5453,#5454);
#5453 = CARTESIAN_POINT('',(0.143754465428,-1.009872999746,
    0.185400934689));
#5454 = VECTOR('',#5455,1.);
#5455 = DIRECTION('',(1.,0.,0.));
#5456 = ORIENTED_EDGE('',*,*,#5457,.T.);
#5457 = EDGE_CURVE('',#5450,#5458,#5460,.T.);
#5458 = VERTEX_POINT('',#5459);
#5459 = CARTESIAN_POINT('',(0.147663955193,-1.009872999746,
    0.196526344393));
#5460 = LINE('',#5461,#5462);
#5461 = CARTESIAN_POINT('',(0.147663955193,-1.009872999746,
    0.196526344393));
#5462 = VECTOR('',#5463,1.);
#5463 = DIRECTION('',(0.33152841835,0.,0.943445233083));
#5464 = ORIENTED_EDGE('',*,*,#5465,.T.);
#5465 = EDGE_CURVE('',#5458,#5466,#5468,.T.);
#5466 = VERTEX_POINT('',#5467);
#5467 = CARTESIAN_POINT('',(0.16460161165,-1.009872999746,0.196526344393
    ));
#5468 = LINE('',#5469,#5470);
#5469 = CARTESIAN_POINT('',(0.16460161165,-1.009872999746,0.196526344393
    ));
#5470 = VECTOR('',#5471,1.);
#5471 = DIRECTION('',(1.,0.,0.));
#5472 = ORIENTED_EDGE('',*,*,#5473,.T.);
#5473 = EDGE_CURVE('',#5466,#5474,#5476,.T.);
#5474 = VERTEX_POINT('',#5475);
#5475 = CARTESIAN_POINT('',(0.168750245736,-1.009872999746,
    0.185400934689));
#5476 = LINE('',#5477,#5478);
#5477 = CARTESIAN_POINT('',(0.168750245736,-1.009872999746,
    0.185400934689));
#5478 = VECTOR('',#5479,1.);
#5479 = DIRECTION('',(0.349395479469,0.,-0.936975345954));
#5480 = ORIENTED_EDGE('',*,*,#5481,.T.);
#5481 = EDGE_CURVE('',#5474,#5424,#5482,.T.);
#5482 = LINE('',#5483,#5484);
#5483 = CARTESIAN_POINT('',(0.174552094909,-1.009872999746,
    0.185400934689));
#5484 = VECTOR('',#5485,1.);
#5485 = DIRECTION('',(1.,0.,0.));
#5486 = FACE_BOUND('',#5487,.T.);
#5487 = EDGE_LOOP('',(#5488,#5498,#5506,#5515,#5523,#5532));
#5488 = ORIENTED_EDGE('',*,*,#5489,.F.);
#5489 = EDGE_CURVE('',#5490,#5492,#5494,.T.);
#5490 = VERTEX_POINT('',#5491);
#5491 = CARTESIAN_POINT('',(0.149327567859,-1.009872999746,
    0.201122074384));
#5492 = VERTEX_POINT('',#5493);
#5493 = CARTESIAN_POINT('',(0.1629795893,-1.009872999746,0.201122074384)
  );
#5494 = LINE('',#5495,#5496);
#5495 = CARTESIAN_POINT('',(0.149327567859,-1.009872999746,
    0.201122074384));
#5496 = VECTOR('',#5497,1.);
#5497 = DIRECTION('',(1.,0.,0.));
#5498 = ORIENTED_EDGE('',*,*,#5499,.F.);
#5499 = EDGE_CURVE('',#5500,#5490,#5502,.T.);
#5500 = VERTEX_POINT('',#5501);
#5501 = CARTESIAN_POINT('',(0.15541015167,-1.009872999746,0.218028538103
    ));
#5502 = LINE('',#5503,#5504);
#5503 = CARTESIAN_POINT('',(0.15541015167,-1.009872999746,0.218028538103
    ));
#5504 = VECTOR('',#5505,1.);
#5505 = DIRECTION('',(-0.338535034314,0.,-0.940953787676));
#5506 = ORIENTED_EDGE('',*,*,#5507,.F.);
#5507 = EDGE_CURVE('',#5508,#5500,#5510,.T.);
#5508 = VERTEX_POINT('',#5509);
#5509 = CARTESIAN_POINT('',(0.156075596736,-1.009872999746,
    0.220877474794));
#5510 = B_SPLINE_CURVE_WITH_KNOTS('',3,(#5511,#5512,#5513,#5514),
  .UNSPECIFIED.,.F.,.F.,(4,4),(3.,4.),.PIECEWISE_BEZIER_KNOTS.);
#5511 = CARTESIAN_POINT('',(0.156075596736,-1.009872999746,
    0.220877474794));
#5512 = CARTESIAN_POINT('',(0.155878042732,-1.009872999746,
    0.219650560452));
#5513 = CARTESIAN_POINT('',(0.15565969357,-1.009872999746,0.218693983169
    ));
#5514 = CARTESIAN_POINT('',(0.15541015167,-1.009872999746,0.218028538103
    ));
#5515 = ORIENTED_EDGE('',*,*,#5516,.F.);
#5516 = EDGE_CURVE('',#5517,#5508,#5519,.T.);
#5517 = VERTEX_POINT('',#5518);
#5518 = CARTESIAN_POINT('',(0.156200367686,-1.009872999746,
    0.220877474794));
#5519 = LINE('',#5520,#5521);
#5520 = CARTESIAN_POINT('',(0.156200367686,-1.009872999746,
    0.220877474794));
#5521 = VECTOR('',#5522,1.);
#5522 = DIRECTION('',(-1.,0.,0.));
#5523 = ORIENTED_EDGE('',*,*,#5524,.F.);
#5524 = EDGE_CURVE('',#5525,#5517,#5527,.T.);
#5525 = VERTEX_POINT('',#5526);
#5526 = CARTESIAN_POINT('',(0.156834620015,-1.009872999746,
    0.218028538103));
#5527 = B_SPLINE_CURVE_WITH_KNOTS('',3,(#5528,#5529,#5530,#5531),
  .UNSPECIFIED.,.F.,.F.,(4,4),(1.,2.),.PIECEWISE_BEZIER_KNOTS.);
#5528 = CARTESIAN_POINT('',(0.156834620015,-1.009872999746,
    0.218028538103));
#5529 = CARTESIAN_POINT('',(0.156637066011,-1.009872999746,
    0.218590007378));
#5530 = CARTESIAN_POINT('',(0.156429114428,-1.009872999746,
    0.219525789502));
#5531 = CARTESIAN_POINT('',(0.156200367686,-1.009872999746,
    0.220877474794));
#5532 = ORIENTED_EDGE('',*,*,#5533,.F.);
#5533 = EDGE_CURVE('',#5492,#5525,#5534,.T.);
#5534 = LINE('',#5535,#5536);
#5535 = CARTESIAN_POINT('',(0.1629795893,-1.009872999746,0.201122074384)
  );
#5536 = VECTOR('',#5537,1.);
#5537 = DIRECTION('',(-0.341603830682,0.,0.939844041777));
#5538 = PLANE('',#5539);
#5539 = AXIS2_PLACEMENT_3D('',#5540,#5541,#5542);
#5540 = CARTESIAN_POINT('',(2.54000508001E-05,-1.009872999746,
    1.999999955297E-02));
#5541 = DIRECTION('',(0.,1.,0.));
#5542 = DIRECTION('',(0.,-0.,1.));
#5543 = ADVANCED_FACE('',(#5544),#5560,.F.);
#5544 = FACE_BOUND('',#5545,.T.);
#5545 = EDGE_LOOP('',(#5546,#5547,#5553,#5554));
#5546 = ORIENTED_EDGE('',*,*,#922,.T.);
#5547 = ORIENTED_EDGE('',*,*,#5548,.F.);
#5548 = EDGE_CURVE('',#5426,#925,#5549,.T.);
#5549 = LINE('',#5550,#5551);
#5550 = CARTESIAN_POINT('',(0.159059701956,-1.009872999746,
    0.226076264375));
#5551 = VECTOR('',#5552,1.);
#5552 = DIRECTION('',(-1.084202172486E-16,1.,0.));
#5553 = ORIENTED_EDGE('',*,*,#5423,.F.);
#5554 = ORIENTED_EDGE('',*,*,#5555,.T.);
#5555 = EDGE_CURVE('',#5424,#923,#5556,.T.);
#5556 = LINE('',#5557,#5558);
#5557 = CARTESIAN_POINT('',(0.174552094909,-1.009872999746,
    0.185400934689));
#5558 = VECTOR('',#5559,1.);
#5559 = DIRECTION('',(-1.084202172486E-16,1.,0.));
#5560 = PLANE('',#5561);
#5561 = AXIS2_PLACEMENT_3D('',#5562,#5563,#5564);
#5562 = CARTESIAN_POINT('',(0.159059701956,-1.009872999746,
    0.226076264375));
#5563 = DIRECTION('',(-0.934510438742,-1.013198247894E-16,-0.35593572437
    ));
#5564 = DIRECTION('',(-0.35593572437,0.,0.934510438742));
#5565 = ADVANCED_FACE('',(#5566),#5577,.F.);
#5566 = FACE_BOUND('',#5567,.T.);
#5567 = EDGE_LOOP('',(#5568,#5569,#5575,#5576));
#5568 = ORIENTED_EDGE('',*,*,#980,.T.);
#5569 = ORIENTED_EDGE('',*,*,#5570,.F.);
#5570 = EDGE_CURVE('',#5434,#973,#5571,.T.);
#5571 = LINE('',#5572,#5573);
#5572 = CARTESIAN_POINT('',(0.153445009208,-1.009872999746,
    0.226076264375));
#5573 = VECTOR('',#5574,1.);
#5574 = DIRECTION('',(-1.084202172486E-16,1.,0.));
#5575 = ORIENTED_EDGE('',*,*,#5433,.F.);
#5576 = ORIENTED_EDGE('',*,*,#5548,.T.);
#5577 = PLANE('',#5578);
#5578 = AXIS2_PLACEMENT_3D('',#5579,#5580,#5581);
#5579 = CARTESIAN_POINT('',(0.153445009208,-1.009872999746,
    0.226076264375));
#5580 = DIRECTION('',(0.,0.,-1.));
#5581 = DIRECTION('',(-1.,0.,0.));
#5582 = ADVANCED_FACE('',(#5583),#5594,.F.);
#5583 = FACE_BOUND('',#5584,.T.);
#5584 = EDGE_LOOP('',(#5585,#5586,#5592,#5593));
#5585 = ORIENTED_EDGE('',*,*,#972,.T.);
#5586 = ORIENTED_EDGE('',*,*,#5587,.F.);
#5587 = EDGE_CURVE('',#5442,#965,#5588,.T.);
#5588 = LINE('',#5589,#5590);
#5589 = CARTESIAN_POINT('',(0.137952616255,-1.009872999746,
    0.185400934689));
#5590 = VECTOR('',#5591,1.);
#5591 = DIRECTION('',(-1.084202172486E-16,1.,0.));
#5592 = ORIENTED_EDGE('',*,*,#5441,.F.);
#5593 = ORIENTED_EDGE('',*,*,#5570,.T.);
#5594 = PLANE('',#5595);
#5595 = AXIS2_PLACEMENT_3D('',#5596,#5597,#5598);
#5596 = CARTESIAN_POINT('',(0.137952616255,-1.009872999746,
    0.185400934689));
#5597 = DIRECTION('',(0.934510438744,1.013198247896E-16,-0.355935724364)
  );
#5598 = DIRECTION('',(-0.355935724364,0.,-0.934510438744));
#5599 = ADVANCED_FACE('',(#5600),#5611,.F.);
#5600 = FACE_BOUND('',#5601,.T.);
#5601 = EDGE_LOOP('',(#5602,#5603,#5609,#5610));
#5602 = ORIENTED_EDGE('',*,*,#964,.T.);
#5603 = ORIENTED_EDGE('',*,*,#5604,.F.);
#5604 = EDGE_CURVE('',#5450,#957,#5605,.T.);
#5605 = LINE('',#5606,#5607);
#5606 = CARTESIAN_POINT('',(0.143754465428,-1.009872999746,
    0.185400934689));
#5607 = VECTOR('',#5608,1.);
#5608 = DIRECTION('',(-1.084202172486E-16,1.,0.));
#5609 = ORIENTED_EDGE('',*,*,#5449,.F.);
#5610 = ORIENTED_EDGE('',*,*,#5587,.T.);
#5611 = PLANE('',#5612);
#5612 = AXIS2_PLACEMENT_3D('',#5613,#5614,#5615);
#5613 = CARTESIAN_POINT('',(0.143754465428,-1.009872999746,
    0.185400934689));
#5614 = DIRECTION('',(0.,0.,1.));
#5615 = DIRECTION('',(1.,0.,-0.));
#5616 = ADVANCED_FACE('',(#5617),#5628,.F.);
#5617 = FACE_BOUND('',#5618,.T.);
#5618 = EDGE_LOOP('',(#5619,#5620,#5626,#5627));
#5619 = ORIENTED_EDGE('',*,*,#956,.T.);
#5620 = ORIENTED_EDGE('',*,*,#5621,.F.);
#5621 = EDGE_CURVE('',#5458,#949,#5622,.T.);
#5622 = LINE('',#5623,#5624);
#5623 = CARTESIAN_POINT('',(0.147663955193,-1.009872999746,
    0.196526344393));
#5624 = VECTOR('',#5625,1.);
#5625 = DIRECTION('',(-1.084202172486E-16,1.,0.));
#5626 = ORIENTED_EDGE('',*,*,#5457,.F.);
#5627 = ORIENTED_EDGE('',*,*,#5604,.T.);
#5628 = PLANE('',#5629);
#5629 = AXIS2_PLACEMENT_3D('',#5630,#5631,#5632);
#5630 = CARTESIAN_POINT('',(0.147663955193,-1.009872999746,
    0.196526344393));
#5631 = DIRECTION('',(-0.943445233083,-1.02288537133E-16,0.33152841835)
  );
#5632 = DIRECTION('',(0.33152841835,0.,0.943445233083));
#5633 = ADVANCED_FACE('',(#5634),#5645,.F.);
#5634 = FACE_BOUND('',#5635,.T.);
#5635 = EDGE_LOOP('',(#5636,#5637,#5643,#5644));
#5636 = ORIENTED_EDGE('',*,*,#948,.T.);
#5637 = ORIENTED_EDGE('',*,*,#5638,.F.);
#5638 = EDGE_CURVE('',#5466,#941,#5639,.T.);
#5639 = LINE('',#5640,#5641);
#5640 = CARTESIAN_POINT('',(0.16460161165,-1.009872999746,0.196526344393
    ));
#5641 = VECTOR('',#5642,1.);
#5642 = DIRECTION('',(-1.084202172486E-16,1.,0.));
#5643 = ORIENTED_EDGE('',*,*,#5465,.F.);
#5644 = ORIENTED_EDGE('',*,*,#5621,.T.);
#5645 = PLANE('',#5646);
#5646 = AXIS2_PLACEMENT_3D('',#5647,#5648,#5649);
#5647 = CARTESIAN_POINT('',(0.16460161165,-1.009872999746,0.196526344393
    ));
#5648 = DIRECTION('',(0.,0.,1.));
#5649 = DIRECTION('',(1.,0.,-0.));
#5650 = ADVANCED_FACE('',(#5651),#5662,.F.);
#5651 = FACE_BOUND('',#5652,.T.);
#5652 = EDGE_LOOP('',(#5653,#5654,#5660,#5661));
#5653 = ORIENTED_EDGE('',*,*,#940,.T.);
#5654 = ORIENTED_EDGE('',*,*,#5655,.F.);
#5655 = EDGE_CURVE('',#5474,#933,#5656,.T.);
#5656 = LINE('',#5657,#5658);
#5657 = CARTESIAN_POINT('',(0.168750245736,-1.009872999746,
    0.185400934689));
#5658 = VECTOR('',#5659,1.);
#5659 = DIRECTION('',(-1.084202172486E-16,1.,0.));
#5660 = ORIENTED_EDGE('',*,*,#5473,.F.);
#5661 = ORIENTED_EDGE('',*,*,#5638,.T.);
#5662 = PLANE('',#5663);
#5663 = AXIS2_PLACEMENT_3D('',#5664,#5665,#5666);
#5664 = CARTESIAN_POINT('',(0.168750245736,-1.009872999746,
    0.185400934689));
#5665 = DIRECTION('',(0.936975345954,1.01587070565E-16,0.349395479469));
#5666 = DIRECTION('',(0.349395479469,0.,-0.936975345954));
#5667 = ADVANCED_FACE('',(#5668),#5674,.F.);
#5668 = FACE_BOUND('',#5669,.T.);
#5669 = EDGE_LOOP('',(#5670,#5671,#5672,#5673));
#5670 = ORIENTED_EDGE('',*,*,#932,.T.);
#5671 = ORIENTED_EDGE('',*,*,#5555,.F.);
#5672 = ORIENTED_EDGE('',*,*,#5481,.F.);
#5673 = ORIENTED_EDGE('',*,*,#5655,.T.);
#5674 = PLANE('',#5675);
#5675 = AXIS2_PLACEMENT_3D('',#5676,#5677,#5678);
#5676 = CARTESIAN_POINT('',(0.174552094909,-1.009872999746,
    0.185400934689));
#5677 = DIRECTION('',(0.,0.,1.));
#5678 = DIRECTION('',(1.,0.,-0.));
#5679 = ADVANCED_FACE('',(#5680),#5705,.T.);
#5680 = FACE_BOUND('',#5681,.T.);
#5681 = EDGE_LOOP('',(#5682,#5692,#5698,#5699));
#5682 = ORIENTED_EDGE('',*,*,#5683,.F.);
#5683 = EDGE_CURVE('',#5684,#5686,#5688,.T.);
#5684 = VERTEX_POINT('',#5685);
#5685 = CARTESIAN_POINT('',(0.149327567859,-0.999872999746,
    0.201122074384));
#5686 = VERTEX_POINT('',#5687);
#5687 = CARTESIAN_POINT('',(0.1629795893,-0.999872999746,0.201122074384)
  );
#5688 = LINE('',#5689,#5690);
#5689 = CARTESIAN_POINT('',(0.149327567859,-0.999872999746,
    0.201122074384));
#5690 = VECTOR('',#5691,1.);
#5691 = DIRECTION('',(1.,0.,0.));
#5692 = ORIENTED_EDGE('',*,*,#5693,.F.);
#5693 = EDGE_CURVE('',#5490,#5684,#5694,.T.);
#5694 = LINE('',#5695,#5696);
#5695 = CARTESIAN_POINT('',(0.149327567859,-1.009872999746,
    0.201122074384));
#5696 = VECTOR('',#5697,1.);
#5697 = DIRECTION('',(-1.084202172486E-16,1.,0.));
#5698 = ORIENTED_EDGE('',*,*,#5489,.T.);
#5699 = ORIENTED_EDGE('',*,*,#5700,.T.);
#5700 = EDGE_CURVE('',#5492,#5686,#5701,.T.);
#5701 = LINE('',#5702,#5703);
#5702 = CARTESIAN_POINT('',(0.1629795893,-1.009872999746,0.201122074384)
  );
#5703 = VECTOR('',#5704,1.);
#5704 = DIRECTION('',(-1.084202172486E-16,1.,0.));
#5705 = PLANE('',#5706);
#5706 = AXIS2_PLACEMENT_3D('',#5707,#5708,#5709);
#5707 = CARTESIAN_POINT('',(0.149327567859,-1.009872999746,
    0.201122074384));
#5708 = DIRECTION('',(0.,0.,1.));
#5709 = DIRECTION('',(1.,0.,-0.));
#5710 = ADVANCED_FACE('',(#5711),#5729,.T.);
#5711 = FACE_BOUND('',#5712,.T.);
#5712 = EDGE_LOOP('',(#5713,#5721,#5722,#5723));
#5713 = ORIENTED_EDGE('',*,*,#5714,.F.);
#5714 = EDGE_CURVE('',#5686,#5715,#5717,.T.);
#5715 = VERTEX_POINT('',#5716);
#5716 = CARTESIAN_POINT('',(0.156834620015,-0.999872999746,
    0.218028538103));
#5717 = LINE('',#5718,#5719);
#5718 = CARTESIAN_POINT('',(0.1629795893,-0.999872999746,0.201122074384)
  );
#5719 = VECTOR('',#5720,1.);
#5720 = DIRECTION('',(-0.341603830682,0.,0.939844041777));
#5721 = ORIENTED_EDGE('',*,*,#5700,.F.);
#5722 = ORIENTED_EDGE('',*,*,#5533,.T.);
#5723 = ORIENTED_EDGE('',*,*,#5724,.T.);
#5724 = EDGE_CURVE('',#5525,#5715,#5725,.T.);
#5725 = LINE('',#5726,#5727);
#5726 = CARTESIAN_POINT('',(0.156834620015,-1.009872999746,
    0.218028538103));
#5727 = VECTOR('',#5728,1.);
#5728 = DIRECTION('',(-1.084202172486E-16,1.,0.));
#5729 = PLANE('',#5730);
#5730 = AXIS2_PLACEMENT_3D('',#5731,#5732,#5733);
#5731 = CARTESIAN_POINT('',(0.1629795893,-1.009872999746,0.201122074384)
  );
#5732 = DIRECTION('',(-0.939844041777,-1.018980951892E-16,
    -0.341603830682));
#5733 = DIRECTION('',(-0.341603830682,1.232595164408E-32,0.939844041777)
  );
#5734 = ADVANCED_FACE('',(#5735),#5754,.T.);
#5735 = FACE_BOUND('',#5736,.T.);
#5736 = EDGE_LOOP('',(#5737,#5746,#5747,#5748));
#5737 = ORIENTED_EDGE('',*,*,#5738,.F.);
#5738 = EDGE_CURVE('',#5715,#5739,#5741,.T.);
#5739 = VERTEX_POINT('',#5740);
#5740 = CARTESIAN_POINT('',(0.156200367686,-0.999872999746,
    0.220877474794));
#5741 = B_SPLINE_CURVE_WITH_KNOTS('',3,(#5742,#5743,#5744,#5745),
  .UNSPECIFIED.,.F.,.F.,(4,4),(1.,2.),.PIECEWISE_BEZIER_KNOTS.);
#5742 = CARTESIAN_POINT('',(0.156834620015,-0.999872999746,
    0.218028538103));
#5743 = CARTESIAN_POINT('',(0.156637066011,-0.999872999746,
    0.218590007378));
#5744 = CARTESIAN_POINT('',(0.156429114428,-0.999872999746,
    0.219525789502));
#5745 = CARTESIAN_POINT('',(0.156200367686,-0.999872999746,
    0.220877474794));
#5746 = ORIENTED_EDGE('',*,*,#5724,.F.);
#5747 = ORIENTED_EDGE('',*,*,#5524,.T.);
#5748 = ORIENTED_EDGE('',*,*,#5749,.T.);
#5749 = EDGE_CURVE('',#5517,#5739,#5750,.T.);
#5750 = LINE('',#5751,#5752);
#5751 = CARTESIAN_POINT('',(0.156200367686,-1.009872999746,
    0.220877474794));
#5752 = VECTOR('',#5753,1.);
#5753 = DIRECTION('',(-1.084202172486E-16,1.,0.));
#5754 = B_SPLINE_SURFACE_WITH_KNOTS('',3,1,(
    (#5755,#5756)
    ,(#5757,#5758)
    ,(#5759,#5760)
    ,(#5761,#5762
    )),.UNSPECIFIED.,.F.,.F.,.F.,(4,4),(2,2),(1.,2.),(0.,1.),
  .PIECEWISE_BEZIER_KNOTS.);
#5755 = CARTESIAN_POINT('',(0.156834620015,-1.009872999746,
    0.218028538103));
#5756 = CARTESIAN_POINT('',(0.156834620015,-0.999872999746,
    0.218028538103));
#5757 = CARTESIAN_POINT('',(0.156637066011,-1.009872999746,
    0.218590007378));
#5758 = CARTESIAN_POINT('',(0.156637066011,-0.999872999746,
    0.218590007378));
#5759 = CARTESIAN_POINT('',(0.156429114428,-1.009872999746,
    0.219525789502));
#5760 = CARTESIAN_POINT('',(0.156429114428,-0.999872999746,
    0.219525789502));
#5761 = CARTESIAN_POINT('',(0.156200367686,-1.009872999746,
    0.220877474794));
#5762 = CARTESIAN_POINT('',(0.156200367686,-0.999872999746,
    0.220877474794));
#5763 = ADVANCED_FACE('',(#5764),#5782,.T.);
#5764 = FACE_BOUND('',#5765,.T.);
#5765 = EDGE_LOOP('',(#5766,#5774,#5775,#5776));
#5766 = ORIENTED_EDGE('',*,*,#5767,.F.);
#5767 = EDGE_CURVE('',#5739,#5768,#5770,.T.);
#5768 = VERTEX_POINT('',#5769);
#5769 = CARTESIAN_POINT('',(0.156075596736,-0.999872999746,
    0.220877474794));
#5770 = LINE('',#5771,#5772);
#5771 = CARTESIAN_POINT('',(0.156200367686,-0.999872999746,
    0.220877474794));
#5772 = VECTOR('',#5773,1.);
#5773 = DIRECTION('',(-1.,0.,0.));
#5774 = ORIENTED_EDGE('',*,*,#5749,.F.);
#5775 = ORIENTED_EDGE('',*,*,#5516,.T.);
#5776 = ORIENTED_EDGE('',*,*,#5777,.T.);
#5777 = EDGE_CURVE('',#5508,#5768,#5778,.T.);
#5778 = LINE('',#5779,#5780);
#5779 = CARTESIAN_POINT('',(0.156075596736,-1.009872999746,
    0.220877474794));
#5780 = VECTOR('',#5781,1.);
#5781 = DIRECTION('',(-1.084202172486E-16,1.,0.));
#5782 = PLANE('',#5783);
#5783 = AXIS2_PLACEMENT_3D('',#5784,#5785,#5786);
#5784 = CARTESIAN_POINT('',(0.156200367686,-1.009872999746,
    0.220877474794));
#5785 = DIRECTION('',(0.,0.,-1.));
#5786 = DIRECTION('',(-1.,0.,0.));
#5787 = ADVANCED_FACE('',(#5788),#5807,.T.);
#5788 = FACE_BOUND('',#5789,.T.);
#5789 = EDGE_LOOP('',(#5790,#5799,#5800,#5801));
#5790 = ORIENTED_EDGE('',*,*,#5791,.F.);
#5791 = EDGE_CURVE('',#5768,#5792,#5794,.T.);
#5792 = VERTEX_POINT('',#5793);
#5793 = CARTESIAN_POINT('',(0.15541015167,-0.999872999746,0.218028538103
    ));
#5794 = B_SPLINE_CURVE_WITH_KNOTS('',3,(#5795,#5796,#5797,#5798),
  .UNSPECIFIED.,.F.,.F.,(4,4),(3.,4.),.PIECEWISE_BEZIER_KNOTS.);
#5795 = CARTESIAN_POINT('',(0.156075596736,-0.999872999746,
    0.220877474794));
#5796 = CARTESIAN_POINT('',(0.155878042732,-0.999872999746,
    0.219650560452));
#5797 = CARTESIAN_POINT('',(0.15565969357,-0.999872999746,0.218693983169
    ));
#5798 = CARTESIAN_POINT('',(0.15541015167,-0.999872999746,0.218028538103
    ));
#5799 = ORIENTED_EDGE('',*,*,#5777,.F.);
#5800 = ORIENTED_EDGE('',*,*,#5507,.T.);
#5801 = ORIENTED_EDGE('',*,*,#5802,.T.);
#5802 = EDGE_CURVE('',#5500,#5792,#5803,.T.);
#5803 = LINE('',#5804,#5805);
#5804 = CARTESIAN_POINT('',(0.15541015167,-1.009872999746,0.218028538103
    ));
#5805 = VECTOR('',#5806,1.);
#5806 = DIRECTION('',(-1.084202172486E-16,1.,0.));
#5807 = B_SPLINE_SURFACE_WITH_KNOTS('',3,1,(
    (#5808,#5809)
    ,(#5810,#5811)
    ,(#5812,#5813)
    ,(#5814,#5815
    )),.UNSPECIFIED.,.F.,.F.,.F.,(4,4),(2,2),(3.,4.),(0.,1.),
  .PIECEWISE_BEZIER_KNOTS.);
#5808 = CARTESIAN_POINT('',(0.156075596736,-1.009872999746,
    0.220877474794));
#5809 = CARTESIAN_POINT('',(0.156075596736,-0.999872999746,
    0.220877474794));
#5810 = CARTESIAN_POINT('',(0.155878042732,-1.009872999746,
    0.219650560452));
#5811 = CARTESIAN_POINT('',(0.155878042732,-0.999872999746,
    0.219650560452));
#5812 = CARTESIAN_POINT('',(0.15565969357,-1.009872999746,0.218693983169
    ));
#5813 = CARTESIAN_POINT('',(0.15565969357,-0.999872999746,0.218693983169
    ));
#5814 = CARTESIAN_POINT('',(0.15541015167,-1.009872999746,0.218028538103
    ));
#5815 = CARTESIAN_POINT('',(0.15541015167,-0.999872999746,0.218028538103
    ));
#5816 = ADVANCED_FACE('',(#5817),#5828,.T.);
#5817 = FACE_BOUND('',#5818,.T.);
#5818 = EDGE_LOOP('',(#5819,#5825,#5826,#5827));
#5819 = ORIENTED_EDGE('',*,*,#5820,.F.);
#5820 = EDGE_CURVE('',#5792,#5684,#5821,.T.);
#5821 = LINE('',#5822,#5823);
#5822 = CARTESIAN_POINT('',(0.15541015167,-0.999872999746,0.218028538103
    ));
#5823 = VECTOR('',#5824,1.);
#5824 = DIRECTION('',(-0.338535034314,0.,-0.940953787676));
#5825 = ORIENTED_EDGE('',*,*,#5802,.F.);
#5826 = ORIENTED_EDGE('',*,*,#5499,.T.);
#5827 = ORIENTED_EDGE('',*,*,#5693,.T.);
#5828 = PLANE('',#5829);
#5829 = AXIS2_PLACEMENT_3D('',#5830,#5831,#5832);
#5830 = CARTESIAN_POINT('',(0.15541015167,-1.009872999746,0.218028538103
    ));
#5831 = DIRECTION('',(0.940953787676,1.020184140807E-16,-0.338535034314)
  );
#5832 = DIRECTION('',(-0.338535034314,-1.232595164408E-32,
    -0.940953787676));
#5833 = ADVANCED_FACE('',(#5834),#5842,.F.);
#5834 = FACE_BOUND('',#5835,.T.);
#5835 = EDGE_LOOP('',(#5836,#5837,#5838,#5839,#5840,#5841));
#5836 = ORIENTED_EDGE('',*,*,#5820,.T.);
#5837 = ORIENTED_EDGE('',*,*,#5683,.T.);
#5838 = ORIENTED_EDGE('',*,*,#5714,.T.);
#5839 = ORIENTED_EDGE('',*,*,#5738,.T.);
#5840 = ORIENTED_EDGE('',*,*,#5767,.T.);
#5841 = ORIENTED_EDGE('',*,*,#5791,.T.);
#5842 = PLANE('',#5843);
#5843 = AXIS2_PLACEMENT_3D('',#5844,#5845,#5846);
#5844 = CARTESIAN_POINT('',(1.000025400051,-0.999872999746,
    0.299999999553));
#5845 = DIRECTION('',(-1.084202172486E-16,1.,0.));
#5846 = DIRECTION('',(-1.,-1.084202172486E-16,0.));
#5847 = ADVANCED_FACE('',(#5848),#5873,.F.);
#5848 = FACE_BOUND('',#5849,.T.);
#5849 = EDGE_LOOP('',(#5850,#5851,#5859,#5867));
#5850 = ORIENTED_EDGE('',*,*,#438,.T.);
#5851 = ORIENTED_EDGE('',*,*,#5852,.F.);
#5852 = EDGE_CURVE('',#5853,#441,#5855,.T.);
#5853 = VERTEX_POINT('',#5854);
#5854 = CARTESIAN_POINT('',(3.318660860655E-02,-1.009872999746,
    0.125510878709));
#5855 = LINE('',#5856,#5857);
#5856 = CARTESIAN_POINT('',(3.318660860655E-02,-1.009872999746,
    0.125510878709));
#5857 = VECTOR('',#5858,1.);
#5858 = DIRECTION('',(-1.084202172486E-16,1.,0.));
#5859 = ORIENTED_EDGE('',*,*,#5860,.F.);
#5860 = EDGE_CURVE('',#5861,#5853,#5863,.T.);
#5861 = VERTEX_POINT('',#5862);
#5862 = CARTESIAN_POINT('',(3.318660860655E-02,-1.009872999746,
    0.120873558402));
#5863 = LINE('',#5864,#5865);
#5864 = CARTESIAN_POINT('',(3.318660860655E-02,-1.009872999746,
    0.125510878709));
#5865 = VECTOR('',#5866,1.);
#5866 = DIRECTION('',(0.,0.,1.));
#5867 = ORIENTED_EDGE('',*,*,#5868,.T.);
#5868 = EDGE_CURVE('',#5861,#439,#5869,.T.);
#5869 = LINE('',#5870,#5871);
#5870 = CARTESIAN_POINT('',(3.318660860655E-02,-1.009872999746,
    0.120873558402));
#5871 = VECTOR('',#5872,1.);
#5872 = DIRECTION('',(-1.084202172486E-16,1.,0.));
#5873 = PLANE('',#5874);
#5874 = AXIS2_PLACEMENT_3D('',#5875,#5876,#5877);
#5875 = CARTESIAN_POINT('',(3.318660860655E-02,-1.009872999746,
    0.125510878709));
#5876 = DIRECTION('',(-1.,-1.084202172486E-16,0.));
#5877 = DIRECTION('',(1.084202172486E-16,-1.,0.));
#5878 = ADVANCED_FACE('',(#5879),#5897,.F.);
#5879 = FACE_BOUND('',#5880,.T.);
#5880 = EDGE_LOOP('',(#5881,#5882,#5890,#5896));
#5881 = ORIENTED_EDGE('',*,*,#528,.T.);
#5882 = ORIENTED_EDGE('',*,*,#5883,.F.);
#5883 = EDGE_CURVE('',#5884,#521,#5886,.T.);
#5884 = VERTEX_POINT('',#5885);
#5885 = CARTESIAN_POINT('',(1.65608795246E-02,-1.009872999746,
    0.125510878709));
#5886 = LINE('',#5887,#5888);
#5887 = CARTESIAN_POINT('',(1.65608795246E-02,-1.009872999746,
    0.125510878709));
#5888 = VECTOR('',#5889,1.);
#5889 = DIRECTION('',(-1.084202172486E-16,1.,0.));
#5890 = ORIENTED_EDGE('',*,*,#5891,.F.);
#5891 = EDGE_CURVE('',#5853,#5884,#5892,.T.);
#5892 = LINE('',#5893,#5894);
#5893 = CARTESIAN_POINT('',(1.65608795246E-02,-1.009872999746,
    0.125510878709));
#5894 = VECTOR('',#5895,1.);
#5895 = DIRECTION('',(-1.,-0.,-0.));
#5896 = ORIENTED_EDGE('',*,*,#5852,.T.);
#5897 = PLANE('',#5898);
#5898 = AXIS2_PLACEMENT_3D('',#5899,#5900,#5901);
#5899 = CARTESIAN_POINT('',(1.65608795246E-02,-1.009872999746,
    0.125510878709));
#5900 = DIRECTION('',(0.,0.,-1.));
#5901 = DIRECTION('',(-1.,0.,0.));
#5902 = ADVANCED_FACE('',(#5903),#5921,.F.);
#5903 = FACE_BOUND('',#5904,.T.);
#5904 = EDGE_LOOP('',(#5905,#5906,#5914,#5920));
#5905 = ORIENTED_EDGE('',*,*,#520,.T.);
#5906 = ORIENTED_EDGE('',*,*,#5907,.F.);
#5907 = EDGE_CURVE('',#5908,#513,#5910,.T.);
#5908 = VERTEX_POINT('',#5909);
#5909 = CARTESIAN_POINT('',(1.65608795246E-02,-1.009872999746,
    0.139194092888));
#5910 = LINE('',#5911,#5912);
#5911 = CARTESIAN_POINT('',(1.65608795246E-02,-1.009872999746,
    0.139194092888));
#5912 = VECTOR('',#5913,1.);
#5913 = DIRECTION('',(-1.084202172486E-16,1.,0.));
#5914 = ORIENTED_EDGE('',*,*,#5915,.F.);
#5915 = EDGE_CURVE('',#5884,#5908,#5916,.T.);
#5916 = LINE('',#5917,#5918);
#5917 = CARTESIAN_POINT('',(1.65608795246E-02,-1.009872999746,
    0.139194092888));
#5918 = VECTOR('',#5919,1.);
#5919 = DIRECTION('',(0.,0.,1.));
#5920 = ORIENTED_EDGE('',*,*,#5883,.T.);
#5921 = PLANE('',#5922);
#5922 = AXIS2_PLACEMENT_3D('',#5923,#5924,#5925);
#5923 = CARTESIAN_POINT('',(1.65608795246E-02,-1.009872999746,
    0.139194092888));
#5924 = DIRECTION('',(-1.,-1.084202172486E-16,0.));
#5925 = DIRECTION('',(1.084202172486E-16,-1.,0.));
#5926 = ADVANCED_FACE('',(#5927),#5945,.F.);
#5927 = FACE_BOUND('',#5928,.T.);
#5928 = EDGE_LOOP('',(#5929,#5930,#5938,#5944));
#5929 = ORIENTED_EDGE('',*,*,#512,.T.);
#5930 = ORIENTED_EDGE('',*,*,#5931,.F.);
#5931 = EDGE_CURVE('',#5932,#505,#5934,.T.);
#5932 = VERTEX_POINT('',#5933);
#5933 = CARTESIAN_POINT('',(3.110709277393E-02,-1.009872999746,
    0.139194092888));
#5934 = LINE('',#5935,#5936);
#5935 = CARTESIAN_POINT('',(3.110709277393E-02,-1.009872999746,
    0.139194092888));
#5936 = VECTOR('',#5937,1.);
#5937 = DIRECTION('',(-1.084202172486E-16,1.,0.));
#5938 = ORIENTED_EDGE('',*,*,#5939,.F.);
#5939 = EDGE_CURVE('',#5908,#5932,#5940,.T.);
#5940 = LINE('',#5941,#5942);
#5941 = CARTESIAN_POINT('',(3.110709277393E-02,-1.009872999746,
    0.139194092888));
#5942 = VECTOR('',#5943,1.);
#5943 = DIRECTION('',(1.,0.,0.));
#5944 = ORIENTED_EDGE('',*,*,#5907,.T.);
#5945 = PLANE('',#5946);
#5946 = AXIS2_PLACEMENT_3D('',#5947,#5948,#5949);
#5947 = CARTESIAN_POINT('',(3.110709277393E-02,-1.009872999746,
    0.139194092888));
#5948 = DIRECTION('',(0.,0.,1.));
#5949 = DIRECTION('',(1.,0.,-0.));
#5950 = ADVANCED_FACE('',(#5951),#5969,.F.);
#5951 = FACE_BOUND('',#5952,.T.);
#5952 = EDGE_LOOP('',(#5953,#5954,#5962,#5968));
#5953 = ORIENTED_EDGE('',*,*,#504,.T.);
#5954 = ORIENTED_EDGE('',*,*,#5955,.F.);
#5955 = EDGE_CURVE('',#5956,#497,#5958,.T.);
#5956 = VERTEX_POINT('',#5957);
#5957 = CARTESIAN_POINT('',(3.110709277393E-02,-1.009872999746,
    0.143852208353));
#5958 = LINE('',#5959,#5960);
#5959 = CARTESIAN_POINT('',(3.110709277393E-02,-1.009872999746,
    0.143852208353));
#5960 = VECTOR('',#5961,1.);
#5961 = DIRECTION('',(-1.084202172486E-16,1.,0.));
#5962 = ORIENTED_EDGE('',*,*,#5963,.F.);
#5963 = EDGE_CURVE('',#5932,#5956,#5964,.T.);
#5964 = LINE('',#5965,#5966);
#5965 = CARTESIAN_POINT('',(3.110709277393E-02,-1.009872999746,
    0.143852208353));
#5966 = VECTOR('',#5967,1.);
#5967 = DIRECTION('',(0.,0.,1.));
#5968 = ORIENTED_EDGE('',*,*,#5931,.T.);
#5969 = PLANE('',#5970);
#5970 = AXIS2_PLACEMENT_3D('',#5971,#5972,#5973);
#5971 = CARTESIAN_POINT('',(3.110709277393E-02,-1.009872999746,
    0.143852208353));
#5972 = DIRECTION('',(-1.,-1.084202172486E-16,0.));
#5973 = DIRECTION('',(1.084202172486E-16,-1.,0.));
#5974 = ADVANCED_FACE('',(#5975),#5993,.F.);
#5975 = FACE_BOUND('',#5976,.T.);
#5976 = EDGE_LOOP('',(#5977,#5978,#5986,#5992));
#5977 = ORIENTED_EDGE('',*,*,#496,.T.);
#5978 = ORIENTED_EDGE('',*,*,#5979,.F.);
#5979 = EDGE_CURVE('',#5980,#489,#5982,.T.);
#5980 = VERTEX_POINT('',#5981);
#5981 = CARTESIAN_POINT('',(1.65608795246E-02,-1.009872999746,
    0.143852208353));
#5982 = LINE('',#5983,#5984);
#5983 = CARTESIAN_POINT('',(1.65608795246E-02,-1.009872999746,
    0.143852208353));
#5984 = VECTOR('',#5985,1.);
#5985 = DIRECTION('',(-1.084202172486E-16,1.,0.));
#5986 = ORIENTED_EDGE('',*,*,#5987,.F.);
#5987 = EDGE_CURVE('',#5956,#5980,#5988,.T.);
#5988 = LINE('',#5989,#5990);
#5989 = CARTESIAN_POINT('',(1.65608795246E-02,-1.009872999746,
    0.143852208353));
#5990 = VECTOR('',#5991,1.);
#5991 = DIRECTION('',(-1.,-0.,-0.));
#5992 = ORIENTED_EDGE('',*,*,#5955,.T.);
#5993 = PLANE('',#5994);
#5994 = AXIS2_PLACEMENT_3D('',#5995,#5996,#5997);
#5995 = CARTESIAN_POINT('',(1.65608795246E-02,-1.009872999746,
    0.143852208353));
#5996 = DIRECTION('',(0.,0.,-1.));
#5997 = DIRECTION('',(-1.,0.,0.));
#5998 = ADVANCED_FACE('',(#5999),#6017,.F.);
#5999 = FACE_BOUND('',#6000,.T.);
#6000 = EDGE_LOOP('',(#6001,#6002,#6010,#6016));
#6001 = ORIENTED_EDGE('',*,*,#488,.T.);
#6002 = ORIENTED_EDGE('',*,*,#6003,.F.);
#6003 = EDGE_CURVE('',#6004,#481,#6006,.T.);
#6004 = VERTEX_POINT('',#6005);
#6005 = CARTESIAN_POINT('',(1.65608795246E-02,-1.009872999746,
    0.156869977465));
#6006 = LINE('',#6007,#6008);
#6007 = CARTESIAN_POINT('',(1.65608795246E-02,-1.009872999746,
    0.156869977465));
#6008 = VECTOR('',#6009,1.);
#6009 = DIRECTION('',(-1.084202172486E-16,1.,0.));
#6010 = ORIENTED_EDGE('',*,*,#6011,.F.);
#6011 = EDGE_CURVE('',#5980,#6004,#6012,.T.);
#6012 = LINE('',#6013,#6014);
#6013 = CARTESIAN_POINT('',(1.65608795246E-02,-1.009872999746,
    0.156869977465));
#6014 = VECTOR('',#6015,1.);
#6015 = DIRECTION('',(0.,0.,1.));
#6016 = ORIENTED_EDGE('',*,*,#5979,.T.);
#6017 = PLANE('',#6018);
#6018 = AXIS2_PLACEMENT_3D('',#6019,#6020,#6021);
#6019 = CARTESIAN_POINT('',(1.65608795246E-02,-1.009872999746,
    0.156869977465));
#6020 = DIRECTION('',(-1.,-1.084202172486E-16,0.));
#6021 = DIRECTION('',(1.084202172486E-16,-1.,0.));
#6022 = ADVANCED_FACE('',(#6023),#6041,.F.);
#6023 = FACE_BOUND('',#6024,.T.);
#6024 = EDGE_LOOP('',(#6025,#6026,#6034,#6040));
#6025 = ORIENTED_EDGE('',*,*,#480,.T.);
#6026 = ORIENTED_EDGE('',*,*,#6027,.F.);
#6027 = EDGE_CURVE('',#6028,#473,#6030,.T.);
#6028 = VERTEX_POINT('',#6029);
#6029 = CARTESIAN_POINT('',(3.226122406098E-02,-1.009872999746,
    0.156869977465));
#6030 = LINE('',#6031,#6032);
#6031 = CARTESIAN_POINT('',(3.226122406098E-02,-1.009872999746,
    0.156869977465));
#6032 = VECTOR('',#6033,1.);
#6033 = DIRECTION('',(-1.084202172486E-16,1.,0.));
#6034 = ORIENTED_EDGE('',*,*,#6035,.F.);
#6035 = EDGE_CURVE('',#6004,#6028,#6036,.T.);
#6036 = LINE('',#6037,#6038);
#6037 = CARTESIAN_POINT('',(3.226122406098E-02,-1.009872999746,
    0.156869977465));
#6038 = VECTOR('',#6039,1.);
#6039 = DIRECTION('',(1.,0.,0.));
#6040 = ORIENTED_EDGE('',*,*,#6003,.T.);
#6041 = PLANE('',#6042);
#6042 = AXIS2_PLACEMENT_3D('',#6043,#6044,#6045);
#6043 = CARTESIAN_POINT('',(3.226122406098E-02,-1.009872999746,
    0.156869977465));
#6044 = DIRECTION('',(0.,0.,1.));
#6045 = DIRECTION('',(1.,0.,-0.));
#6046 = ADVANCED_FACE('',(#6047),#6065,.F.);
#6047 = FACE_BOUND('',#6048,.T.);
#6048 = EDGE_LOOP('',(#6049,#6050,#6058,#6064));
#6049 = ORIENTED_EDGE('',*,*,#472,.T.);
#6050 = ORIENTED_EDGE('',*,*,#6051,.F.);
#6051 = EDGE_CURVE('',#6052,#465,#6054,.T.);
#6052 = VERTEX_POINT('',#6053);
#6053 = CARTESIAN_POINT('',(3.226122406098E-02,-1.009872999746,
    0.161548888088));
#6054 = LINE('',#6055,#6056);
#6055 = CARTESIAN_POINT('',(3.226122406098E-02,-1.009872999746,
    0.161548888088));
#6056 = VECTOR('',#6057,1.);
#6057 = DIRECTION('',(-1.084202172486E-16,1.,0.));
#6058 = ORIENTED_EDGE('',*,*,#6059,.F.);
#6059 = EDGE_CURVE('',#6028,#6052,#6060,.T.);
#6060 = LINE('',#6061,#6062);
#6061 = CARTESIAN_POINT('',(3.226122406098E-02,-1.009872999746,
    0.161548888088));
#6062 = VECTOR('',#6063,1.);
#6063 = DIRECTION('',(0.,0.,1.));
#6064 = ORIENTED_EDGE('',*,*,#6027,.T.);
#6065 = PLANE('',#6066);
#6066 = AXIS2_PLACEMENT_3D('',#6067,#6068,#6069);
#6067 = CARTESIAN_POINT('',(3.226122406098E-02,-1.009872999746,
    0.161548888088));
#6068 = DIRECTION('',(-1.,-1.084202172486E-16,0.));
#6069 = DIRECTION('',(1.084202172486E-16,-1.,0.));
#6070 = ADVANCED_FACE('',(#6071),#6089,.F.);
#6071 = FACE_BOUND('',#6072,.T.);
#6072 = EDGE_LOOP('',(#6073,#6074,#6082,#6088));
#6073 = ORIENTED_EDGE('',*,*,#464,.T.);
#6074 = ORIENTED_EDGE('',*,*,#6075,.F.);
#6075 = EDGE_CURVE('',#6076,#457,#6078,.T.);
#6076 = VERTEX_POINT('',#6077);
#6077 = CARTESIAN_POINT('',(1.131010204722E-02,-1.009872999746,
    0.161548888088));
#6078 = LINE('',#6079,#6080);
#6079 = CARTESIAN_POINT('',(1.131010204722E-02,-1.009872999746,
    0.161548888088));
#6080 = VECTOR('',#6081,1.);
#6081 = DIRECTION('',(-1.084202172486E-16,1.,0.));
#6082 = ORIENTED_EDGE('',*,*,#6083,.F.);
#6083 = EDGE_CURVE('',#6052,#6076,#6084,.T.);
#6084 = LINE('',#6085,#6086);
#6085 = CARTESIAN_POINT('',(1.131010204722E-02,-1.009872999746,
    0.161548888088));
#6086 = VECTOR('',#6087,1.);
#6087 = DIRECTION('',(-1.,-0.,-0.));
#6088 = ORIENTED_EDGE('',*,*,#6051,.T.);
#6089 = PLANE('',#6090);
#6090 = AXIS2_PLACEMENT_3D('',#6091,#6092,#6093);
#6091 = CARTESIAN_POINT('',(1.131010204722E-02,-1.009872999746,
    0.161548888088));
#6092 = DIRECTION('',(0.,0.,-1.));
#6093 = DIRECTION('',(-1.,0.,0.));
#6094 = ADVANCED_FACE('',(#6095),#6113,.F.);
#6095 = FACE_BOUND('',#6096,.T.);
#6096 = EDGE_LOOP('',(#6097,#6098,#6106,#6112));
#6097 = ORIENTED_EDGE('',*,*,#456,.T.);
#6098 = ORIENTED_EDGE('',*,*,#6099,.F.);
#6099 = EDGE_CURVE('',#6100,#449,#6102,.T.);
#6100 = VERTEX_POINT('',#6101);
#6101 = CARTESIAN_POINT('',(1.131010204722E-02,-1.009872999746,
    0.120873558402));
#6102 = LINE('',#6103,#6104);
#6103 = CARTESIAN_POINT('',(1.131010204722E-02,-1.009872999746,
    0.120873558402));
#6104 = VECTOR('',#6105,1.);
#6105 = DIRECTION('',(-1.084202172486E-16,1.,0.));
#6106 = ORIENTED_EDGE('',*,*,#6107,.F.);
#6107 = EDGE_CURVE('',#6076,#6100,#6108,.T.);
#6108 = LINE('',#6109,#6110);
#6109 = CARTESIAN_POINT('',(1.131010204722E-02,-1.009872999746,
    0.120873558402));
#6110 = VECTOR('',#6111,1.);
#6111 = DIRECTION('',(-0.,-0.,-1.));
#6112 = ORIENTED_EDGE('',*,*,#6075,.T.);
#6113 = PLANE('',#6114);
#6114 = AXIS2_PLACEMENT_3D('',#6115,#6116,#6117);
#6115 = CARTESIAN_POINT('',(1.131010204722E-02,-1.009872999746,
    0.120873558402));
#6116 = DIRECTION('',(1.,1.084202172486E-16,0.));
#6117 = DIRECTION('',(-1.084202172486E-16,1.,0.));
#6118 = ADVANCED_FACE('',(#6119),#6130,.F.);
#6119 = FACE_BOUND('',#6120,.T.);
#6120 = EDGE_LOOP('',(#6121,#6122,#6123,#6129));
#6121 = ORIENTED_EDGE('',*,*,#448,.T.);
#6122 = ORIENTED_EDGE('',*,*,#5868,.F.);
#6123 = ORIENTED_EDGE('',*,*,#6124,.F.);
#6124 = EDGE_CURVE('',#6100,#5861,#6125,.T.);
#6125 = LINE('',#6126,#6127);
#6126 = CARTESIAN_POINT('',(3.318660860655E-02,-1.009872999746,
    0.120873558402));
#6127 = VECTOR('',#6128,1.);
#6128 = DIRECTION('',(1.,0.,0.));
#6129 = ORIENTED_EDGE('',*,*,#6099,.T.);
#6130 = PLANE('',#6131);
#6131 = AXIS2_PLACEMENT_3D('',#6132,#6133,#6134);
#6132 = CARTESIAN_POINT('',(3.318660860655E-02,-1.009872999746,
    0.120873558402));
#6133 = DIRECTION('',(0.,0.,1.));
#6134 = DIRECTION('',(1.,0.,-0.));
#6135 = ADVANCED_FACE('',(#6136),#6150,.F.);
#6136 = FACE_BOUND('',#6137,.T.);
#6137 = EDGE_LOOP('',(#6138,#6139,#6140,#6141,#6142,#6143,#6144,#6145,
    #6146,#6147,#6148,#6149));
#6138 = ORIENTED_EDGE('',*,*,#5860,.T.);
#6139 = ORIENTED_EDGE('',*,*,#5891,.T.);
#6140 = ORIENTED_EDGE('',*,*,#5915,.T.);
#6141 = ORIENTED_EDGE('',*,*,#5939,.T.);
#6142 = ORIENTED_EDGE('',*,*,#5963,.T.);
#6143 = ORIENTED_EDGE('',*,*,#5987,.T.);
#6144 = ORIENTED_EDGE('',*,*,#6011,.T.);
#6145 = ORIENTED_EDGE('',*,*,#6035,.T.);
#6146 = ORIENTED_EDGE('',*,*,#6059,.T.);
#6147 = ORIENTED_EDGE('',*,*,#6083,.T.);
#6148 = ORIENTED_EDGE('',*,*,#6107,.T.);
#6149 = ORIENTED_EDGE('',*,*,#6124,.T.);
#6150 = PLANE('',#6151);
#6151 = AXIS2_PLACEMENT_3D('',#6152,#6153,#6154);
#6152 = CARTESIAN_POINT('',(2.54000508001E-05,-1.009872999746,
    1.999999955297E-02));
#6153 = DIRECTION('',(0.,1.,0.));
#6154 = DIRECTION('',(0.,-0.,1.));
#6155 = ADVANCED_FACE('',(#6156,#6278),#6350,.T.);
#6156 = FACE_BOUND('',#6157,.T.);
#6157 = EDGE_LOOP('',(#6158,#6169,#6177,#6186,#6195,#6203,#6212,#6221,
    #6230,#6239,#6247,#6255,#6263,#6271));
#6158 = ORIENTED_EDGE('',*,*,#6159,.T.);
#6159 = EDGE_CURVE('',#6160,#6162,#6164,.T.);
#6160 = VERTEX_POINT('',#6161);
#6161 = CARTESIAN_POINT('',(5.090408350064E-02,-1.009872999746,
    0.150589839651));
#6162 = VERTEX_POINT('',#6163);
#6163 = CARTESIAN_POINT('',(4.090161234557E-02,-1.009872999746,
    0.147886469068));
#6164 = B_SPLINE_CURVE_WITH_KNOTS('',3,(#6165,#6166,#6167,#6168),
  .UNSPECIFIED.,.F.,.F.,(4,4),(0.,1.),.PIECEWISE_BEZIER_KNOTS.);
#6165 = CARTESIAN_POINT('',(5.090408350064E-02,-1.009872999746,
    0.150589839651));
#6166 = CARTESIAN_POINT('',(4.711936468526E-02,-1.009872999746,
    0.150589839651));
#6167 = CARTESIAN_POINT('',(4.378174177381E-02,-1.009872999746,
    0.149695647842));
#6168 = CARTESIAN_POINT('',(4.090161234557E-02,-1.009872999746,
    0.147886469068));
#6169 = ORIENTED_EDGE('',*,*,#6170,.T.);
#6170 = EDGE_CURVE('',#6162,#6171,#6173,.T.);
#6171 = VERTEX_POINT('',#6172);
#6172 = CARTESIAN_POINT('',(4.090161234557E-02,-1.009872999746,
    0.142937221386));
#6173 = LINE('',#6174,#6175);
#6174 = CARTESIAN_POINT('',(4.090161234557E-02,-1.009872999746,
    0.142937221386));
#6175 = VECTOR('',#6176,1.);
#6176 = DIRECTION('',(-0.,-0.,-1.));
#6177 = ORIENTED_EDGE('',*,*,#6178,.T.);
#6178 = EDGE_CURVE('',#6171,#6179,#6181,.T.);
#6179 = VERTEX_POINT('',#6180);
#6180 = CARTESIAN_POINT('',(5.042579485913E-02,-1.009872999746,
    0.146451603144));
#6181 = B_SPLINE_CURVE_WITH_KNOTS('',3,(#6182,#6183,#6184,#6185),
  .UNSPECIFIED.,.F.,.F.,(4,4),(12.,13.),.PIECEWISE_BEZIER_KNOTS.);
#6182 = CARTESIAN_POINT('',(4.090161234557E-02,-1.009872999746,
    0.142937221386));
#6183 = CARTESIAN_POINT('',(4.377134419466E-02,-1.009872999746,
    0.145266279119));
#6184 = CARTESIAN_POINT('',(4.694260583941E-02,-1.009872999746,
    0.146451603144));
#6185 = CARTESIAN_POINT('',(5.042579485913E-02,-1.009872999746,
    0.146451603144));
#6186 = ORIENTED_EDGE('',*,*,#6187,.T.);
#6187 = EDGE_CURVE('',#6179,#6188,#6190,.T.);
#6188 = VERTEX_POINT('',#6189);
#6189 = CARTESIAN_POINT('',(5.631082466543E-02,-1.009872999746,
    0.139339658996));
#6190 = B_SPLINE_CURVE_WITH_KNOTS('',3,(#6191,#6192,#6193,#6194),
  .UNSPECIFIED.,.F.,.F.,(4,4),(11.,12.),.PIECEWISE_BEZIER_KNOTS.);
#6191 = CARTESIAN_POINT('',(5.042579485913E-02,-1.009872999746,
    0.146451603144));
#6192 = CARTESIAN_POINT('',(5.434568220361E-02,-1.009872999746,
    0.146451603144));
#6193 = CARTESIAN_POINT('',(5.631082466543E-02,-1.009872999746,
    0.144080955094));
#6194 = CARTESIAN_POINT('',(5.631082466543E-02,-1.009872999746,
    0.139339658996));
#6195 = ORIENTED_EDGE('',*,*,#6196,.T.);
#6196 = EDGE_CURVE('',#6188,#6197,#6199,.T.);
#6197 = VERTEX_POINT('',#6198);
#6198 = CARTESIAN_POINT('',(4.770162911829E-02,-1.009872999746,
    0.138133539813));
#6199 = LINE('',#6200,#6201);
#6200 = CARTESIAN_POINT('',(4.770162911829E-02,-1.009872999746,
    0.138133539813));
#6201 = VECTOR('',#6202,1.);
#6202 = DIRECTION('',(-0.990328603988,-0.,-0.138741688482));
#6203 = ORIENTED_EDGE('',*,*,#6204,.T.);
#6204 = EDGE_CURVE('',#6197,#6205,#6207,.T.);
#6205 = VERTEX_POINT('',#6206);
#6206 = CARTESIAN_POINT('',(3.806307323407E-02,-1.009872999746,
    0.128650947616));
#6207 = B_SPLINE_CURVE_WITH_KNOTS('',3,(#6208,#6209,#6210,#6211),
  .UNSPECIFIED.,.F.,.F.,(4,4),(9.,10.),.PIECEWISE_BEZIER_KNOTS.);
#6208 = CARTESIAN_POINT('',(4.770162911829E-02,-1.009872999746,
    0.138133539813));
#6209 = CARTESIAN_POINT('',(4.127592519557E-02,-1.009872999746,
    0.137239348005));
#6210 = CARTESIAN_POINT('',(3.806307323407E-02,-1.009872999746,
    0.134078483939));
#6211 = CARTESIAN_POINT('',(3.806307323407E-02,-1.009872999746,
    0.128650947616));
#6212 = ORIENTED_EDGE('',*,*,#6213,.T.);
#6213 = EDGE_CURVE('',#6205,#6214,#6216,.T.);
#6214 = VERTEX_POINT('',#6215);
#6215 = CARTESIAN_POINT('',(4.055849223329E-02,-1.009872999746,
    0.122474785593));
#6216 = B_SPLINE_CURVE_WITH_KNOTS('',3,(#6217,#6218,#6219,#6220),
  .UNSPECIFIED.,.F.,.F.,(4,4),(8.,9.),.PIECEWISE_BEZIER_KNOTS.);
#6217 = CARTESIAN_POINT('',(3.806307323407E-02,-1.009872999746,
    0.128650947616));
#6218 = CARTESIAN_POINT('',(3.806307323407E-02,-1.009872999746,
    0.126051552825));
#6219 = CARTESIAN_POINT('',(3.889487956714E-02,-1.009872999746,
    0.123992832151));
#6220 = CARTESIAN_POINT('',(4.055849223329E-02,-1.009872999746,
    0.122474785593));
#6221 = ORIENTED_EDGE('',*,*,#6222,.T.);
#6222 = EDGE_CURVE('',#6214,#6223,#6225,.T.);
#6223 = VERTEX_POINT('',#6224);
#6224 = CARTESIAN_POINT('',(4.727532837267E-02,-1.009872999746,
    0.120187318177));
#6225 = B_SPLINE_CURVE_WITH_KNOTS('',3,(#6226,#6227,#6228,#6229),
  .UNSPECIFIED.,.F.,.F.,(4,4),(7.,8.),.PIECEWISE_BEZIER_KNOTS.);
#6226 = CARTESIAN_POINT('',(4.055849223329E-02,-1.009872999746,
    0.122474785593));
#6227 = CARTESIAN_POINT('',(4.222210489931E-02,-1.009872999746,
    0.120956739035));
#6228 = CARTESIAN_POINT('',(4.445758441948E-02,-1.009872999746,
    0.120187318177));
#6229 = CARTESIAN_POINT('',(4.727532837267E-02,-1.009872999746,
    0.120187318177));
#6230 = ORIENTED_EDGE('',*,*,#6231,.T.);
#6231 = EDGE_CURVE('',#6223,#6232,#6234,.T.);
#6232 = VERTEX_POINT('',#6233);
#6233 = CARTESIAN_POINT('',(5.617565613632E-02,-1.009872999746,
    0.125365312601));
#6234 = B_SPLINE_CURVE_WITH_KNOTS('',3,(#6235,#6236,#6237,#6238),
  .UNSPECIFIED.,.F.,.F.,(4,4),(6.,7.),.PIECEWISE_BEZIER_KNOTS.);
#6235 = CARTESIAN_POINT('',(4.727532837267E-02,-1.009872999746,
    0.120187318177));
#6236 = CARTESIAN_POINT('',(5.119521571716E-02,-1.009872999746,
    0.120187318177));
#6237 = CARTESIAN_POINT('',(5.41689233579E-02,-1.009872999746,
    0.121913316318));
#6238 = CARTESIAN_POINT('',(5.617565613632E-02,-1.009872999746,
    0.125365312601));
#6239 = ORIENTED_EDGE('',*,*,#6240,.T.);
#6240 = EDGE_CURVE('',#6232,#6241,#6243,.T.);
#6241 = VERTEX_POINT('',#6242);
#6242 = CARTESIAN_POINT('',(5.631082466543E-02,-1.009872999746,
    0.125365312601));
#6243 = LINE('',#6244,#6245);
#6244 = CARTESIAN_POINT('',(5.631082466543E-02,-1.009872999746,
    0.125365312601));
#6245 = VECTOR('',#6246,1.);
#6246 = DIRECTION('',(1.,0.,0.));
#6247 = ORIENTED_EDGE('',*,*,#6248,.T.);
#6248 = EDGE_CURVE('',#6241,#6249,#6251,.T.);
#6249 = VERTEX_POINT('',#6250);
#6250 = CARTESIAN_POINT('',(5.631082466543E-02,-1.009872999746,
    0.120873558402));
#6251 = LINE('',#6252,#6253);
#6252 = CARTESIAN_POINT('',(5.631082466543E-02,-1.009872999746,
    0.120873558402));
#6253 = VECTOR('',#6254,1.);
#6254 = DIRECTION('',(-0.,-0.,-1.));
#6255 = ORIENTED_EDGE('',*,*,#6256,.T.);
#6256 = EDGE_CURVE('',#6249,#6257,#6259,.T.);
#6257 = VERTEX_POINT('',#6258);
#6258 = CARTESIAN_POINT('',(6.14056384554E-02,-1.009872999746,
    0.120873558402));
#6259 = LINE('',#6260,#6261);
#6260 = CARTESIAN_POINT('',(6.14056384554E-02,-1.009872999746,
    0.120873558402));
#6261 = VECTOR('',#6262,1.);
#6262 = DIRECTION('',(1.,0.,0.));
#6263 = ORIENTED_EDGE('',*,*,#6264,.T.);
#6264 = EDGE_CURVE('',#6257,#6265,#6267,.T.);
#6265 = VERTEX_POINT('',#6266);
#6266 = CARTESIAN_POINT('',(6.14056384554E-02,-1.009872999746,
    0.139568405737));
#6267 = LINE('',#6268,#6269);
#6268 = CARTESIAN_POINT('',(6.14056384554E-02,-1.009872999746,
    0.139568405737));
#6269 = VECTOR('',#6270,1.);
#6270 = DIRECTION('',(0.,0.,1.));
#6271 = ORIENTED_EDGE('',*,*,#6272,.T.);
#6272 = EDGE_CURVE('',#6265,#6160,#6273,.T.);
#6273 = B_SPLINE_CURVE_WITH_KNOTS('',3,(#6274,#6275,#6276,#6277),
  .UNSPECIFIED.,.F.,.F.,(4,4),(1.,2.),.PIECEWISE_BEZIER_KNOTS.);
#6274 = CARTESIAN_POINT('',(6.14056384554E-02,-1.009872999746,
    0.139568405737));
#6275 = CARTESIAN_POINT('',(6.14056384554E-02,-1.009872999746,
    0.146929891785));
#6276 = CARTESIAN_POINT('',(5.790165427738E-02,-1.009872999746,
    0.150589839651));
#6277 = CARTESIAN_POINT('',(5.090408350064E-02,-1.009872999746,
    0.150589839651));
#6278 = FACE_BOUND('',#6279,.T.);
#6279 = EDGE_LOOP('',(#6280,#6291,#6300,#6308,#6316,#6325,#6334,#6343));
#6280 = ORIENTED_EDGE('',*,*,#6281,.F.);
#6281 = EDGE_CURVE('',#6282,#6284,#6286,.T.);
#6282 = VERTEX_POINT('',#6283);
#6283 = CARTESIAN_POINT('',(4.458235536943E-02,-1.009872999746,
    0.132747593806));
#6284 = VERTEX_POINT('',#6285);
#6285 = CARTESIAN_POINT('',(4.323067007823E-02,-1.009872999746,
    0.129066850783));
#6286 = B_SPLINE_CURVE_WITH_KNOTS('',3,(#6287,#6288,#6289,#6290),
  .UNSPECIFIED.,.F.,.F.,(4,4),(1.,2.),.PIECEWISE_BEZIER_KNOTS.);
#6287 = CARTESIAN_POINT('',(4.458235536943E-02,-1.009872999746,
    0.132747593806));
#6288 = CARTESIAN_POINT('',(4.368816356131E-02,-1.009872999746,
    0.131874197157));
#6289 = CARTESIAN_POINT('',(4.323067007823E-02,-1.009872999746,
    0.130647282816));
#6290 = CARTESIAN_POINT('',(4.323067007823E-02,-1.009872999746,
    0.129066850783));
#6291 = ORIENTED_EDGE('',*,*,#6292,.F.);
#6292 = EDGE_CURVE('',#6293,#6282,#6295,.T.);
#6293 = VERTEX_POINT('',#6294);
#6294 = CARTESIAN_POINT('',(4.95108078927E-02,-1.009872999746,
    0.134535977423));
#6295 = B_SPLINE_CURVE_WITH_KNOTS('',3,(#6296,#6297,#6298,#6299),
  .UNSPECIFIED.,.F.,.F.,(4,4),(0.,1.),.PIECEWISE_BEZIER_KNOTS.);
#6296 = CARTESIAN_POINT('',(4.95108078927E-02,-1.009872999746,
    0.134535977423));
#6297 = CARTESIAN_POINT('',(4.712976226442E-02,-1.009872999746,
    0.134203254889));
#6298 = CARTESIAN_POINT('',(4.548694475657E-02,-1.009872999746,
    0.133620990456));
#6299 = CARTESIAN_POINT('',(4.458235536943E-02,-1.009872999746,
    0.132747593806));
#6300 = ORIENTED_EDGE('',*,*,#6301,.F.);
#6301 = EDGE_CURVE('',#6302,#6293,#6304,.T.);
#6302 = VERTEX_POINT('',#6303);
#6303 = CARTESIAN_POINT('',(5.631082466543E-02,-1.009872999746,
    0.135450964389));
#6304 = LINE('',#6305,#6306);
#6305 = CARTESIAN_POINT('',(5.631082466543E-02,-1.009872999746,
    0.135450964389));
#6306 = VECTOR('',#6307,1.);
#6307 = DIRECTION('',(-0.9910683663,0.,-0.133354764894));
#6308 = ORIENTED_EDGE('',*,*,#6309,.F.);
#6309 = EDGE_CURVE('',#6310,#6302,#6312,.T.);
#6310 = VERTEX_POINT('',#6311);
#6311 = CARTESIAN_POINT('',(5.631082466543E-02,-1.009872999746,
    0.132664413173));
#6312 = LINE('',#6313,#6314);
#6313 = CARTESIAN_POINT('',(5.631082466543E-02,-1.009872999746,
    0.132664413173));
#6314 = VECTOR('',#6315,1.);
#6315 = DIRECTION('',(0.,0.,1.));
#6316 = ORIENTED_EDGE('',*,*,#6317,.F.);
#6317 = EDGE_CURVE('',#6318,#6310,#6320,.T.);
#6318 = VERTEX_POINT('',#6319);
#6319 = CARTESIAN_POINT('',(5.412733304116E-02,-1.009872999746,
    0.12673779305));
#6320 = B_SPLINE_CURVE_WITH_KNOTS('',3,(#6321,#6322,#6323,#6324),
  .UNSPECIFIED.,.F.,.F.,(4,4),(5.,6.),.PIECEWISE_BEZIER_KNOTS.);
#6321 = CARTESIAN_POINT('',(5.412733304116E-02,-1.009872999746,
    0.12673779305));
#6322 = CARTESIAN_POINT('',(5.5582994124E-02,-1.009872999746,
    0.128297429925));
#6323 = CARTESIAN_POINT('',(5.631082466543E-02,-1.009872999746,
    0.130272969966));
#6324 = CARTESIAN_POINT('',(5.631082466543E-02,-1.009872999746,
    0.132664413173));
#6325 = ORIENTED_EDGE('',*,*,#6326,.F.);
#6326 = EDGE_CURVE('',#6327,#6318,#6329,.T.);
#6327 = VERTEX_POINT('',#6328);
#6328 = CARTESIAN_POINT('',(4.859582092642E-02,-1.009872999746,
    0.124367145001));
#6329 = B_SPLINE_CURVE_WITH_KNOTS('',3,(#6330,#6331,#6332,#6333),
  .UNSPECIFIED.,.F.,.F.,(4,4),(4.,5.),.PIECEWISE_BEZIER_KNOTS.);
#6330 = CARTESIAN_POINT('',(4.859582092642E-02,-1.009872999746,
    0.124367145001));
#6331 = CARTESIAN_POINT('',(5.083130044644E-02,-1.009872999746,
    0.124367145001));
#6332 = CARTESIAN_POINT('',(5.268206953746E-02,-1.009872999746,
    0.125157361017));
#6333 = CARTESIAN_POINT('',(5.412733304116E-02,-1.009872999746,
    0.12673779305));
#6334 = ORIENTED_EDGE('',*,*,#6335,.F.);
#6335 = EDGE_CURVE('',#6336,#6327,#6338,.T.);
#6336 = VERTEX_POINT('',#6337);
#6337 = CARTESIAN_POINT('',(4.470712631938E-02,-1.009872999746,
    0.125677239975));
#6338 = B_SPLINE_CURVE_WITH_KNOTS('',3,(#6339,#6340,#6341,#6342),
  .UNSPECIFIED.,.F.,.F.,(4,4),(3.,4.),.PIECEWISE_BEZIER_KNOTS.);
#6339 = CARTESIAN_POINT('',(4.470712631938E-02,-1.009872999746,
    0.125677239975));
#6340 = CARTESIAN_POINT('',(4.568449876072E-02,-1.009872999746,
    0.124803843326));
#6341 = CARTESIAN_POINT('',(4.698419615602E-02,-1.009872999746,
    0.124367145001));
#6342 = CARTESIAN_POINT('',(4.859582092642E-02,-1.009872999746,
    0.124367145001));
#6343 = ORIENTED_EDGE('',*,*,#6344,.F.);
#6344 = EDGE_CURVE('',#6284,#6336,#6345,.T.);
#6345 = B_SPLINE_CURVE_WITH_KNOTS('',3,(#6346,#6347,#6348,#6349),
  .UNSPECIFIED.,.F.,.F.,(4,4),(2.,3.),.PIECEWISE_BEZIER_KNOTS.);
#6346 = CARTESIAN_POINT('',(4.323067007823E-02,-1.009872999746,
    0.129066850783));
#6347 = CARTESIAN_POINT('',(4.323067007823E-02,-1.009872999746,
    0.127673575175));
#6348 = CARTESIAN_POINT('',(4.37193562989E-02,-1.009872999746,
    0.126550636625));
#6349 = CARTESIAN_POINT('',(4.470712631938E-02,-1.009872999746,
    0.125677239975));
#6350 = PLANE('',#6351);
#6351 = AXIS2_PLACEMENT_3D('',#6352,#6353,#6354);
#6352 = CARTESIAN_POINT('',(4.556362690293E-02,-1.009872999746,
    0.1499165964));
#6353 = DIRECTION('',(0.,-1.,0.));
#6354 = DIRECTION('',(0.,0.,-1.));
#6355 = ADVANCED_FACE('',(#6356),#6372,.F.);
#6356 = FACE_BOUND('',#6357,.F.);
#6357 = EDGE_LOOP('',(#6358,#6364,#6365,#6371));
#6358 = ORIENTED_EDGE('',*,*,#6359,.F.);
#6359 = EDGE_CURVE('',#6160,#317,#6360,.T.);
#6360 = LINE('',#6361,#6362);
#6361 = CARTESIAN_POINT('',(5.090408350064E-02,-1.009872999746,
    0.150589839651));
#6362 = VECTOR('',#6363,1.);
#6363 = DIRECTION('',(-1.084202172486E-16,1.,0.));
#6364 = ORIENTED_EDGE('',*,*,#6159,.T.);
#6365 = ORIENTED_EDGE('',*,*,#6366,.T.);
#6366 = EDGE_CURVE('',#6162,#319,#6367,.T.);
#6367 = LINE('',#6368,#6369);
#6368 = CARTESIAN_POINT('',(4.090161234557E-02,-1.009872999746,
    0.147886469068));
#6369 = VECTOR('',#6370,1.);
#6370 = DIRECTION('',(-1.084202172486E-16,1.,0.));
#6371 = ORIENTED_EDGE('',*,*,#316,.F.);
#6372 = B_SPLINE_SURFACE_WITH_KNOTS('',3,1,(
    (#6373,#6374)
    ,(#6375,#6376)
    ,(#6377,#6378)
    ,(#6379,#6380
    )),.UNSPECIFIED.,.F.,.F.,.F.,(4,4),(2,2),(0.,1.),(0.,1.),
  .PIECEWISE_BEZIER_KNOTS.);
#6373 = CARTESIAN_POINT('',(5.090408350064E-02,-1.009872999746,
    0.150589839651));
#6374 = CARTESIAN_POINT('',(5.090408350064E-02,-0.999872999746,
    0.150589839651));
#6375 = CARTESIAN_POINT('',(4.711936468526E-02,-1.009872999746,
    0.150589839651));
#6376 = CARTESIAN_POINT('',(4.711936468526E-02,-0.999872999746,
    0.150589839651));
#6377 = CARTESIAN_POINT('',(4.378174177381E-02,-1.009872999746,
    0.149695647842));
#6378 = CARTESIAN_POINT('',(4.378174177381E-02,-0.999872999746,
    0.149695647842));
#6379 = CARTESIAN_POINT('',(4.090161234557E-02,-1.009872999746,
    0.147886469068));
#6380 = CARTESIAN_POINT('',(4.090161234557E-02,-0.999872999746,
    0.147886469068));
#6381 = ADVANCED_FACE('',(#6382),#6393,.F.);
#6382 = FACE_BOUND('',#6383,.T.);
#6383 = EDGE_LOOP('',(#6384,#6385,#6391,#6392));
#6384 = ORIENTED_EDGE('',*,*,#430,.T.);
#6385 = ORIENTED_EDGE('',*,*,#6386,.F.);
#6386 = EDGE_CURVE('',#6171,#422,#6387,.T.);
#6387 = LINE('',#6388,#6389);
#6388 = CARTESIAN_POINT('',(4.090161234557E-02,-1.009872999746,
    0.142937221386));
#6389 = VECTOR('',#6390,1.);
#6390 = DIRECTION('',(-1.084202172486E-16,1.,0.));
#6391 = ORIENTED_EDGE('',*,*,#6170,.F.);
#6392 = ORIENTED_EDGE('',*,*,#6366,.T.);
#6393 = PLANE('',#6394);
#6394 = AXIS2_PLACEMENT_3D('',#6395,#6396,#6397);
#6395 = CARTESIAN_POINT('',(4.090161234557E-02,-1.009872999746,
    0.142937221386));
#6396 = DIRECTION('',(1.,1.084202172486E-16,0.));
#6397 = DIRECTION('',(-1.084202172486E-16,1.,0.));
#6398 = ADVANCED_FACE('',(#6399),#6410,.F.);
#6399 = FACE_BOUND('',#6400,.F.);
#6400 = EDGE_LOOP('',(#6401,#6402,#6403,#6409));
#6401 = ORIENTED_EDGE('',*,*,#6386,.F.);
#6402 = ORIENTED_EDGE('',*,*,#6178,.T.);
#6403 = ORIENTED_EDGE('',*,*,#6404,.T.);
#6404 = EDGE_CURVE('',#6179,#413,#6405,.T.);
#6405 = LINE('',#6406,#6407);
#6406 = CARTESIAN_POINT('',(5.042579485913E-02,-1.009872999746,
    0.146451603144));
#6407 = VECTOR('',#6408,1.);
#6408 = DIRECTION('',(-1.084202172486E-16,1.,0.));
#6409 = ORIENTED_EDGE('',*,*,#421,.F.);
#6410 = B_SPLINE_SURFACE_WITH_KNOTS('',3,1,(
    (#6411,#6412)
    ,(#6413,#6414)
    ,(#6415,#6416)
    ,(#6417,#6418
    )),.UNSPECIFIED.,.F.,.F.,.F.,(4,4),(2,2),(12.,13.),(0.,1.),
  .PIECEWISE_BEZIER_KNOTS.);
#6411 = CARTESIAN_POINT('',(4.090161234557E-02,-1.009872999746,
    0.142937221386));
#6412 = CARTESIAN_POINT('',(4.090161234557E-02,-0.999872999746,
    0.142937221386));
#6413 = CARTESIAN_POINT('',(4.377134419466E-02,-1.009872999746,
    0.145266279119));
#6414 = CARTESIAN_POINT('',(4.377134419466E-02,-0.999872999746,
    0.145266279119));
#6415 = CARTESIAN_POINT('',(4.694260583941E-02,-1.009872999746,
    0.146451603144));
#6416 = CARTESIAN_POINT('',(4.694260583941E-02,-0.999872999746,
    0.146451603144));
#6417 = CARTESIAN_POINT('',(5.042579485913E-02,-1.009872999746,
    0.146451603144));
#6418 = CARTESIAN_POINT('',(5.042579485913E-02,-0.999872999746,
    0.146451603144));
#6419 = ADVANCED_FACE('',(#6420),#6431,.F.);
#6420 = FACE_BOUND('',#6421,.F.);
#6421 = EDGE_LOOP('',(#6422,#6423,#6424,#6430));
#6422 = ORIENTED_EDGE('',*,*,#6404,.F.);
#6423 = ORIENTED_EDGE('',*,*,#6187,.T.);
#6424 = ORIENTED_EDGE('',*,*,#6425,.T.);
#6425 = EDGE_CURVE('',#6188,#405,#6426,.T.);
#6426 = LINE('',#6427,#6428);
#6427 = CARTESIAN_POINT('',(5.631082466543E-02,-1.009872999746,
    0.139339658996));
#6428 = VECTOR('',#6429,1.);
#6429 = DIRECTION('',(-1.084202172486E-16,1.,0.));
#6430 = ORIENTED_EDGE('',*,*,#412,.F.);
#6431 = B_SPLINE_SURFACE_WITH_KNOTS('',3,1,(
    (#6432,#6433)
    ,(#6434,#6435)
    ,(#6436,#6437)
    ,(#6438,#6439
    )),.UNSPECIFIED.,.F.,.F.,.F.,(4,4),(2,2),(11.,12.),(0.,1.),
  .PIECEWISE_BEZIER_KNOTS.);
#6432 = CARTESIAN_POINT('',(5.042579485913E-02,-1.009872999746,
    0.146451603144));
#6433 = CARTESIAN_POINT('',(5.042579485913E-02,-0.999872999746,
    0.146451603144));
#6434 = CARTESIAN_POINT('',(5.434568220361E-02,-1.009872999746,
    0.146451603144));
#6435 = CARTESIAN_POINT('',(5.434568220361E-02,-0.999872999746,
    0.146451603144));
#6436 = CARTESIAN_POINT('',(5.631082466543E-02,-1.009872999746,
    0.144080955094));
#6437 = CARTESIAN_POINT('',(5.631082466543E-02,-0.999872999746,
    0.144080955094));
#6438 = CARTESIAN_POINT('',(5.631082466543E-02,-1.009872999746,
    0.139339658996));
#6439 = CARTESIAN_POINT('',(5.631082466543E-02,-0.999872999746,
    0.139339658996));
#6440 = ADVANCED_FACE('',(#6441),#6452,.F.);
#6441 = FACE_BOUND('',#6442,.T.);
#6442 = EDGE_LOOP('',(#6443,#6444,#6450,#6451));
#6443 = ORIENTED_EDGE('',*,*,#404,.T.);
#6444 = ORIENTED_EDGE('',*,*,#6445,.F.);
#6445 = EDGE_CURVE('',#6197,#396,#6446,.T.);
#6446 = LINE('',#6447,#6448);
#6447 = CARTESIAN_POINT('',(4.770162911829E-02,-1.009872999746,
    0.138133539813));
#6448 = VECTOR('',#6449,1.);
#6449 = DIRECTION('',(-1.084202172486E-16,1.,0.));
#6450 = ORIENTED_EDGE('',*,*,#6196,.F.);
#6451 = ORIENTED_EDGE('',*,*,#6425,.T.);
#6452 = PLANE('',#6453);
#6453 = AXIS2_PLACEMENT_3D('',#6454,#6455,#6456);
#6454 = CARTESIAN_POINT('',(4.770162911829E-02,-1.009872999746,
    0.138133539813));
#6455 = DIRECTION('',(0.138741688482,1.504240400668E-17,-0.990328603988)
  );
#6456 = DIRECTION('',(-0.990328603988,0.,-0.138741688482));
#6457 = ADVANCED_FACE('',(#6458),#6469,.F.);
#6458 = FACE_BOUND('',#6459,.F.);
#6459 = EDGE_LOOP('',(#6460,#6461,#6462,#6468));
#6460 = ORIENTED_EDGE('',*,*,#6445,.F.);
#6461 = ORIENTED_EDGE('',*,*,#6204,.T.);
#6462 = ORIENTED_EDGE('',*,*,#6463,.T.);
#6463 = EDGE_CURVE('',#6205,#387,#6464,.T.);
#6464 = LINE('',#6465,#6466);
#6465 = CARTESIAN_POINT('',(3.806307323407E-02,-1.009872999746,
    0.128650947616));
#6466 = VECTOR('',#6467,1.);
#6467 = DIRECTION('',(-1.084202172486E-16,1.,0.));
#6468 = ORIENTED_EDGE('',*,*,#395,.F.);
#6469 = B_SPLINE_SURFACE_WITH_KNOTS('',3,1,(
    (#6470,#6471)
    ,(#6472,#6473)
    ,(#6474,#6475)
    ,(#6476,#6477
    )),.UNSPECIFIED.,.F.,.F.,.F.,(4,4),(2,2),(9.,10.),(0.,1.),
  .PIECEWISE_BEZIER_KNOTS.);
#6470 = CARTESIAN_POINT('',(4.770162911829E-02,-1.009872999746,
    0.138133539813));
#6471 = CARTESIAN_POINT('',(4.770162911829E-02,-0.999872999746,
    0.138133539813));
#6472 = CARTESIAN_POINT('',(4.127592519557E-02,-1.009872999746,
    0.137239348005));
#6473 = CARTESIAN_POINT('',(4.127592519557E-02,-0.999872999746,
    0.137239348005));
#6474 = CARTESIAN_POINT('',(3.806307323407E-02,-1.009872999746,
    0.134078483939));
#6475 = CARTESIAN_POINT('',(3.806307323407E-02,-0.999872999746,
    0.134078483939));
#6476 = CARTESIAN_POINT('',(3.806307323407E-02,-1.009872999746,
    0.128650947616));
#6477 = CARTESIAN_POINT('',(3.806307323407E-02,-0.999872999746,
    0.128650947616));
#6478 = ADVANCED_FACE('',(#6479),#6490,.F.);
#6479 = FACE_BOUND('',#6480,.F.);
#6480 = EDGE_LOOP('',(#6481,#6482,#6483,#6489));
#6481 = ORIENTED_EDGE('',*,*,#6463,.F.);
#6482 = ORIENTED_EDGE('',*,*,#6213,.T.);
#6483 = ORIENTED_EDGE('',*,*,#6484,.T.);
#6484 = EDGE_CURVE('',#6214,#378,#6485,.T.);
#6485 = LINE('',#6486,#6487);
#6486 = CARTESIAN_POINT('',(4.055849223329E-02,-1.009872999746,
    0.122474785593));
#6487 = VECTOR('',#6488,1.);
#6488 = DIRECTION('',(-1.084202172486E-16,1.,0.));
#6489 = ORIENTED_EDGE('',*,*,#386,.F.);
#6490 = B_SPLINE_SURFACE_WITH_KNOTS('',3,1,(
    (#6491,#6492)
    ,(#6493,#6494)
    ,(#6495,#6496)
    ,(#6497,#6498
    )),.UNSPECIFIED.,.F.,.F.,.F.,(4,4),(2,2),(8.,9.),(0.,1.),
  .PIECEWISE_BEZIER_KNOTS.);
#6491 = CARTESIAN_POINT('',(3.806307323407E-02,-1.009872999746,
    0.128650947616));
#6492 = CARTESIAN_POINT('',(3.806307323407E-02,-0.999872999746,
    0.128650947616));
#6493 = CARTESIAN_POINT('',(3.806307323407E-02,-1.009872999746,
    0.126051552825));
#6494 = CARTESIAN_POINT('',(3.806307323407E-02,-0.999872999746,
    0.126051552825));
#6495 = CARTESIAN_POINT('',(3.889487956714E-02,-1.009872999746,
    0.123992832151));
#6496 = CARTESIAN_POINT('',(3.889487956714E-02,-0.999872999746,
    0.123992832151));
#6497 = CARTESIAN_POINT('',(4.055849223329E-02,-1.009872999746,
    0.122474785593));
#6498 = CARTESIAN_POINT('',(4.055849223329E-02,-0.999872999746,
    0.122474785593));
#6499 = ADVANCED_FACE('',(#6500),#6511,.F.);
#6500 = FACE_BOUND('',#6501,.F.);
#6501 = EDGE_LOOP('',(#6502,#6503,#6504,#6510));
#6502 = ORIENTED_EDGE('',*,*,#6484,.F.);
#6503 = ORIENTED_EDGE('',*,*,#6222,.T.);
#6504 = ORIENTED_EDGE('',*,*,#6505,.T.);
#6505 = EDGE_CURVE('',#6223,#369,#6506,.T.);
#6506 = LINE('',#6507,#6508);
#6507 = CARTESIAN_POINT('',(4.727532837267E-02,-1.009872999746,
    0.120187318177));
#6508 = VECTOR('',#6509,1.);
#6509 = DIRECTION('',(-1.084202172486E-16,1.,0.));
#6510 = ORIENTED_EDGE('',*,*,#377,.F.);
#6511 = B_SPLINE_SURFACE_WITH_KNOTS('',3,1,(
    (#6512,#6513)
    ,(#6514,#6515)
    ,(#6516,#6517)
    ,(#6518,#6519
    )),.UNSPECIFIED.,.F.,.F.,.F.,(4,4),(2,2),(7.,8.),(0.,1.),
  .PIECEWISE_BEZIER_KNOTS.);
#6512 = CARTESIAN_POINT('',(4.055849223329E-02,-1.009872999746,
    0.122474785593));
#6513 = CARTESIAN_POINT('',(4.055849223329E-02,-0.999872999746,
    0.122474785593));
#6514 = CARTESIAN_POINT('',(4.222210489931E-02,-1.009872999746,
    0.120956739035));
#6515 = CARTESIAN_POINT('',(4.222210489931E-02,-0.999872999746,
    0.120956739035));
#6516 = CARTESIAN_POINT('',(4.445758441948E-02,-1.009872999746,
    0.120187318177));
#6517 = CARTESIAN_POINT('',(4.445758441948E-02,-0.999872999746,
    0.120187318177));
#6518 = CARTESIAN_POINT('',(4.727532837267E-02,-1.009872999746,
    0.120187318177));
#6519 = CARTESIAN_POINT('',(4.727532837267E-02,-0.999872999746,
    0.120187318177));
#6520 = ADVANCED_FACE('',(#6521),#6532,.F.);
#6521 = FACE_BOUND('',#6522,.F.);
#6522 = EDGE_LOOP('',(#6523,#6524,#6525,#6531));
#6523 = ORIENTED_EDGE('',*,*,#6505,.F.);
#6524 = ORIENTED_EDGE('',*,*,#6231,.T.);
#6525 = ORIENTED_EDGE('',*,*,#6526,.T.);
#6526 = EDGE_CURVE('',#6232,#361,#6527,.T.);
#6527 = LINE('',#6528,#6529);
#6528 = CARTESIAN_POINT('',(5.617565613632E-02,-1.009872999746,
    0.125365312601));
#6529 = VECTOR('',#6530,1.);
#6530 = DIRECTION('',(-1.084202172486E-16,1.,0.));
#6531 = ORIENTED_EDGE('',*,*,#368,.F.);
#6532 = B_SPLINE_SURFACE_WITH_KNOTS('',3,1,(
    (#6533,#6534)
    ,(#6535,#6536)
    ,(#6537,#6538)
    ,(#6539,#6540
    )),.UNSPECIFIED.,.F.,.F.,.F.,(4,4),(2,2),(6.,7.),(0.,1.),
  .PIECEWISE_BEZIER_KNOTS.);
#6533 = CARTESIAN_POINT('',(4.727532837267E-02,-1.009872999746,
    0.120187318177));
#6534 = CARTESIAN_POINT('',(4.727532837267E-02,-0.999872999746,
    0.120187318177));
#6535 = CARTESIAN_POINT('',(5.119521571716E-02,-1.009872999746,
    0.120187318177));
#6536 = CARTESIAN_POINT('',(5.119521571716E-02,-0.999872999746,
    0.120187318177));
#6537 = CARTESIAN_POINT('',(5.41689233579E-02,-1.009872999746,
    0.121913316318));
#6538 = CARTESIAN_POINT('',(5.41689233579E-02,-0.999872999746,
    0.121913316318));
#6539 = CARTESIAN_POINT('',(5.617565613632E-02,-1.009872999746,
    0.125365312601));
#6540 = CARTESIAN_POINT('',(5.617565613632E-02,-0.999872999746,
    0.125365312601));
#6541 = ADVANCED_FACE('',(#6542),#6553,.F.);
#6542 = FACE_BOUND('',#6543,.T.);
#6543 = EDGE_LOOP('',(#6544,#6545,#6551,#6552));
#6544 = ORIENTED_EDGE('',*,*,#360,.T.);
#6545 = ORIENTED_EDGE('',*,*,#6546,.F.);
#6546 = EDGE_CURVE('',#6241,#353,#6547,.T.);
#6547 = LINE('',#6548,#6549);
#6548 = CARTESIAN_POINT('',(5.631082466543E-02,-1.009872999746,
    0.125365312601));
#6549 = VECTOR('',#6550,1.);
#6550 = DIRECTION('',(-1.084202172486E-16,1.,0.));
#6551 = ORIENTED_EDGE('',*,*,#6240,.F.);
#6552 = ORIENTED_EDGE('',*,*,#6526,.T.);
#6553 = PLANE('',#6554);
#6554 = AXIS2_PLACEMENT_3D('',#6555,#6556,#6557);
#6555 = CARTESIAN_POINT('',(5.631082466543E-02,-1.009872999746,
    0.125365312601));
#6556 = DIRECTION('',(0.,0.,1.));
#6557 = DIRECTION('',(1.,0.,-0.));
#6558 = ADVANCED_FACE('',(#6559),#6570,.F.);
#6559 = FACE_BOUND('',#6560,.T.);
#6560 = EDGE_LOOP('',(#6561,#6562,#6568,#6569));
#6561 = ORIENTED_EDGE('',*,*,#352,.T.);
#6562 = ORIENTED_EDGE('',*,*,#6563,.F.);
#6563 = EDGE_CURVE('',#6249,#345,#6564,.T.);
#6564 = LINE('',#6565,#6566);
#6565 = CARTESIAN_POINT('',(5.631082466543E-02,-1.009872999746,
    0.120873558402));
#6566 = VECTOR('',#6567,1.);
#6567 = DIRECTION('',(-1.084202172486E-16,1.,0.));
#6568 = ORIENTED_EDGE('',*,*,#6248,.F.);
#6569 = ORIENTED_EDGE('',*,*,#6546,.T.);
#6570 = PLANE('',#6571);
#6571 = AXIS2_PLACEMENT_3D('',#6572,#6573,#6574);
#6572 = CARTESIAN_POINT('',(5.631082466543E-02,-1.009872999746,
    0.120873558402));
#6573 = DIRECTION('',(1.,1.084202172486E-16,0.));
#6574 = DIRECTION('',(-1.084202172486E-16,1.,0.));
#6575 = ADVANCED_FACE('',(#6576),#6587,.F.);
#6576 = FACE_BOUND('',#6577,.T.);
#6577 = EDGE_LOOP('',(#6578,#6579,#6585,#6586));
#6578 = ORIENTED_EDGE('',*,*,#344,.T.);
#6579 = ORIENTED_EDGE('',*,*,#6580,.F.);
#6580 = EDGE_CURVE('',#6257,#337,#6581,.T.);
#6581 = LINE('',#6582,#6583);
#6582 = CARTESIAN_POINT('',(6.14056384554E-02,-1.009872999746,
    0.120873558402));
#6583 = VECTOR('',#6584,1.);
#6584 = DIRECTION('',(-1.084202172486E-16,1.,0.));
#6585 = ORIENTED_EDGE('',*,*,#6256,.F.);
#6586 = ORIENTED_EDGE('',*,*,#6563,.T.);
#6587 = PLANE('',#6588);
#6588 = AXIS2_PLACEMENT_3D('',#6589,#6590,#6591);
#6589 = CARTESIAN_POINT('',(6.14056384554E-02,-1.009872999746,
    0.120873558402));
#6590 = DIRECTION('',(0.,0.,1.));
#6591 = DIRECTION('',(1.,0.,-0.));
#6592 = ADVANCED_FACE('',(#6593),#6604,.F.);
#6593 = FACE_BOUND('',#6594,.T.);
#6594 = EDGE_LOOP('',(#6595,#6596,#6602,#6603));
#6595 = ORIENTED_EDGE('',*,*,#336,.T.);
#6596 = ORIENTED_EDGE('',*,*,#6597,.F.);
#6597 = EDGE_CURVE('',#6265,#328,#6598,.T.);
#6598 = LINE('',#6599,#6600);
#6599 = CARTESIAN_POINT('',(6.14056384554E-02,-1.009872999746,
    0.139568405737));
#6600 = VECTOR('',#6601,1.);
#6601 = DIRECTION('',(-1.084202172486E-16,1.,0.));
#6602 = ORIENTED_EDGE('',*,*,#6264,.F.);
#6603 = ORIENTED_EDGE('',*,*,#6580,.T.);
#6604 = PLANE('',#6605);
#6605 = AXIS2_PLACEMENT_3D('',#6606,#6607,#6608);
#6606 = CARTESIAN_POINT('',(6.14056384554E-02,-1.009872999746,
    0.139568405737));
#6607 = DIRECTION('',(-1.,-1.084202172486E-16,0.));
#6608 = DIRECTION('',(1.084202172486E-16,-1.,0.));
#6609 = ADVANCED_FACE('',(#6610),#6616,.F.);
#6610 = FACE_BOUND('',#6611,.F.);
#6611 = EDGE_LOOP('',(#6612,#6613,#6614,#6615));
#6612 = ORIENTED_EDGE('',*,*,#6597,.F.);
#6613 = ORIENTED_EDGE('',*,*,#6272,.T.);
#6614 = ORIENTED_EDGE('',*,*,#6359,.T.);
#6615 = ORIENTED_EDGE('',*,*,#327,.F.);
#6616 = B_SPLINE_SURFACE_WITH_KNOTS('',3,1,(
    (#6617,#6618)
    ,(#6619,#6620)
    ,(#6621,#6622)
    ,(#6623,#6624
    )),.UNSPECIFIED.,.F.,.F.,.F.,(4,4),(2,2),(1.,2.),(0.,1.),
  .PIECEWISE_BEZIER_KNOTS.);
#6617 = CARTESIAN_POINT('',(6.14056384554E-02,-1.009872999746,
    0.139568405737));
#6618 = CARTESIAN_POINT('',(6.14056384554E-02,-0.999872999746,
    0.139568405737));
#6619 = CARTESIAN_POINT('',(6.14056384554E-02,-1.009872999746,
    0.146929891785));
#6620 = CARTESIAN_POINT('',(6.14056384554E-02,-0.999872999746,
    0.146929891785));
#6621 = CARTESIAN_POINT('',(5.790165427738E-02,-1.009872999746,
    0.150589839651));
#6622 = CARTESIAN_POINT('',(5.790165427738E-02,-0.999872999746,
    0.150589839651));
#6623 = CARTESIAN_POINT('',(5.090408350064E-02,-1.009872999746,
    0.150589839651));
#6624 = CARTESIAN_POINT('',(5.090408350064E-02,-0.999872999746,
    0.150589839651));
#6625 = ADVANCED_FACE('',(#6626),#6652,.T.);
#6626 = FACE_BOUND('',#6627,.T.);
#6627 = EDGE_LOOP('',(#6628,#6639,#6645,#6646));
#6628 = ORIENTED_EDGE('',*,*,#6629,.F.);
#6629 = EDGE_CURVE('',#6630,#6632,#6634,.T.);
#6630 = VERTEX_POINT('',#6631);
#6631 = CARTESIAN_POINT('',(4.95108078927E-02,-0.999872999746,
    0.134535977423));
#6632 = VERTEX_POINT('',#6633);
#6633 = CARTESIAN_POINT('',(4.458235536943E-02,-0.999872999746,
    0.132747593806));
#6634 = B_SPLINE_CURVE_WITH_KNOTS('',3,(#6635,#6636,#6637,#6638),
  .UNSPECIFIED.,.F.,.F.,(4,4),(0.,1.),.PIECEWISE_BEZIER_KNOTS.);
#6635 = CARTESIAN_POINT('',(4.95108078927E-02,-0.999872999746,
    0.134535977423));
#6636 = CARTESIAN_POINT('',(4.712976226442E-02,-0.999872999746,
    0.134203254889));
#6637 = CARTESIAN_POINT('',(4.548694475657E-02,-0.999872999746,
    0.133620990456));
#6638 = CARTESIAN_POINT('',(4.458235536943E-02,-0.999872999746,
    0.132747593806));
#6639 = ORIENTED_EDGE('',*,*,#6640,.F.);
#6640 = EDGE_CURVE('',#6293,#6630,#6641,.T.);
#6641 = LINE('',#6642,#6643);
#6642 = CARTESIAN_POINT('',(4.95108078927E-02,-1.009872999746,
    0.134535977423));
#6643 = VECTOR('',#6644,1.);
#6644 = DIRECTION('',(-1.084202172486E-16,1.,0.));
#6645 = ORIENTED_EDGE('',*,*,#6292,.T.);
#6646 = ORIENTED_EDGE('',*,*,#6647,.T.);
#6647 = EDGE_CURVE('',#6282,#6632,#6648,.T.);
#6648 = LINE('',#6649,#6650);
#6649 = CARTESIAN_POINT('',(4.458235536943E-02,-1.009872999746,
    0.132747593806));
#6650 = VECTOR('',#6651,1.);
#6651 = DIRECTION('',(-1.084202172486E-16,1.,0.));
#6652 = B_SPLINE_SURFACE_WITH_KNOTS('',3,1,(
    (#6653,#6654)
    ,(#6655,#6656)
    ,(#6657,#6658)
    ,(#6659,#6660
    )),.UNSPECIFIED.,.F.,.F.,.F.,(4,4),(2,2),(0.,1.),(0.,1.),
  .PIECEWISE_BEZIER_KNOTS.);
#6653 = CARTESIAN_POINT('',(4.95108078927E-02,-1.009872999746,
    0.134535977423));
#6654 = CARTESIAN_POINT('',(4.95108078927E-02,-0.999872999746,
    0.134535977423));
#6655 = CARTESIAN_POINT('',(4.712976226442E-02,-1.009872999746,
    0.134203254889));
#6656 = CARTESIAN_POINT('',(4.712976226442E-02,-0.999872999746,
    0.134203254889));
#6657 = CARTESIAN_POINT('',(4.548694475657E-02,-1.009872999746,
    0.133620990456));
#6658 = CARTESIAN_POINT('',(4.548694475657E-02,-0.999872999746,
    0.133620990456));
#6659 = CARTESIAN_POINT('',(4.458235536943E-02,-1.009872999746,
    0.132747593806));
#6660 = CARTESIAN_POINT('',(4.458235536943E-02,-0.999872999746,
    0.132747593806));
#6661 = ADVANCED_FACE('',(#6662),#6681,.T.);
#6662 = FACE_BOUND('',#6663,.T.);
#6663 = EDGE_LOOP('',(#6664,#6673,#6674,#6675));
#6664 = ORIENTED_EDGE('',*,*,#6665,.F.);
#6665 = EDGE_CURVE('',#6632,#6666,#6668,.T.);
#6666 = VERTEX_POINT('',#6667);
#6667 = CARTESIAN_POINT('',(4.323067007823E-02,-0.999872999746,
    0.129066850783));
#6668 = B_SPLINE_CURVE_WITH_KNOTS('',3,(#6669,#6670,#6671,#6672),
  .UNSPECIFIED.,.F.,.F.,(4,4),(1.,2.),.PIECEWISE_BEZIER_KNOTS.);
#6669 = CARTESIAN_POINT('',(4.458235536943E-02,-0.999872999746,
    0.132747593806));
#6670 = CARTESIAN_POINT('',(4.368816356131E-02,-0.999872999746,
    0.131874197157));
#6671 = CARTESIAN_POINT('',(4.323067007823E-02,-0.999872999746,
    0.130647282816));
#6672 = CARTESIAN_POINT('',(4.323067007823E-02,-0.999872999746,
    0.129066850783));
#6673 = ORIENTED_EDGE('',*,*,#6647,.F.);
#6674 = ORIENTED_EDGE('',*,*,#6281,.T.);
#6675 = ORIENTED_EDGE('',*,*,#6676,.T.);
#6676 = EDGE_CURVE('',#6284,#6666,#6677,.T.);
#6677 = LINE('',#6678,#6679);
#6678 = CARTESIAN_POINT('',(4.323067007823E-02,-1.009872999746,
    0.129066850783));
#6679 = VECTOR('',#6680,1.);
#6680 = DIRECTION('',(-1.084202172486E-16,1.,0.));
#6681 = B_SPLINE_SURFACE_WITH_KNOTS('',3,1,(
    (#6682,#6683)
    ,(#6684,#6685)
    ,(#6686,#6687)
    ,(#6688,#6689
    )),.UNSPECIFIED.,.F.,.F.,.F.,(4,4),(2,2),(1.,2.),(0.,1.),
  .PIECEWISE_BEZIER_KNOTS.);
#6682 = CARTESIAN_POINT('',(4.458235536943E-02,-1.009872999746,
    0.132747593806));
#6683 = CARTESIAN_POINT('',(4.458235536943E-02,-0.999872999746,
    0.132747593806));
#6684 = CARTESIAN_POINT('',(4.368816356131E-02,-1.009872999746,
    0.131874197157));
#6685 = CARTESIAN_POINT('',(4.368816356131E-02,-0.999872999746,
    0.131874197157));
#6686 = CARTESIAN_POINT('',(4.323067007823E-02,-1.009872999746,
    0.130647282816));
#6687 = CARTESIAN_POINT('',(4.323067007823E-02,-0.999872999746,
    0.130647282816));
#6688 = CARTESIAN_POINT('',(4.323067007823E-02,-1.009872999746,
    0.129066850783));
#6689 = CARTESIAN_POINT('',(4.323067007823E-02,-0.999872999746,
    0.129066850783));
#6690 = ADVANCED_FACE('',(#6691),#6710,.T.);
#6691 = FACE_BOUND('',#6692,.T.);
#6692 = EDGE_LOOP('',(#6693,#6702,#6703,#6704));
#6693 = ORIENTED_EDGE('',*,*,#6694,.F.);
#6694 = EDGE_CURVE('',#6666,#6695,#6697,.T.);
#6695 = VERTEX_POINT('',#6696);
#6696 = CARTESIAN_POINT('',(4.470712631938E-02,-0.999872999746,
    0.125677239975));
#6697 = B_SPLINE_CURVE_WITH_KNOTS('',3,(#6698,#6699,#6700,#6701),
  .UNSPECIFIED.,.F.,.F.,(4,4),(2.,3.),.PIECEWISE_BEZIER_KNOTS.);
#6698 = CARTESIAN_POINT('',(4.323067007823E-02,-0.999872999746,
    0.129066850783));
#6699 = CARTESIAN_POINT('',(4.323067007823E-02,-0.999872999746,
    0.127673575175));
#6700 = CARTESIAN_POINT('',(4.37193562989E-02,-0.999872999746,
    0.126550636625));
#6701 = CARTESIAN_POINT('',(4.470712631938E-02,-0.999872999746,
    0.125677239975));
#6702 = ORIENTED_EDGE('',*,*,#6676,.F.);
#6703 = ORIENTED_EDGE('',*,*,#6344,.T.);
#6704 = ORIENTED_EDGE('',*,*,#6705,.T.);
#6705 = EDGE_CURVE('',#6336,#6695,#6706,.T.);
#6706 = LINE('',#6707,#6708);
#6707 = CARTESIAN_POINT('',(4.470712631938E-02,-1.009872999746,
    0.125677239975));
#6708 = VECTOR('',#6709,1.);
#6709 = DIRECTION('',(-1.084202172486E-16,1.,0.));
#6710 = B_SPLINE_SURFACE_WITH_KNOTS('',3,1,(
    (#6711,#6712)
    ,(#6713,#6714)
    ,(#6715,#6716)
    ,(#6717,#6718
    )),.UNSPECIFIED.,.F.,.F.,.F.,(4,4),(2,2),(2.,3.),(0.,1.),
  .PIECEWISE_BEZIER_KNOTS.);
#6711 = CARTESIAN_POINT('',(4.323067007823E-02,-1.009872999746,
    0.129066850783));
#6712 = CARTESIAN_POINT('',(4.323067007823E-02,-0.999872999746,
    0.129066850783));
#6713 = CARTESIAN_POINT('',(4.323067007823E-02,-1.009872999746,
    0.127673575175));
#6714 = CARTESIAN_POINT('',(4.323067007823E-02,-0.999872999746,
    0.127673575175));
#6715 = CARTESIAN_POINT('',(4.37193562989E-02,-1.009872999746,
    0.126550636625));
#6716 = CARTESIAN_POINT('',(4.37193562989E-02,-0.999872999746,
    0.126550636625));
#6717 = CARTESIAN_POINT('',(4.470712631938E-02,-1.009872999746,
    0.125677239975));
#6718 = CARTESIAN_POINT('',(4.470712631938E-02,-0.999872999746,
    0.125677239975));
#6719 = ADVANCED_FACE('',(#6720),#6739,.T.);
#6720 = FACE_BOUND('',#6721,.T.);
#6721 = EDGE_LOOP('',(#6722,#6731,#6732,#6733));
#6722 = ORIENTED_EDGE('',*,*,#6723,.F.);
#6723 = EDGE_CURVE('',#6695,#6724,#6726,.T.);
#6724 = VERTEX_POINT('',#6725);
#6725 = CARTESIAN_POINT('',(4.859582092642E-02,-0.999872999746,
    0.124367145001));
#6726 = B_SPLINE_CURVE_WITH_KNOTS('',3,(#6727,#6728,#6729,#6730),
  .UNSPECIFIED.,.F.,.F.,(4,4),(3.,4.),.PIECEWISE_BEZIER_KNOTS.);
#6727 = CARTESIAN_POINT('',(4.470712631938E-02,-0.999872999746,
    0.125677239975));
#6728 = CARTESIAN_POINT('',(4.568449876072E-02,-0.999872999746,
    0.124803843326));
#6729 = CARTESIAN_POINT('',(4.698419615602E-02,-0.999872999746,
    0.124367145001));
#6730 = CARTESIAN_POINT('',(4.859582092642E-02,-0.999872999746,
    0.124367145001));
#6731 = ORIENTED_EDGE('',*,*,#6705,.F.);
#6732 = ORIENTED_EDGE('',*,*,#6335,.T.);
#6733 = ORIENTED_EDGE('',*,*,#6734,.T.);
#6734 = EDGE_CURVE('',#6327,#6724,#6735,.T.);
#6735 = LINE('',#6736,#6737);
#6736 = CARTESIAN_POINT('',(4.859582092642E-02,-1.009872999746,
    0.124367145001));
#6737 = VECTOR('',#6738,1.);
#6738 = DIRECTION('',(-1.084202172486E-16,1.,0.));
#6739 = B_SPLINE_SURFACE_WITH_KNOTS('',3,1,(
    (#6740,#6741)
    ,(#6742,#6743)
    ,(#6744,#6745)
    ,(#6746,#6747
    )),.UNSPECIFIED.,.F.,.F.,.F.,(4,4),(2,2),(3.,4.),(0.,1.),
  .PIECEWISE_BEZIER_KNOTS.);
#6740 = CARTESIAN_POINT('',(4.470712631938E-02,-1.009872999746,
    0.125677239975));
#6741 = CARTESIAN_POINT('',(4.470712631938E-02,-0.999872999746,
    0.125677239975));
#6742 = CARTESIAN_POINT('',(4.568449876072E-02,-1.009872999746,
    0.124803843326));
#6743 = CARTESIAN_POINT('',(4.568449876072E-02,-0.999872999746,
    0.124803843326));
#6744 = CARTESIAN_POINT('',(4.698419615602E-02,-1.009872999746,
    0.124367145001));
#6745 = CARTESIAN_POINT('',(4.698419615602E-02,-0.999872999746,
    0.124367145001));
#6746 = CARTESIAN_POINT('',(4.859582092642E-02,-1.009872999746,
    0.124367145001));
#6747 = CARTESIAN_POINT('',(4.859582092642E-02,-0.999872999746,
    0.124367145001));
#6748 = ADVANCED_FACE('',(#6749),#6768,.T.);
#6749 = FACE_BOUND('',#6750,.T.);
#6750 = EDGE_LOOP('',(#6751,#6760,#6761,#6762));
#6751 = ORIENTED_EDGE('',*,*,#6752,.F.);
#6752 = EDGE_CURVE('',#6724,#6753,#6755,.T.);
#6753 = VERTEX_POINT('',#6754);
#6754 = CARTESIAN_POINT('',(5.412733304116E-02,-0.999872999746,
    0.12673779305));
#6755 = B_SPLINE_CURVE_WITH_KNOTS('',3,(#6756,#6757,#6758,#6759),
  .UNSPECIFIED.,.F.,.F.,(4,4),(4.,5.),.PIECEWISE_BEZIER_KNOTS.);
#6756 = CARTESIAN_POINT('',(4.859582092642E-02,-0.999872999746,
    0.124367145001));
#6757 = CARTESIAN_POINT('',(5.083130044644E-02,-0.999872999746,
    0.124367145001));
#6758 = CARTESIAN_POINT('',(5.268206953746E-02,-0.999872999746,
    0.125157361017));
#6759 = CARTESIAN_POINT('',(5.412733304116E-02,-0.999872999746,
    0.12673779305));
#6760 = ORIENTED_EDGE('',*,*,#6734,.F.);
#6761 = ORIENTED_EDGE('',*,*,#6326,.T.);
#6762 = ORIENTED_EDGE('',*,*,#6763,.T.);
#6763 = EDGE_CURVE('',#6318,#6753,#6764,.T.);
#6764 = LINE('',#6765,#6766);
#6765 = CARTESIAN_POINT('',(5.412733304116E-02,-1.009872999746,
    0.12673779305));
#6766 = VECTOR('',#6767,1.);
#6767 = DIRECTION('',(-1.084202172486E-16,1.,0.));
#6768 = B_SPLINE_SURFACE_WITH_KNOTS('',3,1,(
    (#6769,#6770)
    ,(#6771,#6772)
    ,(#6773,#6774)
    ,(#6775,#6776
    )),.UNSPECIFIED.,.F.,.F.,.F.,(4,4),(2,2),(4.,5.),(0.,1.),
  .PIECEWISE_BEZIER_KNOTS.);
#6769 = CARTESIAN_POINT('',(4.859582092642E-02,-1.009872999746,
    0.124367145001));
#6770 = CARTESIAN_POINT('',(4.859582092642E-02,-0.999872999746,
    0.124367145001));
#6771 = CARTESIAN_POINT('',(5.083130044644E-02,-1.009872999746,
    0.124367145001));
#6772 = CARTESIAN_POINT('',(5.083130044644E-02,-0.999872999746,
    0.124367145001));
#6773 = CARTESIAN_POINT('',(5.268206953746E-02,-1.009872999746,
    0.125157361017));
#6774 = CARTESIAN_POINT('',(5.268206953746E-02,-0.999872999746,
    0.125157361017));
#6775 = CARTESIAN_POINT('',(5.412733304116E-02,-1.009872999746,
    0.12673779305));
#6776 = CARTESIAN_POINT('',(5.412733304116E-02,-0.999872999746,
    0.12673779305));
#6777 = ADVANCED_FACE('',(#6778),#6797,.T.);
#6778 = FACE_BOUND('',#6779,.T.);
#6779 = EDGE_LOOP('',(#6780,#6789,#6790,#6791));
#6780 = ORIENTED_EDGE('',*,*,#6781,.F.);
#6781 = EDGE_CURVE('',#6753,#6782,#6784,.T.);
#6782 = VERTEX_POINT('',#6783);
#6783 = CARTESIAN_POINT('',(5.631082466543E-02,-0.999872999746,
    0.132664413173));
#6784 = B_SPLINE_CURVE_WITH_KNOTS('',3,(#6785,#6786,#6787,#6788),
  .UNSPECIFIED.,.F.,.F.,(4,4),(5.,6.),.PIECEWISE_BEZIER_KNOTS.);
#6785 = CARTESIAN_POINT('',(5.412733304116E-02,-0.999872999746,
    0.12673779305));
#6786 = CARTESIAN_POINT('',(5.5582994124E-02,-0.999872999746,
    0.128297429925));
#6787 = CARTESIAN_POINT('',(5.631082466543E-02,-0.999872999746,
    0.130272969966));
#6788 = CARTESIAN_POINT('',(5.631082466543E-02,-0.999872999746,
    0.132664413173));
#6789 = ORIENTED_EDGE('',*,*,#6763,.F.);
#6790 = ORIENTED_EDGE('',*,*,#6317,.T.);
#6791 = ORIENTED_EDGE('',*,*,#6792,.T.);
#6792 = EDGE_CURVE('',#6310,#6782,#6793,.T.);
#6793 = LINE('',#6794,#6795);
#6794 = CARTESIAN_POINT('',(5.631082466543E-02,-1.009872999746,
    0.132664413173));
#6795 = VECTOR('',#6796,1.);
#6796 = DIRECTION('',(-1.084202172486E-16,1.,0.));
#6797 = B_SPLINE_SURFACE_WITH_KNOTS('',3,1,(
    (#6798,#6799)
    ,(#6800,#6801)
    ,(#6802,#6803)
    ,(#6804,#6805
    )),.UNSPECIFIED.,.F.,.F.,.F.,(4,4),(2,2),(5.,6.),(0.,1.),
  .PIECEWISE_BEZIER_KNOTS.);
#6798 = CARTESIAN_POINT('',(5.412733304116E-02,-1.009872999746,
    0.12673779305));
#6799 = CARTESIAN_POINT('',(5.412733304116E-02,-0.999872999746,
    0.12673779305));
#6800 = CARTESIAN_POINT('',(5.5582994124E-02,-1.009872999746,
    0.128297429925));
#6801 = CARTESIAN_POINT('',(5.5582994124E-02,-0.999872999746,
    0.128297429925));
#6802 = CARTESIAN_POINT('',(5.631082466543E-02,-1.009872999746,
    0.130272969966));
#6803 = CARTESIAN_POINT('',(5.631082466543E-02,-0.999872999746,
    0.130272969966));
#6804 = CARTESIAN_POINT('',(5.631082466543E-02,-1.009872999746,
    0.132664413173));
#6805 = CARTESIAN_POINT('',(5.631082466543E-02,-0.999872999746,
    0.132664413173));
#6806 = ADVANCED_FACE('',(#6807),#6825,.T.);
#6807 = FACE_BOUND('',#6808,.T.);
#6808 = EDGE_LOOP('',(#6809,#6817,#6818,#6819));
#6809 = ORIENTED_EDGE('',*,*,#6810,.F.);
#6810 = EDGE_CURVE('',#6782,#6811,#6813,.T.);
#6811 = VERTEX_POINT('',#6812);
#6812 = CARTESIAN_POINT('',(5.631082466543E-02,-0.999872999746,
    0.135450964389));
#6813 = LINE('',#6814,#6815);
#6814 = CARTESIAN_POINT('',(5.631082466543E-02,-0.999872999746,
    0.132664413173));
#6815 = VECTOR('',#6816,1.);
#6816 = DIRECTION('',(0.,0.,1.));
#6817 = ORIENTED_EDGE('',*,*,#6792,.F.);
#6818 = ORIENTED_EDGE('',*,*,#6309,.T.);
#6819 = ORIENTED_EDGE('',*,*,#6820,.T.);
#6820 = EDGE_CURVE('',#6302,#6811,#6821,.T.);
#6821 = LINE('',#6822,#6823);
#6822 = CARTESIAN_POINT('',(5.631082466543E-02,-1.009872999746,
    0.135450964389));
#6823 = VECTOR('',#6824,1.);
#6824 = DIRECTION('',(-1.084202172486E-16,1.,0.));
#6825 = PLANE('',#6826);
#6826 = AXIS2_PLACEMENT_3D('',#6827,#6828,#6829);
#6827 = CARTESIAN_POINT('',(5.631082466543E-02,-1.009872999746,
    0.132664413173));
#6828 = DIRECTION('',(-1.,-1.084202172486E-16,0.));
#6829 = DIRECTION('',(1.084202172486E-16,-1.,0.));
#6830 = ADVANCED_FACE('',(#6831),#6842,.T.);
#6831 = FACE_BOUND('',#6832,.T.);
#6832 = EDGE_LOOP('',(#6833,#6839,#6840,#6841));
#6833 = ORIENTED_EDGE('',*,*,#6834,.F.);
#6834 = EDGE_CURVE('',#6811,#6630,#6835,.T.);
#6835 = LINE('',#6836,#6837);
#6836 = CARTESIAN_POINT('',(5.631082466543E-02,-0.999872999746,
    0.135450964389));
#6837 = VECTOR('',#6838,1.);
#6838 = DIRECTION('',(-0.9910683663,0.,-0.133354764894));
#6839 = ORIENTED_EDGE('',*,*,#6820,.F.);
#6840 = ORIENTED_EDGE('',*,*,#6301,.T.);
#6841 = ORIENTED_EDGE('',*,*,#6640,.T.);
#6842 = PLANE('',#6843);
#6843 = AXIS2_PLACEMENT_3D('',#6844,#6845,#6846);
#6844 = CARTESIAN_POINT('',(5.631082466543E-02,-1.009872999746,
    0.135450964389));
#6845 = DIRECTION('',(0.133354764894,1.445835258091E-17,-0.9910683663));
#6846 = DIRECTION('',(-0.9910683663,-3.851859888774E-34,-0.133354764894)
  );
#6847 = ADVANCED_FACE('',(#6848),#6858,.F.);
#6848 = FACE_BOUND('',#6849,.T.);
#6849 = EDGE_LOOP('',(#6850,#6851,#6852,#6853,#6854,#6855,#6856,#6857));
#6850 = ORIENTED_EDGE('',*,*,#6834,.T.);
#6851 = ORIENTED_EDGE('',*,*,#6629,.T.);
#6852 = ORIENTED_EDGE('',*,*,#6665,.T.);
#6853 = ORIENTED_EDGE('',*,*,#6694,.T.);
#6854 = ORIENTED_EDGE('',*,*,#6723,.T.);
#6855 = ORIENTED_EDGE('',*,*,#6752,.T.);
#6856 = ORIENTED_EDGE('',*,*,#6781,.T.);
#6857 = ORIENTED_EDGE('',*,*,#6810,.T.);
#6858 = PLANE('',#6859);
#6859 = AXIS2_PLACEMENT_3D('',#6860,#6861,#6862);
#6860 = CARTESIAN_POINT('',(1.000025400051,-0.999872999746,
    0.299999999553));
#6861 = DIRECTION('',(-1.084202172486E-16,1.,0.));
#6862 = DIRECTION('',(-1.,-1.084202172486E-16,0.));
#6863 = ADVANCED_FACE('',(#6864),#6890,.F.);
#6864 = FACE_BOUND('',#6865,.F.);
#6865 = EDGE_LOOP('',(#6866,#6874,#6883,#6889));
#6866 = ORIENTED_EDGE('',*,*,#6867,.F.);
#6867 = EDGE_CURVE('',#6868,#989,#6870,.T.);
#6868 = VERTEX_POINT('',#6869);
#6869 = CARTESIAN_POINT('',(7.669007982531E-02,-1.009872999746,
    0.124346349843));
#6870 = LINE('',#6871,#6872);
#6871 = CARTESIAN_POINT('',(7.669007982531E-02,-1.009872999746,
    0.124346349843));
#6872 = VECTOR('',#6873,1.);
#6873 = DIRECTION('',(-1.084202172486E-16,1.,0.));
#6874 = ORIENTED_EDGE('',*,*,#6875,.T.);
#6875 = EDGE_CURVE('',#6868,#6876,#6878,.T.);
#6876 = VERTEX_POINT('',#6877);
#6877 = CARTESIAN_POINT('',(6.830963101978E-02,-1.009872999746,
    0.127153696217));
#6878 = B_SPLINE_CURVE_WITH_KNOTS('',3,(#6879,#6880,#6881,#6882),
  .UNSPECIFIED.,.F.,.F.,(4,4),(0.,1.),.PIECEWISE_BEZIER_KNOTS.);
#6879 = CARTESIAN_POINT('',(7.669007982531E-02,-1.009872999746,
    0.124346349843));
#6880 = CARTESIAN_POINT('',(7.369557702626E-02,-1.009872999746,
    0.124346349843));
#6881 = CARTESIAN_POINT('',(7.090902581052E-02,-1.009872999746,
    0.125282131967));
#6882 = CARTESIAN_POINT('',(6.830963101978E-02,-1.009872999746,
    0.127153696217));
#6883 = ORIENTED_EDGE('',*,*,#6884,.T.);
#6884 = EDGE_CURVE('',#6876,#991,#6885,.T.);
#6885 = LINE('',#6886,#6887);
#6886 = CARTESIAN_POINT('',(6.830963101978E-02,-1.009872999746,
    0.127153696217));
#6887 = VECTOR('',#6888,1.);
#6888 = DIRECTION('',(-1.084202172486E-16,1.,0.));
#6889 = ORIENTED_EDGE('',*,*,#988,.F.);
#6890 = B_SPLINE_SURFACE_WITH_KNOTS('',3,1,(
    (#6891,#6892)
    ,(#6893,#6894)
    ,(#6895,#6896)
    ,(#6897,#6898
    )),.UNSPECIFIED.,.F.,.F.,.F.,(4,4),(2,2),(0.,1.),(0.,1.),
  .PIECEWISE_BEZIER_KNOTS.);
#6891 = CARTESIAN_POINT('',(7.669007982531E-02,-1.009872999746,
    0.124346349843));
#6892 = CARTESIAN_POINT('',(7.669007982531E-02,-0.999872999746,
    0.124346349843));
#6893 = CARTESIAN_POINT('',(7.369557702626E-02,-1.009872999746,
    0.124346349843));
#6894 = CARTESIAN_POINT('',(7.369557702626E-02,-0.999872999746,
    0.124346349843));
#6895 = CARTESIAN_POINT('',(7.090902581052E-02,-1.009872999746,
    0.125282131967));
#6896 = CARTESIAN_POINT('',(7.090902581052E-02,-0.999872999746,
    0.125282131967));
#6897 = CARTESIAN_POINT('',(6.830963101978E-02,-1.009872999746,
    0.127153696217));
#6898 = CARTESIAN_POINT('',(6.830963101978E-02,-0.999872999746,
    0.127153696217));
#6899 = ADVANCED_FACE('',(#6900),#6918,.F.);
#6900 = FACE_BOUND('',#6901,.T.);
#6901 = EDGE_LOOP('',(#6902,#6903,#6911,#6917));
#6902 = ORIENTED_EDGE('',*,*,#1169,.T.);
#6903 = ORIENTED_EDGE('',*,*,#6904,.F.);
#6904 = EDGE_CURVE('',#6905,#1161,#6907,.T.);
#6905 = VERTEX_POINT('',#6906);
#6906 = CARTESIAN_POINT('',(6.830963101978E-02,-1.009872999746,
    0.12189252116));
#6907 = LINE('',#6908,#6909);
#6908 = CARTESIAN_POINT('',(6.830963101978E-02,-1.009872999746,
    0.12189252116));
#6909 = VECTOR('',#6910,1.);
#6910 = DIRECTION('',(-1.084202172486E-16,1.,0.));
#6911 = ORIENTED_EDGE('',*,*,#6912,.F.);
#6912 = EDGE_CURVE('',#6876,#6905,#6913,.T.);
#6913 = LINE('',#6914,#6915);
#6914 = CARTESIAN_POINT('',(6.830963101978E-02,-1.009872999746,
    0.12189252116));
#6915 = VECTOR('',#6916,1.);
#6916 = DIRECTION('',(-0.,-0.,-1.));
#6917 = ORIENTED_EDGE('',*,*,#6884,.T.);
#6918 = PLANE('',#6919);
#6919 = AXIS2_PLACEMENT_3D('',#6920,#6921,#6922);
#6920 = CARTESIAN_POINT('',(6.830963101978E-02,-1.009872999746,
    0.12189252116));
#6921 = DIRECTION('',(1.,1.084202172486E-16,0.));
#6922 = DIRECTION('',(-1.084202172486E-16,1.,0.));
#6923 = ADVANCED_FACE('',(#6924),#6943,.F.);
#6924 = FACE_BOUND('',#6925,.F.);
#6925 = EDGE_LOOP('',(#6926,#6927,#6936,#6942));
#6926 = ORIENTED_EDGE('',*,*,#6904,.F.);
#6927 = ORIENTED_EDGE('',*,*,#6928,.T.);
#6928 = EDGE_CURVE('',#6905,#6929,#6931,.T.);
#6929 = VERTEX_POINT('',#6930);
#6930 = CARTESIAN_POINT('',(7.619099602549E-02,-1.009872999746,
    0.120187318177));
#6931 = B_SPLINE_CURVE_WITH_KNOTS('',3,(#6932,#6933,#6934,#6935),
  .UNSPECIFIED.,.F.,.F.,(4,4),(19.,20.),.PIECEWISE_BEZIER_KNOTS.);
#6932 = CARTESIAN_POINT('',(6.830963101978E-02,-1.009872999746,
    0.12189252116));
#6933 = CARTESIAN_POINT('',(7.055550811896E-02,-1.009872999746,
    0.12076958261));
#6934 = CARTESIAN_POINT('',(7.317569806814E-02,-1.009872999746,
    0.120187318177));
#6935 = CARTESIAN_POINT('',(7.619099602549E-02,-1.009872999746,
    0.120187318177));
#6936 = ORIENTED_EDGE('',*,*,#6937,.T.);
#6937 = EDGE_CURVE('',#6929,#1152,#6938,.T.);
#6938 = LINE('',#6939,#6940);
#6939 = CARTESIAN_POINT('',(7.619099602549E-02,-1.009872999746,
    0.120187318177));
#6940 = VECTOR('',#6941,1.);
#6941 = DIRECTION('',(-1.084202172486E-16,1.,0.));
#6942 = ORIENTED_EDGE('',*,*,#1160,.F.);
#6943 = B_SPLINE_SURFACE_WITH_KNOTS('',3,1,(
    (#6944,#6945)
    ,(#6946,#6947)
    ,(#6948,#6949)
    ,(#6950,#6951
    )),.UNSPECIFIED.,.F.,.F.,.F.,(4,4),(2,2),(19.,20.),(0.,1.),
  .PIECEWISE_BEZIER_KNOTS.);
#6944 = CARTESIAN_POINT('',(6.830963101978E-02,-1.009872999746,
    0.12189252116));
#6945 = CARTESIAN_POINT('',(6.830963101978E-02,-0.999872999746,
    0.12189252116));
#6946 = CARTESIAN_POINT('',(7.055550811896E-02,-1.009872999746,
    0.12076958261));
#6947 = CARTESIAN_POINT('',(7.055550811896E-02,-0.999872999746,
    0.12076958261));
#6948 = CARTESIAN_POINT('',(7.317569806814E-02,-1.009872999746,
    0.120187318177));
#6949 = CARTESIAN_POINT('',(7.317569806814E-02,-0.999872999746,
    0.120187318177));
#6950 = CARTESIAN_POINT('',(7.619099602549E-02,-1.009872999746,
    0.120187318177));
#6951 = CARTESIAN_POINT('',(7.619099602549E-02,-0.999872999746,
    0.120187318177));
#6952 = ADVANCED_FACE('',(#6953),#6972,.F.);
#6953 = FACE_BOUND('',#6954,.F.);
#6954 = EDGE_LOOP('',(#6955,#6956,#6965,#6971));
#6955 = ORIENTED_EDGE('',*,*,#6937,.F.);
#6956 = ORIENTED_EDGE('',*,*,#6957,.T.);
#6957 = EDGE_CURVE('',#6929,#6958,#6960,.T.);
#6958 = VERTEX_POINT('',#6959);
#6959 = CARTESIAN_POINT('',(8.465462546423E-02,-1.009872999746,
    0.122495580751));
#6960 = B_SPLINE_CURVE_WITH_KNOTS('',3,(#6961,#6962,#6963,#6964),
  .UNSPECIFIED.,.F.,.F.,(4,4),(18.,19.),.PIECEWISE_BEZIER_KNOTS.);
#6961 = CARTESIAN_POINT('',(7.619099602549E-02,-1.009872999746,
    0.120187318177));
#6962 = CARTESIAN_POINT('',(7.965338988676E-02,-1.009872999746,
    0.120187318177));
#6963 = CARTESIAN_POINT('',(8.248153141911E-02,-1.009872999746,
    0.120956739035));
#6964 = CARTESIAN_POINT('',(8.465462546423E-02,-1.009872999746,
    0.122495580751));
#6965 = ORIENTED_EDGE('',*,*,#6966,.T.);
#6966 = EDGE_CURVE('',#6958,#1143,#6967,.T.);
#6967 = LINE('',#6968,#6969);
#6968 = CARTESIAN_POINT('',(8.465462546423E-02,-1.009872999746,
    0.122495580751));
#6969 = VECTOR('',#6970,1.);
#6970 = DIRECTION('',(-1.084202172486E-16,1.,0.));
#6971 = ORIENTED_EDGE('',*,*,#1151,.F.);
#6972 = B_SPLINE_SURFACE_WITH_KNOTS('',3,1,(
    (#6973,#6974)
    ,(#6975,#6976)
    ,(#6977,#6978)
    ,(#6979,#6980
    )),.UNSPECIFIED.,.F.,.F.,.F.,(4,4),(2,2),(18.,19.),(0.,1.),
  .PIECEWISE_BEZIER_KNOTS.);
#6973 = CARTESIAN_POINT('',(7.619099602549E-02,-1.009872999746,
    0.120187318177));
#6974 = CARTESIAN_POINT('',(7.619099602549E-02,-0.999872999746,
    0.120187318177));
#6975 = CARTESIAN_POINT('',(7.965338988676E-02,-1.009872999746,
    0.120187318177));
#6976 = CARTESIAN_POINT('',(7.965338988676E-02,-0.999872999746,
    0.120187318177));
#6977 = CARTESIAN_POINT('',(8.248153141911E-02,-1.009872999746,
    0.120956739035));
#6978 = CARTESIAN_POINT('',(8.248153141911E-02,-0.999872999746,
    0.120956739035));
#6979 = CARTESIAN_POINT('',(8.465462546423E-02,-1.009872999746,
    0.122495580751));
#6980 = CARTESIAN_POINT('',(8.465462546423E-02,-0.999872999746,
    0.122495580751));
#6981 = ADVANCED_FACE('',(#6982),#7001,.F.);
#6982 = FACE_BOUND('',#6983,.F.);
#6983 = EDGE_LOOP('',(#6984,#6985,#6994,#7000));
#6984 = ORIENTED_EDGE('',*,*,#6966,.F.);
#6985 = ORIENTED_EDGE('',*,*,#6986,.T.);
#6986 = EDGE_CURVE('',#6958,#6987,#6989,.T.);
#6987 = VERTEX_POINT('',#6988);
#6988 = CARTESIAN_POINT('',(8.792986290064E-02,-1.009872999746,
    0.128775718566));
#6989 = B_SPLINE_CURVE_WITH_KNOTS('',3,(#6990,#6991,#6992,#6993),
  .UNSPECIFIED.,.F.,.F.,(4,4),(17.,18.),.PIECEWISE_BEZIER_KNOTS.);
#6990 = CARTESIAN_POINT('',(8.465462546423E-02,-1.009872999746,
    0.122495580751));
#6991 = CARTESIAN_POINT('',(8.68381170885E-02,-1.009872999746,
    0.12401362731));
#6992 = CARTESIAN_POINT('',(8.792986290064E-02,-1.009872999746,
    0.1261139383));
#6993 = CARTESIAN_POINT('',(8.792986290064E-02,-1.009872999746,
    0.128775718566));
#6994 = ORIENTED_EDGE('',*,*,#6995,.T.);
#6995 = EDGE_CURVE('',#6987,#1134,#6996,.T.);
#6996 = LINE('',#6997,#6998);
#6997 = CARTESIAN_POINT('',(8.792986290064E-02,-1.009872999746,
    0.128775718566));
#6998 = VECTOR('',#6999,1.);
#6999 = DIRECTION('',(-1.084202172486E-16,1.,0.));
#7000 = ORIENTED_EDGE('',*,*,#1142,.F.);
#7001 = B_SPLINE_SURFACE_WITH_KNOTS('',3,1,(
    (#7002,#7003)
    ,(#7004,#7005)
    ,(#7006,#7007)
    ,(#7008,#7009
    )),.UNSPECIFIED.,.F.,.F.,.F.,(4,4),(2,2),(17.,18.),(0.,1.),
  .PIECEWISE_BEZIER_KNOTS.);
#7002 = CARTESIAN_POINT('',(8.465462546423E-02,-1.009872999746,
    0.122495580751));
#7003 = CARTESIAN_POINT('',(8.465462546423E-02,-0.999872999746,
    0.122495580751));
#7004 = CARTESIAN_POINT('',(8.68381170885E-02,-1.009872999746,
    0.12401362731));
#7005 = CARTESIAN_POINT('',(8.68381170885E-02,-0.999872999746,
    0.12401362731));
#7006 = CARTESIAN_POINT('',(8.792986290064E-02,-1.009872999746,
    0.1261139383));
#7007 = CARTESIAN_POINT('',(8.792986290064E-02,-0.999872999746,
    0.1261139383));
#7008 = CARTESIAN_POINT('',(8.792986290064E-02,-1.009872999746,
    0.128775718566));
#7009 = CARTESIAN_POINT('',(8.792986290064E-02,-0.999872999746,
    0.128775718566));
#7010 = ADVANCED_FACE('',(#7011),#7030,.F.);
#7011 = FACE_BOUND('',#7012,.F.);
#7012 = EDGE_LOOP('',(#7013,#7014,#7023,#7029));
#7013 = ORIENTED_EDGE('',*,*,#6995,.F.);
#7014 = ORIENTED_EDGE('',*,*,#7015,.T.);
#7015 = EDGE_CURVE('',#6987,#7016,#7018,.T.);
#7016 = VERTEX_POINT('',#7017);
#7017 = CARTESIAN_POINT('',(8.622465991788E-02,-1.009872999746,
    0.13357940014));
#7018 = B_SPLINE_CURVE_WITH_KNOTS('',3,(#7019,#7020,#7021,#7022),
  .UNSPECIFIED.,.F.,.F.,(4,4),(16.,17.),.PIECEWISE_BEZIER_KNOTS.);
#7019 = CARTESIAN_POINT('',(8.792986290064E-02,-1.009872999746,
    0.128775718566));
#7020 = CARTESIAN_POINT('',(8.792986290064E-02,-1.009872999746,
    0.130688873132));
#7021 = CARTESIAN_POINT('',(8.735799604662E-02,-1.009872999746,
    0.132290100323));
#7022 = CARTESIAN_POINT('',(8.622465991788E-02,-1.009872999746,
    0.13357940014));
#7023 = ORIENTED_EDGE('',*,*,#7024,.T.);
#7024 = EDGE_CURVE('',#7016,#1125,#7025,.T.);
#7025 = LINE('',#7026,#7027);
#7026 = CARTESIAN_POINT('',(8.622465991788E-02,-1.009872999746,
    0.13357940014));
#7027 = VECTOR('',#7028,1.);
#7028 = DIRECTION('',(-1.084202172486E-16,1.,0.));
#7029 = ORIENTED_EDGE('',*,*,#1133,.F.);
#7030 = B_SPLINE_SURFACE_WITH_KNOTS('',3,1,(
    (#7031,#7032)
    ,(#7033,#7034)
    ,(#7035,#7036)
    ,(#7037,#7038
    )),.UNSPECIFIED.,.F.,.F.,.F.,(4,4),(2,2),(16.,17.),(0.,1.),
  .PIECEWISE_BEZIER_KNOTS.);
#7031 = CARTESIAN_POINT('',(8.792986290064E-02,-1.009872999746,
    0.128775718566));
#7032 = CARTESIAN_POINT('',(8.792986290064E-02,-0.999872999746,
    0.128775718566));
#7033 = CARTESIAN_POINT('',(8.792986290064E-02,-1.009872999746,
    0.130688873132));
#7034 = CARTESIAN_POINT('',(8.792986290064E-02,-0.999872999746,
    0.130688873132));
#7035 = CARTESIAN_POINT('',(8.735799604662E-02,-1.009872999746,
    0.132290100323));
#7036 = CARTESIAN_POINT('',(8.735799604662E-02,-0.999872999746,
    0.132290100323));
#7037 = CARTESIAN_POINT('',(8.622465991788E-02,-1.009872999746,
    0.13357940014));
#7038 = CARTESIAN_POINT('',(8.622465991788E-02,-0.999872999746,
    0.13357940014));
#7039 = ADVANCED_FACE('',(#7040),#7059,.F.);
#7040 = FACE_BOUND('',#7041,.F.);
#7041 = EDGE_LOOP('',(#7042,#7043,#7052,#7058));
#7042 = ORIENTED_EDGE('',*,*,#7024,.F.);
#7043 = ORIENTED_EDGE('',*,*,#7044,.T.);
#7044 = EDGE_CURVE('',#7016,#7045,#7047,.T.);
#7045 = VERTEX_POINT('',#7046);
#7046 = CARTESIAN_POINT('',(7.965338988676E-02,-1.009872999746,
    0.137343323796));
#7047 = B_SPLINE_CURVE_WITH_KNOTS('',3,(#7048,#7049,#7050,#7051),
  .UNSPECIFIED.,.F.,.F.,(4,4),(15.,16.),.PIECEWISE_BEZIER_KNOTS.);
#7048 = CARTESIAN_POINT('',(8.622465991788E-02,-1.009872999746,
    0.13357940014));
#7049 = CARTESIAN_POINT('',(8.508092620999E-02,-1.009872999746,
    0.134868699956));
#7050 = CARTESIAN_POINT('',(8.289743458571E-02,-1.009872999746,
    0.136137204614));
#7051 = CARTESIAN_POINT('',(7.965338988676E-02,-1.009872999746,
    0.137343323796));
#7052 = ORIENTED_EDGE('',*,*,#7053,.T.);
#7053 = EDGE_CURVE('',#7045,#1116,#7054,.T.);
#7054 = LINE('',#7055,#7056);
#7055 = CARTESIAN_POINT('',(7.965338988676E-02,-1.009872999746,
    0.137343323796));
#7056 = VECTOR('',#7057,1.);
#7057 = DIRECTION('',(-1.084202172486E-16,1.,0.));
#7058 = ORIENTED_EDGE('',*,*,#1124,.F.);
#7059 = B_SPLINE_SURFACE_WITH_KNOTS('',3,1,(
    (#7060,#7061)
    ,(#7062,#7063)
    ,(#7064,#7065)
    ,(#7066,#7067
    )),.UNSPECIFIED.,.F.,.F.,.F.,(4,4),(2,2),(15.,16.),(0.,1.),
  .PIECEWISE_BEZIER_KNOTS.);
#7060 = CARTESIAN_POINT('',(8.622465991788E-02,-1.009872999746,
    0.13357940014));
#7061 = CARTESIAN_POINT('',(8.622465991788E-02,-0.999872999746,
    0.13357940014));
#7062 = CARTESIAN_POINT('',(8.508092620999E-02,-1.009872999746,
    0.134868699956));
#7063 = CARTESIAN_POINT('',(8.508092620999E-02,-0.999872999746,
    0.134868699956));
#7064 = CARTESIAN_POINT('',(8.289743458571E-02,-1.009872999746,
    0.136137204614));
#7065 = CARTESIAN_POINT('',(8.289743458571E-02,-0.999872999746,
    0.136137204614));
#7066 = CARTESIAN_POINT('',(7.965338988676E-02,-1.009872999746,
    0.137343323796));
#7067 = CARTESIAN_POINT('',(7.965338988676E-02,-0.999872999746,
    0.137343323796));
#7068 = ADVANCED_FACE('',(#7069),#7088,.F.);
#7069 = FACE_BOUND('',#7070,.F.);
#7070 = EDGE_LOOP('',(#7071,#7072,#7081,#7087));
#7071 = ORIENTED_EDGE('',*,*,#7053,.F.);
#7072 = ORIENTED_EDGE('',*,*,#7073,.T.);
#7073 = EDGE_CURVE('',#7045,#7074,#7076,.T.);
#7074 = VERTEX_POINT('',#7075);
#7075 = CARTESIAN_POINT('',(7.470414220505E-02,-1.009872999746,
    0.139838742796));
#7076 = B_SPLINE_CURVE_WITH_KNOTS('',3,(#7077,#7078,#7079,#7080),
  .UNSPECIFIED.,.F.,.F.,(4,4),(14.,15.),.PIECEWISE_BEZIER_KNOTS.);
#7077 = CARTESIAN_POINT('',(7.965338988676E-02,-1.009872999746,
    0.137343323796));
#7078 = CARTESIAN_POINT('',(7.709558541262E-02,-1.009872999746,
    0.138341491396));
#7079 = CARTESIAN_POINT('',(7.545276790491E-02,-1.009872999746,
    0.139173297729));
#7080 = CARTESIAN_POINT('',(7.470414220505E-02,-1.009872999746,
    0.139838742796));
#7081 = ORIENTED_EDGE('',*,*,#7082,.T.);
#7082 = EDGE_CURVE('',#7074,#1107,#7083,.T.);
#7083 = LINE('',#7084,#7085);
#7084 = CARTESIAN_POINT('',(7.470414220505E-02,-1.009872999746,
    0.139838742796));
#7085 = VECTOR('',#7086,1.);
#7086 = DIRECTION('',(-1.084202172486E-16,1.,0.));
#7087 = ORIENTED_EDGE('',*,*,#1115,.F.);
#7088 = B_SPLINE_SURFACE_WITH_KNOTS('',3,1,(
    (#7089,#7090)
    ,(#7091,#7092)
    ,(#7093,#7094)
    ,(#7095,#7096
    )),.UNSPECIFIED.,.F.,.F.,.F.,(4,4),(2,2),(14.,15.),(0.,1.),
  .PIECEWISE_BEZIER_KNOTS.);
#7089 = CARTESIAN_POINT('',(7.965338988676E-02,-1.009872999746,
    0.137343323796));
#7090 = CARTESIAN_POINT('',(7.965338988676E-02,-0.999872999746,
    0.137343323796));
#7091 = CARTESIAN_POINT('',(7.709558541262E-02,-1.009872999746,
    0.138341491396));
#7092 = CARTESIAN_POINT('',(7.709558541262E-02,-0.999872999746,
    0.138341491396));
#7093 = CARTESIAN_POINT('',(7.545276790491E-02,-1.009872999746,
    0.139173297729));
#7094 = CARTESIAN_POINT('',(7.545276790491E-02,-0.999872999746,
    0.139173297729));
#7095 = CARTESIAN_POINT('',(7.470414220505E-02,-1.009872999746,
    0.139838742796));
#7096 = CARTESIAN_POINT('',(7.470414220505E-02,-0.999872999746,
    0.139838742796));
#7097 = ADVANCED_FACE('',(#7098),#7117,.F.);
#7098 = FACE_BOUND('',#7099,.F.);
#7099 = EDGE_LOOP('',(#7100,#7101,#7110,#7116));
#7100 = ORIENTED_EDGE('',*,*,#7082,.F.);
#7101 = ORIENTED_EDGE('',*,*,#7102,.T.);
#7102 = EDGE_CURVE('',#7074,#7103,#7105,.T.);
#7103 = VERTEX_POINT('',#7104);
#7104 = CARTESIAN_POINT('',(7.359160123461E-02,-1.009872999746,
    0.142542113378));
#7105 = B_SPLINE_CURVE_WITH_KNOTS('',3,(#7106,#7107,#7108,#7109),
  .UNSPECIFIED.,.F.,.F.,(4,4),(13.,14.),.PIECEWISE_BEZIER_KNOTS.);
#7106 = CARTESIAN_POINT('',(7.470414220505E-02,-1.009872999746,
    0.139838742796));
#7107 = CARTESIAN_POINT('',(7.396591408447E-02,-1.009872999746,
    0.140483392704));
#7108 = CARTESIAN_POINT('',(7.359160123461E-02,-1.009872999746,
    0.141377584512));
#7109 = CARTESIAN_POINT('',(7.359160123461E-02,-1.009872999746,
    0.142542113378));
#7110 = ORIENTED_EDGE('',*,*,#7111,.T.);
#7111 = EDGE_CURVE('',#7103,#1098,#7112,.T.);
#7112 = LINE('',#7113,#7114);
#7113 = CARTESIAN_POINT('',(7.359160123461E-02,-1.009872999746,
    0.142542113378));
#7114 = VECTOR('',#7115,1.);
#7115 = DIRECTION('',(-1.084202172486E-16,1.,0.));
#7116 = ORIENTED_EDGE('',*,*,#1106,.F.);
#7117 = B_SPLINE_SURFACE_WITH_KNOTS('',3,1,(
    (#7118,#7119)
    ,(#7120,#7121)
    ,(#7122,#7123)
    ,(#7124,#7125
    )),.UNSPECIFIED.,.F.,.F.,.F.,(4,4),(2,2),(13.,14.),(0.,1.),
  .PIECEWISE_BEZIER_KNOTS.);
#7118 = CARTESIAN_POINT('',(7.470414220505E-02,-1.009872999746,
    0.139838742796));
#7119 = CARTESIAN_POINT('',(7.470414220505E-02,-0.999872999746,
    0.139838742796));
#7120 = CARTESIAN_POINT('',(7.396591408447E-02,-1.009872999746,
    0.140483392704));
#7121 = CARTESIAN_POINT('',(7.396591408447E-02,-0.999872999746,
    0.140483392704));
#7122 = CARTESIAN_POINT('',(7.359160123461E-02,-1.009872999746,
    0.141377584512));
#7123 = CARTESIAN_POINT('',(7.359160123461E-02,-0.999872999746,
    0.141377584512));
#7124 = CARTESIAN_POINT('',(7.359160123461E-02,-1.009872999746,
    0.142542113378));
#7125 = CARTESIAN_POINT('',(7.359160123461E-02,-0.999872999746,
    0.142542113378));
#7126 = ADVANCED_FACE('',(#7127),#7146,.F.);
#7127 = FACE_BOUND('',#7128,.F.);
#7128 = EDGE_LOOP('',(#7129,#7130,#7139,#7145));
#7129 = ORIENTED_EDGE('',*,*,#7111,.F.);
#7130 = ORIENTED_EDGE('',*,*,#7131,.T.);
#7131 = EDGE_CURVE('',#7103,#7132,#7134,.T.);
#7132 = VERTEX_POINT('',#7133);
#7133 = CARTESIAN_POINT('',(7.514084052996E-02,-1.009872999746,
    0.14537025491));
#7134 = B_SPLINE_CURVE_WITH_KNOTS('',3,(#7135,#7136,#7137,#7138),
  .UNSPECIFIED.,.F.,.F.,(4,4),(12.,13.),.PIECEWISE_BEZIER_KNOTS.);
#7135 = CARTESIAN_POINT('',(7.359160123461E-02,-1.009872999746,
    0.142542113378));
#7136 = CARTESIAN_POINT('',(7.359160123461E-02,-1.009872999746,
    0.143706642244));
#7137 = CARTESIAN_POINT('',(7.411148019287E-02,-1.009872999746,
    0.144663219527));
#7138 = CARTESIAN_POINT('',(7.514084052996E-02,-1.009872999746,
    0.14537025491));
#7139 = ORIENTED_EDGE('',*,*,#7140,.T.);
#7140 = EDGE_CURVE('',#7132,#1089,#7141,.T.);
#7141 = LINE('',#7142,#7143);
#7142 = CARTESIAN_POINT('',(7.514084052996E-02,-1.009872999746,
    0.14537025491));
#7143 = VECTOR('',#7144,1.);
#7144 = DIRECTION('',(-1.084202172486E-16,1.,0.));
#7145 = ORIENTED_EDGE('',*,*,#1097,.F.);
#7146 = B_SPLINE_SURFACE_WITH_KNOTS('',3,1,(
    (#7147,#7148)
    ,(#7149,#7150)
    ,(#7151,#7152)
    ,(#7153,#7154
    )),.UNSPECIFIED.,.F.,.F.,.F.,(4,4),(2,2),(12.,13.),(0.,1.),
  .PIECEWISE_BEZIER_KNOTS.);
#7147 = CARTESIAN_POINT('',(7.359160123461E-02,-1.009872999746,
    0.142542113378));
#7148 = CARTESIAN_POINT('',(7.359160123461E-02,-0.999872999746,
    0.142542113378));
#7149 = CARTESIAN_POINT('',(7.359160123461E-02,-1.009872999746,
    0.143706642244));
#7150 = CARTESIAN_POINT('',(7.359160123461E-02,-0.999872999746,
    0.143706642244));
#7151 = CARTESIAN_POINT('',(7.411148019287E-02,-1.009872999746,
    0.144663219527));
#7152 = CARTESIAN_POINT('',(7.411148019287E-02,-0.999872999746,
    0.144663219527));
#7153 = CARTESIAN_POINT('',(7.514084052996E-02,-1.009872999746,
    0.14537025491));
#7154 = CARTESIAN_POINT('',(7.514084052996E-02,-0.999872999746,
    0.14537025491));
#7155 = ADVANCED_FACE('',(#7156),#7175,.F.);
#7156 = FACE_BOUND('',#7157,.F.);
#7157 = EDGE_LOOP('',(#7158,#7159,#7168,#7174));
#7158 = ORIENTED_EDGE('',*,*,#7140,.F.);
#7159 = ORIENTED_EDGE('',*,*,#7160,.T.);
#7160 = EDGE_CURVE('',#7132,#7161,#7163,.T.);
#7161 = VERTEX_POINT('',#7162);
#7162 = CARTESIAN_POINT('',(7.915430608694E-02,-1.009872999746,
    0.146451603144));
#7163 = B_SPLINE_CURVE_WITH_KNOTS('',3,(#7164,#7165,#7166,#7167),
  .UNSPECIFIED.,.F.,.F.,(4,4),(11.,12.),.PIECEWISE_BEZIER_KNOTS.);
#7164 = CARTESIAN_POINT('',(7.514084052996E-02,-1.009872999746,
    0.14537025491));
#7165 = CARTESIAN_POINT('',(7.617020086705E-02,-1.009872999746,
    0.146098085452));
#7166 = CARTESIAN_POINT('',(7.751148857923E-02,-1.009872999746,
    0.146451603144));
#7167 = CARTESIAN_POINT('',(7.915430608694E-02,-1.009872999746,
    0.146451603144));
#7168 = ORIENTED_EDGE('',*,*,#7169,.T.);
#7169 = EDGE_CURVE('',#7161,#1080,#7170,.T.);
#7170 = LINE('',#7171,#7172);
#7171 = CARTESIAN_POINT('',(7.915430608694E-02,-1.009872999746,
    0.146451603144));
#7172 = VECTOR('',#7173,1.);
#7173 = DIRECTION('',(-1.084202172486E-16,1.,0.));
#7174 = ORIENTED_EDGE('',*,*,#1088,.F.);
#7175 = B_SPLINE_SURFACE_WITH_KNOTS('',3,1,(
    (#7176,#7177)
    ,(#7178,#7179)
    ,(#7180,#7181)
    ,(#7182,#7183
    )),.UNSPECIFIED.,.F.,.F.,.F.,(4,4),(2,2),(11.,12.),(0.,1.),
  .PIECEWISE_BEZIER_KNOTS.);
#7176 = CARTESIAN_POINT('',(7.514084052996E-02,-1.009872999746,
    0.14537025491));
#7177 = CARTESIAN_POINT('',(7.514084052996E-02,-0.999872999746,
    0.14537025491));
#7178 = CARTESIAN_POINT('',(7.617020086705E-02,-1.009872999746,
    0.146098085452));
#7179 = CARTESIAN_POINT('',(7.617020086705E-02,-0.999872999746,
    0.146098085452));
#7180 = CARTESIAN_POINT('',(7.751148857923E-02,-1.009872999746,
    0.146451603144));
#7181 = CARTESIAN_POINT('',(7.751148857923E-02,-0.999872999746,
    0.146451603144));
#7182 = CARTESIAN_POINT('',(7.915430608694E-02,-1.009872999746,
    0.146451603144));
#7183 = CARTESIAN_POINT('',(7.915430608694E-02,-0.999872999746,
    0.146451603144));
#7184 = ADVANCED_FACE('',(#7185),#7204,.F.);
#7185 = FACE_BOUND('',#7186,.F.);
#7186 = EDGE_LOOP('',(#7187,#7188,#7197,#7203));
#7187 = ORIENTED_EDGE('',*,*,#7169,.F.);
#7188 = ORIENTED_EDGE('',*,*,#7189,.T.);
#7189 = EDGE_CURVE('',#7161,#7190,#7192,.T.);
#7190 = VERTEX_POINT('',#7191);
#7191 = CARTESIAN_POINT('',(8.653658729283E-02,-1.009872999746,
    0.144351292153));
#7192 = B_SPLINE_CURVE_WITH_KNOTS('',3,(#7193,#7194,#7195,#7196),
  .UNSPECIFIED.,.F.,.F.,(4,4),(10.,11.),.PIECEWISE_BEZIER_KNOTS.);
#7193 = CARTESIAN_POINT('',(7.915430608694E-02,-1.009872999746,
    0.146451603144));
#7194 = CARTESIAN_POINT('',(8.190966456523E-02,-1.009872999746,
    0.146451603144));
#7195 = CARTESIAN_POINT('',(8.436349324771E-02,-1.009872999746,
    0.14574456776));
#7196 = CARTESIAN_POINT('',(8.653658729283E-02,-1.009872999746,
    0.144351292153));
#7197 = ORIENTED_EDGE('',*,*,#7198,.T.);
#7198 = EDGE_CURVE('',#7190,#1072,#7199,.T.);
#7199 = LINE('',#7200,#7201);
#7200 = CARTESIAN_POINT('',(8.653658729283E-02,-1.009872999746,
    0.144351292153));
#7201 = VECTOR('',#7202,1.);
#7202 = DIRECTION('',(-1.084202172486E-16,1.,0.));
#7203 = ORIENTED_EDGE('',*,*,#1079,.F.);
#7204 = B_SPLINE_SURFACE_WITH_KNOTS('',3,1,(
    (#7205,#7206)
    ,(#7207,#7208)
    ,(#7209,#7210)
    ,(#7211,#7212
    )),.UNSPECIFIED.,.F.,.F.,.F.,(4,4),(2,2),(10.,11.),(0.,1.),
  .PIECEWISE_BEZIER_KNOTS.);
#7205 = CARTESIAN_POINT('',(7.915430608694E-02,-1.009872999746,
    0.146451603144));
#7206 = CARTESIAN_POINT('',(7.915430608694E-02,-0.999872999746,
    0.146451603144));
#7207 = CARTESIAN_POINT('',(8.190966456523E-02,-1.009872999746,
    0.146451603144));
#7208 = CARTESIAN_POINT('',(8.190966456523E-02,-0.999872999746,
    0.146451603144));
#7209 = CARTESIAN_POINT('',(8.436349324771E-02,-1.009872999746,
    0.14574456776));
#7210 = CARTESIAN_POINT('',(8.436349324771E-02,-0.999872999746,
    0.14574456776));
#7211 = CARTESIAN_POINT('',(8.653658729283E-02,-1.009872999746,
    0.144351292153));
#7212 = CARTESIAN_POINT('',(8.653658729283E-02,-0.999872999746,
    0.144351292153));
#7213 = ADVANCED_FACE('',(#7214),#7232,.F.);
#7214 = FACE_BOUND('',#7215,.T.);
#7215 = EDGE_LOOP('',(#7216,#7217,#7225,#7231));
#7216 = ORIENTED_EDGE('',*,*,#1071,.T.);
#7217 = ORIENTED_EDGE('',*,*,#7218,.F.);
#7218 = EDGE_CURVE('',#7219,#1063,#7221,.T.);
#7219 = VERTEX_POINT('',#7220);
#7220 = CARTESIAN_POINT('',(8.653658729283E-02,-1.009872999746,
    0.149300539834));
#7221 = LINE('',#7222,#7223);
#7222 = CARTESIAN_POINT('',(8.653658729283E-02,-1.009872999746,
    0.149300539834));
#7223 = VECTOR('',#7224,1.);
#7224 = DIRECTION('',(-1.084202172486E-16,1.,0.));
#7225 = ORIENTED_EDGE('',*,*,#7226,.F.);
#7226 = EDGE_CURVE('',#7190,#7219,#7227,.T.);
#7227 = LINE('',#7228,#7229);
#7228 = CARTESIAN_POINT('',(8.653658729283E-02,-1.009872999746,
    0.149300539834));
#7229 = VECTOR('',#7230,1.);
#7230 = DIRECTION('',(0.,0.,1.));
#7231 = ORIENTED_EDGE('',*,*,#7198,.T.);
#7232 = PLANE('',#7233);
#7233 = AXIS2_PLACEMENT_3D('',#7234,#7235,#7236);
#7234 = CARTESIAN_POINT('',(8.653658729283E-02,-1.009872999746,
    0.149300539834));
#7235 = DIRECTION('',(-1.,-1.084202172486E-16,0.));
#7236 = DIRECTION('',(1.084202172486E-16,-1.,0.));
#7237 = ADVANCED_FACE('',(#7238),#7257,.F.);
#7238 = FACE_BOUND('',#7239,.F.);
#7239 = EDGE_LOOP('',(#7240,#7241,#7250,#7256));
#7240 = ORIENTED_EDGE('',*,*,#7218,.F.);
#7241 = ORIENTED_EDGE('',*,*,#7242,.T.);
#7242 = EDGE_CURVE('',#7219,#7243,#7245,.T.);
#7243 = VERTEX_POINT('',#7244);
#7244 = CARTESIAN_POINT('',(7.965338988676E-02,-1.009872999746,
    0.150589839651));
#7245 = B_SPLINE_CURVE_WITH_KNOTS('',3,(#7246,#7247,#7248,#7249),
  .UNSPECIFIED.,.F.,.F.,(4,4),(8.,9.),.PIECEWISE_BEZIER_KNOTS.);
#7246 = CARTESIAN_POINT('',(8.653658729283E-02,-1.009872999746,
    0.149300539834));
#7247 = CARTESIAN_POINT('',(8.441548114347E-02,-1.009872999746,
    0.150173936484));
#7248 = CARTESIAN_POINT('',(8.212801372755E-02,-1.009872999746,
    0.150589839651));
#7249 = CARTESIAN_POINT('',(7.965338988676E-02,-1.009872999746,
    0.150589839651));
#7250 = ORIENTED_EDGE('',*,*,#7251,.T.);
#7251 = EDGE_CURVE('',#7243,#1054,#7252,.T.);
#7252 = LINE('',#7253,#7254);
#7253 = CARTESIAN_POINT('',(7.965338988676E-02,-1.009872999746,
    0.150589839651));
#7254 = VECTOR('',#7255,1.);
#7255 = DIRECTION('',(-1.084202172486E-16,1.,0.));
#7256 = ORIENTED_EDGE('',*,*,#1062,.F.);
#7257 = B_SPLINE_SURFACE_WITH_KNOTS('',3,1,(
    (#7258,#7259)
    ,(#7260,#7261)
    ,(#7262,#7263)
    ,(#7264,#7265
    )),.UNSPECIFIED.,.F.,.F.,.F.,(4,4),(2,2),(8.,9.),(0.,1.),
  .PIECEWISE_BEZIER_KNOTS.);
#7258 = CARTESIAN_POINT('',(8.653658729283E-02,-1.009872999746,
    0.149300539834));
#7259 = CARTESIAN_POINT('',(8.653658729283E-02,-0.999872999746,
    0.149300539834));
#7260 = CARTESIAN_POINT('',(8.441548114347E-02,-1.009872999746,
    0.150173936484));
#7261 = CARTESIAN_POINT('',(8.441548114347E-02,-0.999872999746,
    0.150173936484));
#7262 = CARTESIAN_POINT('',(8.212801372755E-02,-1.009872999746,
    0.150589839651));
#7263 = CARTESIAN_POINT('',(8.212801372755E-02,-0.999872999746,
    0.150589839651));
#7264 = CARTESIAN_POINT('',(7.965338988676E-02,-1.009872999746,
    0.150589839651));
#7265 = CARTESIAN_POINT('',(7.965338988676E-02,-0.999872999746,
    0.150589839651));
#7266 = ADVANCED_FACE('',(#7267),#7286,.F.);
#7267 = FACE_BOUND('',#7268,.F.);
#7268 = EDGE_LOOP('',(#7269,#7270,#7279,#7285));
#7269 = ORIENTED_EDGE('',*,*,#7251,.F.);
#7270 = ORIENTED_EDGE('',*,*,#7271,.T.);
#7271 = EDGE_CURVE('',#7243,#7272,#7274,.T.);
#7272 = VERTEX_POINT('',#7273);
#7273 = CARTESIAN_POINT('',(7.160566361449E-02,-1.009872999746,
    0.148281577076));
#7274 = B_SPLINE_CURVE_WITH_KNOTS('',3,(#7275,#7276,#7277,#7278),
  .UNSPECIFIED.,.F.,.F.,(4,4),(7.,8.),.PIECEWISE_BEZIER_KNOTS.);
#7275 = CARTESIAN_POINT('',(7.965338988676E-02,-1.009872999746,
    0.150589839651));
#7276 = CARTESIAN_POINT('',(7.647173066285E-02,-1.009872999746,
    0.150589839651));
#7277 = CARTESIAN_POINT('',(7.378915523876E-02,-1.009872999746,
    0.149820418792));
#7278 = CARTESIAN_POINT('',(7.160566361449E-02,-1.009872999746,
    0.148281577076));
#7279 = ORIENTED_EDGE('',*,*,#7280,.T.);
#7280 = EDGE_CURVE('',#7272,#1045,#7281,.T.);
#7281 = LINE('',#7282,#7283);
#7282 = CARTESIAN_POINT('',(7.160566361449E-02,-1.009872999746,
    0.148281577076));
#7283 = VECTOR('',#7284,1.);
#7284 = DIRECTION('',(-1.084202172486E-16,1.,0.));
#7285 = ORIENTED_EDGE('',*,*,#1053,.F.);
#7286 = B_SPLINE_SURFACE_WITH_KNOTS('',3,1,(
    (#7287,#7288)
    ,(#7289,#7290)
    ,(#7291,#7292)
    ,(#7293,#7294
    )),.UNSPECIFIED.,.F.,.F.,.F.,(4,4),(2,2),(7.,8.),(0.,1.),
  .PIECEWISE_BEZIER_KNOTS.);
#7287 = CARTESIAN_POINT('',(7.965338988676E-02,-1.009872999746,
    0.150589839651));
#7288 = CARTESIAN_POINT('',(7.965338988676E-02,-0.999872999746,
    0.150589839651));
#7289 = CARTESIAN_POINT('',(7.647173066285E-02,-1.009872999746,
    0.150589839651));
#7290 = CARTESIAN_POINT('',(7.647173066285E-02,-0.999872999746,
    0.150589839651));
#7291 = CARTESIAN_POINT('',(7.378915523876E-02,-1.009872999746,
    0.149820418792));
#7292 = CARTESIAN_POINT('',(7.378915523876E-02,-0.999872999746,
    0.149820418792));
#7293 = CARTESIAN_POINT('',(7.160566361449E-02,-1.009872999746,
    0.148281577076));
#7294 = CARTESIAN_POINT('',(7.160566361449E-02,-0.999872999746,
    0.148281577076));
#7295 = ADVANCED_FACE('',(#7296),#7315,.F.);
#7296 = FACE_BOUND('',#7297,.F.);
#7297 = EDGE_LOOP('',(#7298,#7299,#7308,#7314));
#7298 = ORIENTED_EDGE('',*,*,#7280,.F.);
#7299 = ORIENTED_EDGE('',*,*,#7300,.T.);
#7300 = EDGE_CURVE('',#7272,#7301,#7303,.T.);
#7301 = VERTEX_POINT('',#7302);
#7302 = CARTESIAN_POINT('',(6.834082375723E-02,-1.009872999746,
    0.142084619895));
#7303 = B_SPLINE_CURVE_WITH_KNOTS('',3,(#7304,#7305,#7306,#7307),
  .UNSPECIFIED.,.F.,.F.,(4,4),(6.,7.),.PIECEWISE_BEZIER_KNOTS.);
#7304 = CARTESIAN_POINT('',(7.160566361449E-02,-1.009872999746,
    0.148281577076));
#7305 = CARTESIAN_POINT('',(6.943256956937E-02,-1.009872999746,
    0.146721940202));
#7306 = CARTESIAN_POINT('',(6.834082375723E-02,-1.009872999746,
    0.144663219527));
#7307 = CARTESIAN_POINT('',(6.834082375723E-02,-1.009872999746,
    0.142084619895));
#7308 = ORIENTED_EDGE('',*,*,#7309,.T.);
#7309 = EDGE_CURVE('',#7301,#1036,#7310,.T.);
#7310 = LINE('',#7311,#7312);
#7311 = CARTESIAN_POINT('',(6.834082375723E-02,-1.009872999746,
    0.142084619895));
#7312 = VECTOR('',#7313,1.);
#7313 = DIRECTION('',(-1.084202172486E-16,1.,0.));
#7314 = ORIENTED_EDGE('',*,*,#1044,.F.);
#7315 = B_SPLINE_SURFACE_WITH_KNOTS('',3,1,(
    (#7316,#7317)
    ,(#7318,#7319)
    ,(#7320,#7321)
    ,(#7322,#7323
    )),.UNSPECIFIED.,.F.,.F.,.F.,(4,4),(2,2),(6.,7.),(0.,1.),
  .PIECEWISE_BEZIER_KNOTS.);
#7316 = CARTESIAN_POINT('',(7.160566361449E-02,-1.009872999746,
    0.148281577076));
#7317 = CARTESIAN_POINT('',(7.160566361449E-02,-0.999872999746,
    0.148281577076));
#7318 = CARTESIAN_POINT('',(6.943256956937E-02,-1.009872999746,
    0.146721940202));
#7319 = CARTESIAN_POINT('',(6.943256956937E-02,-0.999872999746,
    0.146721940202));
#7320 = CARTESIAN_POINT('',(6.834082375723E-02,-1.009872999746,
    0.144663219527));
#7321 = CARTESIAN_POINT('',(6.834082375723E-02,-0.999872999746,
    0.144663219527));
#7322 = CARTESIAN_POINT('',(6.834082375723E-02,-1.009872999746,
    0.142084619895));
#7323 = CARTESIAN_POINT('',(6.834082375723E-02,-0.999872999746,
    0.142084619895));
#7324 = ADVANCED_FACE('',(#7325),#7344,.F.);
#7325 = FACE_BOUND('',#7326,.F.);
#7326 = EDGE_LOOP('',(#7327,#7328,#7337,#7343));
#7327 = ORIENTED_EDGE('',*,*,#7309,.F.);
#7328 = ORIENTED_EDGE('',*,*,#7329,.T.);
#7329 = EDGE_CURVE('',#7301,#7330,#7332,.T.);
#7330 = VERTEX_POINT('',#7331);
#7331 = CARTESIAN_POINT('',(6.978608726093E-02,-1.009872999746,
    0.137488889905));
#7332 = B_SPLINE_CURVE_WITH_KNOTS('',3,(#7333,#7334,#7335,#7336),
  .UNSPECIFIED.,.F.,.F.,(4,4),(5.,6.),.PIECEWISE_BEZIER_KNOTS.);
#7333 = CARTESIAN_POINT('',(6.834082375723E-02,-1.009872999746,
    0.142084619895));
#7334 = CARTESIAN_POINT('',(6.834082375723E-02,-1.009872999746,
    0.140296236279));
#7335 = CARTESIAN_POINT('',(6.881911239875E-02,-1.009872999746,
    0.138757394563));
#7336 = CARTESIAN_POINT('',(6.978608726093E-02,-1.009872999746,
    0.137488889905));
#7337 = ORIENTED_EDGE('',*,*,#7338,.T.);
#7338 = EDGE_CURVE('',#7330,#1027,#7339,.T.);
#7339 = LINE('',#7340,#7341);
#7340 = CARTESIAN_POINT('',(6.978608726093E-02,-1.009872999746,
    0.137488889905));
#7341 = VECTOR('',#7342,1.);
#7342 = DIRECTION('',(-1.084202172486E-16,1.,0.));
#7343 = ORIENTED_EDGE('',*,*,#1035,.F.);
#7344 = B_SPLINE_SURFACE_WITH_KNOTS('',3,1,(
    (#7345,#7346)
    ,(#7347,#7348)
    ,(#7349,#7350)
    ,(#7351,#7352
    )),.UNSPECIFIED.,.F.,.F.,.F.,(4,4),(2,2),(5.,6.),(0.,1.),
  .PIECEWISE_BEZIER_KNOTS.);
#7345 = CARTESIAN_POINT('',(6.834082375723E-02,-1.009872999746,
    0.142084619895));
#7346 = CARTESIAN_POINT('',(6.834082375723E-02,-0.999872999746,
    0.142084619895));
#7347 = CARTESIAN_POINT('',(6.834082375723E-02,-1.009872999746,
    0.140296236279));
#7348 = CARTESIAN_POINT('',(6.834082375723E-02,-0.999872999746,
    0.140296236279));
#7349 = CARTESIAN_POINT('',(6.881911239875E-02,-1.009872999746,
    0.138757394563));
#7350 = CARTESIAN_POINT('',(6.881911239875E-02,-0.999872999746,
    0.138757394563));
#7351 = CARTESIAN_POINT('',(6.978608726093E-02,-1.009872999746,
    0.137488889905));
#7352 = CARTESIAN_POINT('',(6.978608726093E-02,-0.999872999746,
    0.137488889905));
#7353 = ADVANCED_FACE('',(#7354),#7373,.F.);
#7354 = FACE_BOUND('',#7355,.F.);
#7355 = EDGE_LOOP('',(#7356,#7357,#7366,#7372));
#7356 = ORIENTED_EDGE('',*,*,#7338,.F.);
#7357 = ORIENTED_EDGE('',*,*,#7358,.T.);
#7358 = EDGE_CURVE('',#7330,#7359,#7361,.T.);
#7359 = VERTEX_POINT('',#7360);
#7360 = CARTESIAN_POINT('',(7.605582749638E-02,-1.009872999746,
    0.133641785614));
#7361 = B_SPLINE_CURVE_WITH_KNOTS('',3,(#7362,#7363,#7364,#7365),
  .UNSPECIFIED.,.F.,.F.,(4,4),(4.,5.),.PIECEWISE_BEZIER_KNOTS.);
#7362 = CARTESIAN_POINT('',(6.978608726093E-02,-1.009872999746,
    0.137488889905));
#7363 = CARTESIAN_POINT('',(7.074266454396E-02,-1.009872999746,
    0.136220385247));
#7364 = CARTESIAN_POINT('',(7.284297553488E-02,-1.009872999746,
    0.134931085431));
#7365 = CARTESIAN_POINT('',(7.605582749638E-02,-1.009872999746,
    0.133641785614));
#7366 = ORIENTED_EDGE('',*,*,#7367,.T.);
#7367 = EDGE_CURVE('',#7359,#1018,#7368,.T.);
#7368 = LINE('',#7369,#7370);
#7369 = CARTESIAN_POINT('',(7.605582749638E-02,-1.009872999746,
    0.133641785614));
#7370 = VECTOR('',#7371,1.);
#7371 = DIRECTION('',(-1.084202172486E-16,1.,0.));
#7372 = ORIENTED_EDGE('',*,*,#1026,.F.);
#7373 = B_SPLINE_SURFACE_WITH_KNOTS('',3,1,(
    (#7374,#7375)
    ,(#7376,#7377)
    ,(#7378,#7379)
    ,(#7380,#7381
    )),.UNSPECIFIED.,.F.,.F.,.F.,(4,4),(2,2),(4.,5.),(0.,1.),
  .PIECEWISE_BEZIER_KNOTS.);
#7374 = CARTESIAN_POINT('',(6.978608726093E-02,-1.009872999746,
    0.137488889905));
#7375 = CARTESIAN_POINT('',(6.978608726093E-02,-0.999872999746,
    0.137488889905));
#7376 = CARTESIAN_POINT('',(7.074266454396E-02,-1.009872999746,
    0.136220385247));
#7377 = CARTESIAN_POINT('',(7.074266454396E-02,-0.999872999746,
    0.136220385247));
#7378 = CARTESIAN_POINT('',(7.284297553488E-02,-1.009872999746,
    0.134931085431));
#7379 = CARTESIAN_POINT('',(7.284297553488E-02,-0.999872999746,
    0.134931085431));
#7380 = CARTESIAN_POINT('',(7.605582749638E-02,-1.009872999746,
    0.133641785614));
#7381 = CARTESIAN_POINT('',(7.605582749638E-02,-0.999872999746,
    0.133641785614));
#7382 = ADVANCED_FACE('',(#7383),#7402,.F.);
#7383 = FACE_BOUND('',#7384,.F.);
#7384 = EDGE_LOOP('',(#7385,#7386,#7395,#7401));
#7385 = ORIENTED_EDGE('',*,*,#7367,.F.);
#7386 = ORIENTED_EDGE('',*,*,#7387,.T.);
#7387 = EDGE_CURVE('',#7359,#7388,#7390,.T.);
#7388 = VERTEX_POINT('',#7389);
#7389 = CARTESIAN_POINT('',(8.138978560697E-02,-1.009872999746,
    0.131042390824));
#7390 = B_SPLINE_CURVE_WITH_KNOTS('',3,(#7391,#7392,#7393,#7394),
  .UNSPECIFIED.,.F.,.F.,(4,4),(3.,4.),.PIECEWISE_BEZIER_KNOTS.);
#7391 = CARTESIAN_POINT('',(7.605582749638E-02,-1.009872999746,
    0.133641785614));
#7392 = CARTESIAN_POINT('',(7.873840292047E-02,-1.009872999746,
    0.132643618015));
#7393 = CARTESIAN_POINT('',(8.051638895729E-02,-1.009872999746,
    0.131770221365));
#7394 = CARTESIAN_POINT('',(8.138978560697E-02,-1.009872999746,
    0.131042390824));
#7395 = ORIENTED_EDGE('',*,*,#7396,.T.);
#7396 = EDGE_CURVE('',#7388,#1009,#7397,.T.);
#7397 = LINE('',#7398,#7399);
#7398 = CARTESIAN_POINT('',(8.138978560697E-02,-1.009872999746,
    0.131042390824));
#7399 = VECTOR('',#7400,1.);
#7400 = DIRECTION('',(-1.084202172486E-16,1.,0.));
#7401 = ORIENTED_EDGE('',*,*,#1017,.F.);
#7402 = B_SPLINE_SURFACE_WITH_KNOTS('',3,1,(
    (#7403,#7404)
    ,(#7405,#7406)
    ,(#7407,#7408)
    ,(#7409,#7410
    )),.UNSPECIFIED.,.F.,.F.,.F.,(4,4),(2,2),(3.,4.),(0.,1.),
  .PIECEWISE_BEZIER_KNOTS.);
#7403 = CARTESIAN_POINT('',(7.605582749638E-02,-1.009872999746,
    0.133641785614));
#7404 = CARTESIAN_POINT('',(7.605582749638E-02,-0.999872999746,
    0.133641785614));
#7405 = CARTESIAN_POINT('',(7.873840292047E-02,-1.009872999746,
    0.132643618015));
#7406 = CARTESIAN_POINT('',(7.873840292047E-02,-0.999872999746,
    0.132643618015));
#7407 = CARTESIAN_POINT('',(8.051638895729E-02,-1.009872999746,
    0.131770221365));
#7408 = CARTESIAN_POINT('',(8.051638895729E-02,-0.999872999746,
    0.131770221365));
#7409 = CARTESIAN_POINT('',(8.138978560697E-02,-1.009872999746,
    0.131042390824));
#7410 = CARTESIAN_POINT('',(8.138978560697E-02,-0.999872999746,
    0.131042390824));
#7411 = ADVANCED_FACE('',(#7412),#7431,.F.);
#7412 = FACE_BOUND('',#7413,.F.);
#7413 = EDGE_LOOP('',(#7414,#7415,#7424,#7430));
#7414 = ORIENTED_EDGE('',*,*,#7396,.F.);
#7415 = ORIENTED_EDGE('',*,*,#7416,.T.);
#7416 = EDGE_CURVE('',#7388,#7417,#7419,.T.);
#7417 = VERTEX_POINT('',#7418);
#7418 = CARTESIAN_POINT('',(8.269988058156E-02,-1.009872999746,
    0.128276634766));
#7419 = B_SPLINE_CURVE_WITH_KNOTS('',3,(#7420,#7421,#7422,#7423),
  .UNSPECIFIED.,.F.,.F.,(4,4),(2.,3.),.PIECEWISE_BEZIER_KNOTS.);
#7420 = CARTESIAN_POINT('',(8.138978560697E-02,-1.009872999746,
    0.131042390824));
#7421 = CARTESIAN_POINT('',(8.226318225679E-02,-1.009872999746,
    0.130314560282));
#7422 = CARTESIAN_POINT('',(8.269988058156E-02,-1.009872999746,
    0.129399573316));
#7423 = CARTESIAN_POINT('',(8.269988058156E-02,-1.009872999746,
    0.128276634766));
#7424 = ORIENTED_EDGE('',*,*,#7425,.T.);
#7425 = EDGE_CURVE('',#7417,#1000,#7426,.T.);
#7426 = LINE('',#7427,#7428);
#7427 = CARTESIAN_POINT('',(8.269988058156E-02,-1.009872999746,
    0.128276634766));
#7428 = VECTOR('',#7429,1.);
#7429 = DIRECTION('',(-1.084202172486E-16,1.,0.));
#7430 = ORIENTED_EDGE('',*,*,#1008,.F.);
#7431 = B_SPLINE_SURFACE_WITH_KNOTS('',3,1,(
    (#7432,#7433)
    ,(#7434,#7435)
    ,(#7436,#7437)
    ,(#7438,#7439
    )),.UNSPECIFIED.,.F.,.F.,.F.,(4,4),(2,2),(2.,3.),(0.,1.),
  .PIECEWISE_BEZIER_KNOTS.);
#7432 = CARTESIAN_POINT('',(8.138978560697E-02,-1.009872999746,
    0.131042390824));
#7433 = CARTESIAN_POINT('',(8.138978560697E-02,-0.999872999746,
    0.131042390824));
#7434 = CARTESIAN_POINT('',(8.226318225679E-02,-1.009872999746,
    0.130314560282));
#7435 = CARTESIAN_POINT('',(8.226318225679E-02,-0.999872999746,
    0.130314560282));
#7436 = CARTESIAN_POINT('',(8.269988058156E-02,-1.009872999746,
    0.129399573316));
#7437 = CARTESIAN_POINT('',(8.269988058156E-02,-0.999872999746,
    0.129399573316));
#7438 = CARTESIAN_POINT('',(8.269988058156E-02,-1.009872999746,
    0.128276634766));
#7439 = CARTESIAN_POINT('',(8.269988058156E-02,-0.999872999746,
    0.128276634766));
#7440 = ADVANCED_FACE('',(#7441),#7453,.F.);
#7441 = FACE_BOUND('',#7442,.F.);
#7442 = EDGE_LOOP('',(#7443,#7444,#7451,#7452));
#7443 = ORIENTED_EDGE('',*,*,#7425,.F.);
#7444 = ORIENTED_EDGE('',*,*,#7445,.T.);
#7445 = EDGE_CURVE('',#7417,#6868,#7446,.T.);
#7446 = B_SPLINE_CURVE_WITH_KNOTS('',3,(#7447,#7448,#7449,#7450),
  .UNSPECIFIED.,.F.,.F.,(4,4),(1.,2.),.PIECEWISE_BEZIER_KNOTS.);
#7447 = CARTESIAN_POINT('',(8.269988058156E-02,-1.009872999746,
    0.128276634766));
#7448 = CARTESIAN_POINT('',(8.269988058156E-02,-1.009872999746,
    0.125656444817));
#7449 = CARTESIAN_POINT('',(8.069314780314E-02,-1.009872999746,
    0.124346349843));
#7450 = CARTESIAN_POINT('',(7.669007982531E-02,-1.009872999746,
    0.124346349843));
#7451 = ORIENTED_EDGE('',*,*,#6867,.T.);
#7452 = ORIENTED_EDGE('',*,*,#999,.F.);
#7453 = B_SPLINE_SURFACE_WITH_KNOTS('',3,1,(
    (#7454,#7455)
    ,(#7456,#7457)
    ,(#7458,#7459)
    ,(#7460,#7461
    )),.UNSPECIFIED.,.F.,.F.,.F.,(4,4),(2,2),(1.,2.),(0.,1.),
  .PIECEWISE_BEZIER_KNOTS.);
#7454 = CARTESIAN_POINT('',(8.269988058156E-02,-1.009872999746,
    0.128276634766));
#7455 = CARTESIAN_POINT('',(8.269988058156E-02,-0.999872999746,
    0.128276634766));
#7456 = CARTESIAN_POINT('',(8.269988058156E-02,-1.009872999746,
    0.125656444817));
#7457 = CARTESIAN_POINT('',(8.269988058156E-02,-0.999872999746,
    0.125656444817));
#7458 = CARTESIAN_POINT('',(8.069314780314E-02,-1.009872999746,
    0.124346349843));
#7459 = CARTESIAN_POINT('',(8.069314780314E-02,-0.999872999746,
    0.124346349843));
#7460 = CARTESIAN_POINT('',(7.669007982531E-02,-1.009872999746,
    0.124346349843));
#7461 = CARTESIAN_POINT('',(7.669007982531E-02,-0.999872999746,
    0.124346349843));
#7462 = ADVANCED_FACE('',(#7463),#7486,.F.);
#7463 = FACE_BOUND('',#7464,.T.);
#7464 = EDGE_LOOP('',(#7465,#7466,#7467,#7468,#7469,#7470,#7471,#7472,
    #7473,#7474,#7475,#7476,#7477,#7478,#7479,#7480,#7481,#7482,#7483,
    #7484,#7485));
#7465 = ORIENTED_EDGE('',*,*,#6875,.T.);
#7466 = ORIENTED_EDGE('',*,*,#6912,.T.);
#7467 = ORIENTED_EDGE('',*,*,#6928,.T.);
#7468 = ORIENTED_EDGE('',*,*,#6957,.T.);
#7469 = ORIENTED_EDGE('',*,*,#6986,.T.);
#7470 = ORIENTED_EDGE('',*,*,#7015,.T.);
#7471 = ORIENTED_EDGE('',*,*,#7044,.T.);
#7472 = ORIENTED_EDGE('',*,*,#7073,.T.);
#7473 = ORIENTED_EDGE('',*,*,#7102,.T.);
#7474 = ORIENTED_EDGE('',*,*,#7131,.T.);
#7475 = ORIENTED_EDGE('',*,*,#7160,.T.);
#7476 = ORIENTED_EDGE('',*,*,#7189,.T.);
#7477 = ORIENTED_EDGE('',*,*,#7226,.T.);
#7478 = ORIENTED_EDGE('',*,*,#7242,.T.);
#7479 = ORIENTED_EDGE('',*,*,#7271,.T.);
#7480 = ORIENTED_EDGE('',*,*,#7300,.T.);
#7481 = ORIENTED_EDGE('',*,*,#7329,.T.);
#7482 = ORIENTED_EDGE('',*,*,#7358,.T.);
#7483 = ORIENTED_EDGE('',*,*,#7387,.T.);
#7484 = ORIENTED_EDGE('',*,*,#7416,.T.);
#7485 = ORIENTED_EDGE('',*,*,#7445,.T.);
#7486 = PLANE('',#7487);
#7487 = AXIS2_PLACEMENT_3D('',#7488,#7489,#7490);
#7488 = CARTESIAN_POINT('',(7.235168991943E-02,-1.009872999746,
    0.125048186436));
#7489 = DIRECTION('',(0.,1.,0.));
#7490 = DIRECTION('',(0.,-0.,1.));
#7491 = ADVANCED_FACE('',(#7492),#7517,.F.);
#7492 = FACE_BOUND('',#7493,.T.);
#7493 = EDGE_LOOP('',(#7494,#7495,#7503,#7511));
#7494 = ORIENTED_EDGE('',*,*,#189,.T.);
#7495 = ORIENTED_EDGE('',*,*,#7496,.F.);
#7496 = EDGE_CURVE('',#7497,#192,#7499,.T.);
#7497 = VERTEX_POINT('',#7498);
#7498 = CARTESIAN_POINT('',(0.113185582688,-1.009872999746,
    0.149924394584));
#7499 = LINE('',#7500,#7501);
#7500 = CARTESIAN_POINT('',(0.113185582688,-1.009872999746,
    0.149924394584));
#7501 = VECTOR('',#7502,1.);
#7502 = DIRECTION('',(-1.084202172486E-16,1.,0.));
#7503 = ORIENTED_EDGE('',*,*,#7504,.F.);
#7504 = EDGE_CURVE('',#7505,#7497,#7507,.T.);
#7505 = VERTEX_POINT('',#7506);
#7506 = CARTESIAN_POINT('',(0.118467552903,-1.009872999746,
    0.149924394584));
#7507 = LINE('',#7508,#7509);
#7508 = CARTESIAN_POINT('',(0.113185582688,-1.009872999746,
    0.149924394584));
#7509 = VECTOR('',#7510,1.);
#7510 = DIRECTION('',(-1.,-0.,-0.));
#7511 = ORIENTED_EDGE('',*,*,#7512,.T.);
#7512 = EDGE_CURVE('',#7505,#190,#7513,.T.);
#7513 = LINE('',#7514,#7515);
#7514 = CARTESIAN_POINT('',(0.118467552903,-1.009872999746,
    0.149924394584));
#7515 = VECTOR('',#7516,1.);
#7516 = DIRECTION('',(-1.084202172486E-16,1.,0.));
#7517 = PLANE('',#7518);
#7518 = AXIS2_PLACEMENT_3D('',#7519,#7520,#7521);
#7519 = CARTESIAN_POINT('',(0.113185582688,-1.009872999746,
    0.149924394584));
#7520 = DIRECTION('',(0.,0.,-1.));
#7521 = DIRECTION('',(-1.,0.,0.));
#7522 = ADVANCED_FACE('',(#7523),#7541,.F.);
#7523 = FACE_BOUND('',#7524,.T.);
#7524 = EDGE_LOOP('',(#7525,#7526,#7534,#7540));
#7525 = ORIENTED_EDGE('',*,*,#308,.T.);
#7526 = ORIENTED_EDGE('',*,*,#7527,.F.);
#7527 = EDGE_CURVE('',#7528,#300,#7530,.T.);
#7528 = VERTEX_POINT('',#7529);
#7529 = CARTESIAN_POINT('',(0.105252229787,-1.009872999746,
    0.128047888025));
#7530 = LINE('',#7531,#7532);
#7531 = CARTESIAN_POINT('',(0.105252229787,-1.009872999746,
    0.128047888025));
#7532 = VECTOR('',#7533,1.);
#7533 = DIRECTION('',(-1.084202172486E-16,1.,0.));
#7534 = ORIENTED_EDGE('',*,*,#7535,.F.);
#7535 = EDGE_CURVE('',#7497,#7528,#7536,.T.);
#7536 = LINE('',#7537,#7538);
#7537 = CARTESIAN_POINT('',(0.105252229787,-1.009872999746,
    0.128047888025));
#7538 = VECTOR('',#7539,1.);
#7539 = DIRECTION('',(-0.340917796219,-0.,-0.9400931104));
#7540 = ORIENTED_EDGE('',*,*,#7496,.T.);
#7541 = PLANE('',#7542);
#7542 = AXIS2_PLACEMENT_3D('',#7543,#7544,#7545);
#7543 = CARTESIAN_POINT('',(0.105252229787,-1.009872999746,
    0.128047888025));
#7544 = DIRECTION('',(0.9400931104,1.019250992634E-16,-0.340917796219));
#7545 = DIRECTION('',(-0.340917796219,-6.162975822039E-33,-0.9400931104)
  );
#7546 = ADVANCED_FACE('',(#7547),#7566,.F.);
#7547 = FACE_BOUND('',#7548,.F.);
#7548 = EDGE_LOOP('',(#7549,#7550,#7559,#7565));
#7549 = ORIENTED_EDGE('',*,*,#7527,.F.);
#7550 = ORIENTED_EDGE('',*,*,#7551,.T.);
#7551 = EDGE_CURVE('',#7528,#7552,#7554,.T.);
#7552 = VERTEX_POINT('',#7553);
#7553 = CARTESIAN_POINT('',(0.104628375037,-1.009872999746,
    0.125698035134));
#7554 = B_SPLINE_CURVE_WITH_KNOTS('',3,(#7555,#7556,#7557,#7558),
  .UNSPECIFIED.,.F.,.F.,(4,4),(12.,13.),.PIECEWISE_BEZIER_KNOTS.);
#7555 = CARTESIAN_POINT('',(0.105252229787,-1.009872999746,
    0.128047888025));
#7556 = CARTESIAN_POINT('',(0.104940302412,-1.009872999746,
    0.127028925267));
#7557 = CARTESIAN_POINT('',(0.104732350828,-1.009872999746,0.12623870925
    ));
#7558 = CARTESIAN_POINT('',(0.104628375037,-1.009872999746,
    0.125698035134));
#7559 = ORIENTED_EDGE('',*,*,#7560,.T.);
#7560 = EDGE_CURVE('',#7552,#292,#7561,.T.);
#7561 = LINE('',#7562,#7563);
#7562 = CARTESIAN_POINT('',(0.104628375037,-1.009872999746,
    0.125698035134));
#7563 = VECTOR('',#7564,1.);
#7564 = DIRECTION('',(-1.084202172486E-16,1.,0.));
#7565 = ORIENTED_EDGE('',*,*,#299,.F.);
#7566 = B_SPLINE_SURFACE_WITH_KNOTS('',3,1,(
    (#7567,#7568)
    ,(#7569,#7570)
    ,(#7571,#7572)
    ,(#7573,#7574
    )),.UNSPECIFIED.,.F.,.F.,.F.,(4,4),(2,2),(12.,13.),(0.,1.),
  .PIECEWISE_BEZIER_KNOTS.);
#7567 = CARTESIAN_POINT('',(0.105252229787,-1.009872999746,
    0.128047888025));
#7568 = CARTESIAN_POINT('',(0.105252229787,-0.999872999746,
    0.128047888025));
#7569 = CARTESIAN_POINT('',(0.104940302412,-1.009872999746,
    0.127028925267));
#7570 = CARTESIAN_POINT('',(0.104940302412,-0.999872999746,
    0.127028925267));
#7571 = CARTESIAN_POINT('',(0.104732350828,-1.009872999746,0.12623870925
    ));
#7572 = CARTESIAN_POINT('',(0.104732350828,-0.999872999746,0.12623870925
    ));
#7573 = CARTESIAN_POINT('',(0.104628375037,-1.009872999746,
    0.125698035134));
#7574 = CARTESIAN_POINT('',(0.104628375037,-0.999872999746,
    0.125698035134));
#7575 = ADVANCED_FACE('',(#7576),#7594,.F.);
#7576 = FACE_BOUND('',#7577,.T.);
#7577 = EDGE_LOOP('',(#7578,#7579,#7587,#7593));
#7578 = ORIENTED_EDGE('',*,*,#291,.T.);
#7579 = ORIENTED_EDGE('',*,*,#7580,.F.);
#7580 = EDGE_CURVE('',#7581,#284,#7583,.T.);
#7581 = VERTEX_POINT('',#7582);
#7582 = CARTESIAN_POINT('',(0.104493206508,-1.009872999746,
    0.125698035134));
#7583 = LINE('',#7584,#7585);
#7584 = CARTESIAN_POINT('',(0.104493206508,-1.009872999746,
    0.125698035134));
#7585 = VECTOR('',#7586,1.);
#7586 = DIRECTION('',(-1.084202172486E-16,1.,0.));
#7587 = ORIENTED_EDGE('',*,*,#7588,.F.);
#7588 = EDGE_CURVE('',#7552,#7581,#7589,.T.);
#7589 = LINE('',#7590,#7591);
#7590 = CARTESIAN_POINT('',(0.104493206508,-1.009872999746,
    0.125698035134));
#7591 = VECTOR('',#7592,1.);
#7592 = DIRECTION('',(-1.,-0.,-0.));
#7593 = ORIENTED_EDGE('',*,*,#7560,.T.);
#7594 = PLANE('',#7595);
#7595 = AXIS2_PLACEMENT_3D('',#7596,#7597,#7598);
#7596 = CARTESIAN_POINT('',(0.104493206508,-1.009872999746,
    0.125698035134));
#7597 = DIRECTION('',(0.,0.,-1.));
#7598 = DIRECTION('',(-1.,0.,0.));
#7599 = ADVANCED_FACE('',(#7600),#7618,.F.);
#7600 = FACE_BOUND('',#7601,.T.);
#7601 = EDGE_LOOP('',(#7602,#7603,#7611,#7617));
#7602 = ORIENTED_EDGE('',*,*,#283,.T.);
#7603 = ORIENTED_EDGE('',*,*,#7604,.F.);
#7604 = EDGE_CURVE('',#7605,#276,#7607,.T.);
#7605 = VERTEX_POINT('',#7606);
#7606 = CARTESIAN_POINT('',(0.103869351758,-1.009872999746,
    0.128089478341));
#7607 = LINE('',#7608,#7609);
#7608 = CARTESIAN_POINT('',(0.103869351758,-1.009872999746,
    0.128089478341));
#7609 = VECTOR('',#7610,1.);
#7610 = DIRECTION('',(-1.084202172486E-16,1.,0.));
#7611 = ORIENTED_EDGE('',*,*,#7612,.F.);
#7612 = EDGE_CURVE('',#7581,#7605,#7613,.T.);
#7613 = LINE('',#7614,#7615);
#7614 = CARTESIAN_POINT('',(0.103869351758,-1.009872999746,
    0.128089478341));
#7615 = VECTOR('',#7616,1.);
#7616 = DIRECTION('',(-0.252421897188,0.,0.967617272386));
#7617 = ORIENTED_EDGE('',*,*,#7580,.T.);
#7618 = PLANE('',#7619);
#7619 = AXIS2_PLACEMENT_3D('',#7620,#7621,#7622);
#7620 = CARTESIAN_POINT('',(0.103869351758,-1.009872999746,
    0.128089478341));
#7621 = DIRECTION('',(-0.967617272386,-1.049092748856E-16,
    -0.252421897188));
#7622 = DIRECTION('',(-0.252421897188,0.,0.967617272386));
#7623 = ADVANCED_FACE('',(#7624),#7642,.F.);
#7624 = FACE_BOUND('',#7625,.T.);
#7625 = EDGE_LOOP('',(#7626,#7627,#7635,#7641));
#7626 = ORIENTED_EDGE('',*,*,#275,.T.);
#7627 = ORIENTED_EDGE('',*,*,#7628,.F.);
#7628 = EDGE_CURVE('',#7629,#268,#7631,.T.);
#7629 = VERTEX_POINT('',#7630);
#7630 = CARTESIAN_POINT('',(9.627911896871E-02,-1.009872999746,
    0.149924394584));
#7631 = LINE('',#7632,#7633);
#7632 = CARTESIAN_POINT('',(9.627911896871E-02,-1.009872999746,
    0.149924394584));
#7633 = VECTOR('',#7634,1.);
#7634 = DIRECTION('',(-1.084202172486E-16,1.,0.));
#7635 = ORIENTED_EDGE('',*,*,#7636,.F.);
#7636 = EDGE_CURVE('',#7605,#7629,#7637,.T.);
#7637 = LINE('',#7638,#7639);
#7638 = CARTESIAN_POINT('',(9.627911896871E-02,-1.009872999746,
    0.149924394584));
#7639 = VECTOR('',#7640,1.);
#7640 = DIRECTION('',(-0.328346164813,0.,0.944557460429));
#7641 = ORIENTED_EDGE('',*,*,#7604,.T.);
#7642 = PLANE('',#7643);
#7643 = AXIS2_PLACEMENT_3D('',#7644,#7645,#7646);
#7644 = CARTESIAN_POINT('',(9.627911896871E-02,-1.009872999746,
    0.149924394584));
#7645 = DIRECTION('',(-0.944557460429,-1.024091250635E-16,
    -0.328346164813));
#7646 = DIRECTION('',(-0.328346164813,0.,0.944557460429));
#7647 = ADVANCED_FACE('',(#7648),#7666,.F.);
#7648 = FACE_BOUND('',#7649,.T.);
#7649 = EDGE_LOOP('',(#7650,#7651,#7659,#7665));
#7650 = ORIENTED_EDGE('',*,*,#267,.T.);
#7651 = ORIENTED_EDGE('',*,*,#7652,.F.);
#7652 = EDGE_CURVE('',#7653,#260,#7655,.T.);
#7653 = VERTEX_POINT('',#7654);
#7654 = CARTESIAN_POINT('',(9.058124558727E-02,-1.009872999746,
    0.149924394584));
#7655 = LINE('',#7656,#7657);
#7656 = CARTESIAN_POINT('',(9.058124558727E-02,-1.009872999746,
    0.149924394584));
#7657 = VECTOR('',#7658,1.);
#7658 = DIRECTION('',(-1.084202172486E-16,1.,0.));
#7659 = ORIENTED_EDGE('',*,*,#7660,.F.);
#7660 = EDGE_CURVE('',#7629,#7653,#7661,.T.);
#7661 = LINE('',#7662,#7663);
#7662 = CARTESIAN_POINT('',(9.058124558727E-02,-1.009872999746,
    0.149924394584));
#7663 = VECTOR('',#7664,1.);
#7664 = DIRECTION('',(-1.,-0.,-0.));
#7665 = ORIENTED_EDGE('',*,*,#7628,.T.);
#7666 = PLANE('',#7667);
#7667 = AXIS2_PLACEMENT_3D('',#7668,#7669,#7670);
#7668 = CARTESIAN_POINT('',(9.058124558727E-02,-1.009872999746,
    0.149924394584));
#7669 = DIRECTION('',(0.,0.,-1.));
#7670 = DIRECTION('',(-1.,0.,0.));
#7671 = ADVANCED_FACE('',(#7672),#7690,.F.);
#7672 = FACE_BOUND('',#7673,.T.);
#7673 = EDGE_LOOP('',(#7674,#7675,#7683,#7689));
#7674 = ORIENTED_EDGE('',*,*,#259,.T.);
#7675 = ORIENTED_EDGE('',*,*,#7676,.F.);
#7676 = EDGE_CURVE('',#7677,#252,#7679,.T.);
#7677 = VERTEX_POINT('',#7678);
#7678 = CARTESIAN_POINT('',(0.10197699235,-1.009872999746,0.120935943877
    ));
#7679 = LINE('',#7680,#7681);
#7680 = CARTESIAN_POINT('',(0.10197699235,-1.009872999746,0.120935943877
    ));
#7681 = VECTOR('',#7682,1.);
#7682 = DIRECTION('',(-1.084202172486E-16,1.,0.));
#7683 = ORIENTED_EDGE('',*,*,#7684,.F.);
#7684 = EDGE_CURVE('',#7653,#7677,#7685,.T.);
#7685 = LINE('',#7686,#7687);
#7686 = CARTESIAN_POINT('',(0.10197699235,-1.009872999746,0.120935943877
    ));
#7687 = VECTOR('',#7688,1.);
#7688 = DIRECTION('',(0.365858921669,0.,-0.930670322636));
#7689 = ORIENTED_EDGE('',*,*,#7652,.T.);
#7690 = PLANE('',#7691);
#7691 = AXIS2_PLACEMENT_3D('',#7692,#7693,#7694);
#7692 = CARTESIAN_POINT('',(0.10197699235,-1.009872999746,0.120935943877
    ));
#7693 = DIRECTION('',(0.930670322636,1.009034785669E-16,0.365858921669)
  );
#7694 = DIRECTION('',(0.365858921669,0.,-0.930670322636));
#7695 = ADVANCED_FACE('',(#7696),#7714,.F.);
#7696 = FACE_BOUND('',#7697,.T.);
#7697 = EDGE_LOOP('',(#7698,#7699,#7707,#7713));
#7698 = ORIENTED_EDGE('',*,*,#251,.T.);
#7699 = ORIENTED_EDGE('',*,*,#7700,.F.);
#7700 = EDGE_CURVE('',#7701,#243,#7703,.T.);
#7701 = VERTEX_POINT('',#7702);
#7702 = CARTESIAN_POINT('',(9.974151282998E-02,-1.009872999746,
    0.115653973662));
#7703 = LINE('',#7704,#7705);
#7704 = CARTESIAN_POINT('',(9.974151282998E-02,-1.009872999746,
    0.115653973662));
#7705 = VECTOR('',#7706,1.);
#7706 = DIRECTION('',(-1.084202172486E-16,1.,0.));
#7707 = ORIENTED_EDGE('',*,*,#7708,.F.);
#7708 = EDGE_CURVE('',#7677,#7701,#7709,.T.);
#7709 = LINE('',#7710,#7711);
#7710 = CARTESIAN_POINT('',(9.974151282998E-02,-1.009872999746,
    0.115653973662));
#7711 = VECTOR('',#7712,1.);
#7712 = DIRECTION('',(-0.389758265065,-0.,-0.920917203017));
#7713 = ORIENTED_EDGE('',*,*,#7676,.T.);
#7714 = PLANE('',#7715);
#7715 = AXIS2_PLACEMENT_3D('',#7716,#7717,#7718);
#7716 = CARTESIAN_POINT('',(9.974151282998E-02,-1.009872999746,
    0.115653973662));
#7717 = DIRECTION('',(0.920917203017,9.98460432191E-17,-0.389758265065)
  );
#7718 = DIRECTION('',(-0.389758265065,-1.232595164408E-32,
    -0.920917203017));
#7719 = ADVANCED_FACE('',(#7720),#7739,.F.);
#7720 = FACE_BOUND('',#7721,.F.);
#7721 = EDGE_LOOP('',(#7722,#7723,#7732,#7738));
#7722 = ORIENTED_EDGE('',*,*,#7700,.F.);
#7723 = ORIENTED_EDGE('',*,*,#7724,.T.);
#7724 = EDGE_CURVE('',#7701,#7725,#7727,.T.);
#7725 = VERTEX_POINT('',#7726);
#7726 = CARTESIAN_POINT('',(9.452192809006E-02,-1.009872999746,
    0.111557327472));
#7727 = B_SPLINE_CURVE_WITH_KNOTS('',3,(#7728,#7729,#7730,#7731),
  .UNSPECIFIED.,.F.,.F.,(4,4),(5.,6.),.PIECEWISE_BEZIER_KNOTS.);
#7728 = CARTESIAN_POINT('',(9.974151282998E-02,-1.009872999746,
    0.115653973662));
#7729 = CARTESIAN_POINT('',(9.858738154294E-02,-1.009872999746,
    0.112909012763));
#7730 = CARTESIAN_POINT('',(9.685098582273E-02,-1.009872999746,
    0.111557327472));
#7731 = CARTESIAN_POINT('',(9.452192809006E-02,-1.009872999746,
    0.111557327472));
#7732 = ORIENTED_EDGE('',*,*,#7733,.T.);
#7733 = EDGE_CURVE('',#7725,#234,#7734,.T.);
#7734 = LINE('',#7735,#7736);
#7735 = CARTESIAN_POINT('',(9.452192809006E-02,-1.009872999746,
    0.111557327472));
#7736 = VECTOR('',#7737,1.);
#7737 = DIRECTION('',(-1.084202172486E-16,1.,0.));
#7738 = ORIENTED_EDGE('',*,*,#242,.F.);
#7739 = B_SPLINE_SURFACE_WITH_KNOTS('',3,1,(
    (#7740,#7741)
    ,(#7742,#7743)
    ,(#7744,#7745)
    ,(#7746,#7747
    )),.UNSPECIFIED.,.F.,.F.,.F.,(4,4),(2,2),(5.,6.),(0.,1.),
  .PIECEWISE_BEZIER_KNOTS.);
#7740 = CARTESIAN_POINT('',(9.974151282998E-02,-1.009872999746,
    0.115653973662));
#7741 = CARTESIAN_POINT('',(9.974151282998E-02,-0.999872999746,
    0.115653973662));
#7742 = CARTESIAN_POINT('',(9.858738154294E-02,-1.009872999746,
    0.112909012763));
#7743 = CARTESIAN_POINT('',(9.858738154294E-02,-0.999872999746,
    0.112909012763));
#7744 = CARTESIAN_POINT('',(9.685098582273E-02,-1.009872999746,
    0.111557327472));
#7745 = CARTESIAN_POINT('',(9.685098582273E-02,-0.999872999746,
    0.111557327472));
#7746 = CARTESIAN_POINT('',(9.452192809006E-02,-1.009872999746,
    0.111557327472));
#7747 = CARTESIAN_POINT('',(9.452192809006E-02,-0.999872999746,
    0.111557327472));
#7748 = ADVANCED_FACE('',(#7749),#7768,.F.);
#7749 = FACE_BOUND('',#7750,.F.);
#7750 = EDGE_LOOP('',(#7751,#7752,#7761,#7767));
#7751 = ORIENTED_EDGE('',*,*,#7733,.F.);
#7752 = ORIENTED_EDGE('',*,*,#7753,.T.);
#7753 = EDGE_CURVE('',#7725,#7754,#7756,.T.);
#7754 = VERTEX_POINT('',#7755);
#7755 = CARTESIAN_POINT('',(9.16314010828E-02,-1.009872999746,
    0.112139591905));
#7756 = B_SPLINE_CURVE_WITH_KNOTS('',3,(#7757,#7758,#7759,#7760),
  .UNSPECIFIED.,.F.,.F.,(4,4),(4.,5.),.PIECEWISE_BEZIER_KNOTS.);
#7757 = CARTESIAN_POINT('',(9.452192809006E-02,-1.009872999746,
    0.111557327472));
#7758 = CARTESIAN_POINT('',(9.358614596547E-02,-1.009872999746,
    0.111557327472));
#7759 = CARTESIAN_POINT('',(9.262956868244E-02,-1.009872999746,
    0.111744483897));
#7760 = CARTESIAN_POINT('',(9.16314010828E-02,-1.009872999746,
    0.112139591905));
#7761 = ORIENTED_EDGE('',*,*,#7762,.T.);
#7762 = EDGE_CURVE('',#7754,#226,#7763,.T.);
#7763 = LINE('',#7764,#7765);
#7764 = CARTESIAN_POINT('',(9.16314010828E-02,-1.009872999746,
    0.112139591905));
#7765 = VECTOR('',#7766,1.);
#7766 = DIRECTION('',(-1.084202172486E-16,1.,0.));
#7767 = ORIENTED_EDGE('',*,*,#233,.F.);
#7768 = B_SPLINE_SURFACE_WITH_KNOTS('',3,1,(
    (#7769,#7770)
    ,(#7771,#7772)
    ,(#7773,#7774)
    ,(#7775,#7776
    )),.UNSPECIFIED.,.F.,.F.,.F.,(4,4),(2,2),(4.,5.),(0.,1.),
  .PIECEWISE_BEZIER_KNOTS.);
#7769 = CARTESIAN_POINT('',(9.452192809006E-02,-1.009872999746,
    0.111557327472));
#7770 = CARTESIAN_POINT('',(9.452192809006E-02,-0.999872999746,
    0.111557327472));
#7771 = CARTESIAN_POINT('',(9.358614596547E-02,-1.009872999746,
    0.111557327472));
#7772 = CARTESIAN_POINT('',(9.358614596547E-02,-0.999872999746,
    0.111557327472));
#7773 = CARTESIAN_POINT('',(9.262956868244E-02,-1.009872999746,
    0.111744483897));
#7774 = CARTESIAN_POINT('',(9.262956868244E-02,-0.999872999746,
    0.111744483897));
#7775 = CARTESIAN_POINT('',(9.16314010828E-02,-1.009872999746,
    0.112139591905));
#7776 = CARTESIAN_POINT('',(9.16314010828E-02,-0.999872999746,
    0.112139591905));
#7777 = ADVANCED_FACE('',(#7778),#7796,.F.);
#7778 = FACE_BOUND('',#7779,.T.);
#7779 = EDGE_LOOP('',(#7780,#7781,#7789,#7795));
#7780 = ORIENTED_EDGE('',*,*,#225,.T.);
#7781 = ORIENTED_EDGE('',*,*,#7782,.F.);
#7782 = EDGE_CURVE('',#7783,#217,#7785,.T.);
#7783 = VERTEX_POINT('',#7784);
#7784 = CARTESIAN_POINT('',(9.16314010828E-02,-1.009872999746,
    0.10760624739));
#7785 = LINE('',#7786,#7787);
#7786 = CARTESIAN_POINT('',(9.16314010828E-02,-1.009872999746,
    0.10760624739));
#7787 = VECTOR('',#7788,1.);
#7788 = DIRECTION('',(-1.084202172486E-16,1.,0.));
#7789 = ORIENTED_EDGE('',*,*,#7790,.F.);
#7790 = EDGE_CURVE('',#7754,#7783,#7791,.T.);
#7791 = LINE('',#7792,#7793);
#7792 = CARTESIAN_POINT('',(9.16314010828E-02,-1.009872999746,
    0.10760624739));
#7793 = VECTOR('',#7794,1.);
#7794 = DIRECTION('',(-0.,-0.,-1.));
#7795 = ORIENTED_EDGE('',*,*,#7762,.T.);
#7796 = PLANE('',#7797);
#7797 = AXIS2_PLACEMENT_3D('',#7798,#7799,#7800);
#7798 = CARTESIAN_POINT('',(9.16314010828E-02,-1.009872999746,
    0.10760624739));
#7799 = DIRECTION('',(1.,1.084202172486E-16,0.));
#7800 = DIRECTION('',(-1.084202172486E-16,1.,0.));
#7801 = ADVANCED_FACE('',(#7802),#7821,.F.);
#7802 = FACE_BOUND('',#7803,.F.);
#7803 = EDGE_LOOP('',(#7804,#7805,#7814,#7820));
#7804 = ORIENTED_EDGE('',*,*,#7782,.F.);
#7805 = ORIENTED_EDGE('',*,*,#7806,.T.);
#7806 = EDGE_CURVE('',#7783,#7807,#7809,.T.);
#7807 = VERTEX_POINT('',#7808);
#7808 = CARTESIAN_POINT('',(9.491703609836E-02,-1.009872999746,
    0.107190344223));
#7809 = B_SPLINE_CURVE_WITH_KNOTS('',3,(#7810,#7811,#7812,#7813),
  .UNSPECIFIED.,.F.,.F.,(4,4),(2.,3.),.PIECEWISE_BEZIER_KNOTS.);
#7810 = CARTESIAN_POINT('',(9.16314010828E-02,-1.009872999746,
    0.10760624739));
#7811 = CARTESIAN_POINT('',(9.253599046994E-02,-1.009872999746,
    0.107335910332));
#7812 = CARTESIAN_POINT('',(9.363813386123E-02,-1.009872999746,
    0.107190344223));
#7813 = CARTESIAN_POINT('',(9.491703609836E-02,-1.009872999746,
    0.107190344223));
#7814 = ORIENTED_EDGE('',*,*,#7815,.T.);
#7815 = EDGE_CURVE('',#7807,#208,#7816,.T.);
#7816 = LINE('',#7817,#7818);
#7817 = CARTESIAN_POINT('',(9.491703609836E-02,-1.009872999746,
    0.107190344223));
#7818 = VECTOR('',#7819,1.);
#7819 = DIRECTION('',(-1.084202172486E-16,1.,0.));
#7820 = ORIENTED_EDGE('',*,*,#216,.F.);
#7821 = B_SPLINE_SURFACE_WITH_KNOTS('',3,1,(
    (#7822,#7823)
    ,(#7824,#7825)
    ,(#7826,#7827)
    ,(#7828,#7829
    )),.UNSPECIFIED.,.F.,.F.,.F.,(4,4),(2,2),(2.,3.),(0.,1.),
  .PIECEWISE_BEZIER_KNOTS.);
#7822 = CARTESIAN_POINT('',(9.16314010828E-02,-1.009872999746,
    0.10760624739));
#7823 = CARTESIAN_POINT('',(9.16314010828E-02,-0.999872999746,
    0.10760624739));
#7824 = CARTESIAN_POINT('',(9.253599046994E-02,-1.009872999746,
    0.107335910332));
#7825 = CARTESIAN_POINT('',(9.253599046994E-02,-0.999872999746,
    0.107335910332));
#7826 = CARTESIAN_POINT('',(9.363813386123E-02,-1.009872999746,
    0.107190344223));
#7827 = CARTESIAN_POINT('',(9.363813386123E-02,-0.999872999746,
    0.107190344223));
#7828 = CARTESIAN_POINT('',(9.491703609836E-02,-1.009872999746,
    0.107190344223));
#7829 = CARTESIAN_POINT('',(9.491703609836E-02,-0.999872999746,
    0.107190344223));
#7830 = ADVANCED_FACE('',(#7831),#7850,.F.);
#7831 = FACE_BOUND('',#7832,.F.);
#7832 = EDGE_LOOP('',(#7833,#7834,#7843,#7849));
#7833 = ORIENTED_EDGE('',*,*,#7815,.F.);
#7834 = ORIENTED_EDGE('',*,*,#7835,.T.);
#7835 = EDGE_CURVE('',#7807,#7836,#7838,.T.);
#7836 = VERTEX_POINT('',#7837);
#7837 = CARTESIAN_POINT('',(0.105283422524,-1.009872999746,
    0.116485779995));
#7838 = B_SPLINE_CURVE_WITH_KNOTS('',3,(#7839,#7840,#7841,#7842),
  .UNSPECIFIED.,.F.,.F.,(4,4),(1.,2.),.PIECEWISE_BEZIER_KNOTS.);
#7839 = CARTESIAN_POINT('',(9.491703609836E-02,-1.009872999746,
    0.107190344223));
#7840 = CARTESIAN_POINT('',(9.937759755927E-02,-1.009872999746,
    0.107190344223));
#7841 = CARTESIAN_POINT('',(0.102829593842,-1.009872999746,
    0.110288822814));
#7842 = CARTESIAN_POINT('',(0.105283422524,-1.009872999746,
    0.116485779995));
#7843 = ORIENTED_EDGE('',*,*,#7844,.T.);
#7844 = EDGE_CURVE('',#7836,#200,#7845,.T.);
#7845 = LINE('',#7846,#7847);
#7846 = CARTESIAN_POINT('',(0.105283422524,-1.009872999746,
    0.116485779995));
#7847 = VECTOR('',#7848,1.);
#7848 = DIRECTION('',(-1.084202172486E-16,1.,0.));
#7849 = ORIENTED_EDGE('',*,*,#207,.F.);
#7850 = B_SPLINE_SURFACE_WITH_KNOTS('',3,1,(
    (#7851,#7852)
    ,(#7853,#7854)
    ,(#7855,#7856)
    ,(#7857,#7858
    )),.UNSPECIFIED.,.F.,.F.,.F.,(4,4),(2,2),(1.,2.),(0.,1.),
  .PIECEWISE_BEZIER_KNOTS.);
#7851 = CARTESIAN_POINT('',(9.491703609836E-02,-1.009872999746,
    0.107190344223));
#7852 = CARTESIAN_POINT('',(9.491703609836E-02,-0.999872999746,
    0.107190344223));
#7853 = CARTESIAN_POINT('',(9.937759755927E-02,-1.009872999746,
    0.107190344223));
#7854 = CARTESIAN_POINT('',(9.937759755927E-02,-0.999872999746,
    0.107190344223));
#7855 = CARTESIAN_POINT('',(0.102829593842,-1.009872999746,
    0.110288822814));
#7856 = CARTESIAN_POINT('',(0.102829593842,-0.999872999746,
    0.110288822814));
#7857 = CARTESIAN_POINT('',(0.105283422524,-1.009872999746,
    0.116485779995));
#7858 = CARTESIAN_POINT('',(0.105283422524,-0.999872999746,
    0.116485779995));
#7859 = ADVANCED_FACE('',(#7860),#7871,.F.);
#7860 = FACE_BOUND('',#7861,.T.);
#7861 = EDGE_LOOP('',(#7862,#7863,#7864,#7870));
#7862 = ORIENTED_EDGE('',*,*,#199,.T.);
#7863 = ORIENTED_EDGE('',*,*,#7512,.F.);
#7864 = ORIENTED_EDGE('',*,*,#7865,.F.);
#7865 = EDGE_CURVE('',#7836,#7505,#7866,.T.);
#7866 = LINE('',#7867,#7868);
#7867 = CARTESIAN_POINT('',(0.118467552903,-1.009872999746,
    0.149924394584));
#7868 = VECTOR('',#7869,1.);
#7869 = DIRECTION('',(0.366797678951,0.,0.930300737781));
#7870 = ORIENTED_EDGE('',*,*,#7844,.T.);
#7871 = PLANE('',#7872);
#7872 = AXIS2_PLACEMENT_3D('',#7873,#7874,#7875);
#7873 = CARTESIAN_POINT('',(0.118467552903,-1.009872999746,
    0.149924394584));
#7874 = DIRECTION('',(-0.930300737781,-1.008634080967E-16,0.366797678951
    ));
#7875 = DIRECTION('',(0.366797678951,1.232595164408E-32,0.930300737781)
  );
#7876 = ADVANCED_FACE('',(#7877),#7894,.T.);
#7877 = FACE_BOUND('',#7878,.T.);
#7878 = EDGE_LOOP('',(#7879,#7880,#7881,#7882,#7883,#7884,#7885,#7886,
    #7887,#7888,#7889,#7890,#7891,#7892,#7893));
#7879 = ORIENTED_EDGE('',*,*,#7504,.T.);
#7880 = ORIENTED_EDGE('',*,*,#7535,.T.);
#7881 = ORIENTED_EDGE('',*,*,#7551,.T.);
#7882 = ORIENTED_EDGE('',*,*,#7588,.T.);
#7883 = ORIENTED_EDGE('',*,*,#7612,.T.);
#7884 = ORIENTED_EDGE('',*,*,#7636,.T.);
#7885 = ORIENTED_EDGE('',*,*,#7660,.T.);
#7886 = ORIENTED_EDGE('',*,*,#7684,.T.);
#7887 = ORIENTED_EDGE('',*,*,#7708,.T.);
#7888 = ORIENTED_EDGE('',*,*,#7724,.T.);
#7889 = ORIENTED_EDGE('',*,*,#7753,.T.);
#7890 = ORIENTED_EDGE('',*,*,#7790,.T.);
#7891 = ORIENTED_EDGE('',*,*,#7806,.T.);
#7892 = ORIENTED_EDGE('',*,*,#7835,.T.);
#7893 = ORIENTED_EDGE('',*,*,#7865,.T.);
#7894 = PLANE('',#7895);
#7895 = AXIS2_PLACEMENT_3D('',#7896,#7897,#7898);
#7896 = CARTESIAN_POINT('',(0.100852754103,-1.009872999746,
    0.109514203166));
#7897 = DIRECTION('',(0.,-1.,0.));
#7898 = DIRECTION('',(0.,0.,-1.));
#7899 = ADVANCED_FACE('',(#7900),#7925,.F.);
#7900 = FACE_BOUND('',#7901,.T.);
#7901 = EDGE_LOOP('',(#7902,#7903,#7911,#7919));
#7902 = ORIENTED_EDGE('',*,*,#1177,.T.);
#7903 = ORIENTED_EDGE('',*,*,#7904,.F.);
#7904 = EDGE_CURVE('',#7905,#1180,#7907,.T.);
#7905 = VERTEX_POINT('',#7906);
#7906 = CARTESIAN_POINT('',(0.14583398126,-1.009872999746,0.125510878709
    ));
#7907 = LINE('',#7908,#7909);
#7908 = CARTESIAN_POINT('',(0.14583398126,-1.009872999746,0.125510878709
    ));
#7909 = VECTOR('',#7910,1.);
#7910 = DIRECTION('',(-1.084202172486E-16,1.,0.));
#7911 = ORIENTED_EDGE('',*,*,#7912,.F.);
#7912 = EDGE_CURVE('',#7913,#7905,#7915,.T.);
#7913 = VERTEX_POINT('',#7914);
#7914 = CARTESIAN_POINT('',(0.14583398126,-1.009872999746,0.120873558402
    ));
#7915 = LINE('',#7916,#7917);
#7916 = CARTESIAN_POINT('',(0.14583398126,-1.009872999746,0.125510878709
    ));
#7917 = VECTOR('',#7918,1.);
#7918 = DIRECTION('',(0.,0.,1.));
#7919 = ORIENTED_EDGE('',*,*,#7920,.T.);
#7920 = EDGE_CURVE('',#7913,#1178,#7921,.T.);
#7921 = LINE('',#7922,#7923);
#7922 = CARTESIAN_POINT('',(0.14583398126,-1.009872999746,0.120873558402
    ));
#7923 = VECTOR('',#7924,1.);
#7924 = DIRECTION('',(-1.084202172486E-16,1.,0.));
#7925 = PLANE('',#7926);
#7926 = AXIS2_PLACEMENT_3D('',#7927,#7928,#7929);
#7927 = CARTESIAN_POINT('',(0.14583398126,-1.009872999746,0.125510878709
    ));
#7928 = DIRECTION('',(-1.,-1.084202172486E-16,0.));
#7929 = DIRECTION('',(1.084202172486E-16,-1.,0.));
#7930 = ADVANCED_FACE('',(#7931),#7949,.F.);
#7931 = FACE_BOUND('',#7932,.T.);
#7932 = EDGE_LOOP('',(#7933,#7934,#7942,#7948));
#7933 = ORIENTED_EDGE('',*,*,#1267,.T.);
#7934 = ORIENTED_EDGE('',*,*,#7935,.F.);
#7935 = EDGE_CURVE('',#7936,#1260,#7938,.T.);
#7936 = VERTEX_POINT('',#7937);
#7937 = CARTESIAN_POINT('',(0.129208252179,-1.009872999746,
    0.125510878709));
#7938 = LINE('',#7939,#7940);
#7939 = CARTESIAN_POINT('',(0.129208252179,-1.009872999746,
    0.125510878709));
#7940 = VECTOR('',#7941,1.);
#7941 = DIRECTION('',(-1.084202172486E-16,1.,0.));
#7942 = ORIENTED_EDGE('',*,*,#7943,.F.);
#7943 = EDGE_CURVE('',#7905,#7936,#7944,.T.);
#7944 = LINE('',#7945,#7946);
#7945 = CARTESIAN_POINT('',(0.129208252179,-1.009872999746,
    0.125510878709));
#7946 = VECTOR('',#7947,1.);
#7947 = DIRECTION('',(-1.,-0.,-0.));
#7948 = ORIENTED_EDGE('',*,*,#7904,.T.);
#7949 = PLANE('',#7950);
#7950 = AXIS2_PLACEMENT_3D('',#7951,#7952,#7953);
#7951 = CARTESIAN_POINT('',(0.129208252179,-1.009872999746,
    0.125510878709));
#7952 = DIRECTION('',(0.,0.,-1.));
#7953 = DIRECTION('',(-1.,0.,0.));
#7954 = ADVANCED_FACE('',(#7955),#7973,.F.);
#7955 = FACE_BOUND('',#7956,.T.);
#7956 = EDGE_LOOP('',(#7957,#7958,#7966,#7972));
#7957 = ORIENTED_EDGE('',*,*,#1259,.T.);
#7958 = ORIENTED_EDGE('',*,*,#7959,.F.);
#7959 = EDGE_CURVE('',#7960,#1252,#7962,.T.);
#7960 = VERTEX_POINT('',#7961);
#7961 = CARTESIAN_POINT('',(0.129208252179,-1.009872999746,
    0.139194092888));
#7962 = LINE('',#7963,#7964);
#7963 = CARTESIAN_POINT('',(0.129208252179,-1.009872999746,
    0.139194092888));
#7964 = VECTOR('',#7965,1.);
#7965 = DIRECTION('',(-1.084202172486E-16,1.,0.));
#7966 = ORIENTED_EDGE('',*,*,#7967,.F.);
#7967 = EDGE_CURVE('',#7936,#7960,#7968,.T.);
#7968 = LINE('',#7969,#7970);
#7969 = CARTESIAN_POINT('',(0.129208252179,-1.009872999746,
    0.139194092888));
#7970 = VECTOR('',#7971,1.);
#7971 = DIRECTION('',(0.,0.,1.));
#7972 = ORIENTED_EDGE('',*,*,#7935,.T.);
#7973 = PLANE('',#7974);
#7974 = AXIS2_PLACEMENT_3D('',#7975,#7976,#7977);
#7975 = CARTESIAN_POINT('',(0.129208252179,-1.009872999746,
    0.139194092888));
#7976 = DIRECTION('',(-1.,-1.084202172486E-16,0.));
#7977 = DIRECTION('',(1.084202172486E-16,-1.,0.));
#7978 = ADVANCED_FACE('',(#7979),#7997,.F.);
#7979 = FACE_BOUND('',#7980,.T.);
#7980 = EDGE_LOOP('',(#7981,#7982,#7990,#7996));
#7981 = ORIENTED_EDGE('',*,*,#1251,.T.);
#7982 = ORIENTED_EDGE('',*,*,#7983,.F.);
#7983 = EDGE_CURVE('',#7984,#1244,#7986,.T.);
#7984 = VERTEX_POINT('',#7985);
#7985 = CARTESIAN_POINT('',(0.143754465428,-1.009872999746,
    0.139194092888));
#7986 = LINE('',#7987,#7988);
#7987 = CARTESIAN_POINT('',(0.143754465428,-1.009872999746,
    0.139194092888));
#7988 = VECTOR('',#7989,1.);
#7989 = DIRECTION('',(-1.084202172486E-16,1.,0.));
#7990 = ORIENTED_EDGE('',*,*,#7991,.F.);
#7991 = EDGE_CURVE('',#7960,#7984,#7992,.T.);
#7992 = LINE('',#7993,#7994);
#7993 = CARTESIAN_POINT('',(0.143754465428,-1.009872999746,
    0.139194092888));
#7994 = VECTOR('',#7995,1.);
#7995 = DIRECTION('',(1.,0.,0.));
#7996 = ORIENTED_EDGE('',*,*,#7959,.T.);
#7997 = PLANE('',#7998);
#7998 = AXIS2_PLACEMENT_3D('',#7999,#8000,#8001);
#7999 = CARTESIAN_POINT('',(0.143754465428,-1.009872999746,
    0.139194092888));
#8000 = DIRECTION('',(0.,0.,1.));
#8001 = DIRECTION('',(1.,0.,-0.));
#8002 = ADVANCED_FACE('',(#8003),#8021,.F.);
#8003 = FACE_BOUND('',#8004,.T.);
#8004 = EDGE_LOOP('',(#8005,#8006,#8014,#8020));
#8005 = ORIENTED_EDGE('',*,*,#1243,.T.);
#8006 = ORIENTED_EDGE('',*,*,#8007,.F.);
#8007 = EDGE_CURVE('',#8008,#1236,#8010,.T.);
#8008 = VERTEX_POINT('',#8009);
#8009 = CARTESIAN_POINT('',(0.143754465428,-1.009872999746,
    0.143852208353));
#8010 = LINE('',#8011,#8012);
#8011 = CARTESIAN_POINT('',(0.143754465428,-1.009872999746,
    0.143852208353));
#8012 = VECTOR('',#8013,1.);
#8013 = DIRECTION('',(-1.084202172486E-16,1.,0.));
#8014 = ORIENTED_EDGE('',*,*,#8015,.F.);
#8015 = EDGE_CURVE('',#7984,#8008,#8016,.T.);
#8016 = LINE('',#8017,#8018);
#8017 = CARTESIAN_POINT('',(0.143754465428,-1.009872999746,
    0.143852208353));
#8018 = VECTOR('',#8019,1.);
#8019 = DIRECTION('',(0.,0.,1.));
#8020 = ORIENTED_EDGE('',*,*,#7983,.T.);
#8021 = PLANE('',#8022);
#8022 = AXIS2_PLACEMENT_3D('',#8023,#8024,#8025);
#8023 = CARTESIAN_POINT('',(0.143754465428,-1.009872999746,
    0.143852208353));
#8024 = DIRECTION('',(-1.,-1.084202172486E-16,0.));
#8025 = DIRECTION('',(1.084202172486E-16,-1.,0.));
#8026 = ADVANCED_FACE('',(#8027),#8045,.F.);
#8027 = FACE_BOUND('',#8028,.T.);
#8028 = EDGE_LOOP('',(#8029,#8030,#8038,#8044));
#8029 = ORIENTED_EDGE('',*,*,#1235,.T.);
#8030 = ORIENTED_EDGE('',*,*,#8031,.F.);
#8031 = EDGE_CURVE('',#8032,#1228,#8034,.T.);
#8032 = VERTEX_POINT('',#8033);
#8033 = CARTESIAN_POINT('',(0.129208252179,-1.009872999746,
    0.143852208353));
#8034 = LINE('',#8035,#8036);
#8035 = CARTESIAN_POINT('',(0.129208252179,-1.009872999746,
    0.143852208353));
#8036 = VECTOR('',#8037,1.);
#8037 = DIRECTION('',(-1.084202172486E-16,1.,0.));
#8038 = ORIENTED_EDGE('',*,*,#8039,.F.);
#8039 = EDGE_CURVE('',#8008,#8032,#8040,.T.);
#8040 = LINE('',#8041,#8042);
#8041 = CARTESIAN_POINT('',(0.129208252179,-1.009872999746,
    0.143852208353));
#8042 = VECTOR('',#8043,1.);
#8043 = DIRECTION('',(-1.,-0.,-0.));
#8044 = ORIENTED_EDGE('',*,*,#8007,.T.);
#8045 = PLANE('',#8046);
#8046 = AXIS2_PLACEMENT_3D('',#8047,#8048,#8049);
#8047 = CARTESIAN_POINT('',(0.129208252179,-1.009872999746,
    0.143852208353));
#8048 = DIRECTION('',(0.,0.,-1.));
#8049 = DIRECTION('',(-1.,0.,0.));
#8050 = ADVANCED_FACE('',(#8051),#8069,.F.);
#8051 = FACE_BOUND('',#8052,.T.);
#8052 = EDGE_LOOP('',(#8053,#8054,#8062,#8068));
#8053 = ORIENTED_EDGE('',*,*,#1227,.T.);
#8054 = ORIENTED_EDGE('',*,*,#8055,.F.);
#8055 = EDGE_CURVE('',#8056,#1220,#8058,.T.);
#8056 = VERTEX_POINT('',#8057);
#8057 = CARTESIAN_POINT('',(0.129208252179,-1.009872999746,
    0.156869977465));
#8058 = LINE('',#8059,#8060);
#8059 = CARTESIAN_POINT('',(0.129208252179,-1.009872999746,
    0.156869977465));
#8060 = VECTOR('',#8061,1.);
#8061 = DIRECTION('',(-1.084202172486E-16,1.,0.));
#8062 = ORIENTED_EDGE('',*,*,#8063,.F.);
#8063 = EDGE_CURVE('',#8032,#8056,#8064,.T.);
#8064 = LINE('',#8065,#8066);
#8065 = CARTESIAN_POINT('',(0.129208252179,-1.009872999746,
    0.156869977465));
#8066 = VECTOR('',#8067,1.);
#8067 = DIRECTION('',(0.,0.,1.));
#8068 = ORIENTED_EDGE('',*,*,#8031,.T.);
#8069 = PLANE('',#8070);
#8070 = AXIS2_PLACEMENT_3D('',#8071,#8072,#8073);
#8071 = CARTESIAN_POINT('',(0.129208252179,-1.009872999746,
    0.156869977465));
#8072 = DIRECTION('',(-1.,-1.084202172486E-16,0.));
#8073 = DIRECTION('',(1.084202172486E-16,-1.,0.));
#8074 = ADVANCED_FACE('',(#8075),#8093,.F.);
#8075 = FACE_BOUND('',#8076,.T.);
#8076 = EDGE_LOOP('',(#8077,#8078,#8086,#8092));
#8077 = ORIENTED_EDGE('',*,*,#1219,.T.);
#8078 = ORIENTED_EDGE('',*,*,#8079,.F.);
#8079 = EDGE_CURVE('',#8080,#1212,#8082,.T.);
#8080 = VERTEX_POINT('',#8081);
#8081 = CARTESIAN_POINT('',(0.144908596715,-1.009872999746,
    0.156869977465));
#8082 = LINE('',#8083,#8084);
#8083 = CARTESIAN_POINT('',(0.144908596715,-1.009872999746,
    0.156869977465));
#8084 = VECTOR('',#8085,1.);
#8085 = DIRECTION('',(-1.084202172486E-16,1.,0.));
#8086 = ORIENTED_EDGE('',*,*,#8087,.F.);
#8087 = EDGE_CURVE('',#8056,#8080,#8088,.T.);
#8088 = LINE('',#8089,#8090);
#8089 = CARTESIAN_POINT('',(0.144908596715,-1.009872999746,
    0.156869977465));
#8090 = VECTOR('',#8091,1.);
#8091 = DIRECTION('',(1.,0.,0.));
#8092 = ORIENTED_EDGE('',*,*,#8055,.T.);
#8093 = PLANE('',#8094);
#8094 = AXIS2_PLACEMENT_3D('',#8095,#8096,#8097);
#8095 = CARTESIAN_POINT('',(0.144908596715,-1.009872999746,
    0.156869977465));
#8096 = DIRECTION('',(0.,0.,1.));
#8097 = DIRECTION('',(1.,0.,-0.));
#8098 = ADVANCED_FACE('',(#8099),#8117,.F.);
#8099 = FACE_BOUND('',#8100,.T.);
#8100 = EDGE_LOOP('',(#8101,#8102,#8110,#8116));
#8101 = ORIENTED_EDGE('',*,*,#1211,.T.);
#8102 = ORIENTED_EDGE('',*,*,#8103,.F.);
#8103 = EDGE_CURVE('',#8104,#1204,#8106,.T.);
#8104 = VERTEX_POINT('',#8105);
#8105 = CARTESIAN_POINT('',(0.144908596715,-1.009872999746,
    0.161548888088));
#8106 = LINE('',#8107,#8108);
#8107 = CARTESIAN_POINT('',(0.144908596715,-1.009872999746,
    0.161548888088));
#8108 = VECTOR('',#8109,1.);
#8109 = DIRECTION('',(-1.084202172486E-16,1.,0.));
#8110 = ORIENTED_EDGE('',*,*,#8111,.F.);
#8111 = EDGE_CURVE('',#8080,#8104,#8112,.T.);
#8112 = LINE('',#8113,#8114);
#8113 = CARTESIAN_POINT('',(0.144908596715,-1.009872999746,
    0.161548888088));
#8114 = VECTOR('',#8115,1.);
#8115 = DIRECTION('',(0.,0.,1.));
#8116 = ORIENTED_EDGE('',*,*,#8079,.T.);
#8117 = PLANE('',#8118);
#8118 = AXIS2_PLACEMENT_3D('',#8119,#8120,#8121);
#8119 = CARTESIAN_POINT('',(0.144908596715,-1.009872999746,
    0.161548888088));
#8120 = DIRECTION('',(-1.,-1.084202172486E-16,0.));
#8121 = DIRECTION('',(1.084202172486E-16,-1.,0.));
#8122 = ADVANCED_FACE('',(#8123),#8141,.F.);
#8123 = FACE_BOUND('',#8124,.T.);
#8124 = EDGE_LOOP('',(#8125,#8126,#8134,#8140));
#8125 = ORIENTED_EDGE('',*,*,#1203,.T.);
#8126 = ORIENTED_EDGE('',*,*,#8127,.F.);
#8127 = EDGE_CURVE('',#8128,#1196,#8130,.T.);
#8128 = VERTEX_POINT('',#8129);
#8129 = CARTESIAN_POINT('',(0.123957474701,-1.009872999746,
    0.161548888088));
#8130 = LINE('',#8131,#8132);
#8131 = CARTESIAN_POINT('',(0.123957474701,-1.009872999746,
    0.161548888088));
#8132 = VECTOR('',#8133,1.);
#8133 = DIRECTION('',(-1.084202172486E-16,1.,0.));
#8134 = ORIENTED_EDGE('',*,*,#8135,.F.);
#8135 = EDGE_CURVE('',#8104,#8128,#8136,.T.);
#8136 = LINE('',#8137,#8138);
#8137 = CARTESIAN_POINT('',(0.123957474701,-1.009872999746,
    0.161548888088));
#8138 = VECTOR('',#8139,1.);
#8139 = DIRECTION('',(-1.,-0.,-0.));
#8140 = ORIENTED_EDGE('',*,*,#8103,.T.);
#8141 = PLANE('',#8142);
#8142 = AXIS2_PLACEMENT_3D('',#8143,#8144,#8145);
#8143 = CARTESIAN_POINT('',(0.123957474701,-1.009872999746,
    0.161548888088));
#8144 = DIRECTION('',(0.,0.,-1.));
#8145 = DIRECTION('',(-1.,0.,0.));
#8146 = ADVANCED_FACE('',(#8147),#8165,.F.);
#8147 = FACE_BOUND('',#8148,.T.);
#8148 = EDGE_LOOP('',(#8149,#8150,#8158,#8164));
#8149 = ORIENTED_EDGE('',*,*,#1195,.T.);
#8150 = ORIENTED_EDGE('',*,*,#8151,.F.);
#8151 = EDGE_CURVE('',#8152,#1188,#8154,.T.);
#8152 = VERTEX_POINT('',#8153);
#8153 = CARTESIAN_POINT('',(0.123957474701,-1.009872999746,
    0.120873558402));
#8154 = LINE('',#8155,#8156);
#8155 = CARTESIAN_POINT('',(0.123957474701,-1.009872999746,
    0.120873558402));
#8156 = VECTOR('',#8157,1.);
#8157 = DIRECTION('',(-1.084202172486E-16,1.,0.));
#8158 = ORIENTED_EDGE('',*,*,#8159,.F.);
#8159 = EDGE_CURVE('',#8128,#8152,#8160,.T.);
#8160 = LINE('',#8161,#8162);
#8161 = CARTESIAN_POINT('',(0.123957474701,-1.009872999746,
    0.120873558402));
#8162 = VECTOR('',#8163,1.);
#8163 = DIRECTION('',(-0.,-0.,-1.));
#8164 = ORIENTED_EDGE('',*,*,#8127,.T.);
#8165 = PLANE('',#8166);
#8166 = AXIS2_PLACEMENT_3D('',#8167,#8168,#8169);
#8167 = CARTESIAN_POINT('',(0.123957474701,-1.009872999746,
    0.120873558402));
#8168 = DIRECTION('',(1.,1.084202172486E-16,0.));
#8169 = DIRECTION('',(-1.084202172486E-16,1.,0.));
#8170 = ADVANCED_FACE('',(#8171),#8182,.F.);
#8171 = FACE_BOUND('',#8172,.T.);
#8172 = EDGE_LOOP('',(#8173,#8174,#8175,#8181));
#8173 = ORIENTED_EDGE('',*,*,#1187,.T.);
#8174 = ORIENTED_EDGE('',*,*,#7920,.F.);
#8175 = ORIENTED_EDGE('',*,*,#8176,.F.);
#8176 = EDGE_CURVE('',#8152,#7913,#8177,.T.);
#8177 = LINE('',#8178,#8179);
#8178 = CARTESIAN_POINT('',(0.14583398126,-1.009872999746,0.120873558402
    ));
#8179 = VECTOR('',#8180,1.);
#8180 = DIRECTION('',(1.,0.,0.));
#8181 = ORIENTED_EDGE('',*,*,#8151,.T.);
#8182 = PLANE('',#8183);
#8183 = AXIS2_PLACEMENT_3D('',#8184,#8185,#8186);
#8184 = CARTESIAN_POINT('',(0.14583398126,-1.009872999746,0.120873558402
    ));
#8185 = DIRECTION('',(0.,0.,1.));
#8186 = DIRECTION('',(1.,0.,-0.));
#8187 = ADVANCED_FACE('',(#8188),#8202,.F.);
#8188 = FACE_BOUND('',#8189,.T.);
#8189 = EDGE_LOOP('',(#8190,#8191,#8192,#8193,#8194,#8195,#8196,#8197,
    #8198,#8199,#8200,#8201));
#8190 = ORIENTED_EDGE('',*,*,#7912,.T.);
#8191 = ORIENTED_EDGE('',*,*,#7943,.T.);
#8192 = ORIENTED_EDGE('',*,*,#7967,.T.);
#8193 = ORIENTED_EDGE('',*,*,#7991,.T.);
#8194 = ORIENTED_EDGE('',*,*,#8015,.T.);
#8195 = ORIENTED_EDGE('',*,*,#8039,.T.);
#8196 = ORIENTED_EDGE('',*,*,#8063,.T.);
#8197 = ORIENTED_EDGE('',*,*,#8087,.T.);
#8198 = ORIENTED_EDGE('',*,*,#8111,.T.);
#8199 = ORIENTED_EDGE('',*,*,#8135,.T.);
#8200 = ORIENTED_EDGE('',*,*,#8159,.T.);
#8201 = ORIENTED_EDGE('',*,*,#8176,.T.);
#8202 = PLANE('',#8203);
#8203 = AXIS2_PLACEMENT_3D('',#8204,#8205,#8206);
#8204 = CARTESIAN_POINT('',(2.54000508001E-05,-1.009872999746,
    1.999999955297E-02));
#8205 = DIRECTION('',(0.,1.,0.));
#8206 = DIRECTION('',(0.,-0.,1.));
#8207 = ADVANCED_FACE('',(#8208,#8270),#8332,.T.);
#8208 = FACE_BOUND('',#8209,.T.);
#8209 = EDGE_LOOP('',(#8210,#8220,#8229,#8238,#8247,#8256,#8264));
#8210 = ORIENTED_EDGE('',*,*,#8211,.T.);
#8211 = EDGE_CURVE('',#8212,#8214,#8216,.T.);
#8212 = VERTEX_POINT('',#8213);
#8213 = CARTESIAN_POINT('',(0.153517792262,-1.009872999746,
    0.120873558402));
#8214 = VERTEX_POINT('',#8215);
#8215 = CARTESIAN_POINT('',(0.164705587442,-1.009872999746,
    0.120873558402));
#8216 = LINE('',#8217,#8218);
#8217 = CARTESIAN_POINT('',(0.164705587442,-1.009872999746,
    0.120873558402));
#8218 = VECTOR('',#8219,1.);
#8219 = DIRECTION('',(1.,0.,0.));
#8220 = ORIENTED_EDGE('',*,*,#8221,.T.);
#8221 = EDGE_CURVE('',#8214,#8222,#8224,.T.);
#8222 = VERTEX_POINT('',#8223);
#8223 = CARTESIAN_POINT('',(0.18049951019,-1.009872999746,0.126571431784
    ));
#8224 = B_SPLINE_CURVE_WITH_KNOTS('',3,(#8225,#8226,#8227,#8228),
  .UNSPECIFIED.,.F.,.F.,(4,4),(5.,6.),.PIECEWISE_BEZIER_KNOTS.);
#8225 = CARTESIAN_POINT('',(0.164705587442,-1.009872999746,
    0.120873558402));
#8226 = CARTESIAN_POINT('',(0.171141688944,-1.009872999746,
    0.120873558402));
#8227 = CARTESIAN_POINT('',(0.176413261579,-1.009872999746,0.12276591781
    ));
#8228 = CARTESIAN_POINT('',(0.18049951019,-1.009872999746,0.126571431784
    ));
#8229 = ORIENTED_EDGE('',*,*,#8230,.T.);
#8230 = EDGE_CURVE('',#8222,#8231,#8233,.T.);
#8231 = VERTEX_POINT('',#8232);
#8232 = CARTESIAN_POINT('',(0.186634081897,-1.009872999746,
    0.141731102203));
#8233 = B_SPLINE_CURVE_WITH_KNOTS('',3,(#8234,#8235,#8236,#8237),
  .UNSPECIFIED.,.F.,.F.,(4,4),(4.,5.),.PIECEWISE_BEZIER_KNOTS.);
#8234 = CARTESIAN_POINT('',(0.18049951019,-1.009872999746,0.126571431784
    ));
#8235 = CARTESIAN_POINT('',(0.184585758802,-1.009872999746,
    0.130376945757));
#8236 = CARTESIAN_POINT('',(0.186634081897,-1.009872999746,0.13543016923
    ));
#8237 = CARTESIAN_POINT('',(0.186634081897,-1.009872999746,
    0.141731102203));
#8238 = ORIENTED_EDGE('',*,*,#8239,.T.);
#8239 = EDGE_CURVE('',#8231,#8240,#8242,.T.);
#8240 = VERTEX_POINT('',#8241);
#8241 = CARTESIAN_POINT('',(0.18049951019,-1.009872999746,0.156162942082
    ));
#8242 = B_SPLINE_CURVE_WITH_KNOTS('',3,(#8243,#8244,#8245,#8246),
  .UNSPECIFIED.,.F.,.F.,(4,4),(3.,4.),.PIECEWISE_BEZIER_KNOTS.);
#8243 = CARTESIAN_POINT('',(0.186634081897,-1.009872999746,
    0.141731102203));
#8244 = CARTESIAN_POINT('',(0.186634081897,-1.009872999746,
    0.147761698118));
#8245 = CARTESIAN_POINT('',(0.184585758802,-1.009872999746,
    0.152565379691));
#8246 = CARTESIAN_POINT('',(0.18049951019,-1.009872999746,0.156162942082
    ));
#8247 = ORIENTED_EDGE('',*,*,#8248,.T.);
#8248 = EDGE_CURVE('',#8240,#8249,#8251,.T.);
#8249 = VERTEX_POINT('',#8250);
#8250 = CARTESIAN_POINT('',(0.165121490608,-1.009872999746,
    0.161548888088));
#8251 = B_SPLINE_CURVE_WITH_KNOTS('',3,(#8252,#8253,#8254,#8255),
  .UNSPECIFIED.,.F.,.F.,(4,4),(2.,3.),.PIECEWISE_BEZIER_KNOTS.);
#8252 = CARTESIAN_POINT('',(0.18049951019,-1.009872999746,0.156162942082
    ));
#8253 = CARTESIAN_POINT('',(0.176413261579,-1.009872999746,
    0.159760504472));
#8254 = CARTESIAN_POINT('',(0.171287255052,-1.009872999746,
    0.161548888088));
#8255 = CARTESIAN_POINT('',(0.165121490608,-1.009872999746,
    0.161548888088));
#8256 = ORIENTED_EDGE('',*,*,#8257,.T.);
#8257 = EDGE_CURVE('',#8249,#8258,#8260,.T.);
#8258 = VERTEX_POINT('',#8259);
#8259 = CARTESIAN_POINT('',(0.153517792262,-1.009872999746,
    0.161548888088));
#8260 = LINE('',#8261,#8262);
#8261 = CARTESIAN_POINT('',(0.153517792262,-1.009872999746,
    0.161548888088));
#8262 = VECTOR('',#8263,1.);
#8263 = DIRECTION('',(-1.,-0.,-0.));
#8264 = ORIENTED_EDGE('',*,*,#8265,.T.);
#8265 = EDGE_CURVE('',#8258,#8212,#8266,.T.);
#8266 = LINE('',#8267,#8268);
#8267 = CARTESIAN_POINT('',(0.153517792262,-1.009872999746,
    0.120873558402));
#8268 = VECTOR('',#8269,1.);
#8269 = DIRECTION('',(-0.,-0.,-1.));
#8270 = FACE_BOUND('',#8271,.T.);
#8271 = EDGE_LOOP('',(#8272,#8282,#8290,#8299,#8308,#8317,#8326));
#8272 = ORIENTED_EDGE('',*,*,#8273,.F.);
#8273 = EDGE_CURVE('',#8274,#8276,#8278,.T.);
#8274 = VERTEX_POINT('',#8275);
#8275 = CARTESIAN_POINT('',(0.158768569739,-1.009872999746,
    0.156869977465));
#8276 = VERTEX_POINT('',#8277);
#8277 = CARTESIAN_POINT('',(0.158768569739,-1.009872999746,
    0.125510878709));
#8278 = LINE('',#8279,#8280);
#8279 = CARTESIAN_POINT('',(0.158768569739,-1.009872999746,
    0.156869977465));
#8280 = VECTOR('',#8281,1.);
#8281 = DIRECTION('',(0.,0.,-1.));
#8282 = ORIENTED_EDGE('',*,*,#8283,.F.);
#8283 = EDGE_CURVE('',#8284,#8274,#8286,.T.);
#8284 = VERTEX_POINT('',#8285);
#8285 = CARTESIAN_POINT('',(0.164913539025,-1.009872999746,
    0.156869977465));
#8286 = LINE('',#8287,#8288);
#8287 = CARTESIAN_POINT('',(0.164913539025,-1.009872999746,
    0.156869977465));
#8288 = VECTOR('',#8289,1.);
#8289 = DIRECTION('',(-1.,0.,0.));
#8290 = ORIENTED_EDGE('',*,*,#8291,.F.);
#8291 = EDGE_CURVE('',#8292,#8284,#8294,.T.);
#8292 = VERTEX_POINT('',#8293);
#8293 = CARTESIAN_POINT('',(0.1766524059,-1.009872999746,0.153043668333)
  );
#8294 = B_SPLINE_CURVE_WITH_KNOTS('',3,(#8295,#8296,#8297,#8298),
  .UNSPECIFIED.,.F.,.F.,(4,4),(5.,6.),.PIECEWISE_BEZIER_KNOTS.);
#8295 = CARTESIAN_POINT('',(0.1766524059,-1.009872999746,0.153043668333)
  );
#8296 = CARTESIAN_POINT('',(0.173678698259,-1.009872999746,
    0.155601472807));
#8297 = CARTESIAN_POINT('',(0.169758810915,-1.009872999746,
    0.156869977465));
#8298 = CARTESIAN_POINT('',(0.164913539025,-1.009872999746,
    0.156869977465));
#8299 = ORIENTED_EDGE('',*,*,#8300,.F.);
#8300 = EDGE_CURVE('',#8301,#8292,#8303,.T.);
#8301 = VERTEX_POINT('',#8302);
#8302 = CARTESIAN_POINT('',(0.181112967361,-1.009872999746,
    0.141585536095));
#8303 = B_SPLINE_CURVE_WITH_KNOTS('',3,(#8304,#8305,#8306,#8307),
  .UNSPECIFIED.,.F.,.F.,(4,4),(4.,5.),.PIECEWISE_BEZIER_KNOTS.);
#8304 = CARTESIAN_POINT('',(0.181112967361,-1.009872999746,
    0.141585536095));
#8305 = CARTESIAN_POINT('',(0.181112967361,-1.009872999746,
    0.146659554727));
#8306 = CARTESIAN_POINT('',(0.179626113541,-1.009872999746,
    0.150485863859));
#8307 = CARTESIAN_POINT('',(0.1766524059,-1.009872999746,0.153043668333)
  );
#8308 = ORIENTED_EDGE('',*,*,#8309,.F.);
#8309 = EDGE_CURVE('',#8310,#8301,#8312,.T.);
#8310 = VERTEX_POINT('',#8311);
#8311 = CARTESIAN_POINT('',(0.176766779271,-1.009872999746,
    0.129753091007));
#8312 = B_SPLINE_CURVE_WITH_KNOTS('',3,(#8313,#8314,#8315,#8316),
  .UNSPECIFIED.,.F.,.F.,(4,4),(3.,4.),.PIECEWISE_BEZIER_KNOTS.);
#8313 = CARTESIAN_POINT('',(0.176766779271,-1.009872999746,
    0.129753091007));
#8314 = CARTESIAN_POINT('',(0.179667703857,-1.009872999746,
    0.132560437382));
#8315 = CARTESIAN_POINT('',(0.181112967361,-1.009872999746,
    0.136511517464));
#8316 = CARTESIAN_POINT('',(0.181112967361,-1.009872999746,
    0.141585536095));
#8317 = ORIENTED_EDGE('',*,*,#8318,.F.);
#8318 = EDGE_CURVE('',#8319,#8310,#8321,.T.);
#8319 = VERTEX_POINT('',#8320);
#8320 = CARTESIAN_POINT('',(0.164674394704,-1.009872999746,
    0.125510878709));
#8321 = B_SPLINE_CURVE_WITH_KNOTS('',3,(#8322,#8323,#8324,#8325),
  .UNSPECIFIED.,.F.,.F.,(4,4),(2.,3.),.PIECEWISE_BEZIER_KNOTS.);
#8322 = CARTESIAN_POINT('',(0.164674394704,-1.009872999746,
    0.125510878709));
#8323 = CARTESIAN_POINT('',(0.169841991548,-1.009872999746,
    0.125510878709));
#8324 = CARTESIAN_POINT('',(0.173876252263,-1.009872999746,
    0.126924949475));
#8325 = CARTESIAN_POINT('',(0.176766779271,-1.009872999746,
    0.129753091007));
#8326 = ORIENTED_EDGE('',*,*,#8327,.F.);
#8327 = EDGE_CURVE('',#8276,#8319,#8328,.T.);
#8328 = LINE('',#8329,#8330);
#8329 = CARTESIAN_POINT('',(0.158768569739,-1.009872999746,
    0.125510878709));
#8330 = VECTOR('',#8331,1.);
#8331 = DIRECTION('',(1.,0.,0.));
#8332 = PLANE('',#8333);
#8333 = AXIS2_PLACEMENT_3D('',#8334,#8335,#8336);
#8334 = CARTESIAN_POINT('',(0.173590318836,-1.009872999746,
    0.160205000982));
#8335 = DIRECTION('',(0.,-1.,0.));
#8336 = DIRECTION('',(0.,0.,-1.));
#8337 = ADVANCED_FACE('',(#8338),#8354,.F.);
#8338 = FACE_BOUND('',#8339,.T.);
#8339 = EDGE_LOOP('',(#8340,#8341,#8347,#8348));
#8340 = ORIENTED_EDGE('',*,*,#1275,.T.);
#8341 = ORIENTED_EDGE('',*,*,#8342,.F.);
#8342 = EDGE_CURVE('',#8214,#1278,#8343,.T.);
#8343 = LINE('',#8344,#8345);
#8344 = CARTESIAN_POINT('',(0.164705587442,-1.009872999746,
    0.120873558402));
#8345 = VECTOR('',#8346,1.);
#8346 = DIRECTION('',(-1.084202172486E-16,1.,0.));
#8347 = ORIENTED_EDGE('',*,*,#8211,.F.);
#8348 = ORIENTED_EDGE('',*,*,#8349,.T.);
#8349 = EDGE_CURVE('',#8212,#1276,#8350,.T.);
#8350 = LINE('',#8351,#8352);
#8351 = CARTESIAN_POINT('',(0.153517792262,-1.009872999746,
    0.120873558402));
#8352 = VECTOR('',#8353,1.);
#8353 = DIRECTION('',(-1.084202172486E-16,1.,0.));
#8354 = PLANE('',#8355);
#8355 = AXIS2_PLACEMENT_3D('',#8356,#8357,#8358);
#8356 = CARTESIAN_POINT('',(0.164705587442,-1.009872999746,
    0.120873558402));
#8357 = DIRECTION('',(0.,0.,1.));
#8358 = DIRECTION('',(1.,0.,-0.));
#8359 = ADVANCED_FACE('',(#8360),#8371,.F.);
#8360 = FACE_BOUND('',#8361,.F.);
#8361 = EDGE_LOOP('',(#8362,#8363,#8364,#8370));
#8362 = ORIENTED_EDGE('',*,*,#8342,.F.);
#8363 = ORIENTED_EDGE('',*,*,#8221,.T.);
#8364 = ORIENTED_EDGE('',*,*,#8365,.T.);
#8365 = EDGE_CURVE('',#8222,#1320,#8366,.T.);
#8366 = LINE('',#8367,#8368);
#8367 = CARTESIAN_POINT('',(0.18049951019,-1.009872999746,0.126571431784
    ));
#8368 = VECTOR('',#8369,1.);
#8369 = DIRECTION('',(-1.084202172486E-16,1.,0.));
#8370 = ORIENTED_EDGE('',*,*,#1328,.F.);
#8371 = B_SPLINE_SURFACE_WITH_KNOTS('',3,1,(
    (#8372,#8373)
    ,(#8374,#8375)
    ,(#8376,#8377)
    ,(#8378,#8379
    )),.UNSPECIFIED.,.F.,.F.,.F.,(4,4),(2,2),(5.,6.),(0.,1.),
  .PIECEWISE_BEZIER_KNOTS.);
#8372 = CARTESIAN_POINT('',(0.164705587442,-1.009872999746,
    0.120873558402));
#8373 = CARTESIAN_POINT('',(0.164705587442,-0.999872999746,
    0.120873558402));
#8374 = CARTESIAN_POINT('',(0.171141688944,-1.009872999746,
    0.120873558402));
#8375 = CARTESIAN_POINT('',(0.171141688944,-0.999872999746,
    0.120873558402));
#8376 = CARTESIAN_POINT('',(0.176413261579,-1.009872999746,0.12276591781
    ));
#8377 = CARTESIAN_POINT('',(0.176413261579,-0.999872999746,0.12276591781
    ));
#8378 = CARTESIAN_POINT('',(0.18049951019,-1.009872999746,0.126571431784
    ));
#8379 = CARTESIAN_POINT('',(0.18049951019,-0.999872999746,0.126571431784
    ));
#8380 = ADVANCED_FACE('',(#8381),#8392,.F.);
#8381 = FACE_BOUND('',#8382,.F.);
#8382 = EDGE_LOOP('',(#8383,#8384,#8385,#8391));
#8383 = ORIENTED_EDGE('',*,*,#8365,.F.);
#8384 = ORIENTED_EDGE('',*,*,#8230,.T.);
#8385 = ORIENTED_EDGE('',*,*,#8386,.T.);
#8386 = EDGE_CURVE('',#8231,#1311,#8387,.T.);
#8387 = LINE('',#8388,#8389);
#8388 = CARTESIAN_POINT('',(0.186634081897,-1.009872999746,
    0.141731102203));
#8389 = VECTOR('',#8390,1.);
#8390 = DIRECTION('',(-1.084202172486E-16,1.,0.));
#8391 = ORIENTED_EDGE('',*,*,#1319,.F.);
#8392 = B_SPLINE_SURFACE_WITH_KNOTS('',3,1,(
    (#8393,#8394)
    ,(#8395,#8396)
    ,(#8397,#8398)
    ,(#8399,#8400
    )),.UNSPECIFIED.,.F.,.F.,.F.,(4,4),(2,2),(4.,5.),(0.,1.),
  .PIECEWISE_BEZIER_KNOTS.);
#8393 = CARTESIAN_POINT('',(0.18049951019,-1.009872999746,0.126571431784
    ));
#8394 = CARTESIAN_POINT('',(0.18049951019,-0.999872999746,0.126571431784
    ));
#8395 = CARTESIAN_POINT('',(0.184585758802,-1.009872999746,
    0.130376945757));
#8396 = CARTESIAN_POINT('',(0.184585758802,-0.999872999746,
    0.130376945757));
#8397 = CARTESIAN_POINT('',(0.186634081897,-1.009872999746,0.13543016923
    ));
#8398 = CARTESIAN_POINT('',(0.186634081897,-0.999872999746,0.13543016923
    ));
#8399 = CARTESIAN_POINT('',(0.186634081897,-1.009872999746,
    0.141731102203));
#8400 = CARTESIAN_POINT('',(0.186634081897,-0.999872999746,
    0.141731102203));
#8401 = ADVANCED_FACE('',(#8402),#8413,.F.);
#8402 = FACE_BOUND('',#8403,.F.);
#8403 = EDGE_LOOP('',(#8404,#8405,#8406,#8412));
#8404 = ORIENTED_EDGE('',*,*,#8386,.F.);
#8405 = ORIENTED_EDGE('',*,*,#8239,.T.);
#8406 = ORIENTED_EDGE('',*,*,#8407,.T.);
#8407 = EDGE_CURVE('',#8240,#1302,#8408,.T.);
#8408 = LINE('',#8409,#8410);
#8409 = CARTESIAN_POINT('',(0.18049951019,-1.009872999746,0.156162942082
    ));
#8410 = VECTOR('',#8411,1.);
#8411 = DIRECTION('',(-1.084202172486E-16,1.,0.));
#8412 = ORIENTED_EDGE('',*,*,#1310,.F.);
#8413 = B_SPLINE_SURFACE_WITH_KNOTS('',3,1,(
    (#8414,#8415)
    ,(#8416,#8417)
    ,(#8418,#8419)
    ,(#8420,#8421
    )),.UNSPECIFIED.,.F.,.F.,.F.,(4,4),(2,2),(3.,4.),(0.,1.),
  .PIECEWISE_BEZIER_KNOTS.);
#8414 = CARTESIAN_POINT('',(0.186634081897,-1.009872999746,
    0.141731102203));
#8415 = CARTESIAN_POINT('',(0.186634081897,-0.999872999746,
    0.141731102203));
#8416 = CARTESIAN_POINT('',(0.186634081897,-1.009872999746,
    0.147761698118));
#8417 = CARTESIAN_POINT('',(0.186634081897,-0.999872999746,
    0.147761698118));
#8418 = CARTESIAN_POINT('',(0.184585758802,-1.009872999746,
    0.152565379691));
#8419 = CARTESIAN_POINT('',(0.184585758802,-0.999872999746,
    0.152565379691));
#8420 = CARTESIAN_POINT('',(0.18049951019,-1.009872999746,0.156162942082
    ));
#8421 = CARTESIAN_POINT('',(0.18049951019,-0.999872999746,0.156162942082
    ));
#8422 = ADVANCED_FACE('',(#8423),#8434,.F.);
#8423 = FACE_BOUND('',#8424,.F.);
#8424 = EDGE_LOOP('',(#8425,#8426,#8427,#8433));
#8425 = ORIENTED_EDGE('',*,*,#8407,.F.);
#8426 = ORIENTED_EDGE('',*,*,#8248,.T.);
#8427 = ORIENTED_EDGE('',*,*,#8428,.T.);
#8428 = EDGE_CURVE('',#8249,#1294,#8429,.T.);
#8429 = LINE('',#8430,#8431);
#8430 = CARTESIAN_POINT('',(0.165121490608,-1.009872999746,
    0.161548888088));
#8431 = VECTOR('',#8432,1.);
#8432 = DIRECTION('',(-1.084202172486E-16,1.,0.));
#8433 = ORIENTED_EDGE('',*,*,#1301,.F.);
#8434 = B_SPLINE_SURFACE_WITH_KNOTS('',3,1,(
    (#8435,#8436)
    ,(#8437,#8438)
    ,(#8439,#8440)
    ,(#8441,#8442
    )),.UNSPECIFIED.,.F.,.F.,.F.,(4,4),(2,2),(2.,3.),(0.,1.),
  .PIECEWISE_BEZIER_KNOTS.);
#8435 = CARTESIAN_POINT('',(0.18049951019,-1.009872999746,0.156162942082
    ));
#8436 = CARTESIAN_POINT('',(0.18049951019,-0.999872999746,0.156162942082
    ));
#8437 = CARTESIAN_POINT('',(0.176413261579,-1.009872999746,
    0.159760504472));
#8438 = CARTESIAN_POINT('',(0.176413261579,-0.999872999746,
    0.159760504472));
#8439 = CARTESIAN_POINT('',(0.171287255052,-1.009872999746,
    0.161548888088));
#8440 = CARTESIAN_POINT('',(0.171287255052,-0.999872999746,
    0.161548888088));
#8441 = CARTESIAN_POINT('',(0.165121490608,-1.009872999746,
    0.161548888088));
#8442 = CARTESIAN_POINT('',(0.165121490608,-0.999872999746,
    0.161548888088));
#8443 = ADVANCED_FACE('',(#8444),#8455,.F.);
#8444 = FACE_BOUND('',#8445,.T.);
#8445 = EDGE_LOOP('',(#8446,#8447,#8453,#8454));
#8446 = ORIENTED_EDGE('',*,*,#1293,.T.);
#8447 = ORIENTED_EDGE('',*,*,#8448,.F.);
#8448 = EDGE_CURVE('',#8258,#1286,#8449,.T.);
#8449 = LINE('',#8450,#8451);
#8450 = CARTESIAN_POINT('',(0.153517792262,-1.009872999746,
    0.161548888088));
#8451 = VECTOR('',#8452,1.);
#8452 = DIRECTION('',(-1.084202172486E-16,1.,0.));
#8453 = ORIENTED_EDGE('',*,*,#8257,.F.);
#8454 = ORIENTED_EDGE('',*,*,#8428,.T.);
#8455 = PLANE('',#8456);
#8456 = AXIS2_PLACEMENT_3D('',#8457,#8458,#8459);
#8457 = CARTESIAN_POINT('',(0.153517792262,-1.009872999746,
    0.161548888088));
#8458 = DIRECTION('',(0.,0.,-1.));
#8459 = DIRECTION('',(-1.,0.,0.));
#8460 = ADVANCED_FACE('',(#8461),#8467,.F.);
#8461 = FACE_BOUND('',#8462,.T.);
#8462 = EDGE_LOOP('',(#8463,#8464,#8465,#8466));
#8463 = ORIENTED_EDGE('',*,*,#1285,.T.);
#8464 = ORIENTED_EDGE('',*,*,#8349,.F.);
#8465 = ORIENTED_EDGE('',*,*,#8265,.F.);
#8466 = ORIENTED_EDGE('',*,*,#8448,.T.);
#8467 = PLANE('',#8468);
#8468 = AXIS2_PLACEMENT_3D('',#8469,#8470,#8471);
#8469 = CARTESIAN_POINT('',(0.153517792262,-1.009872999746,
    0.120873558402));
#8470 = DIRECTION('',(1.,1.084202172486E-16,0.));
#8471 = DIRECTION('',(-1.084202172486E-16,1.,0.));
#8472 = ADVANCED_FACE('',(#8473),#8498,.T.);
#8473 = FACE_BOUND('',#8474,.T.);
#8474 = EDGE_LOOP('',(#8475,#8485,#8491,#8492));
#8475 = ORIENTED_EDGE('',*,*,#8476,.F.);
#8476 = EDGE_CURVE('',#8477,#8479,#8481,.T.);
#8477 = VERTEX_POINT('',#8478);
#8478 = CARTESIAN_POINT('',(0.164913539025,-0.999872999746,
    0.156869977465));
#8479 = VERTEX_POINT('',#8480);
#8480 = CARTESIAN_POINT('',(0.158768569739,-0.999872999746,
    0.156869977465));
#8481 = LINE('',#8482,#8483);
#8482 = CARTESIAN_POINT('',(0.164913539025,-0.999872999746,
    0.156869977465));
#8483 = VECTOR('',#8484,1.);
#8484 = DIRECTION('',(-1.,0.,0.));
#8485 = ORIENTED_EDGE('',*,*,#8486,.F.);
#8486 = EDGE_CURVE('',#8284,#8477,#8487,.T.);
#8487 = LINE('',#8488,#8489);
#8488 = CARTESIAN_POINT('',(0.164913539025,-1.009872999746,
    0.156869977465));
#8489 = VECTOR('',#8490,1.);
#8490 = DIRECTION('',(-1.084202172486E-16,1.,0.));
#8491 = ORIENTED_EDGE('',*,*,#8283,.T.);
#8492 = ORIENTED_EDGE('',*,*,#8493,.T.);
#8493 = EDGE_CURVE('',#8274,#8479,#8494,.T.);
#8494 = LINE('',#8495,#8496);
#8495 = CARTESIAN_POINT('',(0.158768569739,-1.009872999746,
    0.156869977465));
#8496 = VECTOR('',#8497,1.);
#8497 = DIRECTION('',(-1.084202172486E-16,1.,0.));
#8498 = PLANE('',#8499);
#8499 = AXIS2_PLACEMENT_3D('',#8500,#8501,#8502);
#8500 = CARTESIAN_POINT('',(0.164913539025,-1.009872999746,
    0.156869977465));
#8501 = DIRECTION('',(0.,0.,-1.));
#8502 = DIRECTION('',(-1.,0.,0.));
#8503 = ADVANCED_FACE('',(#8504),#8522,.T.);
#8504 = FACE_BOUND('',#8505,.T.);
#8505 = EDGE_LOOP('',(#8506,#8514,#8515,#8516));
#8506 = ORIENTED_EDGE('',*,*,#8507,.F.);
#8507 = EDGE_CURVE('',#8479,#8508,#8510,.T.);
#8508 = VERTEX_POINT('',#8509);
#8509 = CARTESIAN_POINT('',(0.158768569739,-0.999872999746,
    0.125510878709));
#8510 = LINE('',#8511,#8512);
#8511 = CARTESIAN_POINT('',(0.158768569739,-0.999872999746,
    0.156869977465));
#8512 = VECTOR('',#8513,1.);
#8513 = DIRECTION('',(0.,0.,-1.));
#8514 = ORIENTED_EDGE('',*,*,#8493,.F.);
#8515 = ORIENTED_EDGE('',*,*,#8273,.T.);
#8516 = ORIENTED_EDGE('',*,*,#8517,.T.);
#8517 = EDGE_CURVE('',#8276,#8508,#8518,.T.);
#8518 = LINE('',#8519,#8520);
#8519 = CARTESIAN_POINT('',(0.158768569739,-1.009872999746,
    0.125510878709));
#8520 = VECTOR('',#8521,1.);
#8521 = DIRECTION('',(-1.084202172486E-16,1.,0.));
#8522 = PLANE('',#8523);
#8523 = AXIS2_PLACEMENT_3D('',#8524,#8525,#8526);
#8524 = CARTESIAN_POINT('',(0.158768569739,-1.009872999746,
    0.156869977465));
#8525 = DIRECTION('',(1.,1.084202172486E-16,0.));
#8526 = DIRECTION('',(-1.084202172486E-16,1.,0.));
#8527 = ADVANCED_FACE('',(#8528),#8546,.T.);
#8528 = FACE_BOUND('',#8529,.T.);
#8529 = EDGE_LOOP('',(#8530,#8538,#8539,#8540));
#8530 = ORIENTED_EDGE('',*,*,#8531,.F.);
#8531 = EDGE_CURVE('',#8508,#8532,#8534,.T.);
#8532 = VERTEX_POINT('',#8533);
#8533 = CARTESIAN_POINT('',(0.164674394704,-0.999872999746,
    0.125510878709));
#8534 = LINE('',#8535,#8536);
#8535 = CARTESIAN_POINT('',(0.158768569739,-0.999872999746,
    0.125510878709));
#8536 = VECTOR('',#8537,1.);
#8537 = DIRECTION('',(1.,0.,0.));
#8538 = ORIENTED_EDGE('',*,*,#8517,.F.);
#8539 = ORIENTED_EDGE('',*,*,#8327,.T.);
#8540 = ORIENTED_EDGE('',*,*,#8541,.T.);
#8541 = EDGE_CURVE('',#8319,#8532,#8542,.T.);
#8542 = LINE('',#8543,#8544);
#8543 = CARTESIAN_POINT('',(0.164674394704,-1.009872999746,
    0.125510878709));
#8544 = VECTOR('',#8545,1.);
#8545 = DIRECTION('',(-1.084202172486E-16,1.,0.));
#8546 = PLANE('',#8547);
#8547 = AXIS2_PLACEMENT_3D('',#8548,#8549,#8550);
#8548 = CARTESIAN_POINT('',(0.158768569739,-1.009872999746,
    0.125510878709));
#8549 = DIRECTION('',(0.,0.,1.));
#8550 = DIRECTION('',(1.,0.,-0.));
#8551 = ADVANCED_FACE('',(#8552),#8571,.T.);
#8552 = FACE_BOUND('',#8553,.T.);
#8553 = EDGE_LOOP('',(#8554,#8563,#8564,#8565));
#8554 = ORIENTED_EDGE('',*,*,#8555,.F.);
#8555 = EDGE_CURVE('',#8532,#8556,#8558,.T.);
#8556 = VERTEX_POINT('',#8557);
#8557 = CARTESIAN_POINT('',(0.176766779271,-0.999872999746,
    0.129753091007));
#8558 = B_SPLINE_CURVE_WITH_KNOTS('',3,(#8559,#8560,#8561,#8562),
  .UNSPECIFIED.,.F.,.F.,(4,4),(2.,3.),.PIECEWISE_BEZIER_KNOTS.);
#8559 = CARTESIAN_POINT('',(0.164674394704,-0.999872999746,
    0.125510878709));
#8560 = CARTESIAN_POINT('',(0.169841991548,-0.999872999746,
    0.125510878709));
#8561 = CARTESIAN_POINT('',(0.173876252263,-0.999872999746,
    0.126924949475));
#8562 = CARTESIAN_POINT('',(0.176766779271,-0.999872999746,
    0.129753091007));
#8563 = ORIENTED_EDGE('',*,*,#8541,.F.);
#8564 = ORIENTED_EDGE('',*,*,#8318,.T.);
#8565 = ORIENTED_EDGE('',*,*,#8566,.T.);
#8566 = EDGE_CURVE('',#8310,#8556,#8567,.T.);
#8567 = LINE('',#8568,#8569);
#8568 = CARTESIAN_POINT('',(0.176766779271,-1.009872999746,
    0.129753091007));
#8569 = VECTOR('',#8570,1.);
#8570 = DIRECTION('',(-1.084202172486E-16,1.,0.));
#8571 = B_SPLINE_SURFACE_WITH_KNOTS('',3,1,(
    (#8572,#8573)
    ,(#8574,#8575)
    ,(#8576,#8577)
    ,(#8578,#8579
    )),.UNSPECIFIED.,.F.,.F.,.F.,(4,4),(2,2),(2.,3.),(0.,1.),
  .PIECEWISE_BEZIER_KNOTS.);
#8572 = CARTESIAN_POINT('',(0.164674394704,-1.009872999746,
    0.125510878709));
#8573 = CARTESIAN_POINT('',(0.164674394704,-0.999872999746,
    0.125510878709));
#8574 = CARTESIAN_POINT('',(0.169841991548,-1.009872999746,
    0.125510878709));
#8575 = CARTESIAN_POINT('',(0.169841991548,-0.999872999746,
    0.125510878709));
#8576 = CARTESIAN_POINT('',(0.173876252263,-1.009872999746,
    0.126924949475));
#8577 = CARTESIAN_POINT('',(0.173876252263,-0.999872999746,
    0.126924949475));
#8578 = CARTESIAN_POINT('',(0.176766779271,-1.009872999746,
    0.129753091007));
#8579 = CARTESIAN_POINT('',(0.176766779271,-0.999872999746,
    0.129753091007));
#8580 = ADVANCED_FACE('',(#8581),#8600,.T.);
#8581 = FACE_BOUND('',#8582,.T.);
#8582 = EDGE_LOOP('',(#8583,#8592,#8593,#8594));
#8583 = ORIENTED_EDGE('',*,*,#8584,.F.);
#8584 = EDGE_CURVE('',#8556,#8585,#8587,.T.);
#8585 = VERTEX_POINT('',#8586);
#8586 = CARTESIAN_POINT('',(0.181112967361,-0.999872999746,
    0.141585536095));
#8587 = B_SPLINE_CURVE_WITH_KNOTS('',3,(#8588,#8589,#8590,#8591),
  .UNSPECIFIED.,.F.,.F.,(4,4),(3.,4.),.PIECEWISE_BEZIER_KNOTS.);
#8588 = CARTESIAN_POINT('',(0.176766779271,-0.999872999746,
    0.129753091007));
#8589 = CARTESIAN_POINT('',(0.179667703857,-0.999872999746,
    0.132560437382));
#8590 = CARTESIAN_POINT('',(0.181112967361,-0.999872999746,
    0.136511517464));
#8591 = CARTESIAN_POINT('',(0.181112967361,-0.999872999746,
    0.141585536095));
#8592 = ORIENTED_EDGE('',*,*,#8566,.F.);
#8593 = ORIENTED_EDGE('',*,*,#8309,.T.);
#8594 = ORIENTED_EDGE('',*,*,#8595,.T.);
#8595 = EDGE_CURVE('',#8301,#8585,#8596,.T.);
#8596 = LINE('',#8597,#8598);
#8597 = CARTESIAN_POINT('',(0.181112967361,-1.009872999746,
    0.141585536095));
#8598 = VECTOR('',#8599,1.);
#8599 = DIRECTION('',(-1.084202172486E-16,1.,0.));
#8600 = B_SPLINE_SURFACE_WITH_KNOTS('',3,1,(
    (#8601,#8602)
    ,(#8603,#8604)
    ,(#8605,#8606)
    ,(#8607,#8608
    )),.UNSPECIFIED.,.F.,.F.,.F.,(4,4),(2,2),(3.,4.),(0.,1.),
  .PIECEWISE_BEZIER_KNOTS.);
#8601 = CARTESIAN_POINT('',(0.176766779271,-1.009872999746,
    0.129753091007));
#8602 = CARTESIAN_POINT('',(0.176766779271,-0.999872999746,
    0.129753091007));
#8603 = CARTESIAN_POINT('',(0.179667703857,-1.009872999746,
    0.132560437382));
#8604 = CARTESIAN_POINT('',(0.179667703857,-0.999872999746,
    0.132560437382));
#8605 = CARTESIAN_POINT('',(0.181112967361,-1.009872999746,
    0.136511517464));
#8606 = CARTESIAN_POINT('',(0.181112967361,-0.999872999746,
    0.136511517464));
#8607 = CARTESIAN_POINT('',(0.181112967361,-1.009872999746,
    0.141585536095));
#8608 = CARTESIAN_POINT('',(0.181112967361,-0.999872999746,
    0.141585536095));
#8609 = ADVANCED_FACE('',(#8610),#8629,.T.);
#8610 = FACE_BOUND('',#8611,.T.);
#8611 = EDGE_LOOP('',(#8612,#8621,#8622,#8623));
#8612 = ORIENTED_EDGE('',*,*,#8613,.F.);
#8613 = EDGE_CURVE('',#8585,#8614,#8616,.T.);
#8614 = VERTEX_POINT('',#8615);
#8615 = CARTESIAN_POINT('',(0.1766524059,-0.999872999746,0.153043668333)
  );
#8616 = B_SPLINE_CURVE_WITH_KNOTS('',3,(#8617,#8618,#8619,#8620),
  .UNSPECIFIED.,.F.,.F.,(4,4),(4.,5.),.PIECEWISE_BEZIER_KNOTS.);
#8617 = CARTESIAN_POINT('',(0.181112967361,-0.999872999746,
    0.141585536095));
#8618 = CARTESIAN_POINT('',(0.181112967361,-0.999872999746,
    0.146659554727));
#8619 = CARTESIAN_POINT('',(0.179626113541,-0.999872999746,
    0.150485863859));
#8620 = CARTESIAN_POINT('',(0.1766524059,-0.999872999746,0.153043668333)
  );
#8621 = ORIENTED_EDGE('',*,*,#8595,.F.);
#8622 = ORIENTED_EDGE('',*,*,#8300,.T.);
#8623 = ORIENTED_EDGE('',*,*,#8624,.T.);
#8624 = EDGE_CURVE('',#8292,#8614,#8625,.T.);
#8625 = LINE('',#8626,#8627);
#8626 = CARTESIAN_POINT('',(0.1766524059,-1.009872999746,0.153043668333)
  );
#8627 = VECTOR('',#8628,1.);
#8628 = DIRECTION('',(-1.084202172486E-16,1.,0.));
#8629 = B_SPLINE_SURFACE_WITH_KNOTS('',3,1,(
    (#8630,#8631)
    ,(#8632,#8633)
    ,(#8634,#8635)
    ,(#8636,#8637
    )),.UNSPECIFIED.,.F.,.F.,.F.,(4,4),(2,2),(4.,5.),(0.,1.),
  .PIECEWISE_BEZIER_KNOTS.);
#8630 = CARTESIAN_POINT('',(0.181112967361,-1.009872999746,
    0.141585536095));
#8631 = CARTESIAN_POINT('',(0.181112967361,-0.999872999746,
    0.141585536095));
#8632 = CARTESIAN_POINT('',(0.181112967361,-1.009872999746,
    0.146659554727));
#8633 = CARTESIAN_POINT('',(0.181112967361,-0.999872999746,
    0.146659554727));
#8634 = CARTESIAN_POINT('',(0.179626113541,-1.009872999746,
    0.150485863859));
#8635 = CARTESIAN_POINT('',(0.179626113541,-0.999872999746,
    0.150485863859));
#8636 = CARTESIAN_POINT('',(0.1766524059,-1.009872999746,0.153043668333)
  );
#8637 = CARTESIAN_POINT('',(0.1766524059,-0.999872999746,0.153043668333)
  );
#8638 = ADVANCED_FACE('',(#8639),#8651,.T.);
#8639 = FACE_BOUND('',#8640,.T.);
#8640 = EDGE_LOOP('',(#8641,#8648,#8649,#8650));
#8641 = ORIENTED_EDGE('',*,*,#8642,.F.);
#8642 = EDGE_CURVE('',#8614,#8477,#8643,.T.);
#8643 = B_SPLINE_CURVE_WITH_KNOTS('',3,(#8644,#8645,#8646,#8647),
  .UNSPECIFIED.,.F.,.F.,(4,4),(5.,6.),.PIECEWISE_BEZIER_KNOTS.);
#8644 = CARTESIAN_POINT('',(0.1766524059,-0.999872999746,0.153043668333)
  );
#8645 = CARTESIAN_POINT('',(0.173678698259,-0.999872999746,
    0.155601472807));
#8646 = CARTESIAN_POINT('',(0.169758810915,-0.999872999746,
    0.156869977465));
#8647 = CARTESIAN_POINT('',(0.164913539025,-0.999872999746,
    0.156869977465));
#8648 = ORIENTED_EDGE('',*,*,#8624,.F.);
#8649 = ORIENTED_EDGE('',*,*,#8291,.T.);
#8650 = ORIENTED_EDGE('',*,*,#8486,.T.);
#8651 = B_SPLINE_SURFACE_WITH_KNOTS('',3,1,(
    (#8652,#8653)
    ,(#8654,#8655)
    ,(#8656,#8657)
    ,(#8658,#8659
    )),.UNSPECIFIED.,.F.,.F.,.F.,(4,4),(2,2),(5.,6.),(0.,1.),
  .PIECEWISE_BEZIER_KNOTS.);
#8652 = CARTESIAN_POINT('',(0.1766524059,-1.009872999746,0.153043668333)
  );
#8653 = CARTESIAN_POINT('',(0.1766524059,-0.999872999746,0.153043668333)
  );
#8654 = CARTESIAN_POINT('',(0.173678698259,-1.009872999746,
    0.155601472807));
#8655 = CARTESIAN_POINT('',(0.173678698259,-0.999872999746,
    0.155601472807));
#8656 = CARTESIAN_POINT('',(0.169758810915,-1.009872999746,
    0.156869977465));
#8657 = CARTESIAN_POINT('',(0.169758810915,-0.999872999746,
    0.156869977465));
#8658 = CARTESIAN_POINT('',(0.164913539025,-1.009872999746,
    0.156869977465));
#8659 = CARTESIAN_POINT('',(0.164913539025,-0.999872999746,
    0.156869977465));
#8660 = ADVANCED_FACE('',(#8661),#8670,.F.);
#8661 = FACE_BOUND('',#8662,.T.);
#8662 = EDGE_LOOP('',(#8663,#8664,#8665,#8666,#8667,#8668,#8669));
#8663 = ORIENTED_EDGE('',*,*,#8642,.T.);
#8664 = ORIENTED_EDGE('',*,*,#8476,.T.);
#8665 = ORIENTED_EDGE('',*,*,#8507,.T.);
#8666 = ORIENTED_EDGE('',*,*,#8531,.T.);
#8667 = ORIENTED_EDGE('',*,*,#8555,.T.);
#8668 = ORIENTED_EDGE('',*,*,#8584,.T.);
#8669 = ORIENTED_EDGE('',*,*,#8613,.T.);
#8670 = PLANE('',#8671);
#8671 = AXIS2_PLACEMENT_3D('',#8672,#8673,#8674);
#8672 = CARTESIAN_POINT('',(1.000025400051,-0.999872999746,
    0.299999999553));
#8673 = DIRECTION('',(-1.084202172486E-16,1.,0.));
#8674 = DIRECTION('',(-1.,-1.084202172486E-16,0.));
#8675 = ADVANCED_FACE('',(#8676,#8742),#8794,.F.);
#8676 = FACE_BOUND('',#8677,.T.);
#8677 = EDGE_LOOP('',(#8678,#8688,#8696,#8704,#8712,#8720,#8728,#8736));
#8678 = ORIENTED_EDGE('',*,*,#8679,.T.);
#8679 = EDGE_CURVE('',#8680,#8682,#8684,.T.);
#8680 = VERTEX_POINT('',#8681);
#8681 = CARTESIAN_POINT('',(0.225489835229,-1.009872999746,
    0.120873558402));
#8682 = VERTEX_POINT('',#8683);
#8683 = CARTESIAN_POINT('',(0.209997442276,-1.009872999746,
    0.161548888088));
#8684 = LINE('',#8685,#8686);
#8685 = CARTESIAN_POINT('',(0.209997442276,-1.009872999746,
    0.161548888088));
#8686 = VECTOR('',#8687,1.);
#8687 = DIRECTION('',(-0.355935724364,0.,0.934510438744));
#8688 = ORIENTED_EDGE('',*,*,#8689,.T.);
#8689 = EDGE_CURVE('',#8682,#8690,#8692,.T.);
#8690 = VERTEX_POINT('',#8691);
#8691 = CARTESIAN_POINT('',(0.204382749528,-1.009872999746,
    0.161548888088));
#8692 = LINE('',#8693,#8694);
#8693 = CARTESIAN_POINT('',(0.204382749528,-1.009872999746,
    0.161548888088));
#8694 = VECTOR('',#8695,1.);
#8695 = DIRECTION('',(-1.,-0.,-0.));
#8696 = ORIENTED_EDGE('',*,*,#8697,.T.);
#8697 = EDGE_CURVE('',#8690,#8698,#8700,.T.);
#8698 = VERTEX_POINT('',#8699);
#8699 = CARTESIAN_POINT('',(0.188890356575,-1.009872999746,
    0.120873558402));
#8700 = LINE('',#8701,#8702);
#8701 = CARTESIAN_POINT('',(0.188890356575,-1.009872999746,
    0.120873558402));
#8702 = VECTOR('',#8703,1.);
#8703 = DIRECTION('',(-0.35593572437,-0.,-0.934510438742));
#8704 = ORIENTED_EDGE('',*,*,#8705,.T.);
#8705 = EDGE_CURVE('',#8698,#8706,#8708,.T.);
#8706 = VERTEX_POINT('',#8707);
#8707 = CARTESIAN_POINT('',(0.194692205748,-1.009872999746,
    0.120873558402));
#8708 = LINE('',#8709,#8710);
#8709 = CARTESIAN_POINT('',(0.194692205748,-1.009872999746,
    0.120873558402));
#8710 = VECTOR('',#8711,1.);
#8711 = DIRECTION('',(1.,0.,0.));
#8712 = ORIENTED_EDGE('',*,*,#8713,.T.);
#8713 = EDGE_CURVE('',#8706,#8714,#8716,.T.);
#8714 = VERTEX_POINT('',#8715);
#8715 = CARTESIAN_POINT('',(0.198601695513,-1.009872999746,
    0.131998968107));
#8716 = LINE('',#8717,#8718);
#8717 = CARTESIAN_POINT('',(0.198601695513,-1.009872999746,
    0.131998968107));
#8718 = VECTOR('',#8719,1.);
#8719 = DIRECTION('',(0.331528418358,0.,0.94344523308));
#8720 = ORIENTED_EDGE('',*,*,#8721,.T.);
#8721 = EDGE_CURVE('',#8714,#8722,#8724,.T.);
#8722 = VERTEX_POINT('',#8723);
#8723 = CARTESIAN_POINT('',(0.21553935197,-1.009872999746,0.131998968107
    ));
#8724 = LINE('',#8725,#8726);
#8725 = CARTESIAN_POINT('',(0.21553935197,-1.009872999746,0.131998968107
    ));
#8726 = VECTOR('',#8727,1.);
#8727 = DIRECTION('',(1.,0.,0.));
#8728 = ORIENTED_EDGE('',*,*,#8729,.T.);
#8729 = EDGE_CURVE('',#8722,#8730,#8732,.T.);
#8730 = VERTEX_POINT('',#8731);
#8731 = CARTESIAN_POINT('',(0.219687986057,-1.009872999746,
    0.120873558402));
#8732 = LINE('',#8733,#8734);
#8733 = CARTESIAN_POINT('',(0.219687986057,-1.009872999746,
    0.120873558402));
#8734 = VECTOR('',#8735,1.);
#8735 = DIRECTION('',(0.349395479497,0.,-0.936975345944));
#8736 = ORIENTED_EDGE('',*,*,#8737,.T.);
#8737 = EDGE_CURVE('',#8730,#8680,#8738,.T.);
#8738 = LINE('',#8739,#8740);
#8739 = CARTESIAN_POINT('',(0.225489835229,-1.009872999746,
    0.120873558402));
#8740 = VECTOR('',#8741,1.);
#8741 = DIRECTION('',(1.,0.,0.));
#8742 = FACE_BOUND('',#8743,.T.);
#8743 = EDGE_LOOP('',(#8744,#8754,#8762,#8771,#8779,#8788));
#8744 = ORIENTED_EDGE('',*,*,#8745,.F.);
#8745 = EDGE_CURVE('',#8746,#8748,#8750,.T.);
#8746 = VERTEX_POINT('',#8747);
#8747 = CARTESIAN_POINT('',(0.20026530818,-1.009872999746,0.136594698097
    ));
#8748 = VERTEX_POINT('',#8749);
#8749 = CARTESIAN_POINT('',(0.213917329621,-1.009872999746,
    0.136594698097));
#8750 = LINE('',#8751,#8752);
#8751 = CARTESIAN_POINT('',(0.20026530818,-1.009872999746,0.136594698097
    ));
#8752 = VECTOR('',#8753,1.);
#8753 = DIRECTION('',(1.,0.,0.));
#8754 = ORIENTED_EDGE('',*,*,#8755,.F.);
#8755 = EDGE_CURVE('',#8756,#8746,#8758,.T.);
#8756 = VERTEX_POINT('',#8757);
#8757 = CARTESIAN_POINT('',(0.20634789199,-1.009872999746,0.153501161816
    ));
#8758 = LINE('',#8759,#8760);
#8759 = CARTESIAN_POINT('',(0.20634789199,-1.009872999746,0.153501161816
    ));
#8760 = VECTOR('',#8761,1.);
#8761 = DIRECTION('',(-0.338535034296,0.,-0.940953787683));
#8762 = ORIENTED_EDGE('',*,*,#8763,.F.);
#8763 = EDGE_CURVE('',#8764,#8756,#8766,.T.);
#8764 = VERTEX_POINT('',#8765);
#8765 = CARTESIAN_POINT('',(0.207013337056,-1.009872999746,
    0.156350098507));
#8766 = B_SPLINE_CURVE_WITH_KNOTS('',3,(#8767,#8768,#8769,#8770),
  .UNSPECIFIED.,.F.,.F.,(4,4),(3.,4.),.PIECEWISE_BEZIER_KNOTS.);
#8767 = CARTESIAN_POINT('',(0.207013337056,-1.009872999746,
    0.156350098507));
#8768 = CARTESIAN_POINT('',(0.206815783052,-1.009872999746,
    0.155123184165));
#8769 = CARTESIAN_POINT('',(0.20659743389,-1.009872999746,0.154166606882
    ));
#8770 = CARTESIAN_POINT('',(0.20634789199,-1.009872999746,0.153501161816
    ));
#8771 = ORIENTED_EDGE('',*,*,#8772,.F.);
#8772 = EDGE_CURVE('',#8773,#8764,#8775,.T.);
#8773 = VERTEX_POINT('',#8774);
#8774 = CARTESIAN_POINT('',(0.207138108007,-1.009872999746,
    0.156350098507));
#8775 = LINE('',#8776,#8777);
#8776 = CARTESIAN_POINT('',(0.207138108007,-1.009872999746,
    0.156350098507));
#8777 = VECTOR('',#8778,1.);
#8778 = DIRECTION('',(-1.,0.,0.));
#8779 = ORIENTED_EDGE('',*,*,#8780,.F.);
#8780 = EDGE_CURVE('',#8781,#8773,#8783,.T.);
#8781 = VERTEX_POINT('',#8782);
#8782 = CARTESIAN_POINT('',(0.207772360335,-1.009872999746,
    0.153501161816));
#8783 = B_SPLINE_CURVE_WITH_KNOTS('',3,(#8784,#8785,#8786,#8787),
  .UNSPECIFIED.,.F.,.F.,(4,4),(1.,2.),.PIECEWISE_BEZIER_KNOTS.);
#8784 = CARTESIAN_POINT('',(0.207772360335,-1.009872999746,
    0.153501161816));
#8785 = CARTESIAN_POINT('',(0.207574806331,-1.009872999746,
    0.154062631091));
#8786 = CARTESIAN_POINT('',(0.207366854748,-1.009872999746,
    0.154998413216));
#8787 = CARTESIAN_POINT('',(0.207138108007,-1.009872999746,
    0.156350098507));
#8788 = ORIENTED_EDGE('',*,*,#8789,.F.);
#8789 = EDGE_CURVE('',#8748,#8781,#8790,.T.);
#8790 = LINE('',#8791,#8792);
#8791 = CARTESIAN_POINT('',(0.213917329621,-1.009872999746,
    0.136594698097));
#8792 = VECTOR('',#8793,1.);
#8793 = DIRECTION('',(-0.34160383069,0.,0.939844041774));
#8794 = PLANE('',#8795);
#8795 = AXIS2_PLACEMENT_3D('',#8796,#8797,#8798);
#8796 = CARTESIAN_POINT('',(2.54000508001E-05,-1.009872999746,
    1.999999955297E-02));
#8797 = DIRECTION('',(0.,1.,0.));
#8798 = DIRECTION('',(0.,-0.,1.));
#8799 = ADVANCED_FACE('',(#8800),#8816,.F.);
#8800 = FACE_BOUND('',#8801,.T.);
#8801 = EDGE_LOOP('',(#8802,#8803,#8809,#8810));
#8802 = ORIENTED_EDGE('',*,*,#1337,.T.);
#8803 = ORIENTED_EDGE('',*,*,#8804,.F.);
#8804 = EDGE_CURVE('',#8682,#1340,#8805,.T.);
#8805 = LINE('',#8806,#8807);
#8806 = CARTESIAN_POINT('',(0.209997442276,-1.009872999746,
    0.161548888088));
#8807 = VECTOR('',#8808,1.);
#8808 = DIRECTION('',(-1.084202172486E-16,1.,0.));
#8809 = ORIENTED_EDGE('',*,*,#8679,.F.);
#8810 = ORIENTED_EDGE('',*,*,#8811,.T.);
#8811 = EDGE_CURVE('',#8680,#1338,#8812,.T.);
#8812 = LINE('',#8813,#8814);
#8813 = CARTESIAN_POINT('',(0.225489835229,-1.009872999746,
    0.120873558402));
#8814 = VECTOR('',#8815,1.);
#8815 = DIRECTION('',(-1.084202172486E-16,1.,0.));
#8816 = PLANE('',#8817);
#8817 = AXIS2_PLACEMENT_3D('',#8818,#8819,#8820);
#8818 = CARTESIAN_POINT('',(0.209997442276,-1.009872999746,
    0.161548888088));
#8819 = DIRECTION('',(-0.934510438744,-1.013198247896E-16,
    -0.355935724364));
#8820 = DIRECTION('',(-0.355935724364,0.,0.934510438744));
#8821 = ADVANCED_FACE('',(#8822),#8833,.F.);
#8822 = FACE_BOUND('',#8823,.T.);
#8823 = EDGE_LOOP('',(#8824,#8825,#8831,#8832));
#8824 = ORIENTED_EDGE('',*,*,#1395,.T.);
#8825 = ORIENTED_EDGE('',*,*,#8826,.F.);
#8826 = EDGE_CURVE('',#8690,#1388,#8827,.T.);
#8827 = LINE('',#8828,#8829);
#8828 = CARTESIAN_POINT('',(0.204382749528,-1.009872999746,
    0.161548888088));
#8829 = VECTOR('',#8830,1.);
#8830 = DIRECTION('',(-1.084202172486E-16,1.,0.));
#8831 = ORIENTED_EDGE('',*,*,#8689,.F.);
#8832 = ORIENTED_EDGE('',*,*,#8804,.T.);
#8833 = PLANE('',#8834);
#8834 = AXIS2_PLACEMENT_3D('',#8835,#8836,#8837);
#8835 = CARTESIAN_POINT('',(0.204382749528,-1.009872999746,
    0.161548888088));
#8836 = DIRECTION('',(0.,0.,-1.));
#8837 = DIRECTION('',(-1.,0.,0.));
#8838 = ADVANCED_FACE('',(#8839),#8850,.F.);
#8839 = FACE_BOUND('',#8840,.T.);
#8840 = EDGE_LOOP('',(#8841,#8842,#8848,#8849));
#8841 = ORIENTED_EDGE('',*,*,#1387,.T.);
#8842 = ORIENTED_EDGE('',*,*,#8843,.F.);
#8843 = EDGE_CURVE('',#8698,#1380,#8844,.T.);
#8844 = LINE('',#8845,#8846);
#8845 = CARTESIAN_POINT('',(0.188890356575,-1.009872999746,
    0.120873558402));
#8846 = VECTOR('',#8847,1.);
#8847 = DIRECTION('',(-1.084202172486E-16,1.,0.));
#8848 = ORIENTED_EDGE('',*,*,#8697,.F.);
#8849 = ORIENTED_EDGE('',*,*,#8826,.T.);
#8850 = PLANE('',#8851);
#8851 = AXIS2_PLACEMENT_3D('',#8852,#8853,#8854);
#8852 = CARTESIAN_POINT('',(0.188890356575,-1.009872999746,
    0.120873558402));
#8853 = DIRECTION('',(0.934510438742,1.013198247894E-16,-0.35593572437)
  );
#8854 = DIRECTION('',(-0.35593572437,0.,-0.934510438742));
#8855 = ADVANCED_FACE('',(#8856),#8867,.F.);
#8856 = FACE_BOUND('',#8857,.T.);
#8857 = EDGE_LOOP('',(#8858,#8859,#8865,#8866));
#8858 = ORIENTED_EDGE('',*,*,#1379,.T.);
#8859 = ORIENTED_EDGE('',*,*,#8860,.F.);
#8860 = EDGE_CURVE('',#8706,#1372,#8861,.T.);
#8861 = LINE('',#8862,#8863);
#8862 = CARTESIAN_POINT('',(0.194692205748,-1.009872999746,
    0.120873558402));
#8863 = VECTOR('',#8864,1.);
#8864 = DIRECTION('',(-1.084202172486E-16,1.,0.));
#8865 = ORIENTED_EDGE('',*,*,#8705,.F.);
#8866 = ORIENTED_EDGE('',*,*,#8843,.T.);
#8867 = PLANE('',#8868);
#8868 = AXIS2_PLACEMENT_3D('',#8869,#8870,#8871);
#8869 = CARTESIAN_POINT('',(0.194692205748,-1.009872999746,
    0.120873558402));
#8870 = DIRECTION('',(0.,0.,1.));
#8871 = DIRECTION('',(1.,0.,-0.));
#8872 = ADVANCED_FACE('',(#8873),#8884,.F.);
#8873 = FACE_BOUND('',#8874,.T.);
#8874 = EDGE_LOOP('',(#8875,#8876,#8882,#8883));
#8875 = ORIENTED_EDGE('',*,*,#1371,.T.);
#8876 = ORIENTED_EDGE('',*,*,#8877,.F.);
#8877 = EDGE_CURVE('',#8714,#1364,#8878,.T.);
#8878 = LINE('',#8879,#8880);
#8879 = CARTESIAN_POINT('',(0.198601695513,-1.009872999746,
    0.131998968107));
#8880 = VECTOR('',#8881,1.);
#8881 = DIRECTION('',(-1.084202172486E-16,1.,0.));
#8882 = ORIENTED_EDGE('',*,*,#8713,.F.);
#8883 = ORIENTED_EDGE('',*,*,#8860,.T.);
#8884 = PLANE('',#8885);
#8885 = AXIS2_PLACEMENT_3D('',#8886,#8887,#8888);
#8886 = CARTESIAN_POINT('',(0.198601695513,-1.009872999746,
    0.131998968107));
#8887 = DIRECTION('',(-0.94344523308,-1.022885371326E-16,0.331528418358)
  );
#8888 = DIRECTION('',(0.331528418358,0.,0.94344523308));
#8889 = ADVANCED_FACE('',(#8890),#8901,.F.);
#8890 = FACE_BOUND('',#8891,.T.);
#8891 = EDGE_LOOP('',(#8892,#8893,#8899,#8900));
#8892 = ORIENTED_EDGE('',*,*,#1363,.T.);
#8893 = ORIENTED_EDGE('',*,*,#8894,.F.);
#8894 = EDGE_CURVE('',#8722,#1356,#8895,.T.);
#8895 = LINE('',#8896,#8897);
#8896 = CARTESIAN_POINT('',(0.21553935197,-1.009872999746,0.131998968107
    ));
#8897 = VECTOR('',#8898,1.);
#8898 = DIRECTION('',(-1.084202172486E-16,1.,0.));
#8899 = ORIENTED_EDGE('',*,*,#8721,.F.);
#8900 = ORIENTED_EDGE('',*,*,#8877,.T.);
#8901 = PLANE('',#8902);
#8902 = AXIS2_PLACEMENT_3D('',#8903,#8904,#8905);
#8903 = CARTESIAN_POINT('',(0.21553935197,-1.009872999746,0.131998968107
    ));
#8904 = DIRECTION('',(0.,0.,1.));
#8905 = DIRECTION('',(1.,0.,-0.));
#8906 = ADVANCED_FACE('',(#8907),#8918,.F.);
#8907 = FACE_BOUND('',#8908,.T.);
#8908 = EDGE_LOOP('',(#8909,#8910,#8916,#8917));
#8909 = ORIENTED_EDGE('',*,*,#1355,.T.);
#8910 = ORIENTED_EDGE('',*,*,#8911,.F.);
#8911 = EDGE_CURVE('',#8730,#1348,#8912,.T.);
#8912 = LINE('',#8913,#8914);
#8913 = CARTESIAN_POINT('',(0.219687986057,-1.009872999746,
    0.120873558402));
#8914 = VECTOR('',#8915,1.);
#8915 = DIRECTION('',(-1.084202172486E-16,1.,0.));
#8916 = ORIENTED_EDGE('',*,*,#8729,.F.);
#8917 = ORIENTED_EDGE('',*,*,#8894,.T.);
#8918 = PLANE('',#8919);
#8919 = AXIS2_PLACEMENT_3D('',#8920,#8921,#8922);
#8920 = CARTESIAN_POINT('',(0.219687986057,-1.009872999746,
    0.120873558402));
#8921 = DIRECTION('',(0.936975345944,1.015870705638E-16,0.349395479497)
  );
#8922 = DIRECTION('',(0.349395479497,0.,-0.936975345944));
#8923 = ADVANCED_FACE('',(#8924),#8930,.F.);
#8924 = FACE_BOUND('',#8925,.T.);
#8925 = EDGE_LOOP('',(#8926,#8927,#8928,#8929));
#8926 = ORIENTED_EDGE('',*,*,#1347,.T.);
#8927 = ORIENTED_EDGE('',*,*,#8811,.F.);
#8928 = ORIENTED_EDGE('',*,*,#8737,.F.);
#8929 = ORIENTED_EDGE('',*,*,#8911,.T.);
#8930 = PLANE('',#8931);
#8931 = AXIS2_PLACEMENT_3D('',#8932,#8933,#8934);
#8932 = CARTESIAN_POINT('',(0.225489835229,-1.009872999746,
    0.120873558402));
#8933 = DIRECTION('',(0.,0.,1.));
#8934 = DIRECTION('',(1.,0.,-0.));
#8935 = ADVANCED_FACE('',(#8936),#8961,.T.);
#8936 = FACE_BOUND('',#8937,.T.);
#8937 = EDGE_LOOP('',(#8938,#8948,#8954,#8955));
#8938 = ORIENTED_EDGE('',*,*,#8939,.F.);
#8939 = EDGE_CURVE('',#8940,#8942,#8944,.T.);
#8940 = VERTEX_POINT('',#8941);
#8941 = CARTESIAN_POINT('',(0.20026530818,-0.999872999746,0.136594698097
    ));
#8942 = VERTEX_POINT('',#8943);
#8943 = CARTESIAN_POINT('',(0.213917329621,-0.999872999746,
    0.136594698097));
#8944 = LINE('',#8945,#8946);
#8945 = CARTESIAN_POINT('',(0.20026530818,-0.999872999746,0.136594698097
    ));
#8946 = VECTOR('',#8947,1.);
#8947 = DIRECTION('',(1.,0.,0.));
#8948 = ORIENTED_EDGE('',*,*,#8949,.F.);
#8949 = EDGE_CURVE('',#8746,#8940,#8950,.T.);
#8950 = LINE('',#8951,#8952);
#8951 = CARTESIAN_POINT('',(0.20026530818,-1.009872999746,0.136594698097
    ));
#8952 = VECTOR('',#8953,1.);
#8953 = DIRECTION('',(-1.084202172486E-16,1.,0.));
#8954 = ORIENTED_EDGE('',*,*,#8745,.T.);
#8955 = ORIENTED_EDGE('',*,*,#8956,.T.);
#8956 = EDGE_CURVE('',#8748,#8942,#8957,.T.);
#8957 = LINE('',#8958,#8959);
#8958 = CARTESIAN_POINT('',(0.213917329621,-1.009872999746,
    0.136594698097));
#8959 = VECTOR('',#8960,1.);
#8960 = DIRECTION('',(-1.084202172486E-16,1.,0.));
#8961 = PLANE('',#8962);
#8962 = AXIS2_PLACEMENT_3D('',#8963,#8964,#8965);
#8963 = CARTESIAN_POINT('',(0.20026530818,-1.009872999746,0.136594698097
    ));
#8964 = DIRECTION('',(0.,0.,1.));
#8965 = DIRECTION('',(1.,0.,-0.));
#8966 = ADVANCED_FACE('',(#8967),#8985,.T.);
#8967 = FACE_BOUND('',#8968,.T.);
#8968 = EDGE_LOOP('',(#8969,#8977,#8978,#8979));
#8969 = ORIENTED_EDGE('',*,*,#8970,.F.);
#8970 = EDGE_CURVE('',#8942,#8971,#8973,.T.);
#8971 = VERTEX_POINT('',#8972);
#8972 = CARTESIAN_POINT('',(0.207772360335,-0.999872999746,
    0.153501161816));
#8973 = LINE('',#8974,#8975);
#8974 = CARTESIAN_POINT('',(0.213917329621,-0.999872999746,
    0.136594698097));
#8975 = VECTOR('',#8976,1.);
#8976 = DIRECTION('',(-0.34160383069,0.,0.939844041774));
#8977 = ORIENTED_EDGE('',*,*,#8956,.F.);
#8978 = ORIENTED_EDGE('',*,*,#8789,.T.);
#8979 = ORIENTED_EDGE('',*,*,#8980,.T.);
#8980 = EDGE_CURVE('',#8781,#8971,#8981,.T.);
#8981 = LINE('',#8982,#8983);
#8982 = CARTESIAN_POINT('',(0.207772360335,-1.009872999746,
    0.153501161816));
#8983 = VECTOR('',#8984,1.);
#8984 = DIRECTION('',(-1.084202172486E-16,1.,0.));
#8985 = PLANE('',#8986);
#8986 = AXIS2_PLACEMENT_3D('',#8987,#8988,#8989);
#8987 = CARTESIAN_POINT('',(0.213917329621,-1.009872999746,
    0.136594698097));
#8988 = DIRECTION('',(-0.939844041774,-1.018980951889E-16,-0.34160383069
    ));
#8989 = DIRECTION('',(-0.34160383069,-1.232595164408E-32,0.939844041774)
  );
#8990 = ADVANCED_FACE('',(#8991),#9010,.T.);
#8991 = FACE_BOUND('',#8992,.T.);
#8992 = EDGE_LOOP('',(#8993,#9002,#9003,#9004));
#8993 = ORIENTED_EDGE('',*,*,#8994,.F.);
#8994 = EDGE_CURVE('',#8971,#8995,#8997,.T.);
#8995 = VERTEX_POINT('',#8996);
#8996 = CARTESIAN_POINT('',(0.207138108007,-0.999872999746,
    0.156350098507));
#8997 = B_SPLINE_CURVE_WITH_KNOTS('',3,(#8998,#8999,#9000,#9001),
  .UNSPECIFIED.,.F.,.F.,(4,4),(1.,2.),.PIECEWISE_BEZIER_KNOTS.);
#8998 = CARTESIAN_POINT('',(0.207772360335,-0.999872999746,
    0.153501161816));
#8999 = CARTESIAN_POINT('',(0.207574806331,-0.999872999746,
    0.154062631091));
#9000 = CARTESIAN_POINT('',(0.207366854748,-0.999872999746,
    0.154998413216));
#9001 = CARTESIAN_POINT('',(0.207138108007,-0.999872999746,
    0.156350098507));
#9002 = ORIENTED_EDGE('',*,*,#8980,.F.);
#9003 = ORIENTED_EDGE('',*,*,#8780,.T.);
#9004 = ORIENTED_EDGE('',*,*,#9005,.T.);
#9005 = EDGE_CURVE('',#8773,#8995,#9006,.T.);
#9006 = LINE('',#9007,#9008);
#9007 = CARTESIAN_POINT('',(0.207138108007,-1.009872999746,
    0.156350098507));
#9008 = VECTOR('',#9009,1.);
#9009 = DIRECTION('',(-1.084202172486E-16,1.,0.));
#9010 = B_SPLINE_SURFACE_WITH_KNOTS('',3,1,(
    (#9011,#9012)
    ,(#9013,#9014)
    ,(#9015,#9016)
    ,(#9017,#9018
    )),.UNSPECIFIED.,.F.,.F.,.F.,(4,4),(2,2),(1.,2.),(0.,1.),
  .PIECEWISE_BEZIER_KNOTS.);
#9011 = CARTESIAN_POINT('',(0.207772360335,-1.009872999746,
    0.153501161816));
#9012 = CARTESIAN_POINT('',(0.207772360335,-0.999872999746,
    0.153501161816));
#9013 = CARTESIAN_POINT('',(0.207574806331,-1.009872999746,
    0.154062631091));
#9014 = CARTESIAN_POINT('',(0.207574806331,-0.999872999746,
    0.154062631091));
#9015 = CARTESIAN_POINT('',(0.207366854748,-1.009872999746,
    0.154998413216));
#9016 = CARTESIAN_POINT('',(0.207366854748,-0.999872999746,
    0.154998413216));
#9017 = CARTESIAN_POINT('',(0.207138108007,-1.009872999746,
    0.156350098507));
#9018 = CARTESIAN_POINT('',(0.207138108007,-0.999872999746,
    0.156350098507));
#9019 = ADVANCED_FACE('',(#9020),#9038,.T.);
#9020 = FACE_BOUND('',#9021,.T.);
#9021 = EDGE_LOOP('',(#9022,#9030,#9031,#9032));
#9022 = ORIENTED_EDGE('',*,*,#9023,.F.);
#9023 = EDGE_CURVE('',#8995,#9024,#9026,.T.);
#9024 = VERTEX_POINT('',#9025);
#9025 = CARTESIAN_POINT('',(0.207013337056,-0.999872999746,
    0.156350098507));
#9026 = LINE('',#9027,#9028);
#9027 = CARTESIAN_POINT('',(0.207138108007,-0.999872999746,
    0.156350098507));
#9028 = VECTOR('',#9029,1.);
#9029 = DIRECTION('',(-1.,0.,0.));
#9030 = ORIENTED_EDGE('',*,*,#9005,.F.);
#9031 = ORIENTED_EDGE('',*,*,#8772,.T.);
#9032 = ORIENTED_EDGE('',*,*,#9033,.T.);
#9033 = EDGE_CURVE('',#8764,#9024,#9034,.T.);
#9034 = LINE('',#9035,#9036);
#9035 = CARTESIAN_POINT('',(0.207013337056,-1.009872999746,
    0.156350098507));
#9036 = VECTOR('',#9037,1.);
#9037 = DIRECTION('',(-1.084202172486E-16,1.,0.));
#9038 = PLANE('',#9039);
#9039 = AXIS2_PLACEMENT_3D('',#9040,#9041,#9042);
#9040 = CARTESIAN_POINT('',(0.207138108007,-1.009872999746,
    0.156350098507));
#9041 = DIRECTION('',(0.,0.,-1.));
#9042 = DIRECTION('',(-1.,0.,0.));
#9043 = ADVANCED_FACE('',(#9044),#9063,.T.);
#9044 = FACE_BOUND('',#9045,.T.);
#9045 = EDGE_LOOP('',(#9046,#9055,#9056,#9057));
#9046 = ORIENTED_EDGE('',*,*,#9047,.F.);
#9047 = EDGE_CURVE('',#9024,#9048,#9050,.T.);
#9048 = VERTEX_POINT('',#9049);
#9049 = CARTESIAN_POINT('',(0.20634789199,-0.999872999746,0.153501161816
    ));
#9050 = B_SPLINE_CURVE_WITH_KNOTS('',3,(#9051,#9052,#9053,#9054),
  .UNSPECIFIED.,.F.,.F.,(4,4),(3.,4.),.PIECEWISE_BEZIER_KNOTS.);
#9051 = CARTESIAN_POINT('',(0.207013337056,-0.999872999746,
    0.156350098507));
#9052 = CARTESIAN_POINT('',(0.206815783052,-0.999872999746,
    0.155123184165));
#9053 = CARTESIAN_POINT('',(0.20659743389,-0.999872999746,0.154166606882
    ));
#9054 = CARTESIAN_POINT('',(0.20634789199,-0.999872999746,0.153501161816
    ));
#9055 = ORIENTED_EDGE('',*,*,#9033,.F.);
#9056 = ORIENTED_EDGE('',*,*,#8763,.T.);
#9057 = ORIENTED_EDGE('',*,*,#9058,.T.);
#9058 = EDGE_CURVE('',#8756,#9048,#9059,.T.);
#9059 = LINE('',#9060,#9061);
#9060 = CARTESIAN_POINT('',(0.20634789199,-1.009872999746,0.153501161816
    ));
#9061 = VECTOR('',#9062,1.);
#9062 = DIRECTION('',(-1.084202172486E-16,1.,0.));
#9063 = B_SPLINE_SURFACE_WITH_KNOTS('',3,1,(
    (#9064,#9065)
    ,(#9066,#9067)
    ,(#9068,#9069)
    ,(#9070,#9071
    )),.UNSPECIFIED.,.F.,.F.,.F.,(4,4),(2,2),(3.,4.),(0.,1.),
  .PIECEWISE_BEZIER_KNOTS.);
#9064 = CARTESIAN_POINT('',(0.207013337056,-1.009872999746,
    0.156350098507));
#9065 = CARTESIAN_POINT('',(0.207013337056,-0.999872999746,
    0.156350098507));
#9066 = CARTESIAN_POINT('',(0.206815783052,-1.009872999746,
    0.155123184165));
#9067 = CARTESIAN_POINT('',(0.206815783052,-0.999872999746,
    0.155123184165));
#9068 = CARTESIAN_POINT('',(0.20659743389,-1.009872999746,0.154166606882
    ));
#9069 = CARTESIAN_POINT('',(0.20659743389,-0.999872999746,0.154166606882
    ));
#9070 = CARTESIAN_POINT('',(0.20634789199,-1.009872999746,0.153501161816
    ));
#9071 = CARTESIAN_POINT('',(0.20634789199,-0.999872999746,0.153501161816
    ));
#9072 = ADVANCED_FACE('',(#9073),#9084,.T.);
#9073 = FACE_BOUND('',#9074,.T.);
#9074 = EDGE_LOOP('',(#9075,#9081,#9082,#9083));
#9075 = ORIENTED_EDGE('',*,*,#9076,.F.);
#9076 = EDGE_CURVE('',#9048,#8940,#9077,.T.);
#9077 = LINE('',#9078,#9079);
#9078 = CARTESIAN_POINT('',(0.20634789199,-0.999872999746,0.153501161816
    ));
#9079 = VECTOR('',#9080,1.);
#9080 = DIRECTION('',(-0.338535034296,0.,-0.940953787683));
#9081 = ORIENTED_EDGE('',*,*,#9058,.F.);
#9082 = ORIENTED_EDGE('',*,*,#8755,.T.);
#9083 = ORIENTED_EDGE('',*,*,#8949,.T.);
#9084 = PLANE('',#9085);
#9085 = AXIS2_PLACEMENT_3D('',#9086,#9087,#9088);
#9086 = CARTESIAN_POINT('',(0.20634789199,-1.009872999746,0.153501161816
    ));
#9087 = DIRECTION('',(0.940953787683,1.020184140814E-16,-0.338535034296)
  );
#9088 = DIRECTION('',(-0.338535034296,0.,-0.940953787683));
#9089 = ADVANCED_FACE('',(#9090),#9098,.F.);
#9090 = FACE_BOUND('',#9091,.T.);
#9091 = EDGE_LOOP('',(#9092,#9093,#9094,#9095,#9096,#9097));
#9092 = ORIENTED_EDGE('',*,*,#9076,.T.);
#9093 = ORIENTED_EDGE('',*,*,#8939,.T.);
#9094 = ORIENTED_EDGE('',*,*,#8970,.T.);
#9095 = ORIENTED_EDGE('',*,*,#8994,.T.);
#9096 = ORIENTED_EDGE('',*,*,#9023,.T.);
#9097 = ORIENTED_EDGE('',*,*,#9047,.T.);
#9098 = PLANE('',#9099);
#9099 = AXIS2_PLACEMENT_3D('',#9100,#9101,#9102);
#9100 = CARTESIAN_POINT('',(1.000025400051,-0.999872999746,
    0.299999999553));
#9101 = DIRECTION('',(-1.084202172486E-16,1.,0.));
#9102 = DIRECTION('',(-1.,-1.084202172486E-16,0.));
#9103 = ADVANCED_FACE('',(#9104,#9398),#9423,.F.);
#9104 = FACE_BOUND('',#9105,.T.);
#9105 = EDGE_LOOP('',(#9106,#9117,#9126,#9135,#9144,#9153,#9162,#9171,
    #9180,#9189,#9198,#9207,#9216,#9225,#9233,#9241,#9249,#9258,#9267,
    #9276,#9285,#9294,#9303,#9312,#9321,#9330,#9339,#9347,#9356,#9365,
    #9374,#9382,#9391));
#9106 = ORIENTED_EDGE('',*,*,#9107,.T.);
#9107 = EDGE_CURVE('',#9108,#9110,#9112,.T.);
#9108 = VERTEX_POINT('',#9109);
#9109 = CARTESIAN_POINT('',(-2.200220401175E-02,-1.009872999746,
    0.16122013049));
#9110 = VERTEX_POINT('',#9111);
#9111 = CARTESIAN_POINT('',(-5.063274336989E-02,-1.009872999746,
    0.19910498443));
#9112 = B_SPLINE_CURVE_WITH_KNOTS('',3,(#9113,#9114,#9115,#9116),
  .UNSPECIFIED.,.F.,.F.,(4,4),(35.,36.),.PIECEWISE_BEZIER_KNOTS.);
#9113 = CARTESIAN_POINT('',(-2.200220401175E-02,-1.009872999746,
    0.16122013049));
#9114 = CARTESIAN_POINT('',(-2.229139703314E-02,-1.009872999746,
    0.178571965505));
#9115 = CARTESIAN_POINT('',(-3.414849845103E-02,-1.009872999746,
    0.193899432822));
#9116 = CARTESIAN_POINT('',(-5.063274336989E-02,-1.009872999746,
    0.19910498443));
#9117 = ORIENTED_EDGE('',*,*,#9118,.T.);
#9118 = EDGE_CURVE('',#9110,#9119,#9121,.T.);
#9119 = VERTEX_POINT('',#9120);
#9120 = CARTESIAN_POINT('',(-6.624940922486E-02,-1.009872999746,
    0.221951582001));
#9121 = B_SPLINE_CURVE_WITH_KNOTS('',3,(#9122,#9123,#9124,#9125),
  .UNSPECIFIED.,.F.,.F.,(4,4),(0.,1.),.PIECEWISE_BEZIER_KNOTS.);
#9122 = CARTESIAN_POINT('',(-5.063274336989E-02,-1.009872999746,
    0.19910498443));
#9123 = CARTESIAN_POINT('',(-5.381391073233E-02,-1.009872999746,
    0.207780907453));
#9124 = CARTESIAN_POINT('',(-5.930866639333E-02,-1.009872999746,
    0.215589237623));
#9125 = CARTESIAN_POINT('',(-6.624940922486E-02,-1.009872999746,
    0.221951582001));
#9126 = ORIENTED_EDGE('',*,*,#9127,.T.);
#9127 = EDGE_CURVE('',#9119,#9128,#9130,.T.);
#9128 = VERTEX_POINT('',#9129);
#9129 = CARTESIAN_POINT('',(-0.105580255852,-1.009872999746,
    0.236989849402));
#9130 = B_SPLINE_CURVE_WITH_KNOTS('',3,(#9131,#9132,#9133,#9134),
  .UNSPECIFIED.,.F.,.F.,(4,4),(1.,2.),.PIECEWISE_BEZIER_KNOTS.);
#9131 = CARTESIAN_POINT('',(-6.624940922486E-02,-1.009872999746,
    0.221951582001));
#9132 = CARTESIAN_POINT('',(-7.723890951486E-02,-1.009872999746,
    0.231495098223));
#9133 = CARTESIAN_POINT('',(-9.112038414605E-02,-1.009872999746,
    0.236989849402));
#9134 = CARTESIAN_POINT('',(-0.105580255852,-1.009872999746,
    0.236989849402));
#9135 = ORIENTED_EDGE('',*,*,#9136,.T.);
#9136 = EDGE_CURVE('',#9128,#9137,#9139,.T.);
#9137 = VERTEX_POINT('',#9138);
#9138 = CARTESIAN_POINT('',(-0.140283947946,-1.009872999746,
    0.225711149196));
#9139 = B_SPLINE_CURVE_WITH_KNOTS('',3,(#9140,#9141,#9142,#9143),
  .UNSPECIFIED.,.F.,.F.,(4,4),(2.,3.),.PIECEWISE_BEZIER_KNOTS.);
#9140 = CARTESIAN_POINT('',(-0.105580255852,-1.009872999746,
    0.236989849402));
#9141 = CARTESIAN_POINT('',(-0.11830494185,-1.009872999746,
    0.236989849402));
#9142 = CARTESIAN_POINT('',(-0.130162037751,-1.009872999746,
    0.232941085394));
#9143 = CARTESIAN_POINT('',(-0.140283947946,-1.009872999746,
    0.225711149196));
#9144 = ORIENTED_EDGE('',*,*,#9145,.T.);
#9145 = EDGE_CURVE('',#9137,#9146,#9148,.T.);
#9146 = VERTEX_POINT('',#9147);
#9147 = CARTESIAN_POINT('',(-0.153008633943,-1.009872999746,
    0.212986461819));
#9148 = B_SPLINE_CURVE_WITH_KNOTS('',3,(#9149,#9150,#9151,#9152),
  .UNSPECIFIED.,.F.,.F.,(4,4),(3.,4.),.PIECEWISE_BEZIER_KNOTS.);
#9149 = CARTESIAN_POINT('',(-0.140283947946,-1.009872999746,
    0.225711149196));
#9150 = CARTESIAN_POINT('',(-0.145200306532,-1.009872999746,
    0.222240779159));
#9151 = CARTESIAN_POINT('',(-0.149249069506,-1.009872999746,
    0.217902817648));
#9152 = CARTESIAN_POINT('',(-0.153008633943,-1.009872999746,
    0.212986461819));
#9153 = ORIENTED_EDGE('',*,*,#9154,.T.);
#9154 = EDGE_CURVE('',#9146,#9155,#9157,.T.);
#9155 = VERTEX_POINT('',#9156);
#9156 = CARTESIAN_POINT('',(-0.159660172722,-1.009872999746,
    0.213564856136));
#9157 = B_SPLINE_CURVE_WITH_KNOTS('',3,(#9158,#9159,#9160,#9161),
  .UNSPECIFIED.,.F.,.F.,(4,4),(4.,5.),.PIECEWISE_BEZIER_KNOTS.);
#9158 = CARTESIAN_POINT('',(-0.153008633943,-1.009872999746,
    0.212986461819));
#9159 = CARTESIAN_POINT('',(-0.15532221121,-1.009872999746,
    0.213275660357));
#9160 = CARTESIAN_POINT('',(-0.157346595455,-1.009872999746,
    0.213564856136));
#9161 = CARTESIAN_POINT('',(-0.159660172722,-1.009872999746,
    0.213564856136));
#9162 = ORIENTED_EDGE('',*,*,#9163,.T.);
#9163 = EDGE_CURVE('',#9155,#9164,#9166,.T.);
#9164 = VERTEX_POINT('',#9165);
#9165 = CARTESIAN_POINT('',(-0.192917877645,-1.009872999746,
    0.199683378747));
#9166 = B_SPLINE_CURVE_WITH_KNOTS('',3,(#9167,#9168,#9169,#9170),
  .UNSPECIFIED.,.F.,.F.,(4,4),(5.,6.),.PIECEWISE_BEZIER_KNOTS.);
#9167 = CARTESIAN_POINT('',(-0.159660172722,-1.009872999746,
    0.213564856136));
#9168 = CARTESIAN_POINT('',(-0.17209566294,-1.009872999746,
    0.213564856136));
#9169 = CARTESIAN_POINT('',(-0.183952756084,-1.009872999746,
    0.208648500308));
#9170 = CARTESIAN_POINT('',(-0.192917877645,-1.009872999746,
    0.199683378747));
#9171 = ORIENTED_EDGE('',*,*,#9172,.T.);
#9172 = EDGE_CURVE('',#9164,#9173,#9175,.T.);
#9173 = VERTEX_POINT('',#9174);
#9174 = CARTESIAN_POINT('',(-0.206510164771,-1.009872999746,
    0.166714875119));
#9175 = B_SPLINE_CURVE_WITH_KNOTS('',3,(#9176,#9177,#9178,#9179),
  .UNSPECIFIED.,.F.,.F.,(4,4),(6.,7.),.PIECEWISE_BEZIER_KNOTS.);
#9176 = CARTESIAN_POINT('',(-0.192917877645,-1.009872999746,
    0.199683378747));
#9177 = CARTESIAN_POINT('',(-0.201593808253,-1.009872999746,
    0.191007458481));
#9178 = CARTESIAN_POINT('',(-0.206510164771,-1.009872999746,
    0.179150362579));
#9179 = CARTESIAN_POINT('',(-0.206510164771,-1.009872999746,
    0.166714875119));
#9180 = ORIENTED_EDGE('',*,*,#9181,.T.);
#9181 = EDGE_CURVE('',#9173,#9182,#9184,.T.);
#9182 = VERTEX_POINT('',#9183);
#9183 = CARTESIAN_POINT('',(-0.194363873089,-1.009872999746,
    0.13519236142));
#9184 = B_SPLINE_CURVE_WITH_KNOTS('',3,(#9185,#9186,#9187,#9188),
  .UNSPECIFIED.,.F.,.F.,(4,4),(7.,8.),.PIECEWISE_BEZIER_KNOTS.);
#9185 = CARTESIAN_POINT('',(-0.206510164771,-1.009872999746,
    0.166714875119));
#9186 = CARTESIAN_POINT('',(-0.206510164771,-1.009872999746,
    0.155146977754));
#9187 = CARTESIAN_POINT('',(-0.202172203259,-1.009872999746,
    0.143868273411));
#9188 = CARTESIAN_POINT('',(-0.194363873089,-1.009872999746,
    0.13519236142));
#9189 = ORIENTED_EDGE('',*,*,#9190,.T.);
#9190 = EDGE_CURVE('',#9182,#9191,#9193,.T.);
#9191 = VERTEX_POINT('',#9192);
#9192 = CARTESIAN_POINT('',(-0.17122807836,-1.009872999746,
    0.121310886788));
#9193 = B_SPLINE_CURVE_WITH_KNOTS('',3,(#9194,#9195,#9196,#9197),
  .UNSPECIFIED.,.F.,.F.,(4,4),(8.,9.),.PIECEWISE_BEZIER_KNOTS.);
#9194 = CARTESIAN_POINT('',(-0.194363873089,-1.009872999746,
    0.13519236142));
#9195 = CARTESIAN_POINT('',(-0.18800153009,-1.009872999746,
    0.128251618588));
#9196 = CARTESIAN_POINT('',(-0.180193197163,-1.009872999746,
    0.123624464055));
#9197 = CARTESIAN_POINT('',(-0.17122807836,-1.009872999746,
    0.121310886788));
#9198 = ORIENTED_EDGE('',*,*,#9199,.T.);
#9199 = EDGE_CURVE('',#9191,#9200,#9202,.T.);
#9200 = VERTEX_POINT('',#9201);
#9201 = CARTESIAN_POINT('',(-0.143754319361,-1.009872999746,
    0.101645463475));
#9202 = B_SPLINE_CURVE_WITH_KNOTS('',3,(#9203,#9204,#9205,#9206),
  .UNSPECIFIED.,.F.,.F.,(4,4),(9.,10.),.PIECEWISE_BEZIER_KNOTS.);
#9203 = CARTESIAN_POINT('',(-0.17122807836,-1.009872999746,
    0.121310886788));
#9204 = CARTESIAN_POINT('',(-0.167468511165,-1.009872999746,
    0.109742989424));
#9205 = CARTESIAN_POINT('',(-0.156479010875,-1.009872999746,
    0.101645463475));
#9206 = CARTESIAN_POINT('',(-0.143754319361,-1.009872999746,
    0.101645463475));
#9207 = ORIENTED_EDGE('',*,*,#9208,.T.);
#9208 = EDGE_CURVE('',#9200,#9209,#9211,.T.);
#9209 = VERTEX_POINT('',#9210);
#9210 = CARTESIAN_POINT('',(-0.11483457595,-1.009872999746,
    0.130565206886));
#9211 = B_SPLINE_CURVE_WITH_KNOTS('',3,(#9212,#9213,#9214,#9215),
  .UNSPECIFIED.,.F.,.F.,(4,4),(10.,11.),.PIECEWISE_BEZIER_KNOTS.);
#9212 = CARTESIAN_POINT('',(-0.143754319361,-1.009872999746,
    0.101645463475));
#9213 = CARTESIAN_POINT('',(-0.127848460485,-1.009872999746,
    0.101645463475));
#9214 = CARTESIAN_POINT('',(-0.11483457595,-1.009872999746,0.11465934801
    ));
#9215 = CARTESIAN_POINT('',(-0.11483457595,-1.009872999746,
    0.130565206886));
#9216 = ORIENTED_EDGE('',*,*,#9217,.T.);
#9217 = EDGE_CURVE('',#9209,#9218,#9220,.T.);
#9218 = VERTEX_POINT('',#9219);
#9219 = CARTESIAN_POINT('',(-0.11483457595,-1.009872999746,
    0.133457181228));
#9220 = B_SPLINE_CURVE_WITH_KNOTS('',3,(#9221,#9222,#9223,#9224),
  .UNSPECIFIED.,.F.,.F.,(4,4),(11.,12.),.PIECEWISE_BEZIER_KNOTS.);
#9221 = CARTESIAN_POINT('',(-0.11483457595,-1.009872999746,
    0.130565206886));
#9222 = CARTESIAN_POINT('',(-0.11483457595,-1.009872999746,
    0.131432796982));
#9223 = CARTESIAN_POINT('',(-0.11483457595,-1.009872999746,
    0.132300387078));
#9224 = CARTESIAN_POINT('',(-0.11483457595,-1.009872999746,
    0.133457181228));
#9225 = ORIENTED_EDGE('',*,*,#9226,.T.);
#9226 = EDGE_CURVE('',#9218,#9227,#9229,.T.);
#9227 = VERTEX_POINT('',#9228);
#9228 = CARTESIAN_POINT('',(-7.434693517367E-02,-1.009872999746,
    0.154857790249));
#9229 = LINE('',#9230,#9231);
#9230 = CARTESIAN_POINT('',(-0.11483457595,-1.009872999746,
    0.133457181228));
#9231 = VECTOR('',#9232,1.);
#9232 = DIRECTION('',(0.884094950248,0.,0.467307306755));
#9233 = ORIENTED_EDGE('',*,*,#9234,.T.);
#9234 = EDGE_CURVE('',#9227,#9235,#9237,.T.);
#9235 = VERTEX_POINT('',#9236);
#9236 = CARTESIAN_POINT('',(-8.33120512185E-02,-1.009872999746,
    0.170185257567));
#9237 = LINE('',#9238,#9239);
#9238 = CARTESIAN_POINT('',(-7.434693517367E-02,-1.009872999746,
    0.154857790249));
#9239 = VECTOR('',#9240,1.);
#9240 = DIRECTION('',(-0.50488304865,0.,0.863187758941));
#9241 = ORIENTED_EDGE('',*,*,#9242,.T.);
#9242 = EDGE_CURVE('',#9235,#9243,#9245,.T.);
#9243 = VERTEX_POINT('',#9244);
#9244 = CARTESIAN_POINT('',(-0.122064506287,-1.009872999746,
    0.149941437179));
#9245 = LINE('',#9246,#9247);
#9246 = CARTESIAN_POINT('',(-8.33120512185E-02,-1.009872999746,
    0.170185257567));
#9247 = VECTOR('',#9248,1.);
#9248 = DIRECTION('',(-0.886348842796,0.,-0.463018065387));
#9249 = ORIENTED_EDGE('',*,*,#9250,.T.);
#9250 = EDGE_CURVE('',#9243,#9251,#9253,.T.);
#9251 = VERTEX_POINT('',#9252);
#9252 = CARTESIAN_POINT('',(-0.143754313845,-1.009872999746,
    0.159774148835));
#9253 = B_SPLINE_CURVE_WITH_KNOTS('',3,(#9254,#9255,#9256,#9257),
  .UNSPECIFIED.,.F.,.F.,(4,4),(15.,16.),.PIECEWISE_BEZIER_KNOTS.);
#9254 = CARTESIAN_POINT('',(-0.122064506287,-1.009872999746,
    0.149941437179));
#9255 = CARTESIAN_POINT('',(-0.127270057894,-1.009872999746,
    0.156014584398));
#9256 = CARTESIAN_POINT('',(-0.135078390822,-1.009872999746,
    0.159774148835));
#9257 = CARTESIAN_POINT('',(-0.143754313845,-1.009872999746,
    0.159774148835));
#9258 = ORIENTED_EDGE('',*,*,#9259,.T.);
#9259 = EDGE_CURVE('',#9251,#9260,#9262,.T.);
#9260 = VERTEX_POINT('',#9261);
#9261 = CARTESIAN_POINT('',(-0.170938871549,-1.009872999746,
    0.140687117081));
#9262 = B_SPLINE_CURVE_WITH_KNOTS('',3,(#9263,#9264,#9265,#9266),
  .UNSPECIFIED.,.F.,.F.,(4,4),(16.,17.),.PIECEWISE_BEZIER_KNOTS.);
#9263 = CARTESIAN_POINT('',(-0.143754313845,-1.009872999746,
    0.159774148835));
#9264 = CARTESIAN_POINT('',(-0.156189806822,-1.009872999746,
    0.159774148835));
#9265 = CARTESIAN_POINT('',(-0.166890108574,-1.009872999746,
    0.151676622887));
#9266 = CARTESIAN_POINT('',(-0.170938871549,-1.009872999746,
    0.140687117081));
#9267 = ORIENTED_EDGE('',*,*,#9268,.T.);
#9268 = EDGE_CURVE('',#9260,#9269,#9271,.T.);
#9269 = VERTEX_POINT('',#9270);
#9270 = CARTESIAN_POINT('',(-0.188290717596,-1.009872999746,
    0.167293283226));
#9271 = B_SPLINE_CURVE_WITH_KNOTS('',3,(#9272,#9273,#9274,#9275),
  .UNSPECIFIED.,.F.,.F.,(4,4),(17.,18.),.PIECEWISE_BEZIER_KNOTS.);
#9272 = CARTESIAN_POINT('',(-0.170938871549,-1.009872999746,
    0.140687117081));
#9273 = CARTESIAN_POINT('',(-0.181060781743,-1.009872999746,
    0.14531427713));
#9274 = CARTESIAN_POINT('',(-0.188290717596,-1.009872999746,
    0.155436187323));
#9275 = CARTESIAN_POINT('',(-0.188290717596,-1.009872999746,
    0.167293283226));
#9276 = ORIENTED_EDGE('',*,*,#9277,.T.);
#9277 = EDGE_CURVE('',#9269,#9278,#9280,.T.);
#9278 = VERTEX_POINT('',#9279);
#9279 = CARTESIAN_POINT('',(-0.159370974184,-1.009872999746,
    0.196213026637));
#9280 = B_SPLINE_CURVE_WITH_KNOTS('',3,(#9281,#9282,#9283,#9284),
  .UNSPECIFIED.,.F.,.F.,(4,4),(18.,19.),.PIECEWISE_BEZIER_KNOTS.);
#9281 = CARTESIAN_POINT('',(-0.188290717596,-1.009872999746,
    0.167293283226));
#9282 = CARTESIAN_POINT('',(-0.188290717596,-1.009872999746,
    0.183199142102));
#9283 = CARTESIAN_POINT('',(-0.175276833061,-1.009872999746,
    0.196213026637));
#9284 = CARTESIAN_POINT('',(-0.159370974184,-1.009872999746,
    0.196213026637));
#9285 = ORIENTED_EDGE('',*,*,#9286,.T.);
#9286 = EDGE_CURVE('',#9278,#9287,#9289,.T.);
#9287 = VERTEX_POINT('',#9288);
#9288 = CARTESIAN_POINT('',(-0.144043512383,-1.009872999746,
    0.191875065125));
#9289 = B_SPLINE_CURVE_WITH_KNOTS('',3,(#9290,#9291,#9292,#9293),
  .UNSPECIFIED.,.F.,.F.,(4,4),(19.,20.),.PIECEWISE_BEZIER_KNOTS.);
#9290 = CARTESIAN_POINT('',(-0.159370974184,-1.009872999746,
    0.196213026637));
#9291 = CARTESIAN_POINT('',(-0.153876224039,-1.009872999746,
    0.196213026637));
#9292 = CARTESIAN_POINT('',(-0.148381473894,-1.009872999746,
    0.194477840929));
#9293 = CARTESIAN_POINT('',(-0.144043512383,-1.009872999746,
    0.191875065125));
#9294 = ORIENTED_EDGE('',*,*,#9295,.T.);
#9295 = EDGE_CURVE('',#9287,#9296,#9298,.T.);
#9296 = VERTEX_POINT('',#9297);
#9297 = CARTESIAN_POINT('',(-0.10529106283,-1.009872999746,
    0.219638003355));
#9298 = B_SPLINE_CURVE_WITH_KNOTS('',3,(#9299,#9300,#9301,#9302),
  .UNSPECIFIED.,.F.,.F.,(4,4),(20.,21.),.PIECEWISE_BEZIER_KNOTS.);
#9299 = CARTESIAN_POINT('',(-0.144043512383,-1.009872999746,
    0.191875065125));
#9300 = CARTESIAN_POINT('',(-0.138548767754,-1.009872999746,
    0.208070105991));
#9301 = CARTESIAN_POINT('',(-0.123510498973,-1.009872999746,
    0.219638003355));
#9302 = CARTESIAN_POINT('',(-0.10529106283,-1.009872999746,
    0.219638003355));
#9303 = ORIENTED_EDGE('',*,*,#9304,.T.);
#9304 = EDGE_CURVE('',#9296,#9305,#9307,.T.);
#9305 = VERTEX_POINT('',#9306);
#9306 = CARTESIAN_POINT('',(-6.480342205433E-02,-1.009872999746,
    0.183488324091));
#9307 = B_SPLINE_CURVE_WITH_KNOTS('',3,(#9308,#9309,#9310,#9311),
  .UNSPECIFIED.,.F.,.F.,(4,4),(21.,22.),.PIECEWISE_BEZIER_KNOTS.);
#9308 = CARTESIAN_POINT('',(-0.10529106283,-1.009872999746,
    0.219638003355));
#9309 = CARTESIAN_POINT('',(-8.446884536764E-02,-1.009872999746,
    0.219638003355));
#9310 = CARTESIAN_POINT('',(-6.711699932089E-02,-1.009872999746,
    0.203732144479));
#9311 = CARTESIAN_POINT('',(-6.480342205433E-02,-1.009872999746,
    0.183488324091));
#9312 = ORIENTED_EDGE('',*,*,#9313,.T.);
#9313 = EDGE_CURVE('',#9305,#9314,#9316,.T.);
#9314 = VERTEX_POINT('',#9315);
#9315 = CARTESIAN_POINT('',(-6.248984478778E-02,-1.009872999746,
    0.183488324091));
#9316 = B_SPLINE_CURVE_WITH_KNOTS('',3,(#9317,#9318,#9319,#9320),
  .UNSPECIFIED.,.F.,.F.,(4,4),(22.,23.),.PIECEWISE_BEZIER_KNOTS.);
#9317 = CARTESIAN_POINT('',(-6.480342205433E-02,-1.009872999746,
    0.183488324091));
#9318 = CARTESIAN_POINT('',(-6.393583195845E-02,-1.009872999746,
    0.183488324091));
#9319 = CARTESIAN_POINT('',(-6.335743488381E-02,-1.009872999746,
    0.183488324091));
#9320 = CARTESIAN_POINT('',(-6.248984478778E-02,-1.009872999746,
    0.183488324091));
#9321 = ORIENTED_EDGE('',*,*,#9322,.T.);
#9322 = EDGE_CURVE('',#9314,#9323,#9325,.T.);
#9323 = VERTEX_POINT('',#9324);
#9324 = CARTESIAN_POINT('',(-3.993244713328E-02,-1.009872999746,
    0.160930926437));
#9325 = B_SPLINE_CURVE_WITH_KNOTS('',3,(#9326,#9327,#9328,#9329),
  .UNSPECIFIED.,.F.,.F.,(4,4),(23.,24.),.PIECEWISE_BEZIER_KNOTS.);
#9326 = CARTESIAN_POINT('',(-6.248984478778E-02,-1.009872999746,
    0.183488324091));
#9327 = CARTESIAN_POINT('',(-5.005435732725E-02,-1.009872999746,
    0.183488324091));
#9328 = CARTESIAN_POINT('',(-3.993244713328E-02,-1.009872999746,
    0.173366413897));
#9329 = CARTESIAN_POINT('',(-3.993244713328E-02,-1.009872999746,
    0.160930926437));
#9330 = ORIENTED_EDGE('',*,*,#9331,.T.);
#9331 = EDGE_CURVE('',#9323,#9332,#9334,.T.);
#9332 = VERTEX_POINT('',#9333);
#9333 = CARTESIAN_POINT('',(-6.075466459587E-02,-1.009872999746,
    0.138373528782));
#9334 = B_SPLINE_CURVE_WITH_KNOTS('',3,(#9335,#9336,#9337,#9338),
  .UNSPECIFIED.,.F.,.F.,(4,4),(24.,25.),.PIECEWISE_BEZIER_KNOTS.);
#9335 = CARTESIAN_POINT('',(-3.993244713328E-02,-1.009872999746,
    0.160930926437));
#9336 = CARTESIAN_POINT('',(-3.993244713328E-02,-1.009872999746,
    0.149073830535));
#9337 = CARTESIAN_POINT('',(-4.889756317811E-02,-1.009872999746,
    0.139241118878));
#9338 = CARTESIAN_POINT('',(-6.075466459587E-02,-1.009872999746,
    0.138373528782));
#9339 = ORIENTED_EDGE('',*,*,#9340,.T.);
#9340 = EDGE_CURVE('',#9332,#9341,#9343,.T.);
#9341 = VERTEX_POINT('',#9342);
#9342 = CARTESIAN_POINT('',(-7.376854913103E-02,-1.009872999746,
    0.138373528782));
#9343 = LINE('',#9344,#9345);
#9344 = CARTESIAN_POINT('',(-6.075466459587E-02,-1.009872999746,
    0.138373528782));
#9345 = VECTOR('',#9346,1.);
#9346 = DIRECTION('',(-1.,0.,0.));
#9347 = ORIENTED_EDGE('',*,*,#9348,.T.);
#9348 = EDGE_CURVE('',#9341,#9349,#9351,.T.);
#9349 = VERTEX_POINT('',#9350);
#9350 = CARTESIAN_POINT('',(-7.550372932295E-02,-1.009872999746,
    0.138662721803));
#9351 = B_SPLINE_CURVE_WITH_KNOTS('',3,(#9352,#9353,#9354,#9355),
  .UNSPECIFIED.,.F.,.F.,(4,4),(26.,27.),.PIECEWISE_BEZIER_KNOTS.);
#9352 = CARTESIAN_POINT('',(-7.376854913103E-02,-1.009872999746,
    0.138373528782));
#9353 = CARTESIAN_POINT('',(-7.434694620567E-02,-1.009872999746,
    0.138373528782));
#9354 = CARTESIAN_POINT('',(-7.492534328031E-02,-1.009872999746,
    0.138662721803));
#9355 = CARTESIAN_POINT('',(-7.550372932295E-02,-1.009872999746,
    0.138662721803));
#9356 = ORIENTED_EDGE('',*,*,#9357,.T.);
#9357 = EDGE_CURVE('',#9349,#9358,#9360,.T.);
#9358 = VERTEX_POINT('',#9359);
#9359 = CARTESIAN_POINT('',(-8.446884536764E-02,-1.009872999746,
    0.129697605759));
#9360 = B_SPLINE_CURVE_WITH_KNOTS('',3,(#9361,#9362,#9363,#9364),
  .UNSPECIFIED.,.F.,.F.,(4,4),(27.,28.),.PIECEWISE_BEZIER_KNOTS.);
#9361 = CARTESIAN_POINT('',(-7.550372932295E-02,-1.009872999746,
    0.138662721803));
#9362 = CARTESIAN_POINT('',(-8.042008790931E-02,-1.009872999746,
    0.138662721803));
#9363 = CARTESIAN_POINT('',(-8.446884536764E-02,-1.009872999746,
    0.134613953313));
#9364 = CARTESIAN_POINT('',(-8.446884536764E-02,-1.009872999746,
    0.129697605759));
#9365 = ORIENTED_EDGE('',*,*,#9366,.T.);
#9366 = EDGE_CURVE('',#9358,#9367,#9369,.T.);
#9367 = VERTEX_POINT('',#9368);
#9368 = CARTESIAN_POINT('',(-7.608211536558E-02,-1.009872999746,
    0.120732489714));
#9369 = B_SPLINE_CURVE_WITH_KNOTS('',3,(#9370,#9371,#9372,#9373),
  .UNSPECIFIED.,.F.,.F.,(4,4),(28.,29.),.PIECEWISE_BEZIER_KNOTS.);
#9370 = CARTESIAN_POINT('',(-8.446884536764E-02,-1.009872999746,
    0.129697605759));
#9371 = CARTESIAN_POINT('',(-8.446884536764E-02,-1.009872999746,
    0.125070451226));
#9372 = CARTESIAN_POINT('',(-8.07092809307E-02,-1.009872999746,
    0.121021682735));
#9373 = CARTESIAN_POINT('',(-7.608211536558E-02,-1.009872999746,
    0.120732489714));
#9374 = ORIENTED_EDGE('',*,*,#9375,.T.);
#9375 = EDGE_CURVE('',#9367,#9376,#9378,.T.);
#9376 = VERTEX_POINT('',#9377);
#9377 = CARTESIAN_POINT('',(-5.901947337194E-02,-1.009872999746,
    0.120732489714));
#9378 = LINE('',#9379,#9380);
#9379 = CARTESIAN_POINT('',(-7.608211536558E-02,-1.009872999746,
    0.120732489714));
#9380 = VECTOR('',#9381,1.);
#9381 = DIRECTION('',(1.,0.,0.));
#9382 = ORIENTED_EDGE('',*,*,#9383,.T.);
#9383 = EDGE_CURVE('',#9376,#9384,#9386,.T.);
#9384 = VERTEX_POINT('',#9385);
#9385 = CARTESIAN_POINT('',(-3.27025112805E-02,-1.009872999746,
    0.133746374249));
#9386 = B_SPLINE_CURVE_WITH_KNOTS('',3,(#9387,#9388,#9389,#9390),
  .UNSPECIFIED.,.F.,.F.,(4,4),(33.,34.),.PIECEWISE_BEZIER_KNOTS.);
#9387 = CARTESIAN_POINT('',(-5.901947337194E-02,-1.009872999746,
    0.120732489714));
#9388 = CARTESIAN_POINT('',(-4.889756317811E-02,-1.009872999746,
    0.12160007981));
#9389 = CARTESIAN_POINT('',(-3.964324307989E-02,-1.009872999746,
    0.126227245375));
#9390 = CARTESIAN_POINT('',(-3.27025112805E-02,-1.009872999746,
    0.133746374249));
#9391 = ORIENTED_EDGE('',*,*,#9392,.T.);
#9392 = EDGE_CURVE('',#9384,#9108,#9393,.T.);
#9393 = B_SPLINE_CURVE_WITH_KNOTS('',3,(#9394,#9395,#9396,#9397),
  .UNSPECIFIED.,.F.,.F.,(4,4),(34.,35.),.PIECEWISE_BEZIER_KNOTS.);
#9394 = CARTESIAN_POINT('',(-3.27025112805E-02,-1.009872999746,
    0.133746374249));
#9395 = CARTESIAN_POINT('',(-2.576176844883E-02,-1.009872999746,
    0.141265503123));
#9396 = CARTESIAN_POINT('',(-2.200220401175E-02,-1.009872999746,
    0.151098220296));
#9397 = CARTESIAN_POINT('',(-2.200220401175E-02,-1.009872999746,
    0.16122013049));
#9398 = FACE_BOUND('',#9399,.T.);
#9399 = EDGE_LOOP('',(#9400,#9414));
#9400 = ORIENTED_EDGE('',*,*,#9401,.F.);
#9401 = EDGE_CURVE('',#9402,#9404,#9406,.T.);
#9402 = VERTEX_POINT('',#9403);
#9403 = CARTESIAN_POINT('',(-0.144043517899,-1.009872999746,
    0.118997287458));
#9404 = VERTEX_POINT('',#9405);
#9405 = CARTESIAN_POINT('',(-0.144043517899,-1.009872999746,
    0.141554696144));
#9406 = B_SPLINE_CURVE_WITH_KNOTS('',3,(#9407,#9408,#9409,#9410,#9411,
    #9412,#9413),.UNSPECIFIED.,.F.,.F.,(4,3,4),(0.,1.,2.),
  .PIECEWISE_BEZIER_KNOTS.);
#9407 = CARTESIAN_POINT('',(-0.144043517899,-1.009872999746,
    0.118997287458));
#9408 = CARTESIAN_POINT('',(-0.137681177658,-1.009872999746,
    0.118997287458));
#9409 = CARTESIAN_POINT('',(-0.132764819071,-1.009872999746,
    0.124202850098));
#9410 = CARTESIAN_POINT('',(-0.132764819071,-1.009872999746,
    0.130275991801));
#9411 = CARTESIAN_POINT('',(-0.132764819071,-1.009872999746,
    0.136638337558));
#9412 = CARTESIAN_POINT('',(-0.137970370679,-1.009872999746,
    0.141554696144));
#9413 = CARTESIAN_POINT('',(-0.144043517899,-1.009872999746,
    0.141554696144));
#9414 = ORIENTED_EDGE('',*,*,#9415,.F.);
#9415 = EDGE_CURVE('',#9404,#9402,#9416,.T.);
#9416 = B_SPLINE_CURVE_WITH_KNOTS('',3,(#9417,#9418,#9419,#9420,#9421,
    #9422),.UNSPECIFIED.,.F.,.F.,(4,2,4),(2.,3.,4.),.UNSPECIFIED.);
#9417 = CARTESIAN_POINT('',(-0.144043517899,-1.009872999746,
    0.141554696144));
#9418 = CARTESIAN_POINT('',(-0.150116665118,-1.009872999746,
    0.141554696144));
#9419 = CARTESIAN_POINT('',(-0.155322216726,-1.009872999746,
    0.136638337558));
#9420 = CARTESIAN_POINT('',(-0.155322216726,-1.009872999746,
    0.123913646044));
#9421 = CARTESIAN_POINT('',(-0.150116665118,-1.009872999746,
    0.118997287458));
#9422 = CARTESIAN_POINT('',(-0.144043517899,-1.009872999746,
    0.118997287458));
#9423 = PLANE('',#9424);
#9424 = AXIS2_PLACEMENT_3D('',#9425,#9426,#9427);
#9425 = CARTESIAN_POINT('',(-3.024432922927E-02,-1.009872999746,
    0.184717413738));
#9426 = DIRECTION('',(0.,1.,0.));
#9427 = DIRECTION('',(0.,-0.,1.));
#9428 = ADVANCED_FACE('',(#9429),#9445,.F.);
#9429 = FACE_BOUND('',#9430,.F.);
#9430 = EDGE_LOOP('',(#9431,#9437,#9438,#9444));
#9431 = ORIENTED_EDGE('',*,*,#9432,.F.);
#9432 = EDGE_CURVE('',#9108,#1404,#9433,.T.);
#9433 = LINE('',#9434,#9435);
#9434 = CARTESIAN_POINT('',(-2.200220401175E-02,-1.009872999746,
    0.16122013049));
#9435 = VECTOR('',#9436,1.);
#9436 = DIRECTION('',(-1.084202172486E-16,1.,0.));
#9437 = ORIENTED_EDGE('',*,*,#9107,.T.);
#9438 = ORIENTED_EDGE('',*,*,#9439,.T.);
#9439 = EDGE_CURVE('',#9110,#1406,#9440,.T.);
#9440 = LINE('',#9441,#9442);
#9441 = CARTESIAN_POINT('',(-5.063274336989E-02,-1.009872999746,
    0.19910498443));
#9442 = VECTOR('',#9443,1.);
#9443 = DIRECTION('',(-1.084202172486E-16,1.,0.));
#9444 = ORIENTED_EDGE('',*,*,#1403,.F.);
#9445 = B_SPLINE_SURFACE_WITH_KNOTS('',3,1,(
    (#9446,#9447)
    ,(#9448,#9449)
    ,(#9450,#9451)
    ,(#9452,#9453
    )),.UNSPECIFIED.,.F.,.F.,.F.,(4,4),(2,2),(35.,36.),(0.,1.),
  .PIECEWISE_BEZIER_KNOTS.);
#9446 = CARTESIAN_POINT('',(-2.200220401175E-02,-1.009872999746,
    0.16122013049));
#9447 = CARTESIAN_POINT('',(-2.200220401175E-02,-0.999872999746,
    0.16122013049));
#9448 = CARTESIAN_POINT('',(-2.229139703314E-02,-1.009872999746,
    0.178571965505));
#9449 = CARTESIAN_POINT('',(-2.229139703314E-02,-0.999872999746,
    0.178571965505));
#9450 = CARTESIAN_POINT('',(-3.414849845103E-02,-1.009872999746,
    0.193899432822));
#9451 = CARTESIAN_POINT('',(-3.414849845103E-02,-0.999872999746,
    0.193899432822));
#9452 = CARTESIAN_POINT('',(-5.063274336989E-02,-1.009872999746,
    0.19910498443));
#9453 = CARTESIAN_POINT('',(-5.063274336989E-02,-0.999872999746,
    0.19910498443));
#9454 = ADVANCED_FACE('',(#9455),#9466,.F.);
#9455 = FACE_BOUND('',#9456,.F.);
#9456 = EDGE_LOOP('',(#9457,#9458,#9459,#9465));
#9457 = ORIENTED_EDGE('',*,*,#9439,.F.);
#9458 = ORIENTED_EDGE('',*,*,#9118,.T.);
#9459 = ORIENTED_EDGE('',*,*,#9460,.T.);
#9460 = EDGE_CURVE('',#9119,#1680,#9461,.T.);
#9461 = LINE('',#9462,#9463);
#9462 = CARTESIAN_POINT('',(-6.624940922486E-02,-1.009872999746,
    0.221951582001));
#9463 = VECTOR('',#9464,1.);
#9464 = DIRECTION('',(-1.084202172486E-16,1.,0.));
#9465 = ORIENTED_EDGE('',*,*,#1688,.F.);
#9466 = B_SPLINE_SURFACE_WITH_KNOTS('',3,1,(
    (#9467,#9468)
    ,(#9469,#9470)
    ,(#9471,#9472)
    ,(#9473,#9474
    )),.UNSPECIFIED.,.F.,.F.,.F.,(4,4),(2,2),(0.,1.),(0.,1.),
  .PIECEWISE_BEZIER_KNOTS.);
#9467 = CARTESIAN_POINT('',(-5.063274336989E-02,-1.009872999746,
    0.19910498443));
#9468 = CARTESIAN_POINT('',(-5.063274336989E-02,-0.999872999746,
    0.19910498443));
#9469 = CARTESIAN_POINT('',(-5.381391073233E-02,-1.009872999746,
    0.207780907453));
#9470 = CARTESIAN_POINT('',(-5.381391073233E-02,-0.999872999746,
    0.207780907453));
#9471 = CARTESIAN_POINT('',(-5.930866639333E-02,-1.009872999746,
    0.215589237623));
#9472 = CARTESIAN_POINT('',(-5.930866639333E-02,-0.999872999746,
    0.215589237623));
#9473 = CARTESIAN_POINT('',(-6.624940922486E-02,-1.009872999746,
    0.221951582001));
#9474 = CARTESIAN_POINT('',(-6.624940922486E-02,-0.999872999746,
    0.221951582001));
#9475 = ADVANCED_FACE('',(#9476),#9487,.F.);
#9476 = FACE_BOUND('',#9477,.F.);
#9477 = EDGE_LOOP('',(#9478,#9479,#9480,#9486));
#9478 = ORIENTED_EDGE('',*,*,#9460,.F.);
#9479 = ORIENTED_EDGE('',*,*,#9127,.T.);
#9480 = ORIENTED_EDGE('',*,*,#9481,.T.);
#9481 = EDGE_CURVE('',#9128,#1671,#9482,.T.);
#9482 = LINE('',#9483,#9484);
#9483 = CARTESIAN_POINT('',(-0.105580255852,-1.009872999746,
    0.236989849402));
#9484 = VECTOR('',#9485,1.);
#9485 = DIRECTION('',(-1.084202172486E-16,1.,0.));
#9486 = ORIENTED_EDGE('',*,*,#1679,.F.);
#9487 = B_SPLINE_SURFACE_WITH_KNOTS('',3,1,(
    (#9488,#9489)
    ,(#9490,#9491)
    ,(#9492,#9493)
    ,(#9494,#9495
    )),.UNSPECIFIED.,.F.,.F.,.F.,(4,4),(2,2),(1.,2.),(0.,1.),
  .PIECEWISE_BEZIER_KNOTS.);
#9488 = CARTESIAN_POINT('',(-6.624940922486E-02,-1.009872999746,
    0.221951582001));
#9489 = CARTESIAN_POINT('',(-6.624940922486E-02,-0.999872999746,
    0.221951582001));
#9490 = CARTESIAN_POINT('',(-7.723890951486E-02,-1.009872999746,
    0.231495098223));
#9491 = CARTESIAN_POINT('',(-7.723890951486E-02,-0.999872999746,
    0.231495098223));
#9492 = CARTESIAN_POINT('',(-9.112038414605E-02,-1.009872999746,
    0.236989849402));
#9493 = CARTESIAN_POINT('',(-9.112038414605E-02,-0.999872999746,
    0.236989849402));
#9494 = CARTESIAN_POINT('',(-0.105580255852,-1.009872999746,
    0.236989849402));
#9495 = CARTESIAN_POINT('',(-0.105580255852,-0.999872999746,
    0.236989849402));
#9496 = ADVANCED_FACE('',(#9497),#9508,.F.);
#9497 = FACE_BOUND('',#9498,.F.);
#9498 = EDGE_LOOP('',(#9499,#9500,#9501,#9507));
#9499 = ORIENTED_EDGE('',*,*,#9481,.F.);
#9500 = ORIENTED_EDGE('',*,*,#9136,.T.);
#9501 = ORIENTED_EDGE('',*,*,#9502,.T.);
#9502 = EDGE_CURVE('',#9137,#1662,#9503,.T.);
#9503 = LINE('',#9504,#9505);
#9504 = CARTESIAN_POINT('',(-0.140283947946,-1.009872999746,
    0.225711149196));
#9505 = VECTOR('',#9506,1.);
#9506 = DIRECTION('',(-1.084202172486E-16,1.,0.));
#9507 = ORIENTED_EDGE('',*,*,#1670,.F.);
#9508 = B_SPLINE_SURFACE_WITH_KNOTS('',3,1,(
    (#9509,#9510)
    ,(#9511,#9512)
    ,(#9513,#9514)
    ,(#9515,#9516
    )),.UNSPECIFIED.,.F.,.F.,.F.,(4,4),(2,2),(2.,3.),(0.,1.),
  .PIECEWISE_BEZIER_KNOTS.);
#9509 = CARTESIAN_POINT('',(-0.105580255852,-1.009872999746,
    0.236989849402));
#9510 = CARTESIAN_POINT('',(-0.105580255852,-0.999872999746,
    0.236989849402));
#9511 = CARTESIAN_POINT('',(-0.11830494185,-1.009872999746,
    0.236989849402));
#9512 = CARTESIAN_POINT('',(-0.11830494185,-0.999872999746,
    0.236989849402));
#9513 = CARTESIAN_POINT('',(-0.130162037751,-1.009872999746,
    0.232941085394));
#9514 = CARTESIAN_POINT('',(-0.130162037751,-0.999872999746,
    0.232941085394));
#9515 = CARTESIAN_POINT('',(-0.140283947946,-1.009872999746,
    0.225711149196));
#9516 = CARTESIAN_POINT('',(-0.140283947946,-0.999872999746,
    0.225711149196));
#9517 = ADVANCED_FACE('',(#9518),#9529,.F.);
#9518 = FACE_BOUND('',#9519,.F.);
#9519 = EDGE_LOOP('',(#9520,#9521,#9522,#9528));
#9520 = ORIENTED_EDGE('',*,*,#9502,.F.);
#9521 = ORIENTED_EDGE('',*,*,#9145,.T.);
#9522 = ORIENTED_EDGE('',*,*,#9523,.T.);
#9523 = EDGE_CURVE('',#9146,#1653,#9524,.T.);
#9524 = LINE('',#9525,#9526);
#9525 = CARTESIAN_POINT('',(-0.153008633943,-1.009872999746,
    0.212986461819));
#9526 = VECTOR('',#9527,1.);
#9527 = DIRECTION('',(-1.084202172486E-16,1.,0.));
#9528 = ORIENTED_EDGE('',*,*,#1661,.F.);
#9529 = B_SPLINE_SURFACE_WITH_KNOTS('',3,1,(
    (#9530,#9531)
    ,(#9532,#9533)
    ,(#9534,#9535)
    ,(#9536,#9537
    )),.UNSPECIFIED.,.F.,.F.,.F.,(4,4),(2,2),(3.,4.),(0.,1.),
  .PIECEWISE_BEZIER_KNOTS.);
#9530 = CARTESIAN_POINT('',(-0.140283947946,-1.009872999746,
    0.225711149196));
#9531 = CARTESIAN_POINT('',(-0.140283947946,-0.999872999746,
    0.225711149196));
#9532 = CARTESIAN_POINT('',(-0.145200306532,-1.009872999746,
    0.222240779159));
#9533 = CARTESIAN_POINT('',(-0.145200306532,-0.999872999746,
    0.222240779159));
#9534 = CARTESIAN_POINT('',(-0.149249069506,-1.009872999746,
    0.217902817648));
#9535 = CARTESIAN_POINT('',(-0.149249069506,-0.999872999746,
    0.217902817648));
#9536 = CARTESIAN_POINT('',(-0.153008633943,-1.009872999746,
    0.212986461819));
#9537 = CARTESIAN_POINT('',(-0.153008633943,-0.999872999746,
    0.212986461819));
#9538 = ADVANCED_FACE('',(#9539),#9550,.F.);
#9539 = FACE_BOUND('',#9540,.F.);
#9540 = EDGE_LOOP('',(#9541,#9542,#9543,#9549));
#9541 = ORIENTED_EDGE('',*,*,#9523,.F.);
#9542 = ORIENTED_EDGE('',*,*,#9154,.T.);
#9543 = ORIENTED_EDGE('',*,*,#9544,.T.);
#9544 = EDGE_CURVE('',#9155,#1644,#9545,.T.);
#9545 = LINE('',#9546,#9547);
#9546 = CARTESIAN_POINT('',(-0.159660172722,-1.009872999746,
    0.213564856136));
#9547 = VECTOR('',#9548,1.);
#9548 = DIRECTION('',(-1.084202172486E-16,1.,0.));
#9549 = ORIENTED_EDGE('',*,*,#1652,.F.);
#9550 = B_SPLINE_SURFACE_WITH_KNOTS('',3,1,(
    (#9551,#9552)
    ,(#9553,#9554)
    ,(#9555,#9556)
    ,(#9557,#9558
    )),.UNSPECIFIED.,.F.,.F.,.F.,(4,4),(2,2),(4.,5.),(0.,1.),
  .PIECEWISE_BEZIER_KNOTS.);
#9551 = CARTESIAN_POINT('',(-0.153008633943,-1.009872999746,
    0.212986461819));
#9552 = CARTESIAN_POINT('',(-0.153008633943,-0.999872999746,
    0.212986461819));
#9553 = CARTESIAN_POINT('',(-0.15532221121,-1.009872999746,
    0.213275660357));
#9554 = CARTESIAN_POINT('',(-0.15532221121,-0.999872999746,
    0.213275660357));
#9555 = CARTESIAN_POINT('',(-0.157346595455,-1.009872999746,
    0.213564856136));
#9556 = CARTESIAN_POINT('',(-0.157346595455,-0.999872999746,
    0.213564856136));
#9557 = CARTESIAN_POINT('',(-0.159660172722,-1.009872999746,
    0.213564856136));
#9558 = CARTESIAN_POINT('',(-0.159660172722,-0.999872999746,
    0.213564856136));
#9559 = ADVANCED_FACE('',(#9560),#9571,.F.);
#9560 = FACE_BOUND('',#9561,.F.);
#9561 = EDGE_LOOP('',(#9562,#9563,#9564,#9570));
#9562 = ORIENTED_EDGE('',*,*,#9544,.F.);
#9563 = ORIENTED_EDGE('',*,*,#9163,.T.);
#9564 = ORIENTED_EDGE('',*,*,#9565,.T.);
#9565 = EDGE_CURVE('',#9164,#1635,#9566,.T.);
#9566 = LINE('',#9567,#9568);
#9567 = CARTESIAN_POINT('',(-0.192917877645,-1.009872999746,
    0.199683378747));
#9568 = VECTOR('',#9569,1.);
#9569 = DIRECTION('',(-1.084202172486E-16,1.,0.));
#9570 = ORIENTED_EDGE('',*,*,#1643,.F.);
#9571 = B_SPLINE_SURFACE_WITH_KNOTS('',3,1,(
    (#9572,#9573)
    ,(#9574,#9575)
    ,(#9576,#9577)
    ,(#9578,#9579
    )),.UNSPECIFIED.,.F.,.F.,.F.,(4,4),(2,2),(5.,6.),(0.,1.),
  .PIECEWISE_BEZIER_KNOTS.);
#9572 = CARTESIAN_POINT('',(-0.159660172722,-1.009872999746,
    0.213564856136));
#9573 = CARTESIAN_POINT('',(-0.159660172722,-0.999872999746,
    0.213564856136));
#9574 = CARTESIAN_POINT('',(-0.17209566294,-1.009872999746,
    0.213564856136));
#9575 = CARTESIAN_POINT('',(-0.17209566294,-0.999872999746,
    0.213564856136));
#9576 = CARTESIAN_POINT('',(-0.183952756084,-1.009872999746,
    0.208648500308));
#9577 = CARTESIAN_POINT('',(-0.183952756084,-0.999872999746,
    0.208648500308));
#9578 = CARTESIAN_POINT('',(-0.192917877645,-1.009872999746,
    0.199683378747));
#9579 = CARTESIAN_POINT('',(-0.192917877645,-0.999872999746,
    0.199683378747));
#9580 = ADVANCED_FACE('',(#9581),#9592,.F.);
#9581 = FACE_BOUND('',#9582,.F.);
#9582 = EDGE_LOOP('',(#9583,#9584,#9585,#9591));
#9583 = ORIENTED_EDGE('',*,*,#9565,.F.);
#9584 = ORIENTED_EDGE('',*,*,#9172,.T.);
#9585 = ORIENTED_EDGE('',*,*,#9586,.T.);
#9586 = EDGE_CURVE('',#9173,#1626,#9587,.T.);
#9587 = LINE('',#9588,#9589);
#9588 = CARTESIAN_POINT('',(-0.206510164771,-1.009872999746,
    0.166714875119));
#9589 = VECTOR('',#9590,1.);
#9590 = DIRECTION('',(-1.084202172486E-16,1.,0.));
#9591 = ORIENTED_EDGE('',*,*,#1634,.F.);
#9592 = B_SPLINE_SURFACE_WITH_KNOTS('',3,1,(
    (#9593,#9594)
    ,(#9595,#9596)
    ,(#9597,#9598)
    ,(#9599,#9600
    )),.UNSPECIFIED.,.F.,.F.,.F.,(4,4),(2,2),(6.,7.),(0.,1.),
  .PIECEWISE_BEZIER_KNOTS.);
#9593 = CARTESIAN_POINT('',(-0.192917877645,-1.009872999746,
    0.199683378747));
#9594 = CARTESIAN_POINT('',(-0.192917877645,-0.999872999746,
    0.199683378747));
#9595 = CARTESIAN_POINT('',(-0.201593808253,-1.009872999746,
    0.191007458481));
#9596 = CARTESIAN_POINT('',(-0.201593808253,-0.999872999746,
    0.191007458481));
#9597 = CARTESIAN_POINT('',(-0.206510164771,-1.009872999746,
    0.179150362579));
#9598 = CARTESIAN_POINT('',(-0.206510164771,-0.999872999746,
    0.179150362579));
#9599 = CARTESIAN_POINT('',(-0.206510164771,-1.009872999746,
    0.166714875119));
#9600 = CARTESIAN_POINT('',(-0.206510164771,-0.999872999746,
    0.166714875119));
#9601 = ADVANCED_FACE('',(#9602),#9613,.F.);
#9602 = FACE_BOUND('',#9603,.F.);
#9603 = EDGE_LOOP('',(#9604,#9605,#9606,#9612));
#9604 = ORIENTED_EDGE('',*,*,#9586,.F.);
#9605 = ORIENTED_EDGE('',*,*,#9181,.T.);
#9606 = ORIENTED_EDGE('',*,*,#9607,.T.);
#9607 = EDGE_CURVE('',#9182,#1617,#9608,.T.);
#9608 = LINE('',#9609,#9610);
#9609 = CARTESIAN_POINT('',(-0.194363873089,-1.009872999746,
    0.13519236142));
#9610 = VECTOR('',#9611,1.);
#9611 = DIRECTION('',(-1.084202172486E-16,1.,0.));
#9612 = ORIENTED_EDGE('',*,*,#1625,.F.);
#9613 = B_SPLINE_SURFACE_WITH_KNOTS('',3,1,(
    (#9614,#9615)
    ,(#9616,#9617)
    ,(#9618,#9619)
    ,(#9620,#9621
    )),.UNSPECIFIED.,.F.,.F.,.F.,(4,4),(2,2),(7.,8.),(0.,1.),
  .PIECEWISE_BEZIER_KNOTS.);
#9614 = CARTESIAN_POINT('',(-0.206510164771,-1.009872999746,
    0.166714875119));
#9615 = CARTESIAN_POINT('',(-0.206510164771,-0.999872999746,
    0.166714875119));
#9616 = CARTESIAN_POINT('',(-0.206510164771,-1.009872999746,
    0.155146977754));
#9617 = CARTESIAN_POINT('',(-0.206510164771,-0.999872999746,
    0.155146977754));
#9618 = CARTESIAN_POINT('',(-0.202172203259,-1.009872999746,
    0.143868273411));
#9619 = CARTESIAN_POINT('',(-0.202172203259,-0.999872999746,
    0.143868273411));
#9620 = CARTESIAN_POINT('',(-0.194363873089,-1.009872999746,
    0.13519236142));
#9621 = CARTESIAN_POINT('',(-0.194363873089,-0.999872999746,
    0.13519236142));
#9622 = ADVANCED_FACE('',(#9623),#9634,.F.);
#9623 = FACE_BOUND('',#9624,.F.);
#9624 = EDGE_LOOP('',(#9625,#9626,#9627,#9633));
#9625 = ORIENTED_EDGE('',*,*,#9607,.F.);
#9626 = ORIENTED_EDGE('',*,*,#9190,.T.);
#9627 = ORIENTED_EDGE('',*,*,#9628,.T.);
#9628 = EDGE_CURVE('',#9191,#1608,#9629,.T.);
#9629 = LINE('',#9630,#9631);
#9630 = CARTESIAN_POINT('',(-0.17122807836,-1.009872999746,
    0.121310886788));
#9631 = VECTOR('',#9632,1.);
#9632 = DIRECTION('',(-1.084202172486E-16,1.,0.));
#9633 = ORIENTED_EDGE('',*,*,#1616,.F.);
#9634 = B_SPLINE_SURFACE_WITH_KNOTS('',3,1,(
    (#9635,#9636)
    ,(#9637,#9638)
    ,(#9639,#9640)
    ,(#9641,#9642
    )),.UNSPECIFIED.,.F.,.F.,.F.,(4,4),(2,2),(8.,9.),(0.,1.),
  .PIECEWISE_BEZIER_KNOTS.);
#9635 = CARTESIAN_POINT('',(-0.194363873089,-1.009872999746,
    0.13519236142));
#9636 = CARTESIAN_POINT('',(-0.194363873089,-0.999872999746,
    0.13519236142));
#9637 = CARTESIAN_POINT('',(-0.18800153009,-1.009872999746,
    0.128251618588));
#9638 = CARTESIAN_POINT('',(-0.18800153009,-0.999872999746,
    0.128251618588));
#9639 = CARTESIAN_POINT('',(-0.180193197163,-1.009872999746,
    0.123624464055));
#9640 = CARTESIAN_POINT('',(-0.180193197163,-0.999872999746,
    0.123624464055));
#9641 = CARTESIAN_POINT('',(-0.17122807836,-1.009872999746,
    0.121310886788));
#9642 = CARTESIAN_POINT('',(-0.17122807836,-0.999872999746,
    0.121310886788));
#9643 = ADVANCED_FACE('',(#9644),#9655,.F.);
#9644 = FACE_BOUND('',#9645,.F.);
#9645 = EDGE_LOOP('',(#9646,#9647,#9648,#9654));
#9646 = ORIENTED_EDGE('',*,*,#9628,.F.);
#9647 = ORIENTED_EDGE('',*,*,#9199,.T.);
#9648 = ORIENTED_EDGE('',*,*,#9649,.T.);
#9649 = EDGE_CURVE('',#9200,#1599,#9650,.T.);
#9650 = LINE('',#9651,#9652);
#9651 = CARTESIAN_POINT('',(-0.143754319361,-1.009872999746,
    0.101645463475));
#9652 = VECTOR('',#9653,1.);
#9653 = DIRECTION('',(-1.084202172486E-16,1.,0.));
#9654 = ORIENTED_EDGE('',*,*,#1607,.F.);
#9655 = B_SPLINE_SURFACE_WITH_KNOTS('',3,1,(
    (#9656,#9657)
    ,(#9658,#9659)
    ,(#9660,#9661)
    ,(#9662,#9663
    )),.UNSPECIFIED.,.F.,.F.,.F.,(4,4),(2,2),(9.,10.),(0.,1.),
  .PIECEWISE_BEZIER_KNOTS.);
#9656 = CARTESIAN_POINT('',(-0.17122807836,-1.009872999746,
    0.121310886788));
#9657 = CARTESIAN_POINT('',(-0.17122807836,-0.999872999746,
    0.121310886788));
#9658 = CARTESIAN_POINT('',(-0.167468511165,-1.009872999746,
    0.109742989424));
#9659 = CARTESIAN_POINT('',(-0.167468511165,-0.999872999746,
    0.109742989424));
#9660 = CARTESIAN_POINT('',(-0.156479010875,-1.009872999746,
    0.101645463475));
#9661 = CARTESIAN_POINT('',(-0.156479010875,-0.999872999746,
    0.101645463475));
#9662 = CARTESIAN_POINT('',(-0.143754319361,-1.009872999746,
    0.101645463475));
#9663 = CARTESIAN_POINT('',(-0.143754319361,-0.999872999746,
    0.101645463475));
#9664 = ADVANCED_FACE('',(#9665),#9676,.F.);
#9665 = FACE_BOUND('',#9666,.F.);
#9666 = EDGE_LOOP('',(#9667,#9668,#9669,#9675));
#9667 = ORIENTED_EDGE('',*,*,#9649,.F.);
#9668 = ORIENTED_EDGE('',*,*,#9208,.T.);
#9669 = ORIENTED_EDGE('',*,*,#9670,.T.);
#9670 = EDGE_CURVE('',#9209,#1590,#9671,.T.);
#9671 = LINE('',#9672,#9673);
#9672 = CARTESIAN_POINT('',(-0.11483457595,-1.009872999746,
    0.130565206886));
#9673 = VECTOR('',#9674,1.);
#9674 = DIRECTION('',(-1.084202172486E-16,1.,0.));
#9675 = ORIENTED_EDGE('',*,*,#1598,.F.);
#9676 = B_SPLINE_SURFACE_WITH_KNOTS('',3,1,(
    (#9677,#9678)
    ,(#9679,#9680)
    ,(#9681,#9682)
    ,(#9683,#9684
    )),.UNSPECIFIED.,.F.,.F.,.F.,(4,4),(2,2),(10.,11.),(0.,1.),
  .PIECEWISE_BEZIER_KNOTS.);
#9677 = CARTESIAN_POINT('',(-0.143754319361,-1.009872999746,
    0.101645463475));
#9678 = CARTESIAN_POINT('',(-0.143754319361,-0.999872999746,
    0.101645463475));
#9679 = CARTESIAN_POINT('',(-0.127848460485,-1.009872999746,
    0.101645463475));
#9680 = CARTESIAN_POINT('',(-0.127848460485,-0.999872999746,
    0.101645463475));
#9681 = CARTESIAN_POINT('',(-0.11483457595,-1.009872999746,0.11465934801
    ));
#9682 = CARTESIAN_POINT('',(-0.11483457595,-0.999872999746,0.11465934801
    ));
#9683 = CARTESIAN_POINT('',(-0.11483457595,-1.009872999746,
    0.130565206886));
#9684 = CARTESIAN_POINT('',(-0.11483457595,-0.999872999746,
    0.130565206886));
#9685 = ADVANCED_FACE('',(#9686),#9697,.F.);
#9686 = FACE_BOUND('',#9687,.T.);
#9687 = EDGE_LOOP('',(#9688,#9689,#9695,#9696));
#9688 = ORIENTED_EDGE('',*,*,#1589,.T.);
#9689 = ORIENTED_EDGE('',*,*,#9690,.F.);
#9690 = EDGE_CURVE('',#9218,#1582,#9691,.T.);
#9691 = LINE('',#9692,#9693);
#9692 = CARTESIAN_POINT('',(-0.11483457595,-1.009872999746,
    0.133457181228));
#9693 = VECTOR('',#9694,1.);
#9694 = DIRECTION('',(-1.084202172486E-16,1.,0.));
#9695 = ORIENTED_EDGE('',*,*,#9217,.F.);
#9696 = ORIENTED_EDGE('',*,*,#9670,.T.);
#9697 = PLANE('',#9698);
#9698 = AXIS2_PLACEMENT_3D('',#9699,#9700,#9701);
#9699 = CARTESIAN_POINT('',(-0.11483457595,-1.009872999746,
    0.130565206886));
#9700 = DIRECTION('',(-1.,-1.084202172486E-16,0.));
#9701 = DIRECTION('',(1.084202172486E-16,-1.,0.));
#9702 = ADVANCED_FACE('',(#9703),#9714,.F.);
#9703 = FACE_BOUND('',#9704,.T.);
#9704 = EDGE_LOOP('',(#9705,#9706,#9712,#9713));
#9705 = ORIENTED_EDGE('',*,*,#1581,.T.);
#9706 = ORIENTED_EDGE('',*,*,#9707,.F.);
#9707 = EDGE_CURVE('',#9227,#1574,#9708,.T.);
#9708 = LINE('',#9709,#9710);
#9709 = CARTESIAN_POINT('',(-7.434693517367E-02,-1.009872999746,
    0.154857790249));
#9710 = VECTOR('',#9711,1.);
#9711 = DIRECTION('',(-1.084202172486E-16,1.,0.));
#9712 = ORIENTED_EDGE('',*,*,#9226,.F.);
#9713 = ORIENTED_EDGE('',*,*,#9690,.T.);
#9714 = PLANE('',#9715);
#9715 = AXIS2_PLACEMENT_3D('',#9716,#9717,#9718);
#9716 = CARTESIAN_POINT('',(-0.11483457595,-1.009872999746,
    0.133457181228));
#9717 = DIRECTION('',(-0.467307306755,-5.066555972014E-17,0.884094950248
    ));
#9718 = DIRECTION('',(0.884094950248,0.,0.467307306755));
#9719 = ADVANCED_FACE('',(#9720),#9731,.F.);
#9720 = FACE_BOUND('',#9721,.T.);
#9721 = EDGE_LOOP('',(#9722,#9723,#9729,#9730));
#9722 = ORIENTED_EDGE('',*,*,#1573,.T.);
#9723 = ORIENTED_EDGE('',*,*,#9724,.F.);
#9724 = EDGE_CURVE('',#9235,#1566,#9725,.T.);
#9725 = LINE('',#9726,#9727);
#9726 = CARTESIAN_POINT('',(-8.33120512185E-02,-1.009872999746,
    0.170185257567));
#9727 = VECTOR('',#9728,1.);
#9728 = DIRECTION('',(-1.084202172486E-16,1.,0.));
#9729 = ORIENTED_EDGE('',*,*,#9234,.F.);
#9730 = ORIENTED_EDGE('',*,*,#9707,.T.);
#9731 = PLANE('',#9732);
#9732 = AXIS2_PLACEMENT_3D('',#9733,#9734,#9735);
#9733 = CARTESIAN_POINT('',(-7.434693517367E-02,-1.009872999746,
    0.154857790249));
#9734 = DIRECTION('',(-0.863187758941,-9.358700435071E-17,-0.50488304865
    ));
#9735 = DIRECTION('',(-0.50488304865,0.,0.863187758941));
#9736 = ADVANCED_FACE('',(#9737),#9748,.F.);
#9737 = FACE_BOUND('',#9738,.T.);
#9738 = EDGE_LOOP('',(#9739,#9740,#9746,#9747));
#9739 = ORIENTED_EDGE('',*,*,#1565,.T.);
#9740 = ORIENTED_EDGE('',*,*,#9741,.F.);
#9741 = EDGE_CURVE('',#9243,#1557,#9742,.T.);
#9742 = LINE('',#9743,#9744);
#9743 = CARTESIAN_POINT('',(-0.122064506287,-1.009872999746,
    0.149941437179));
#9744 = VECTOR('',#9745,1.);
#9745 = DIRECTION('',(-1.084202172486E-16,1.,0.));
#9746 = ORIENTED_EDGE('',*,*,#9242,.F.);
#9747 = ORIENTED_EDGE('',*,*,#9724,.T.);
#9748 = PLANE('',#9749);
#9749 = AXIS2_PLACEMENT_3D('',#9750,#9751,#9752);
#9750 = CARTESIAN_POINT('',(-8.33120512185E-02,-1.009872999746,
    0.170185257567));
#9751 = DIRECTION('',(0.463018065387,5.020051923922E-17,-0.886348842796)
  );
#9752 = DIRECTION('',(-0.886348842796,-3.08148791102E-33,-0.463018065387
    ));
#9753 = ADVANCED_FACE('',(#9754),#9765,.F.);
#9754 = FACE_BOUND('',#9755,.F.);
#9755 = EDGE_LOOP('',(#9756,#9757,#9758,#9764));
#9756 = ORIENTED_EDGE('',*,*,#9741,.F.);
#9757 = ORIENTED_EDGE('',*,*,#9250,.T.);
#9758 = ORIENTED_EDGE('',*,*,#9759,.T.);
#9759 = EDGE_CURVE('',#9251,#1548,#9760,.T.);
#9760 = LINE('',#9761,#9762);
#9761 = CARTESIAN_POINT('',(-0.143754313845,-1.009872999746,
    0.159774148835));
#9762 = VECTOR('',#9763,1.);
#9763 = DIRECTION('',(-1.084202172486E-16,1.,0.));
#9764 = ORIENTED_EDGE('',*,*,#1556,.F.);
#9765 = B_SPLINE_SURFACE_WITH_KNOTS('',3,1,(
    (#9766,#9767)
    ,(#9768,#9769)
    ,(#9770,#9771)
    ,(#9772,#9773
    )),.UNSPECIFIED.,.F.,.F.,.F.,(4,4),(2,2),(15.,16.),(0.,1.),
  .PIECEWISE_BEZIER_KNOTS.);
#9766 = CARTESIAN_POINT('',(-0.122064506287,-1.009872999746,
    0.149941437179));
#9767 = CARTESIAN_POINT('',(-0.122064506287,-0.999872999746,
    0.149941437179));
#9768 = CARTESIAN_POINT('',(-0.127270057894,-1.009872999746,
    0.156014584398));
#9769 = CARTESIAN_POINT('',(-0.127270057894,-0.999872999746,
    0.156014584398));
#9770 = CARTESIAN_POINT('',(-0.135078390822,-1.009872999746,
    0.159774148835));
#9771 = CARTESIAN_POINT('',(-0.135078390822,-0.999872999746,
    0.159774148835));
#9772 = CARTESIAN_POINT('',(-0.143754313845,-1.009872999746,
    0.159774148835));
#9773 = CARTESIAN_POINT('',(-0.143754313845,-0.999872999746,
    0.159774148835));
#9774 = ADVANCED_FACE('',(#9775),#9786,.F.);
#9775 = FACE_BOUND('',#9776,.F.);
#9776 = EDGE_LOOP('',(#9777,#9778,#9779,#9785));
#9777 = ORIENTED_EDGE('',*,*,#9759,.F.);
#9778 = ORIENTED_EDGE('',*,*,#9259,.T.);
#9779 = ORIENTED_EDGE('',*,*,#9780,.T.);
#9780 = EDGE_CURVE('',#9260,#1539,#9781,.T.);
#9781 = LINE('',#9782,#9783);
#9782 = CARTESIAN_POINT('',(-0.170938871549,-1.009872999746,
    0.140687117081));
#9783 = VECTOR('',#9784,1.);
#9784 = DIRECTION('',(-1.084202172486E-16,1.,0.));
#9785 = ORIENTED_EDGE('',*,*,#1547,.F.);
#9786 = B_SPLINE_SURFACE_WITH_KNOTS('',3,1,(
    (#9787,#9788)
    ,(#9789,#9790)
    ,(#9791,#9792)
    ,(#9793,#9794
    )),.UNSPECIFIED.,.F.,.F.,.F.,(4,4),(2,2),(16.,17.),(0.,1.),
  .PIECEWISE_BEZIER_KNOTS.);
#9787 = CARTESIAN_POINT('',(-0.143754313845,-1.009872999746,
    0.159774148835));
#9788 = CARTESIAN_POINT('',(-0.143754313845,-0.999872999746,
    0.159774148835));
#9789 = CARTESIAN_POINT('',(-0.156189806822,-1.009872999746,
    0.159774148835));
#9790 = CARTESIAN_POINT('',(-0.156189806822,-0.999872999746,
    0.159774148835));
#9791 = CARTESIAN_POINT('',(-0.166890108574,-1.009872999746,
    0.151676622887));
#9792 = CARTESIAN_POINT('',(-0.166890108574,-0.999872999746,
    0.151676622887));
#9793 = CARTESIAN_POINT('',(-0.170938871549,-1.009872999746,
    0.140687117081));
#9794 = CARTESIAN_POINT('',(-0.170938871549,-0.999872999746,
    0.140687117081));
#9795 = ADVANCED_FACE('',(#9796),#9807,.F.);
#9796 = FACE_BOUND('',#9797,.F.);
#9797 = EDGE_LOOP('',(#9798,#9799,#9800,#9806));
#9798 = ORIENTED_EDGE('',*,*,#9780,.F.);
#9799 = ORIENTED_EDGE('',*,*,#9268,.T.);
#9800 = ORIENTED_EDGE('',*,*,#9801,.T.);
#9801 = EDGE_CURVE('',#9269,#1530,#9802,.T.);
#9802 = LINE('',#9803,#9804);
#9803 = CARTESIAN_POINT('',(-0.188290717596,-1.009872999746,
    0.167293283226));
#9804 = VECTOR('',#9805,1.);
#9805 = DIRECTION('',(-1.084202172486E-16,1.,0.));
#9806 = ORIENTED_EDGE('',*,*,#1538,.F.);
#9807 = B_SPLINE_SURFACE_WITH_KNOTS('',3,1,(
    (#9808,#9809)
    ,(#9810,#9811)
    ,(#9812,#9813)
    ,(#9814,#9815
    )),.UNSPECIFIED.,.F.,.F.,.F.,(4,4),(2,2),(17.,18.),(0.,1.),
  .PIECEWISE_BEZIER_KNOTS.);
#9808 = CARTESIAN_POINT('',(-0.170938871549,-1.009872999746,
    0.140687117081));
#9809 = CARTESIAN_POINT('',(-0.170938871549,-0.999872999746,
    0.140687117081));
#9810 = CARTESIAN_POINT('',(-0.181060781743,-1.009872999746,
    0.14531427713));
#9811 = CARTESIAN_POINT('',(-0.181060781743,-0.999872999746,
    0.14531427713));
#9812 = CARTESIAN_POINT('',(-0.188290717596,-1.009872999746,
    0.155436187323));
#9813 = CARTESIAN_POINT('',(-0.188290717596,-0.999872999746,
    0.155436187323));
#9814 = CARTESIAN_POINT('',(-0.188290717596,-1.009872999746,
    0.167293283226));
#9815 = CARTESIAN_POINT('',(-0.188290717596,-0.999872999746,
    0.167293283226));
#9816 = ADVANCED_FACE('',(#9817),#9828,.F.);
#9817 = FACE_BOUND('',#9818,.F.);
#9818 = EDGE_LOOP('',(#9819,#9820,#9821,#9827));
#9819 = ORIENTED_EDGE('',*,*,#9801,.F.);
#9820 = ORIENTED_EDGE('',*,*,#9277,.T.);
#9821 = ORIENTED_EDGE('',*,*,#9822,.T.);
#9822 = EDGE_CURVE('',#9278,#1521,#9823,.T.);
#9823 = LINE('',#9824,#9825);
#9824 = CARTESIAN_POINT('',(-0.159370974184,-1.009872999746,
    0.196213026637));
#9825 = VECTOR('',#9826,1.);
#9826 = DIRECTION('',(-1.084202172486E-16,1.,0.));
#9827 = ORIENTED_EDGE('',*,*,#1529,.F.);
#9828 = B_SPLINE_SURFACE_WITH_KNOTS('',3,1,(
    (#9829,#9830)
    ,(#9831,#9832)
    ,(#9833,#9834)
    ,(#9835,#9836
    )),.UNSPECIFIED.,.F.,.F.,.F.,(4,4),(2,2),(18.,19.),(0.,1.),
  .PIECEWISE_BEZIER_KNOTS.);
#9829 = CARTESIAN_POINT('',(-0.188290717596,-1.009872999746,
    0.167293283226));
#9830 = CARTESIAN_POINT('',(-0.188290717596,-0.999872999746,
    0.167293283226));
#9831 = CARTESIAN_POINT('',(-0.188290717596,-1.009872999746,
    0.183199142102));
#9832 = CARTESIAN_POINT('',(-0.188290717596,-0.999872999746,
    0.183199142102));
#9833 = CARTESIAN_POINT('',(-0.175276833061,-1.009872999746,
    0.196213026637));
#9834 = CARTESIAN_POINT('',(-0.175276833061,-0.999872999746,
    0.196213026637));
#9835 = CARTESIAN_POINT('',(-0.159370974184,-1.009872999746,
    0.196213026637));
#9836 = CARTESIAN_POINT('',(-0.159370974184,-0.999872999746,
    0.196213026637));
#9837 = ADVANCED_FACE('',(#9838),#9849,.F.);
#9838 = FACE_BOUND('',#9839,.F.);
#9839 = EDGE_LOOP('',(#9840,#9841,#9842,#9848));
#9840 = ORIENTED_EDGE('',*,*,#9822,.F.);
#9841 = ORIENTED_EDGE('',*,*,#9286,.T.);
#9842 = ORIENTED_EDGE('',*,*,#9843,.T.);
#9843 = EDGE_CURVE('',#9287,#1512,#9844,.T.);
#9844 = LINE('',#9845,#9846);
#9845 = CARTESIAN_POINT('',(-0.144043512383,-1.009872999746,
    0.191875065125));
#9846 = VECTOR('',#9847,1.);
#9847 = DIRECTION('',(-1.084202172486E-16,1.,0.));
#9848 = ORIENTED_EDGE('',*,*,#1520,.F.);
#9849 = B_SPLINE_SURFACE_WITH_KNOTS('',3,1,(
    (#9850,#9851)
    ,(#9852,#9853)
    ,(#9854,#9855)
    ,(#9856,#9857
    )),.UNSPECIFIED.,.F.,.F.,.F.,(4,4),(2,2),(19.,20.),(0.,1.),
  .PIECEWISE_BEZIER_KNOTS.);
#9850 = CARTESIAN_POINT('',(-0.159370974184,-1.009872999746,
    0.196213026637));
#9851 = CARTESIAN_POINT('',(-0.159370974184,-0.999872999746,
    0.196213026637));
#9852 = CARTESIAN_POINT('',(-0.153876224039,-1.009872999746,
    0.196213026637));
#9853 = CARTESIAN_POINT('',(-0.153876224039,-0.999872999746,
    0.196213026637));
#9854 = CARTESIAN_POINT('',(-0.148381473894,-1.009872999746,
    0.194477840929));
#9855 = CARTESIAN_POINT('',(-0.148381473894,-0.999872999746,
    0.194477840929));
#9856 = CARTESIAN_POINT('',(-0.144043512383,-1.009872999746,
    0.191875065125));
#9857 = CARTESIAN_POINT('',(-0.144043512383,-0.999872999746,
    0.191875065125));
#9858 = ADVANCED_FACE('',(#9859),#9870,.F.);
#9859 = FACE_BOUND('',#9860,.F.);
#9860 = EDGE_LOOP('',(#9861,#9862,#9863,#9869));
#9861 = ORIENTED_EDGE('',*,*,#9843,.F.);
#9862 = ORIENTED_EDGE('',*,*,#9295,.T.);
#9863 = ORIENTED_EDGE('',*,*,#9864,.T.);
#9864 = EDGE_CURVE('',#9296,#1503,#9865,.T.);
#9865 = LINE('',#9866,#9867);
#9866 = CARTESIAN_POINT('',(-0.10529106283,-1.009872999746,
    0.219638003355));
#9867 = VECTOR('',#9868,1.);
#9868 = DIRECTION('',(-1.084202172486E-16,1.,0.));
#9869 = ORIENTED_EDGE('',*,*,#1511,.F.);
#9870 = B_SPLINE_SURFACE_WITH_KNOTS('',3,1,(
    (#9871,#9872)
    ,(#9873,#9874)
    ,(#9875,#9876)
    ,(#9877,#9878
    )),.UNSPECIFIED.,.F.,.F.,.F.,(4,4),(2,2),(20.,21.),(0.,1.),
  .PIECEWISE_BEZIER_KNOTS.);
#9871 = CARTESIAN_POINT('',(-0.144043512383,-1.009872999746,
    0.191875065125));
#9872 = CARTESIAN_POINT('',(-0.144043512383,-0.999872999746,
    0.191875065125));
#9873 = CARTESIAN_POINT('',(-0.138548767754,-1.009872999746,
    0.208070105991));
#9874 = CARTESIAN_POINT('',(-0.138548767754,-0.999872999746,
    0.208070105991));
#9875 = CARTESIAN_POINT('',(-0.123510498973,-1.009872999746,
    0.219638003355));
#9876 = CARTESIAN_POINT('',(-0.123510498973,-0.999872999746,
    0.219638003355));
#9877 = CARTESIAN_POINT('',(-0.10529106283,-1.009872999746,
    0.219638003355));
#9878 = CARTESIAN_POINT('',(-0.10529106283,-0.999872999746,
    0.219638003355));
#9879 = ADVANCED_FACE('',(#9880),#9891,.F.);
#9880 = FACE_BOUND('',#9881,.F.);
#9881 = EDGE_LOOP('',(#9882,#9883,#9884,#9890));
#9882 = ORIENTED_EDGE('',*,*,#9864,.F.);
#9883 = ORIENTED_EDGE('',*,*,#9304,.T.);
#9884 = ORIENTED_EDGE('',*,*,#9885,.T.);
#9885 = EDGE_CURVE('',#9305,#1494,#9886,.T.);
#9886 = LINE('',#9887,#9888);
#9887 = CARTESIAN_POINT('',(-6.480342205433E-02,-1.009872999746,
    0.183488324091));
#9888 = VECTOR('',#9889,1.);
#9889 = DIRECTION('',(-1.084202172486E-16,1.,0.));
#9890 = ORIENTED_EDGE('',*,*,#1502,.F.);
#9891 = B_SPLINE_SURFACE_WITH_KNOTS('',3,1,(
    (#9892,#9893)
    ,(#9894,#9895)
    ,(#9896,#9897)
    ,(#9898,#9899
    )),.UNSPECIFIED.,.F.,.F.,.F.,(4,4),(2,2),(21.,22.),(0.,1.),
  .PIECEWISE_BEZIER_KNOTS.);
#9892 = CARTESIAN_POINT('',(-0.10529106283,-1.009872999746,
    0.219638003355));
#9893 = CARTESIAN_POINT('',(-0.10529106283,-0.999872999746,
    0.219638003355));
#9894 = CARTESIAN_POINT('',(-8.446884536764E-02,-1.009872999746,
    0.219638003355));
#9895 = CARTESIAN_POINT('',(-8.446884536764E-02,-0.999872999746,
    0.219638003355));
#9896 = CARTESIAN_POINT('',(-6.711699932089E-02,-1.009872999746,
    0.203732144479));
#9897 = CARTESIAN_POINT('',(-6.711699932089E-02,-0.999872999746,
    0.203732144479));
#9898 = CARTESIAN_POINT('',(-6.480342205433E-02,-1.009872999746,
    0.183488324091));
#9899 = CARTESIAN_POINT('',(-6.480342205433E-02,-0.999872999746,
    0.183488324091));
#9900 = ADVANCED_FACE('',(#9901),#9912,.F.);
#9901 = FACE_BOUND('',#9902,.T.);
#9902 = EDGE_LOOP('',(#9903,#9904,#9910,#9911));
#9903 = ORIENTED_EDGE('',*,*,#1493,.T.);
#9904 = ORIENTED_EDGE('',*,*,#9905,.F.);
#9905 = EDGE_CURVE('',#9314,#1485,#9906,.T.);
#9906 = LINE('',#9907,#9908);
#9907 = CARTESIAN_POINT('',(-6.248984478778E-02,-1.009872999746,
    0.183488324091));
#9908 = VECTOR('',#9909,1.);
#9909 = DIRECTION('',(-1.084202172486E-16,1.,0.));
#9910 = ORIENTED_EDGE('',*,*,#9313,.F.);
#9911 = ORIENTED_EDGE('',*,*,#9885,.T.);
#9912 = PLANE('',#9913);
#9913 = AXIS2_PLACEMENT_3D('',#9914,#9915,#9916);
#9914 = CARTESIAN_POINT('',(-6.480342205433E-02,-1.009872999746,
    0.183488324091));
#9915 = DIRECTION('',(0.,0.,1.));
#9916 = DIRECTION('',(1.,0.,-0.));
#9917 = ADVANCED_FACE('',(#9918),#9929,.F.);
#9918 = FACE_BOUND('',#9919,.F.);
#9919 = EDGE_LOOP('',(#9920,#9921,#9922,#9928));
#9920 = ORIENTED_EDGE('',*,*,#9905,.F.);
#9921 = ORIENTED_EDGE('',*,*,#9322,.T.);
#9922 = ORIENTED_EDGE('',*,*,#9923,.T.);
#9923 = EDGE_CURVE('',#9323,#1476,#9924,.T.);
#9924 = LINE('',#9925,#9926);
#9925 = CARTESIAN_POINT('',(-3.993244713328E-02,-1.009872999746,
    0.160930926437));
#9926 = VECTOR('',#9927,1.);
#9927 = DIRECTION('',(-1.084202172486E-16,1.,0.));
#9928 = ORIENTED_EDGE('',*,*,#1484,.F.);
#9929 = B_SPLINE_SURFACE_WITH_KNOTS('',3,1,(
    (#9930,#9931)
    ,(#9932,#9933)
    ,(#9934,#9935)
    ,(#9936,#9937
    )),.UNSPECIFIED.,.F.,.F.,.F.,(4,4),(2,2),(23.,24.),(0.,1.),
  .PIECEWISE_BEZIER_KNOTS.);
#9930 = CARTESIAN_POINT('',(-6.248984478778E-02,-1.009872999746,
    0.183488324091));
#9931 = CARTESIAN_POINT('',(-6.248984478778E-02,-0.999872999746,
    0.183488324091));
#9932 = CARTESIAN_POINT('',(-5.005435732725E-02,-1.009872999746,
    0.183488324091));
#9933 = CARTESIAN_POINT('',(-5.005435732725E-02,-0.999872999746,
    0.183488324091));
#9934 = CARTESIAN_POINT('',(-3.993244713328E-02,-1.009872999746,
    0.173366413897));
#9935 = CARTESIAN_POINT('',(-3.993244713328E-02,-0.999872999746,
    0.173366413897));
#9936 = CARTESIAN_POINT('',(-3.993244713328E-02,-1.009872999746,
    0.160930926437));
#9937 = CARTESIAN_POINT('',(-3.993244713328E-02,-0.999872999746,
    0.160930926437));
#9938 = ADVANCED_FACE('',(#9939),#9950,.F.);
#9939 = FACE_BOUND('',#9940,.F.);
#9940 = EDGE_LOOP('',(#9941,#9942,#9943,#9949));
#9941 = ORIENTED_EDGE('',*,*,#9923,.F.);
#9942 = ORIENTED_EDGE('',*,*,#9331,.T.);
#9943 = ORIENTED_EDGE('',*,*,#9944,.T.);
#9944 = EDGE_CURVE('',#9332,#1468,#9945,.T.);
#9945 = LINE('',#9946,#9947);
#9946 = CARTESIAN_POINT('',(-6.075466459587E-02,-1.009872999746,
    0.138373528782));
#9947 = VECTOR('',#9948,1.);
#9948 = DIRECTION('',(-1.084202172486E-16,1.,0.));
#9949 = ORIENTED_EDGE('',*,*,#1475,.F.);
#9950 = B_SPLINE_SURFACE_WITH_KNOTS('',3,1,(
    (#9951,#9952)
    ,(#9953,#9954)
    ,(#9955,#9956)
    ,(#9957,#9958
    )),.UNSPECIFIED.,.F.,.F.,.F.,(4,4),(2,2),(24.,25.),(0.,1.),
  .PIECEWISE_BEZIER_KNOTS.);
#9951 = CARTESIAN_POINT('',(-3.993244713328E-02,-1.009872999746,
    0.160930926437));
#9952 = CARTESIAN_POINT('',(-3.993244713328E-02,-0.999872999746,
    0.160930926437));
#9953 = CARTESIAN_POINT('',(-3.993244713328E-02,-1.009872999746,
    0.149073830535));
#9954 = CARTESIAN_POINT('',(-3.993244713328E-02,-0.999872999746,
    0.149073830535));
#9955 = CARTESIAN_POINT('',(-4.889756317811E-02,-1.009872999746,
    0.139241118878));
#9956 = CARTESIAN_POINT('',(-4.889756317811E-02,-0.999872999746,
    0.139241118878));
#9957 = CARTESIAN_POINT('',(-6.075466459587E-02,-1.009872999746,
    0.138373528782));
#9958 = CARTESIAN_POINT('',(-6.075466459587E-02,-0.999872999746,
    0.138373528782));
#9959 = ADVANCED_FACE('',(#9960),#9971,.F.);
#9960 = FACE_BOUND('',#9961,.T.);
#9961 = EDGE_LOOP('',(#9962,#9963,#9969,#9970));
#9962 = ORIENTED_EDGE('',*,*,#1467,.T.);
#9963 = ORIENTED_EDGE('',*,*,#9964,.F.);
#9964 = EDGE_CURVE('',#9341,#1459,#9965,.T.);
#9965 = LINE('',#9966,#9967);
#9966 = CARTESIAN_POINT('',(-7.376854913103E-02,-1.009872999746,
    0.138373528782));
#9967 = VECTOR('',#9968,1.);
#9968 = DIRECTION('',(-1.084202172486E-16,1.,0.));
#9969 = ORIENTED_EDGE('',*,*,#9340,.F.);
#9970 = ORIENTED_EDGE('',*,*,#9944,.T.);
#9971 = PLANE('',#9972);
#9972 = AXIS2_PLACEMENT_3D('',#9973,#9974,#9975);
#9973 = CARTESIAN_POINT('',(-6.075466459587E-02,-1.009872999746,
    0.138373528782));
#9974 = DIRECTION('',(0.,0.,-1.));
#9975 = DIRECTION('',(-1.,0.,0.));
#9976 = ADVANCED_FACE('',(#9977),#9988,.F.);
#9977 = FACE_BOUND('',#9978,.F.);
#9978 = EDGE_LOOP('',(#9979,#9980,#9981,#9987));
#9979 = ORIENTED_EDGE('',*,*,#9964,.F.);
#9980 = ORIENTED_EDGE('',*,*,#9348,.T.);
#9981 = ORIENTED_EDGE('',*,*,#9982,.T.);
#9982 = EDGE_CURVE('',#9349,#1450,#9983,.T.);
#9983 = LINE('',#9984,#9985);
#9984 = CARTESIAN_POINT('',(-7.550372932295E-02,-1.009872999746,
    0.138662721803));
#9985 = VECTOR('',#9986,1.);
#9986 = DIRECTION('',(-1.084202172486E-16,1.,0.));
#9987 = ORIENTED_EDGE('',*,*,#1458,.F.);
#9988 = B_SPLINE_SURFACE_WITH_KNOTS('',3,1,(
    (#9989,#9990)
    ,(#9991,#9992)
    ,(#9993,#9994)
    ,(#9995,#9996
    )),.UNSPECIFIED.,.F.,.F.,.F.,(4,4),(2,2),(26.,27.),(0.,1.),
  .PIECEWISE_BEZIER_KNOTS.);
#9989 = CARTESIAN_POINT('',(-7.376854913103E-02,-1.009872999746,
    0.138373528782));
#9990 = CARTESIAN_POINT('',(-7.376854913103E-02,-0.999872999746,
    0.138373528782));
#9991 = CARTESIAN_POINT('',(-7.434694620567E-02,-1.009872999746,
    0.138373528782));
#9992 = CARTESIAN_POINT('',(-7.434694620567E-02,-0.999872999746,
    0.138373528782));
#9993 = CARTESIAN_POINT('',(-7.492534328031E-02,-1.009872999746,
    0.138662721803));
#9994 = CARTESIAN_POINT('',(-7.492534328031E-02,-0.999872999746,
    0.138662721803));
#9995 = CARTESIAN_POINT('',(-7.550372932295E-02,-1.009872999746,
    0.138662721803));
#9996 = CARTESIAN_POINT('',(-7.550372932295E-02,-0.999872999746,
    0.138662721803));
#9997 = ADVANCED_FACE('',(#9998),#10009,.F.);
#9998 = FACE_BOUND('',#9999,.F.);
#9999 = EDGE_LOOP('',(#10000,#10001,#10002,#10008));
#10000 = ORIENTED_EDGE('',*,*,#9982,.F.);
#10001 = ORIENTED_EDGE('',*,*,#9357,.T.);
#10002 = ORIENTED_EDGE('',*,*,#10003,.T.);
#10003 = EDGE_CURVE('',#9358,#1441,#10004,.T.);
#10004 = LINE('',#10005,#10006);
#10005 = CARTESIAN_POINT('',(-8.446884536764E-02,-1.009872999746,
    0.129697605759));
#10006 = VECTOR('',#10007,1.);
#10007 = DIRECTION('',(-1.084202172486E-16,1.,0.));
#10008 = ORIENTED_EDGE('',*,*,#1449,.F.);
#10009 = B_SPLINE_SURFACE_WITH_KNOTS('',3,1,(
    (#10010,#10011)
    ,(#10012,#10013)
    ,(#10014,#10015)
    ,(#10016,#10017
    )),.UNSPECIFIED.,.F.,.F.,.F.,(4,4),(2,2),(27.,28.),(0.,1.),
  .PIECEWISE_BEZIER_KNOTS.);
#10010 = CARTESIAN_POINT('',(-7.550372932295E-02,-1.009872999746,
    0.138662721803));
#10011 = CARTESIAN_POINT('',(-7.550372932295E-02,-0.999872999746,
    0.138662721803));
#10012 = CARTESIAN_POINT('',(-8.042008790931E-02,-1.009872999746,
    0.138662721803));
#10013 = CARTESIAN_POINT('',(-8.042008790931E-02,-0.999872999746,
    0.138662721803));
#10014 = CARTESIAN_POINT('',(-8.446884536764E-02,-1.009872999746,
    0.134613953313));
#10015 = CARTESIAN_POINT('',(-8.446884536764E-02,-0.999872999746,
    0.134613953313));
#10016 = CARTESIAN_POINT('',(-8.446884536764E-02,-1.009872999746,
    0.129697605759));
#10017 = CARTESIAN_POINT('',(-8.446884536764E-02,-0.999872999746,
    0.129697605759));
#10018 = ADVANCED_FACE('',(#10019),#10030,.F.);
#10019 = FACE_BOUND('',#10020,.F.);
#10020 = EDGE_LOOP('',(#10021,#10022,#10023,#10029));
#10021 = ORIENTED_EDGE('',*,*,#10003,.F.);
#10022 = ORIENTED_EDGE('',*,*,#9366,.T.);
#10023 = ORIENTED_EDGE('',*,*,#10024,.T.);
#10024 = EDGE_CURVE('',#9367,#1433,#10025,.T.);
#10025 = LINE('',#10026,#10027);
#10026 = CARTESIAN_POINT('',(-7.608211536558E-02,-1.009872999746,
    0.120732489714));
#10027 = VECTOR('',#10028,1.);
#10028 = DIRECTION('',(-1.084202172486E-16,1.,0.));
#10029 = ORIENTED_EDGE('',*,*,#1440,.F.);
#10030 = B_SPLINE_SURFACE_WITH_KNOTS('',3,1,(
    (#10031,#10032)
    ,(#10033,#10034)
    ,(#10035,#10036)
    ,(#10037,#10038
    )),.UNSPECIFIED.,.F.,.F.,.F.,(4,4),(2,2),(28.,29.),(0.,1.),
  .PIECEWISE_BEZIER_KNOTS.);
#10031 = CARTESIAN_POINT('',(-8.446884536764E-02,-1.009872999746,
    0.129697605759));
#10032 = CARTESIAN_POINT('',(-8.446884536764E-02,-0.999872999746,
    0.129697605759));
#10033 = CARTESIAN_POINT('',(-8.446884536764E-02,-1.009872999746,
    0.125070451226));
#10034 = CARTESIAN_POINT('',(-8.446884536764E-02,-0.999872999746,
    0.125070451226));
#10035 = CARTESIAN_POINT('',(-8.07092809307E-02,-1.009872999746,
    0.121021682735));
#10036 = CARTESIAN_POINT('',(-8.07092809307E-02,-0.999872999746,
    0.121021682735));
#10037 = CARTESIAN_POINT('',(-7.608211536558E-02,-1.009872999746,
    0.120732489714));
#10038 = CARTESIAN_POINT('',(-7.608211536558E-02,-0.999872999746,
    0.120732489714));
#10039 = ADVANCED_FACE('',(#10040),#10051,.F.);
#10040 = FACE_BOUND('',#10041,.T.);
#10041 = EDGE_LOOP('',(#10042,#10043,#10049,#10050));
#10042 = ORIENTED_EDGE('',*,*,#1432,.T.);
#10043 = ORIENTED_EDGE('',*,*,#10044,.F.);
#10044 = EDGE_CURVE('',#9376,#1424,#10045,.T.);
#10045 = LINE('',#10046,#10047);
#10046 = CARTESIAN_POINT('',(-5.901947337194E-02,-1.009872999746,
    0.120732489714));
#10047 = VECTOR('',#10048,1.);
#10048 = DIRECTION('',(-1.084202172486E-16,1.,0.));
#10049 = ORIENTED_EDGE('',*,*,#9375,.F.);
#10050 = ORIENTED_EDGE('',*,*,#10024,.T.);
#10051 = PLANE('',#10052);
#10052 = AXIS2_PLACEMENT_3D('',#10053,#10054,#10055);
#10053 = CARTESIAN_POINT('',(-5.988706346797E-02,-1.009872999746,
    0.120732489714));
#10054 = DIRECTION('',(0.,0.,1.));
#10055 = DIRECTION('',(1.,0.,-0.));
#10056 = ADVANCED_FACE('',(#10057),#10068,.F.);
#10057 = FACE_BOUND('',#10058,.F.);
#10058 = EDGE_LOOP('',(#10059,#10060,#10061,#10067));
#10059 = ORIENTED_EDGE('',*,*,#10044,.F.);
#10060 = ORIENTED_EDGE('',*,*,#9383,.T.);
#10061 = ORIENTED_EDGE('',*,*,#10062,.T.);
#10062 = EDGE_CURVE('',#9384,#1415,#10063,.T.);
#10063 = LINE('',#10064,#10065);
#10064 = CARTESIAN_POINT('',(-3.27025112805E-02,-1.009872999746,
    0.133746374249));
#10065 = VECTOR('',#10066,1.);
#10066 = DIRECTION('',(-1.084202172486E-16,1.,0.));
#10067 = ORIENTED_EDGE('',*,*,#1423,.F.);
#10068 = B_SPLINE_SURFACE_WITH_KNOTS('',3,1,(
    (#10069,#10070)
    ,(#10071,#10072)
    ,(#10073,#10074)
    ,(#10075,#10076
    )),.UNSPECIFIED.,.F.,.F.,.F.,(4,4),(2,2),(33.,34.),(0.,1.),
  .PIECEWISE_BEZIER_KNOTS.);
#10069 = CARTESIAN_POINT('',(-5.901947337194E-02,-1.009872999746,
    0.120732489714));
#10070 = CARTESIAN_POINT('',(-5.901947337194E-02,-0.999872999746,
    0.120732489714));
#10071 = CARTESIAN_POINT('',(-4.889756317811E-02,-1.009872999746,
    0.12160007981));
#10072 = CARTESIAN_POINT('',(-4.889756317811E-02,-0.999872999746,
    0.12160007981));
#10073 = CARTESIAN_POINT('',(-3.964324307989E-02,-1.009872999746,
    0.126227245375));
#10074 = CARTESIAN_POINT('',(-3.964324307989E-02,-0.999872999746,
    0.126227245375));
#10075 = CARTESIAN_POINT('',(-3.27025112805E-02,-1.009872999746,
    0.133746374249));
#10076 = CARTESIAN_POINT('',(-3.27025112805E-02,-0.999872999746,
    0.133746374249));
#10077 = ADVANCED_FACE('',(#10078),#10084,.F.);
#10078 = FACE_BOUND('',#10079,.F.);
#10079 = EDGE_LOOP('',(#10080,#10081,#10082,#10083));
#10080 = ORIENTED_EDGE('',*,*,#10062,.F.);
#10081 = ORIENTED_EDGE('',*,*,#9392,.T.);
#10082 = ORIENTED_EDGE('',*,*,#9432,.T.);
#10083 = ORIENTED_EDGE('',*,*,#1414,.F.);
#10084 = B_SPLINE_SURFACE_WITH_KNOTS('',3,1,(
    (#10085,#10086)
    ,(#10087,#10088)
    ,(#10089,#10090)
    ,(#10091,#10092
    )),.UNSPECIFIED.,.F.,.F.,.F.,(4,4),(2,2),(34.,35.),(0.,1.),
  .PIECEWISE_BEZIER_KNOTS.);
#10085 = CARTESIAN_POINT('',(-3.27025112805E-02,-1.009872999746,
    0.133746374249));
#10086 = CARTESIAN_POINT('',(-3.27025112805E-02,-0.999872999746,
    0.133746374249));
#10087 = CARTESIAN_POINT('',(-2.576176844883E-02,-1.009872999746,
    0.141265503123));
#10088 = CARTESIAN_POINT('',(-2.576176844883E-02,-0.999872999746,
    0.141265503123));
#10089 = CARTESIAN_POINT('',(-2.200220401175E-02,-1.009872999746,
    0.151098220296));
#10090 = CARTESIAN_POINT('',(-2.200220401175E-02,-0.999872999746,
    0.151098220296));
#10091 = CARTESIAN_POINT('',(-2.200220401175E-02,-1.009872999746,
    0.16122013049));
#10092 = CARTESIAN_POINT('',(-2.200220401175E-02,-0.999872999746,
    0.16122013049));
#10093 = ADVANCED_FACE('',(#10094),#10123,.T.);
#10094 = FACE_BOUND('',#10095,.T.);
#10095 = EDGE_LOOP('',(#10096,#10110,#10116,#10117));
#10096 = ORIENTED_EDGE('',*,*,#10097,.F.);
#10097 = EDGE_CURVE('',#10098,#10100,#10102,.T.);
#10098 = VERTEX_POINT('',#10099);
#10099 = CARTESIAN_POINT('',(-0.144043517899,-0.999872999746,
    0.118997287458));
#10100 = VERTEX_POINT('',#10101);
#10101 = CARTESIAN_POINT('',(-0.144043517899,-0.999872999746,
    0.141554696144));
#10102 = B_SPLINE_CURVE_WITH_KNOTS('',3,(#10103,#10104,#10105,#10106,
    #10107,#10108,#10109),.UNSPECIFIED.,.F.,.F.,(4,3,4),(0.,1.,2.),
  .PIECEWISE_BEZIER_KNOTS.);
#10103 = CARTESIAN_POINT('',(-0.144043517899,-0.999872999746,
    0.118997287458));
#10104 = CARTESIAN_POINT('',(-0.137681177658,-0.999872999746,
    0.118997287458));
#10105 = CARTESIAN_POINT('',(-0.132764819071,-0.999872999746,
    0.124202850098));
#10106 = CARTESIAN_POINT('',(-0.132764819071,-0.999872999746,
    0.130275991801));
#10107 = CARTESIAN_POINT('',(-0.132764819071,-0.999872999746,
    0.136638337558));
#10108 = CARTESIAN_POINT('',(-0.137970370679,-0.999872999746,
    0.141554696144));
#10109 = CARTESIAN_POINT('',(-0.144043517899,-0.999872999746,
    0.141554696144));
#10110 = ORIENTED_EDGE('',*,*,#10111,.F.);
#10111 = EDGE_CURVE('',#9402,#10098,#10112,.T.);
#10112 = LINE('',#10113,#10114);
#10113 = CARTESIAN_POINT('',(-0.144043517899,-1.009872999746,
    0.118997287458));
#10114 = VECTOR('',#10115,1.);
#10115 = DIRECTION('',(-1.084202172486E-16,1.,0.));
#10116 = ORIENTED_EDGE('',*,*,#9401,.T.);
#10117 = ORIENTED_EDGE('',*,*,#10118,.T.);
#10118 = EDGE_CURVE('',#9404,#10100,#10119,.T.);
#10119 = LINE('',#10120,#10121);
#10120 = CARTESIAN_POINT('',(-0.144043517899,-1.009872999746,
    0.141554696144));
#10121 = VECTOR('',#10122,1.);
#10122 = DIRECTION('',(-1.084202172486E-16,1.,0.));
#10123 = B_SPLINE_SURFACE_WITH_KNOTS('',3,1,(
    (#10124,#10125)
    ,(#10126,#10127)
    ,(#10128,#10129)
    ,(#10130,#10131)
    ,(#10132,#10133)
    ,(#10134,#10135)
    ,(#10136,#10137
  )),.UNSPECIFIED.,.F.,.F.,.F.,(4,3,4),(2,2),(0.,1.,2.),(0.,1.),
  .PIECEWISE_BEZIER_KNOTS.);
#10124 = CARTESIAN_POINT('',(-0.144043517899,-1.009872999746,
    0.118997287458));
#10125 = CARTESIAN_POINT('',(-0.144043517899,-0.999872999746,
    0.118997287458));
#10126 = CARTESIAN_POINT('',(-0.137681177658,-1.009872999746,
    0.118997287458));
#10127 = CARTESIAN_POINT('',(-0.137681177658,-0.999872999746,
    0.118997287458));
#10128 = CARTESIAN_POINT('',(-0.132764819071,-1.009872999746,
    0.124202850098));
#10129 = CARTESIAN_POINT('',(-0.132764819071,-0.999872999746,
    0.124202850098));
#10130 = CARTESIAN_POINT('',(-0.132764819071,-1.009872999746,
    0.130275991801));
#10131 = CARTESIAN_POINT('',(-0.132764819071,-0.999872999746,
    0.130275991801));
#10132 = CARTESIAN_POINT('',(-0.132764819071,-1.009872999746,
    0.136638337558));
#10133 = CARTESIAN_POINT('',(-0.132764819071,-0.999872999746,
    0.136638337558));
#10134 = CARTESIAN_POINT('',(-0.137970370679,-1.009872999746,
    0.141554696144));
#10135 = CARTESIAN_POINT('',(-0.137970370679,-0.999872999746,
    0.141554696144));
#10136 = CARTESIAN_POINT('',(-0.144043517899,-1.009872999746,
    0.141554696144));
#10137 = CARTESIAN_POINT('',(-0.144043517899,-0.999872999746,
    0.141554696144));
#10138 = ADVANCED_FACE('',(#10139),#10153,.T.);
#10139 = FACE_BOUND('',#10140,.T.);
#10140 = EDGE_LOOP('',(#10141,#10150,#10151,#10152));
#10141 = ORIENTED_EDGE('',*,*,#10142,.F.);
#10142 = EDGE_CURVE('',#10100,#10098,#10143,.T.);
#10143 = B_SPLINE_CURVE_WITH_KNOTS('',3,(#10144,#10145,#10146,#10147,
    #10148,#10149),.UNSPECIFIED.,.F.,.F.,(4,2,4),(2.,3.,4.),
  .UNSPECIFIED.);
#10144 = CARTESIAN_POINT('',(-0.144043517899,-0.999872999746,
    0.141554696144));
#10145 = CARTESIAN_POINT('',(-0.150116665118,-0.999872999746,
    0.141554696144));
#10146 = CARTESIAN_POINT('',(-0.155322216726,-0.999872999746,
    0.136638337558));
#10147 = CARTESIAN_POINT('',(-0.155322216726,-0.999872999746,
    0.123913646044));
#10148 = CARTESIAN_POINT('',(-0.150116665118,-0.999872999746,
    0.118997287458));
#10149 = CARTESIAN_POINT('',(-0.144043517899,-0.999872999746,
    0.118997287458));
#10150 = ORIENTED_EDGE('',*,*,#10118,.F.);
#10151 = ORIENTED_EDGE('',*,*,#9415,.T.);
#10152 = ORIENTED_EDGE('',*,*,#10111,.T.);
#10153 = B_SPLINE_SURFACE_WITH_KNOTS('',3,1,(
    (#10154,#10155)
    ,(#10156,#10157)
    ,(#10158,#10159)
    ,(#10160,#10161)
    ,(#10162,#10163)
    ,(#10164,#10165
  )),.UNSPECIFIED.,.F.,.F.,.F.,(4,2,4),(2,2),(2.,3.,4.),(0.,1.),
  .UNSPECIFIED.);
#10154 = CARTESIAN_POINT('',(-0.144043517899,-1.009872999746,
    0.141554696144));
#10155 = CARTESIAN_POINT('',(-0.144043517899,-0.999872999746,
    0.141554696144));
#10156 = CARTESIAN_POINT('',(-0.150116665118,-1.009872999746,
    0.141554696144));
#10157 = CARTESIAN_POINT('',(-0.150116665118,-0.999872999746,
    0.141554696144));
#10158 = CARTESIAN_POINT('',(-0.155322216726,-1.009872999746,
    0.136638337558));
#10159 = CARTESIAN_POINT('',(-0.155322216726,-0.999872999746,
    0.136638337558));
#10160 = CARTESIAN_POINT('',(-0.155322216726,-1.009872999746,
    0.123913646044));
#10161 = CARTESIAN_POINT('',(-0.155322216726,-0.999872999746,
    0.123913646044));
#10162 = CARTESIAN_POINT('',(-0.150116665118,-1.009872999746,
    0.118997287458));
#10163 = CARTESIAN_POINT('',(-0.150116665118,-0.999872999746,
    0.118997287458));
#10164 = CARTESIAN_POINT('',(-0.144043517899,-1.009872999746,
    0.118997287458));
#10165 = CARTESIAN_POINT('',(-0.144043517899,-0.999872999746,
    0.118997287458));
#10166 = ADVANCED_FACE('',(#10167),#10171,.F.);
#10167 = FACE_BOUND('',#10168,.T.);
#10168 = EDGE_LOOP('',(#10169,#10170));
#10169 = ORIENTED_EDGE('',*,*,#10142,.T.);
#10170 = ORIENTED_EDGE('',*,*,#10097,.T.);
#10171 = PLANE('',#10172);
#10172 = AXIS2_PLACEMENT_3D('',#10173,#10174,#10175);
#10173 = CARTESIAN_POINT('',(1.000025400051,-0.999872999746,
    0.299999999553));
#10174 = DIRECTION('',(-1.084202172486E-16,1.,0.));
#10175 = DIRECTION('',(-1.,-1.084202172486E-16,0.));
#10176 = ( GEOMETRIC_REPRESENTATION_CONTEXT(3) 
GLOBAL_UNCERTAINTY_ASSIGNED_CONTEXT((#10180)) 
GLOBAL_UNIT_ASSIGNED_CONTEXT((#10177,#10178,#10179)) 
REPRESENTATION_CONTEXT('Context #1',
  '3D Context with UNIT and UNCERTAINTY') );
#10177 = ( LENGTH_UNIT() NAMED_UNIT(*) SI_UNIT(.MILLI.,.METRE.) );
#10178 = ( NAMED_UNIT(*) PLANE_ANGLE_UNIT() SI_UNIT($,.RADIAN.) );
#10179 = ( NAMED_UNIT(*) SI_UNIT($,.STERADIAN.) SOLID_ANGLE_UNIT() );
#10180 = UNCERTAINTY_MEASURE_WITH_UNIT(LENGTH_MEASURE(1.E-07),#10177,
  'distance_accuracy_value','confusion accuracy');
#10181 = PRODUCT_RELATED_PRODUCT_CATEGORY('part',$,(#7));
#10182 = MECHANICAL_DESIGN_GEOMETRIC_PRESENTATION_REPRESENTATION('',(
    #10183,#10194,#10202,#10209,#10217,#10224,#10231,#10238,#10245,
    #10252,#10259,#10266,#10273,#10280,#10287,#10294,#10301,#10308,
    #10315,#10322,#10329,#10336,#10343,#10350,#10357,#10364,#10371,
    #10378,#10385,#10392,#10399,#10406,#10413,#10421,#10428,#10435,
    #10442,#10449,#10456,#10463,#10470,#10477,#10484,#10491,#10498,
    #10505,#10512,#10519,#10526,#10533,#10540,#10547,#10554,#10561,
    #10568,#10575,#10582,#10589,#10596,#10603,#10610,#10617,#10624,
    #10631,#10638,#10645,#10652,#10659,#10666,#10673,#10680,#10687,
    #10694,#10701,#10708,#10715,#10722,#10729,#10736,#10743,#10750,
    #10757,#10764,#10771,#10778,#10785,#10792,#10799,#10806,#10813,
    #10820,#10827,#10834,#10841,#10848,#10855,#10862,#10869,#10876,
    #10883,#10890,#10897,#10904,#10911,#10918,#10925,#10932,#10939,
    #10946,#10953,#10960,#10967,#10974,#10981,#10988,#10995,#11002,
    #11009,#11016,#11023,#11030,#11037,#11044,#11051,#11058,#11065,
    #11072,#11079,#11086,#11093,#11100,#11107,#11114,#11121,#11128,
    #11135,#11142,#11149,#11156,#11163,#11170,#11177,#11184,#11191,
    #11198,#11205,#11212,#11219,#11226,#11233,#11240,#11247,#11254,
    #11261,#11268,#11275,#11282,#11289,#11296,#11303,#11310,#11317,
    #11324,#11331,#11338,#11345,#11352,#11359,#11366,#11373,#11380,
    #11387,#11394,#11401,#11408,#11415,#11422,#11429,#11436,#11443,
    #11450,#11457,#11464,#11471,#11478,#11485,#11492,#11499,#11506,
    #11513,#11520,#11527,#11534,#11541,#11548,#11555,#11562,#11569,
    #11576,#11583,#11590,#11597,#11604,#11611,#11618,#11625,#11632,
    #11639,#11646,#11653,#11660,#11667,#11674,#11681,#11688,#11695,
    #11702,#11709,#11716,#11723,#11730,#11737,#11744,#11751,#11758,
    #11765,#11772,#11779,#11786,#11793,#11800,#11807,#11814,#11821,
    #11828,#11835,#11842,#11849,#11856,#11863,#11870,#11877,#11884,
    #11891,#11898,#11905,#11912,#11919,#11926,#11933,#11940,#11947,
    #11954,#11961,#11968,#11975),#10176);
#10183 = STYLED_ITEM('color',(#10184),#15);
#10184 = PRESENTATION_STYLE_ASSIGNMENT((#10185,#10191));
#10185 = SURFACE_STYLE_USAGE(.BOTH.,#10186);
#10186 = SURFACE_SIDE_STYLE('',(#10187));
#10187 = SURFACE_STYLE_FILL_AREA(#10188);
#10188 = FILL_AREA_STYLE('',(#10189));
#10189 = FILL_AREA_STYLE_COLOUR('',#10190);
#10190 = COLOUR_RGB('',0.768627468855,0.768627468855,0.768627468855);
#10191 = CURVE_STYLE('',#10192,POSITIVE_LENGTH_MEASURE(0.1),#10193);
#10192 = DRAUGHTING_PRE_DEFINED_CURVE_FONT('continuous');
#10193 = COLOUR_RGB('',9.803921802644E-02,9.803921802644E-02,
  9.803921802644E-02);
#10194 = OVER_RIDING_STYLED_ITEM('overriding color',(#10195),#185,#10183
  );
#10195 = PRESENTATION_STYLE_ASSIGNMENT((#10196));
#10196 = SURFACE_STYLE_USAGE(.BOTH.,#10197);
#10197 = SURFACE_SIDE_STYLE('',(#10198));
#10198 = SURFACE_STYLE_FILL_AREA(#10199);
#10199 = FILL_AREA_STYLE('',(#10200));
#10200 = FILL_AREA_STYLE_COLOUR('',#10201);
#10201 = DRAUGHTING_PRE_DEFINED_COLOUR('white');
#10202 = OVER_RIDING_STYLED_ITEM('overriding color',(#10203),#1699,
  #10183);
#10203 = PRESENTATION_STYLE_ASSIGNMENT((#10204));
#10204 = SURFACE_STYLE_USAGE(.BOTH.,#10205);
#10205 = SURFACE_SIDE_STYLE('',(#10206));
#10206 = SURFACE_STYLE_FILL_AREA(#10207);
#10207 = FILL_AREA_STYLE('',(#10208));
#10208 = FILL_AREA_STYLE_COLOUR('',#10201);
#10209 = OVER_RIDING_STYLED_ITEM('overriding color',(#10210),#2324,
  #10183);
#10210 = PRESENTATION_STYLE_ASSIGNMENT((#10211));
#10211 = SURFACE_STYLE_USAGE(.BOTH.,#10212);
#10212 = SURFACE_SIDE_STYLE('',(#10213));
#10213 = SURFACE_STYLE_FILL_AREA(#10214);
#10214 = FILL_AREA_STYLE('',(#10215));
#10215 = FILL_AREA_STYLE_COLOUR('',#10216);
#10216 = COLOUR_RGB('',0.298039221799,0.298039221799,0.298039221799);
#10217 = OVER_RIDING_STYLED_ITEM('overriding color',(#10218),#2338,
  #10183);
#10218 = PRESENTATION_STYLE_ASSIGNMENT((#10219));
#10219 = SURFACE_STYLE_USAGE(.BOTH.,#10220);
#10220 = SURFACE_SIDE_STYLE('',(#10221));
#10221 = SURFACE_STYLE_FILL_AREA(#10222);
#10222 = FILL_AREA_STYLE('',(#10223));
#10223 = FILL_AREA_STYLE_COLOUR('',#10216);
#10224 = OVER_RIDING_STYLED_ITEM('overriding color',(#10225),#2356,
  #10183);
#10225 = PRESENTATION_STYLE_ASSIGNMENT((#10226));
#10226 = SURFACE_STYLE_USAGE(.BOTH.,#10227);
#10227 = SURFACE_SIDE_STYLE('',(#10228));
#10228 = SURFACE_STYLE_FILL_AREA(#10229);
#10229 = FILL_AREA_STYLE('',(#10230));
#10230 = FILL_AREA_STYLE_COLOUR('',#10201);
#10231 = OVER_RIDING_STYLED_ITEM('overriding color',(#10232),#2436,
  #10183);
#10232 = PRESENTATION_STYLE_ASSIGNMENT((#10233));
#10233 = SURFACE_STYLE_USAGE(.BOTH.,#10234);
#10234 = SURFACE_SIDE_STYLE('',(#10235));
#10235 = SURFACE_STYLE_FILL_AREA(#10236);
#10236 = FILL_AREA_STYLE('',(#10237));
#10237 = FILL_AREA_STYLE_COLOUR('',#10216);
#10238 = OVER_RIDING_STYLED_ITEM('overriding color',(#10239),#2456,
  #10183);
#10239 = PRESENTATION_STYLE_ASSIGNMENT((#10240));
#10240 = SURFACE_STYLE_USAGE(.BOTH.,#10241);
#10241 = SURFACE_SIDE_STYLE('',(#10242));
#10242 = SURFACE_STYLE_FILL_AREA(#10243);
#10243 = FILL_AREA_STYLE('',(#10244));
#10244 = FILL_AREA_STYLE_COLOUR('',#10201);
#10245 = OVER_RIDING_STYLED_ITEM('overriding color',(#10246),#2520,
  #10183);
#10246 = PRESENTATION_STYLE_ASSIGNMENT((#10247));
#10247 = SURFACE_STYLE_USAGE(.BOTH.,#10248);
#10248 = SURFACE_SIDE_STYLE('',(#10249));
#10249 = SURFACE_STYLE_FILL_AREA(#10250);
#10250 = FILL_AREA_STYLE('',(#10251));
#10251 = FILL_AREA_STYLE_COLOUR('',#10216);
#10252 = OVER_RIDING_STYLED_ITEM('overriding color',(#10253),#2671,
  #10183);
#10253 = PRESENTATION_STYLE_ASSIGNMENT((#10254));
#10254 = SURFACE_STYLE_USAGE(.BOTH.,#10255);
#10255 = SURFACE_SIDE_STYLE('',(#10256));
#10256 = SURFACE_STYLE_FILL_AREA(#10257);
#10257 = FILL_AREA_STYLE('',(#10258));
#10258 = FILL_AREA_STYLE_COLOUR('',#10201);
#10259 = OVER_RIDING_STYLED_ITEM('overriding color',(#10260),#2709,
  #10183);
#10260 = PRESENTATION_STYLE_ASSIGNMENT((#10261));
#10261 = SURFACE_STYLE_USAGE(.BOTH.,#10262);
#10262 = SURFACE_SIDE_STYLE('',(#10263));
#10263 = SURFACE_STYLE_FILL_AREA(#10264);
#10264 = FILL_AREA_STYLE('',(#10265));
#10265 = FILL_AREA_STYLE_COLOUR('',#10201);
#10266 = OVER_RIDING_STYLED_ITEM('overriding color',(#10267),#2749,
  #10183);
#10267 = PRESENTATION_STYLE_ASSIGNMENT((#10268));
#10268 = SURFACE_STYLE_USAGE(.BOTH.,#10269);
#10269 = SURFACE_SIDE_STYLE('',(#10270));
#10270 = SURFACE_STYLE_FILL_AREA(#10271);
#10271 = FILL_AREA_STYLE('',(#10272));
#10272 = FILL_AREA_STYLE_COLOUR('',#10201);
#10273 = OVER_RIDING_STYLED_ITEM('overriding color',(#10274),#2810,
  #10183);
#10274 = PRESENTATION_STYLE_ASSIGNMENT((#10275));
#10275 = SURFACE_STYLE_USAGE(.BOTH.,#10276);
#10276 = SURFACE_SIDE_STYLE('',(#10277));
#10277 = SURFACE_STYLE_FILL_AREA(#10278);
#10278 = FILL_AREA_STYLE('',(#10279));
#10279 = FILL_AREA_STYLE_COLOUR('',#10201);
#10280 = OVER_RIDING_STYLED_ITEM('overriding color',(#10281),#2880,
  #10183);
#10281 = PRESENTATION_STYLE_ASSIGNMENT((#10282));
#10282 = SURFACE_STYLE_USAGE(.BOTH.,#10283);
#10283 = SURFACE_SIDE_STYLE('',(#10284));
#10284 = SURFACE_STYLE_FILL_AREA(#10285);
#10285 = FILL_AREA_STYLE('',(#10286));
#10286 = FILL_AREA_STYLE_COLOUR('',#10201);
#10287 = OVER_RIDING_STYLED_ITEM('overriding color',(#10288),#2950,
  #10183);
#10288 = PRESENTATION_STYLE_ASSIGNMENT((#10289));
#10289 = SURFACE_STYLE_USAGE(.BOTH.,#10290);
#10290 = SURFACE_SIDE_STYLE('',(#10291));
#10291 = SURFACE_STYLE_FILL_AREA(#10292);
#10292 = FILL_AREA_STYLE('',(#10293));
#10293 = FILL_AREA_STYLE_COLOUR('',#10201);
#10294 = OVER_RIDING_STYLED_ITEM('overriding color',(#10295),#3011,
  #10183);
#10295 = PRESENTATION_STYLE_ASSIGNMENT((#10296));
#10296 = SURFACE_STYLE_USAGE(.BOTH.,#10297);
#10297 = SURFACE_SIDE_STYLE('',(#10298));
#10298 = SURFACE_STYLE_FILL_AREA(#10299);
#10299 = FILL_AREA_STYLE('',(#10300));
#10300 = FILL_AREA_STYLE_COLOUR('',#10201);
#10301 = OVER_RIDING_STYLED_ITEM('overriding color',(#10302),#3065,
  #10183);
#10302 = PRESENTATION_STYLE_ASSIGNMENT((#10303));
#10303 = SURFACE_STYLE_USAGE(.BOTH.,#10304);
#10304 = SURFACE_SIDE_STYLE('',(#10305));
#10305 = SURFACE_STYLE_FILL_AREA(#10306);
#10306 = FILL_AREA_STYLE('',(#10307));
#10307 = FILL_AREA_STYLE_COLOUR('',#10201);
#10308 = OVER_RIDING_STYLED_ITEM('overriding color',(#10309),#3117,
  #10183);
#10309 = PRESENTATION_STYLE_ASSIGNMENT((#10310));
#10310 = SURFACE_STYLE_USAGE(.BOTH.,#10311);
#10311 = SURFACE_SIDE_STYLE('',(#10312));
#10312 = SURFACE_STYLE_FILL_AREA(#10313);
#10313 = FILL_AREA_STYLE('',(#10314));
#10314 = FILL_AREA_STYLE_COLOUR('',#10216);
#10315 = OVER_RIDING_STYLED_ITEM('overriding color',(#10316),#3141,
  #10183);
#10316 = PRESENTATION_STYLE_ASSIGNMENT((#10317));
#10317 = SURFACE_STYLE_USAGE(.BOTH.,#10318);
#10318 = SURFACE_SIDE_STYLE('',(#10319));
#10319 = SURFACE_STYLE_FILL_AREA(#10320);
#10320 = FILL_AREA_STYLE('',(#10321));
#10321 = FILL_AREA_STYLE_COLOUR('',#10201);
#10322 = OVER_RIDING_STYLED_ITEM('overriding color',(#10323),#3157,
  #10183);
#10323 = PRESENTATION_STYLE_ASSIGNMENT((#10324));
#10324 = SURFACE_STYLE_USAGE(.BOTH.,#10325);
#10325 = SURFACE_SIDE_STYLE('',(#10326));
#10326 = SURFACE_STYLE_FILL_AREA(#10327);
#10327 = FILL_AREA_STYLE('',(#10328));
#10328 = FILL_AREA_STYLE_COLOUR('',#10201);
#10329 = OVER_RIDING_STYLED_ITEM('overriding color',(#10330),#3218,
  #10183);
#10330 = PRESENTATION_STYLE_ASSIGNMENT((#10331));
#10331 = SURFACE_STYLE_USAGE(.BOTH.,#10332);
#10332 = SURFACE_SIDE_STYLE('',(#10333));
#10333 = SURFACE_STYLE_FILL_AREA(#10334);
#10334 = FILL_AREA_STYLE('',(#10335));
#10335 = FILL_AREA_STYLE_COLOUR('',#10201);
#10336 = OVER_RIDING_STYLED_ITEM('overriding color',(#10337),#3283,
  #10183);
#10337 = PRESENTATION_STYLE_ASSIGNMENT((#10338));
#10338 = SURFACE_STYLE_USAGE(.BOTH.,#10339);
#10339 = SURFACE_SIDE_STYLE('',(#10340));
#10340 = SURFACE_STYLE_FILL_AREA(#10341);
#10341 = FILL_AREA_STYLE('',(#10342));
#10342 = FILL_AREA_STYLE_COLOUR('',#10201);
#10343 = OVER_RIDING_STYLED_ITEM('overriding color',(#10344),#3302,
  #10183);
#10344 = PRESENTATION_STYLE_ASSIGNMENT((#10345));
#10345 = SURFACE_STYLE_USAGE(.BOTH.,#10346);
#10346 = SURFACE_SIDE_STYLE('',(#10347));
#10347 = SURFACE_STYLE_FILL_AREA(#10348);
#10348 = FILL_AREA_STYLE('',(#10349));
#10349 = FILL_AREA_STYLE_COLOUR('',#10201);
#10350 = OVER_RIDING_STYLED_ITEM('overriding color',(#10351),#3735,
  #10183);
#10351 = PRESENTATION_STYLE_ASSIGNMENT((#10352));
#10352 = SURFACE_STYLE_USAGE(.BOTH.,#10353);
#10353 = SURFACE_SIDE_STYLE('',(#10354));
#10354 = SURFACE_STYLE_FILL_AREA(#10355);
#10355 = FILL_AREA_STYLE('',(#10356));
#10356 = FILL_AREA_STYLE_COLOUR('',#10201);
#10357 = OVER_RIDING_STYLED_ITEM('overriding color',(#10358),#3766,
  #10183);
#10358 = PRESENTATION_STYLE_ASSIGNMENT((#10359));
#10359 = SURFACE_STYLE_USAGE(.BOTH.,#10360);
#10360 = SURFACE_SIDE_STYLE('',(#10361));
#10361 = SURFACE_STYLE_FILL_AREA(#10362);
#10362 = FILL_AREA_STYLE('',(#10363));
#10363 = FILL_AREA_STYLE_COLOUR('',#10201);
#10364 = OVER_RIDING_STYLED_ITEM('overriding color',(#10365),#3790,
  #10183);
#10365 = PRESENTATION_STYLE_ASSIGNMENT((#10366));
#10366 = SURFACE_STYLE_USAGE(.BOTH.,#10367);
#10367 = SURFACE_SIDE_STYLE('',(#10368));
#10368 = SURFACE_STYLE_FILL_AREA(#10369);
#10369 = FILL_AREA_STYLE('',(#10370));
#10370 = FILL_AREA_STYLE_COLOUR('',#10201);
#10371 = OVER_RIDING_STYLED_ITEM('overriding color',(#10372),#3814,
  #10183);
#10372 = PRESENTATION_STYLE_ASSIGNMENT((#10373));
#10373 = SURFACE_STYLE_USAGE(.BOTH.,#10374);
#10374 = SURFACE_SIDE_STYLE('',(#10375));
#10375 = SURFACE_STYLE_FILL_AREA(#10376);
#10376 = FILL_AREA_STYLE('',(#10377));
#10377 = FILL_AREA_STYLE_COLOUR('',#10201);
#10378 = OVER_RIDING_STYLED_ITEM('overriding color',(#10379),#3831,
  #10183);
#10379 = PRESENTATION_STYLE_ASSIGNMENT((#10380));
#10380 = SURFACE_STYLE_USAGE(.BOTH.,#10381);
#10381 = SURFACE_SIDE_STYLE('',(#10382));
#10382 = SURFACE_STYLE_FILL_AREA(#10383);
#10383 = FILL_AREA_STYLE('',(#10384));
#10384 = FILL_AREA_STYLE_COLOUR('',#10201);
#10385 = OVER_RIDING_STYLED_ITEM('overriding color',(#10386),#3871,
  #10183);
#10386 = PRESENTATION_STYLE_ASSIGNMENT((#10387));
#10387 = SURFACE_STYLE_USAGE(.BOTH.,#10388);
#10388 = SURFACE_SIDE_STYLE('',(#10389));
#10389 = SURFACE_STYLE_FILL_AREA(#10390);
#10390 = FILL_AREA_STYLE('',(#10391));
#10391 = FILL_AREA_STYLE_COLOUR('',#10201);
#10392 = OVER_RIDING_STYLED_ITEM('overriding color',(#10393),#3895,
  #10183);
#10393 = PRESENTATION_STYLE_ASSIGNMENT((#10394));
#10394 = SURFACE_STYLE_USAGE(.BOTH.,#10395);
#10395 = SURFACE_SIDE_STYLE('',(#10396));
#10396 = SURFACE_STYLE_FILL_AREA(#10397);
#10397 = FILL_AREA_STYLE('',(#10398));
#10398 = FILL_AREA_STYLE_COLOUR('',#10201);
#10399 = OVER_RIDING_STYLED_ITEM('overriding color',(#10400),#3913,
  #10183);
#10400 = PRESENTATION_STYLE_ASSIGNMENT((#10401));
#10401 = SURFACE_STYLE_USAGE(.BOTH.,#10402);
#10402 = SURFACE_SIDE_STYLE('',(#10403));
#10403 = SURFACE_STYLE_FILL_AREA(#10404);
#10404 = FILL_AREA_STYLE('',(#10405));
#10405 = FILL_AREA_STYLE_COLOUR('',#10201);
#10406 = OVER_RIDING_STYLED_ITEM('overriding color',(#10407),#3931,
  #10183);
#10407 = PRESENTATION_STYLE_ASSIGNMENT((#10408));
#10408 = SURFACE_STYLE_USAGE(.BOTH.,#10409);
#10409 = SURFACE_SIDE_STYLE('',(#10410));
#10410 = SURFACE_STYLE_FILL_AREA(#10411);
#10411 = FILL_AREA_STYLE('',(#10412));
#10412 = FILL_AREA_STYLE_COLOUR('',#10201);
#10413 = OVER_RIDING_STYLED_ITEM('overriding color',(#10414),#4067,
  #10183);
#10414 = PRESENTATION_STYLE_ASSIGNMENT((#10415));
#10415 = SURFACE_STYLE_USAGE(.BOTH.,#10416);
#10416 = SURFACE_SIDE_STYLE('',(#10417));
#10417 = SURFACE_STYLE_FILL_AREA(#10418);
#10418 = FILL_AREA_STYLE('',(#10419));
#10419 = FILL_AREA_STYLE_COLOUR('',#10420);
#10420 = DRAUGHTING_PRE_DEFINED_COLOUR('black');
#10421 = OVER_RIDING_STYLED_ITEM('overriding color',(#10422),#4098,
  #10183);
#10422 = PRESENTATION_STYLE_ASSIGNMENT((#10423));
#10423 = SURFACE_STYLE_USAGE(.BOTH.,#10424);
#10424 = SURFACE_SIDE_STYLE('',(#10425));
#10425 = SURFACE_STYLE_FILL_AREA(#10426);
#10426 = FILL_AREA_STYLE('',(#10427));
#10427 = FILL_AREA_STYLE_COLOUR('',#10420);
#10428 = OVER_RIDING_STYLED_ITEM('overriding color',(#10429),#4122,
  #10183);
#10429 = PRESENTATION_STYLE_ASSIGNMENT((#10430));
#10430 = SURFACE_STYLE_USAGE(.BOTH.,#10431);
#10431 = SURFACE_SIDE_STYLE('',(#10432));
#10432 = SURFACE_STYLE_FILL_AREA(#10433);
#10433 = FILL_AREA_STYLE('',(#10434));
#10434 = FILL_AREA_STYLE_COLOUR('',#10420);
#10435 = OVER_RIDING_STYLED_ITEM('overriding color',(#10436),#4146,
  #10183);
#10436 = PRESENTATION_STYLE_ASSIGNMENT((#10437));
#10437 = SURFACE_STYLE_USAGE(.BOTH.,#10438);
#10438 = SURFACE_SIDE_STYLE('',(#10439));
#10439 = SURFACE_STYLE_FILL_AREA(#10440);
#10440 = FILL_AREA_STYLE('',(#10441));
#10441 = FILL_AREA_STYLE_COLOUR('',#10420);
#10442 = OVER_RIDING_STYLED_ITEM('overriding color',(#10443),#4170,
  #10183);
#10443 = PRESENTATION_STYLE_ASSIGNMENT((#10444));
#10444 = SURFACE_STYLE_USAGE(.BOTH.,#10445);
#10445 = SURFACE_SIDE_STYLE('',(#10446));
#10446 = SURFACE_STYLE_FILL_AREA(#10447);
#10447 = FILL_AREA_STYLE('',(#10448));
#10448 = FILL_AREA_STYLE_COLOUR('',#10420);
#10449 = OVER_RIDING_STYLED_ITEM('overriding color',(#10450),#4194,
  #10183);
#10450 = PRESENTATION_STYLE_ASSIGNMENT((#10451));
#10451 = SURFACE_STYLE_USAGE(.BOTH.,#10452);
#10452 = SURFACE_SIDE_STYLE('',(#10453));
#10453 = SURFACE_STYLE_FILL_AREA(#10454);
#10454 = FILL_AREA_STYLE('',(#10455));
#10455 = FILL_AREA_STYLE_COLOUR('',#10420);
#10456 = OVER_RIDING_STYLED_ITEM('overriding color',(#10457),#4211,
  #10183);
#10457 = PRESENTATION_STYLE_ASSIGNMENT((#10458));
#10458 = SURFACE_STYLE_USAGE(.BOTH.,#10459);
#10459 = SURFACE_SIDE_STYLE('',(#10460));
#10460 = SURFACE_STYLE_FILL_AREA(#10461);
#10461 = FILL_AREA_STYLE('',(#10462));
#10462 = FILL_AREA_STYLE_COLOUR('',#10420);
#10463 = OVER_RIDING_STYLED_ITEM('overriding color',(#10464),#4225,
  #10183);
#10464 = PRESENTATION_STYLE_ASSIGNMENT((#10465));
#10465 = SURFACE_STYLE_USAGE(.BOTH.,#10466);
#10466 = SURFACE_SIDE_STYLE('',(#10467));
#10467 = SURFACE_STYLE_FILL_AREA(#10468);
#10468 = FILL_AREA_STYLE('',(#10469));
#10469 = FILL_AREA_STYLE_COLOUR('',#10420);
#10470 = OVER_RIDING_STYLED_ITEM('overriding color',(#10471),#4261,
  #10183);
#10471 = PRESENTATION_STYLE_ASSIGNMENT((#10472));
#10472 = SURFACE_STYLE_USAGE(.BOTH.,#10473);
#10473 = SURFACE_SIDE_STYLE('',(#10474));
#10474 = SURFACE_STYLE_FILL_AREA(#10475);
#10475 = FILL_AREA_STYLE('',(#10476));
#10476 = FILL_AREA_STYLE_COLOUR('',#10420);
#10477 = OVER_RIDING_STYLED_ITEM('overriding color',(#10478),#4285,
  #10183);
#10478 = PRESENTATION_STYLE_ASSIGNMENT((#10479));
#10479 = SURFACE_STYLE_USAGE(.BOTH.,#10480);
#10480 = SURFACE_SIDE_STYLE('',(#10481));
#10481 = SURFACE_STYLE_FILL_AREA(#10482);
#10482 = FILL_AREA_STYLE('',(#10483));
#10483 = FILL_AREA_STYLE_COLOUR('',#10420);
#10484 = OVER_RIDING_STYLED_ITEM('overriding color',(#10485),#4314,
  #10183);
#10485 = PRESENTATION_STYLE_ASSIGNMENT((#10486));
#10486 = SURFACE_STYLE_USAGE(.BOTH.,#10487);
#10487 = SURFACE_SIDE_STYLE('',(#10488));
#10488 = SURFACE_STYLE_FILL_AREA(#10489);
#10489 = FILL_AREA_STYLE('',(#10490));
#10490 = FILL_AREA_STYLE_COLOUR('',#10420);
#10491 = OVER_RIDING_STYLED_ITEM('overriding color',(#10492),#4343,
  #10183);
#10492 = PRESENTATION_STYLE_ASSIGNMENT((#10493));
#10493 = SURFACE_STYLE_USAGE(.BOTH.,#10494);
#10494 = SURFACE_SIDE_STYLE('',(#10495));
#10495 = SURFACE_STYLE_FILL_AREA(#10496);
#10496 = FILL_AREA_STYLE('',(#10497));
#10497 = FILL_AREA_STYLE_COLOUR('',#10420);
#10498 = OVER_RIDING_STYLED_ITEM('overriding color',(#10499),#4372,
  #10183);
#10499 = PRESENTATION_STYLE_ASSIGNMENT((#10500));
#10500 = SURFACE_STYLE_USAGE(.BOTH.,#10501);
#10501 = SURFACE_SIDE_STYLE('',(#10502));
#10502 = SURFACE_STYLE_FILL_AREA(#10503);
#10503 = FILL_AREA_STYLE('',(#10504));
#10504 = FILL_AREA_STYLE_COLOUR('',#10420);
#10505 = OVER_RIDING_STYLED_ITEM('overriding color',(#10506),#4401,
  #10183);
#10506 = PRESENTATION_STYLE_ASSIGNMENT((#10507));
#10507 = SURFACE_STYLE_USAGE(.BOTH.,#10508);
#10508 = SURFACE_SIDE_STYLE('',(#10509));
#10509 = SURFACE_STYLE_FILL_AREA(#10510);
#10510 = FILL_AREA_STYLE('',(#10511));
#10511 = FILL_AREA_STYLE_COLOUR('',#10420);
#10512 = OVER_RIDING_STYLED_ITEM('overriding color',(#10513),#4430,
  #10183);
#10513 = PRESENTATION_STYLE_ASSIGNMENT((#10514));
#10514 = SURFACE_STYLE_USAGE(.BOTH.,#10515);
#10515 = SURFACE_SIDE_STYLE('',(#10516));
#10516 = SURFACE_STYLE_FILL_AREA(#10517);
#10517 = FILL_AREA_STYLE('',(#10518));
#10518 = FILL_AREA_STYLE_COLOUR('',#10420);
#10519 = OVER_RIDING_STYLED_ITEM('overriding color',(#10520),#4459,
  #10183);
#10520 = PRESENTATION_STYLE_ASSIGNMENT((#10521));
#10521 = SURFACE_STYLE_USAGE(.BOTH.,#10522);
#10522 = SURFACE_SIDE_STYLE('',(#10523));
#10523 = SURFACE_STYLE_FILL_AREA(#10524);
#10524 = FILL_AREA_STYLE('',(#10525));
#10525 = FILL_AREA_STYLE_COLOUR('',#10420);
#10526 = OVER_RIDING_STYLED_ITEM('overriding color',(#10527),#4483,
  #10183);
#10527 = PRESENTATION_STYLE_ASSIGNMENT((#10528));
#10528 = SURFACE_STYLE_USAGE(.BOTH.,#10529);
#10529 = SURFACE_SIDE_STYLE('',(#10530));
#10530 = SURFACE_STYLE_FILL_AREA(#10531);
#10531 = FILL_AREA_STYLE('',(#10532));
#10532 = FILL_AREA_STYLE_COLOUR('',#10420);
#10533 = OVER_RIDING_STYLED_ITEM('overriding color',(#10534),#4512,
  #10183);
#10534 = PRESENTATION_STYLE_ASSIGNMENT((#10535));
#10535 = SURFACE_STYLE_USAGE(.BOTH.,#10536);
#10536 = SURFACE_SIDE_STYLE('',(#10537));
#10537 = SURFACE_STYLE_FILL_AREA(#10538);
#10538 = FILL_AREA_STYLE('',(#10539));
#10539 = FILL_AREA_STYLE_COLOUR('',#10420);
#10540 = OVER_RIDING_STYLED_ITEM('overriding color',(#10541),#4541,
  #10183);
#10541 = PRESENTATION_STYLE_ASSIGNMENT((#10542));
#10542 = SURFACE_STYLE_USAGE(.BOTH.,#10543);
#10543 = SURFACE_SIDE_STYLE('',(#10544));
#10544 = SURFACE_STYLE_FILL_AREA(#10545);
#10545 = FILL_AREA_STYLE('',(#10546));
#10546 = FILL_AREA_STYLE_COLOUR('',#10420);
#10547 = OVER_RIDING_STYLED_ITEM('overriding color',(#10548),#4570,
  #10183);
#10548 = PRESENTATION_STYLE_ASSIGNMENT((#10549));
#10549 = SURFACE_STYLE_USAGE(.BOTH.,#10550);
#10550 = SURFACE_SIDE_STYLE('',(#10551));
#10551 = SURFACE_STYLE_FILL_AREA(#10552);
#10552 = FILL_AREA_STYLE('',(#10553));
#10553 = FILL_AREA_STYLE_COLOUR('',#10420);
#10554 = OVER_RIDING_STYLED_ITEM('overriding color',(#10555),#4599,
  #10183);
#10555 = PRESENTATION_STYLE_ASSIGNMENT((#10556));
#10556 = SURFACE_STYLE_USAGE(.BOTH.,#10557);
#10557 = SURFACE_SIDE_STYLE('',(#10558));
#10558 = SURFACE_STYLE_FILL_AREA(#10559);
#10559 = FILL_AREA_STYLE('',(#10560));
#10560 = FILL_AREA_STYLE_COLOUR('',#10420);
#10561 = OVER_RIDING_STYLED_ITEM('overriding color',(#10562),#4621,
  #10183);
#10562 = PRESENTATION_STYLE_ASSIGNMENT((#10563));
#10563 = SURFACE_STYLE_USAGE(.BOTH.,#10564);
#10564 = SURFACE_SIDE_STYLE('',(#10565));
#10565 = SURFACE_STYLE_FILL_AREA(#10566);
#10566 = FILL_AREA_STYLE('',(#10567));
#10567 = FILL_AREA_STYLE_COLOUR('',#10420);
#10568 = OVER_RIDING_STYLED_ITEM('overriding color',(#10569),#4643,
  #10183);
#10569 = PRESENTATION_STYLE_ASSIGNMENT((#10570));
#10570 = SURFACE_STYLE_USAGE(.BOTH.,#10571);
#10571 = SURFACE_SIDE_STYLE('',(#10572));
#10572 = SURFACE_STYLE_FILL_AREA(#10573);
#10573 = FILL_AREA_STYLE('',(#10574));
#10574 = FILL_AREA_STYLE_COLOUR('',#10420);
#10575 = OVER_RIDING_STYLED_ITEM('overriding color',(#10576),#4674,
  #10183);
#10576 = PRESENTATION_STYLE_ASSIGNMENT((#10577));
#10577 = SURFACE_STYLE_USAGE(.BOTH.,#10578);
#10578 = SURFACE_SIDE_STYLE('',(#10579));
#10579 = SURFACE_STYLE_FILL_AREA(#10580);
#10580 = FILL_AREA_STYLE('',(#10581));
#10581 = FILL_AREA_STYLE_COLOUR('',#10420);
#10582 = OVER_RIDING_STYLED_ITEM('overriding color',(#10583),#4698,
  #10183);
#10583 = PRESENTATION_STYLE_ASSIGNMENT((#10584));
#10584 = SURFACE_STYLE_USAGE(.BOTH.,#10585);
#10585 = SURFACE_SIDE_STYLE('',(#10586));
#10586 = SURFACE_STYLE_FILL_AREA(#10587);
#10587 = FILL_AREA_STYLE('',(#10588));
#10588 = FILL_AREA_STYLE_COLOUR('',#10420);
#10589 = OVER_RIDING_STYLED_ITEM('overriding color',(#10590),#4722,
  #10183);
#10590 = PRESENTATION_STYLE_ASSIGNMENT((#10591));
#10591 = SURFACE_STYLE_USAGE(.BOTH.,#10592);
#10592 = SURFACE_SIDE_STYLE('',(#10593));
#10593 = SURFACE_STYLE_FILL_AREA(#10594);
#10594 = FILL_AREA_STYLE('',(#10595));
#10595 = FILL_AREA_STYLE_COLOUR('',#10420);
#10596 = OVER_RIDING_STYLED_ITEM('overriding color',(#10597),#4746,
  #10183);
#10597 = PRESENTATION_STYLE_ASSIGNMENT((#10598));
#10598 = SURFACE_STYLE_USAGE(.BOTH.,#10599);
#10599 = SURFACE_SIDE_STYLE('',(#10600));
#10600 = SURFACE_STYLE_FILL_AREA(#10601);
#10601 = FILL_AREA_STYLE('',(#10602));
#10602 = FILL_AREA_STYLE_COLOUR('',#10420);
#10603 = OVER_RIDING_STYLED_ITEM('overriding color',(#10604),#4770,
  #10183);
#10604 = PRESENTATION_STYLE_ASSIGNMENT((#10605));
#10605 = SURFACE_STYLE_USAGE(.BOTH.,#10606);
#10606 = SURFACE_SIDE_STYLE('',(#10607));
#10607 = SURFACE_STYLE_FILL_AREA(#10608);
#10608 = FILL_AREA_STYLE('',(#10609));
#10609 = FILL_AREA_STYLE_COLOUR('',#10420);
#10610 = OVER_RIDING_STYLED_ITEM('overriding color',(#10611),#4794,
  #10183);
#10611 = PRESENTATION_STYLE_ASSIGNMENT((#10612));
#10612 = SURFACE_STYLE_USAGE(.BOTH.,#10613);
#10613 = SURFACE_SIDE_STYLE('',(#10614));
#10614 = SURFACE_STYLE_FILL_AREA(#10615);
#10615 = FILL_AREA_STYLE('',(#10616));
#10616 = FILL_AREA_STYLE_COLOUR('',#10420);
#10617 = OVER_RIDING_STYLED_ITEM('overriding color',(#10618),#4818,
  #10183);
#10618 = PRESENTATION_STYLE_ASSIGNMENT((#10619));
#10619 = SURFACE_STYLE_USAGE(.BOTH.,#10620);
#10620 = SURFACE_SIDE_STYLE('',(#10621));
#10621 = SURFACE_STYLE_FILL_AREA(#10622);
#10622 = FILL_AREA_STYLE('',(#10623));
#10623 = FILL_AREA_STYLE_COLOUR('',#10420);
#10624 = OVER_RIDING_STYLED_ITEM('overriding color',(#10625),#4842,
  #10183);
#10625 = PRESENTATION_STYLE_ASSIGNMENT((#10626));
#10626 = SURFACE_STYLE_USAGE(.BOTH.,#10627);
#10627 = SURFACE_SIDE_STYLE('',(#10628));
#10628 = SURFACE_STYLE_FILL_AREA(#10629);
#10629 = FILL_AREA_STYLE('',(#10630));
#10630 = FILL_AREA_STYLE_COLOUR('',#10420);
#10631 = OVER_RIDING_STYLED_ITEM('overriding color',(#10632),#4866,
  #10183);
#10632 = PRESENTATION_STYLE_ASSIGNMENT((#10633));
#10633 = SURFACE_STYLE_USAGE(.BOTH.,#10634);
#10634 = SURFACE_SIDE_STYLE('',(#10635));
#10635 = SURFACE_STYLE_FILL_AREA(#10636);
#10636 = FILL_AREA_STYLE('',(#10637));
#10637 = FILL_AREA_STYLE_COLOUR('',#10420);
#10638 = OVER_RIDING_STYLED_ITEM('overriding color',(#10639),#4890,
  #10183);
#10639 = PRESENTATION_STYLE_ASSIGNMENT((#10640));
#10640 = SURFACE_STYLE_USAGE(.BOTH.,#10641);
#10641 = SURFACE_SIDE_STYLE('',(#10642));
#10642 = SURFACE_STYLE_FILL_AREA(#10643);
#10643 = FILL_AREA_STYLE('',(#10644));
#10644 = FILL_AREA_STYLE_COLOUR('',#10420);
#10645 = OVER_RIDING_STYLED_ITEM('overriding color',(#10646),#4914,
  #10183);
#10646 = PRESENTATION_STYLE_ASSIGNMENT((#10647));
#10647 = SURFACE_STYLE_USAGE(.BOTH.,#10648);
#10648 = SURFACE_SIDE_STYLE('',(#10649));
#10649 = SURFACE_STYLE_FILL_AREA(#10650);
#10650 = FILL_AREA_STYLE('',(#10651));
#10651 = FILL_AREA_STYLE_COLOUR('',#10420);
#10652 = OVER_RIDING_STYLED_ITEM('overriding color',(#10653),#4931,
  #10183);
#10653 = PRESENTATION_STYLE_ASSIGNMENT((#10654));
#10654 = SURFACE_STYLE_USAGE(.BOTH.,#10655);
#10655 = SURFACE_SIDE_STYLE('',(#10656));
#10656 = SURFACE_STYLE_FILL_AREA(#10657);
#10657 = FILL_AREA_STYLE('',(#10658));
#10658 = FILL_AREA_STYLE_COLOUR('',#10420);
#10659 = OVER_RIDING_STYLED_ITEM('overriding color',(#10660),#4951,
  #10183);
#10660 = PRESENTATION_STYLE_ASSIGNMENT((#10661));
#10661 = SURFACE_STYLE_USAGE(.BOTH.,#10662);
#10662 = SURFACE_SIDE_STYLE('',(#10663));
#10663 = SURFACE_STYLE_FILL_AREA(#10664);
#10664 = FILL_AREA_STYLE('',(#10665));
#10665 = FILL_AREA_STYLE_COLOUR('',#10420);
#10666 = OVER_RIDING_STYLED_ITEM('overriding color',(#10667),#5081,
  #10183);
#10667 = PRESENTATION_STYLE_ASSIGNMENT((#10668));
#10668 = SURFACE_STYLE_USAGE(.BOTH.,#10669);
#10669 = SURFACE_SIDE_STYLE('',(#10670));
#10670 = SURFACE_STYLE_FILL_AREA(#10671);
#10671 = FILL_AREA_STYLE('',(#10672));
#10672 = FILL_AREA_STYLE_COLOUR('',#10420);
#10673 = OVER_RIDING_STYLED_ITEM('overriding color',(#10674),#5103,
  #10183);
#10674 = PRESENTATION_STYLE_ASSIGNMENT((#10675));
#10675 = SURFACE_STYLE_USAGE(.BOTH.,#10676);
#10676 = SURFACE_SIDE_STYLE('',(#10677));
#10677 = SURFACE_STYLE_FILL_AREA(#10678);
#10678 = FILL_AREA_STYLE('',(#10679));
#10679 = FILL_AREA_STYLE_COLOUR('',#10420);
#10680 = OVER_RIDING_STYLED_ITEM('overriding color',(#10681),#5124,
  #10183);
#10681 = PRESENTATION_STYLE_ASSIGNMENT((#10682));
#10682 = SURFACE_STYLE_USAGE(.BOTH.,#10683);
#10683 = SURFACE_SIDE_STYLE('',(#10684));
#10684 = SURFACE_STYLE_FILL_AREA(#10685);
#10685 = FILL_AREA_STYLE('',(#10686));
#10686 = FILL_AREA_STYLE_COLOUR('',#10420);
#10687 = OVER_RIDING_STYLED_ITEM('overriding color',(#10688),#5145,
  #10183);
#10688 = PRESENTATION_STYLE_ASSIGNMENT((#10689));
#10689 = SURFACE_STYLE_USAGE(.BOTH.,#10690);
#10690 = SURFACE_SIDE_STYLE('',(#10691));
#10691 = SURFACE_STYLE_FILL_AREA(#10692);
#10692 = FILL_AREA_STYLE('',(#10693));
#10693 = FILL_AREA_STYLE_COLOUR('',#10420);
#10694 = OVER_RIDING_STYLED_ITEM('overriding color',(#10695),#5166,
  #10183);
#10695 = PRESENTATION_STYLE_ASSIGNMENT((#10696));
#10696 = SURFACE_STYLE_USAGE(.BOTH.,#10697);
#10697 = SURFACE_SIDE_STYLE('',(#10698));
#10698 = SURFACE_STYLE_FILL_AREA(#10699);
#10699 = FILL_AREA_STYLE('',(#10700));
#10700 = FILL_AREA_STYLE_COLOUR('',#10420);
#10701 = OVER_RIDING_STYLED_ITEM('overriding color',(#10702),#5187,
  #10183);
#10702 = PRESENTATION_STYLE_ASSIGNMENT((#10703));
#10703 = SURFACE_STYLE_USAGE(.BOTH.,#10704);
#10704 = SURFACE_SIDE_STYLE('',(#10705));
#10705 = SURFACE_STYLE_FILL_AREA(#10706);
#10706 = FILL_AREA_STYLE('',(#10707));
#10707 = FILL_AREA_STYLE_COLOUR('',#10420);
#10708 = OVER_RIDING_STYLED_ITEM('overriding color',(#10709),#5204,
  #10183);
#10709 = PRESENTATION_STYLE_ASSIGNMENT((#10710));
#10710 = SURFACE_STYLE_USAGE(.BOTH.,#10711);
#10711 = SURFACE_SIDE_STYLE('',(#10712));
#10712 = SURFACE_STYLE_FILL_AREA(#10713);
#10713 = FILL_AREA_STYLE('',(#10714));
#10714 = FILL_AREA_STYLE_COLOUR('',#10420);
#10715 = OVER_RIDING_STYLED_ITEM('overriding color',(#10716),#5216,
  #10183);
#10716 = PRESENTATION_STYLE_ASSIGNMENT((#10717));
#10717 = SURFACE_STYLE_USAGE(.BOTH.,#10718);
#10718 = SURFACE_SIDE_STYLE('',(#10719));
#10719 = SURFACE_STYLE_FILL_AREA(#10720);
#10720 = FILL_AREA_STYLE('',(#10721));
#10721 = FILL_AREA_STYLE_COLOUR('',#10420);
#10722 = OVER_RIDING_STYLED_ITEM('overriding color',(#10723),#5247,
  #10183);
#10723 = PRESENTATION_STYLE_ASSIGNMENT((#10724));
#10724 = SURFACE_STYLE_USAGE(.BOTH.,#10725);
#10725 = SURFACE_SIDE_STYLE('',(#10726));
#10726 = SURFACE_STYLE_FILL_AREA(#10727);
#10727 = FILL_AREA_STYLE('',(#10728));
#10728 = FILL_AREA_STYLE_COLOUR('',#10420);
#10729 = OVER_RIDING_STYLED_ITEM('overriding color',(#10730),#5271,
  #10183);
#10730 = PRESENTATION_STYLE_ASSIGNMENT((#10731));
#10731 = SURFACE_STYLE_USAGE(.BOTH.,#10732);
#10732 = SURFACE_SIDE_STYLE('',(#10733));
#10733 = SURFACE_STYLE_FILL_AREA(#10734);
#10734 = FILL_AREA_STYLE('',(#10735));
#10735 = FILL_AREA_STYLE_COLOUR('',#10420);
#10736 = OVER_RIDING_STYLED_ITEM('overriding color',(#10737),#5295,
  #10183);
#10737 = PRESENTATION_STYLE_ASSIGNMENT((#10738));
#10738 = SURFACE_STYLE_USAGE(.BOTH.,#10739);
#10739 = SURFACE_SIDE_STYLE('',(#10740));
#10740 = SURFACE_STYLE_FILL_AREA(#10741);
#10741 = FILL_AREA_STYLE('',(#10742));
#10742 = FILL_AREA_STYLE_COLOUR('',#10420);
#10743 = OVER_RIDING_STYLED_ITEM('overriding color',(#10744),#5324,
  #10183);
#10744 = PRESENTATION_STYLE_ASSIGNMENT((#10745));
#10745 = SURFACE_STYLE_USAGE(.BOTH.,#10746);
#10746 = SURFACE_SIDE_STYLE('',(#10747));
#10747 = SURFACE_STYLE_FILL_AREA(#10748);
#10748 = FILL_AREA_STYLE('',(#10749));
#10749 = FILL_AREA_STYLE_COLOUR('',#10420);
#10750 = OVER_RIDING_STYLED_ITEM('overriding color',(#10751),#5353,
  #10183);
#10751 = PRESENTATION_STYLE_ASSIGNMENT((#10752));
#10752 = SURFACE_STYLE_USAGE(.BOTH.,#10753);
#10753 = SURFACE_SIDE_STYLE('',(#10754));
#10754 = SURFACE_STYLE_FILL_AREA(#10755);
#10755 = FILL_AREA_STYLE('',(#10756));
#10756 = FILL_AREA_STYLE_COLOUR('',#10420);
#10757 = OVER_RIDING_STYLED_ITEM('overriding color',(#10758),#5382,
  #10183);
#10758 = PRESENTATION_STYLE_ASSIGNMENT((#10759));
#10759 = SURFACE_STYLE_USAGE(.BOTH.,#10760);
#10760 = SURFACE_SIDE_STYLE('',(#10761));
#10761 = SURFACE_STYLE_FILL_AREA(#10762);
#10762 = FILL_AREA_STYLE('',(#10763));
#10763 = FILL_AREA_STYLE_COLOUR('',#10420);
#10764 = OVER_RIDING_STYLED_ITEM('overriding color',(#10765),#5404,
  #10183);
#10765 = PRESENTATION_STYLE_ASSIGNMENT((#10766));
#10766 = SURFACE_STYLE_USAGE(.BOTH.,#10767);
#10767 = SURFACE_SIDE_STYLE('',(#10768));
#10768 = SURFACE_STYLE_FILL_AREA(#10769);
#10769 = FILL_AREA_STYLE('',(#10770));
#10770 = FILL_AREA_STYLE_COLOUR('',#10201);
#10771 = OVER_RIDING_STYLED_ITEM('overriding color',(#10772),#5419,
  #10183);
#10772 = PRESENTATION_STYLE_ASSIGNMENT((#10773));
#10773 = SURFACE_STYLE_USAGE(.BOTH.,#10774);
#10774 = SURFACE_SIDE_STYLE('',(#10775));
#10775 = SURFACE_STYLE_FILL_AREA(#10776);
#10776 = FILL_AREA_STYLE('',(#10777));
#10777 = FILL_AREA_STYLE_COLOUR('',#10420);
#10778 = OVER_RIDING_STYLED_ITEM('overriding color',(#10779),#5543,
  #10183);
#10779 = PRESENTATION_STYLE_ASSIGNMENT((#10780));
#10780 = SURFACE_STYLE_USAGE(.BOTH.,#10781);
#10781 = SURFACE_SIDE_STYLE('',(#10782));
#10782 = SURFACE_STYLE_FILL_AREA(#10783);
#10783 = FILL_AREA_STYLE('',(#10784));
#10784 = FILL_AREA_STYLE_COLOUR('',#10420);
#10785 = OVER_RIDING_STYLED_ITEM('overriding color',(#10786),#5565,
  #10183);
#10786 = PRESENTATION_STYLE_ASSIGNMENT((#10787));
#10787 = SURFACE_STYLE_USAGE(.BOTH.,#10788);
#10788 = SURFACE_SIDE_STYLE('',(#10789));
#10789 = SURFACE_STYLE_FILL_AREA(#10790);
#10790 = FILL_AREA_STYLE('',(#10791));
#10791 = FILL_AREA_STYLE_COLOUR('',#10420);
#10792 = OVER_RIDING_STYLED_ITEM('overriding color',(#10793),#5582,
  #10183);
#10793 = PRESENTATION_STYLE_ASSIGNMENT((#10794));
#10794 = SURFACE_STYLE_USAGE(.BOTH.,#10795);
#10795 = SURFACE_SIDE_STYLE('',(#10796));
#10796 = SURFACE_STYLE_FILL_AREA(#10797);
#10797 = FILL_AREA_STYLE('',(#10798));
#10798 = FILL_AREA_STYLE_COLOUR('',#10420);
#10799 = OVER_RIDING_STYLED_ITEM('overriding color',(#10800),#5599,
  #10183);
#10800 = PRESENTATION_STYLE_ASSIGNMENT((#10801));
#10801 = SURFACE_STYLE_USAGE(.BOTH.,#10802);
#10802 = SURFACE_SIDE_STYLE('',(#10803));
#10803 = SURFACE_STYLE_FILL_AREA(#10804);
#10804 = FILL_AREA_STYLE('',(#10805));
#10805 = FILL_AREA_STYLE_COLOUR('',#10420);
#10806 = OVER_RIDING_STYLED_ITEM('overriding color',(#10807),#5616,
  #10183);
#10807 = PRESENTATION_STYLE_ASSIGNMENT((#10808));
#10808 = SURFACE_STYLE_USAGE(.BOTH.,#10809);
#10809 = SURFACE_SIDE_STYLE('',(#10810));
#10810 = SURFACE_STYLE_FILL_AREA(#10811);
#10811 = FILL_AREA_STYLE('',(#10812));
#10812 = FILL_AREA_STYLE_COLOUR('',#10420);
#10813 = OVER_RIDING_STYLED_ITEM('overriding color',(#10814),#5633,
  #10183);
#10814 = PRESENTATION_STYLE_ASSIGNMENT((#10815));
#10815 = SURFACE_STYLE_USAGE(.BOTH.,#10816);
#10816 = SURFACE_SIDE_STYLE('',(#10817));
#10817 = SURFACE_STYLE_FILL_AREA(#10818);
#10818 = FILL_AREA_STYLE('',(#10819));
#10819 = FILL_AREA_STYLE_COLOUR('',#10420);
#10820 = OVER_RIDING_STYLED_ITEM('overriding color',(#10821),#5650,
  #10183);
#10821 = PRESENTATION_STYLE_ASSIGNMENT((#10822));
#10822 = SURFACE_STYLE_USAGE(.BOTH.,#10823);
#10823 = SURFACE_SIDE_STYLE('',(#10824));
#10824 = SURFACE_STYLE_FILL_AREA(#10825);
#10825 = FILL_AREA_STYLE('',(#10826));
#10826 = FILL_AREA_STYLE_COLOUR('',#10420);
#10827 = OVER_RIDING_STYLED_ITEM('overriding color',(#10828),#5667,
  #10183);
#10828 = PRESENTATION_STYLE_ASSIGNMENT((#10829));
#10829 = SURFACE_STYLE_USAGE(.BOTH.,#10830);
#10830 = SURFACE_SIDE_STYLE('',(#10831));
#10831 = SURFACE_STYLE_FILL_AREA(#10832);
#10832 = FILL_AREA_STYLE('',(#10833));
#10833 = FILL_AREA_STYLE_COLOUR('',#10420);
#10834 = OVER_RIDING_STYLED_ITEM('overriding color',(#10835),#5679,
  #10183);
#10835 = PRESENTATION_STYLE_ASSIGNMENT((#10836));
#10836 = SURFACE_STYLE_USAGE(.BOTH.,#10837);
#10837 = SURFACE_SIDE_STYLE('',(#10838));
#10838 = SURFACE_STYLE_FILL_AREA(#10839);
#10839 = FILL_AREA_STYLE('',(#10840));
#10840 = FILL_AREA_STYLE_COLOUR('',#10420);
#10841 = OVER_RIDING_STYLED_ITEM('overriding color',(#10842),#5710,
  #10183);
#10842 = PRESENTATION_STYLE_ASSIGNMENT((#10843));
#10843 = SURFACE_STYLE_USAGE(.BOTH.,#10844);
#10844 = SURFACE_SIDE_STYLE('',(#10845));
#10845 = SURFACE_STYLE_FILL_AREA(#10846);
#10846 = FILL_AREA_STYLE('',(#10847));
#10847 = FILL_AREA_STYLE_COLOUR('',#10420);
#10848 = OVER_RIDING_STYLED_ITEM('overriding color',(#10849),#5734,
  #10183);
#10849 = PRESENTATION_STYLE_ASSIGNMENT((#10850));
#10850 = SURFACE_STYLE_USAGE(.BOTH.,#10851);
#10851 = SURFACE_SIDE_STYLE('',(#10852));
#10852 = SURFACE_STYLE_FILL_AREA(#10853);
#10853 = FILL_AREA_STYLE('',(#10854));
#10854 = FILL_AREA_STYLE_COLOUR('',#10420);
#10855 = OVER_RIDING_STYLED_ITEM('overriding color',(#10856),#5763,
  #10183);
#10856 = PRESENTATION_STYLE_ASSIGNMENT((#10857));
#10857 = SURFACE_STYLE_USAGE(.BOTH.,#10858);
#10858 = SURFACE_SIDE_STYLE('',(#10859));
#10859 = SURFACE_STYLE_FILL_AREA(#10860);
#10860 = FILL_AREA_STYLE('',(#10861));
#10861 = FILL_AREA_STYLE_COLOUR('',#10420);
#10862 = OVER_RIDING_STYLED_ITEM('overriding color',(#10863),#5787,
  #10183);
#10863 = PRESENTATION_STYLE_ASSIGNMENT((#10864));
#10864 = SURFACE_STYLE_USAGE(.BOTH.,#10865);
#10865 = SURFACE_SIDE_STYLE('',(#10866));
#10866 = SURFACE_STYLE_FILL_AREA(#10867);
#10867 = FILL_AREA_STYLE('',(#10868));
#10868 = FILL_AREA_STYLE_COLOUR('',#10420);
#10869 = OVER_RIDING_STYLED_ITEM('overriding color',(#10870),#5816,
  #10183);
#10870 = PRESENTATION_STYLE_ASSIGNMENT((#10871));
#10871 = SURFACE_STYLE_USAGE(.BOTH.,#10872);
#10872 = SURFACE_SIDE_STYLE('',(#10873));
#10873 = SURFACE_STYLE_FILL_AREA(#10874);
#10874 = FILL_AREA_STYLE('',(#10875));
#10875 = FILL_AREA_STYLE_COLOUR('',#10420);
#10876 = OVER_RIDING_STYLED_ITEM('overriding color',(#10877),#5833,
  #10183);
#10877 = PRESENTATION_STYLE_ASSIGNMENT((#10878));
#10878 = SURFACE_STYLE_USAGE(.BOTH.,#10879);
#10879 = SURFACE_SIDE_STYLE('',(#10880));
#10880 = SURFACE_STYLE_FILL_AREA(#10881);
#10881 = FILL_AREA_STYLE('',(#10882));
#10882 = FILL_AREA_STYLE_COLOUR('',#10201);
#10883 = OVER_RIDING_STYLED_ITEM('overriding color',(#10884),#5847,
  #10183);
#10884 = PRESENTATION_STYLE_ASSIGNMENT((#10885));
#10885 = SURFACE_STYLE_USAGE(.BOTH.,#10886);
#10886 = SURFACE_SIDE_STYLE('',(#10887));
#10887 = SURFACE_STYLE_FILL_AREA(#10888);
#10888 = FILL_AREA_STYLE('',(#10889));
#10889 = FILL_AREA_STYLE_COLOUR('',#10420);
#10890 = OVER_RIDING_STYLED_ITEM('overriding color',(#10891),#5878,
  #10183);
#10891 = PRESENTATION_STYLE_ASSIGNMENT((#10892));
#10892 = SURFACE_STYLE_USAGE(.BOTH.,#10893);
#10893 = SURFACE_SIDE_STYLE('',(#10894));
#10894 = SURFACE_STYLE_FILL_AREA(#10895);
#10895 = FILL_AREA_STYLE('',(#10896));
#10896 = FILL_AREA_STYLE_COLOUR('',#10420);
#10897 = OVER_RIDING_STYLED_ITEM('overriding color',(#10898),#5902,
  #10183);
#10898 = PRESENTATION_STYLE_ASSIGNMENT((#10899));
#10899 = SURFACE_STYLE_USAGE(.BOTH.,#10900);
#10900 = SURFACE_SIDE_STYLE('',(#10901));
#10901 = SURFACE_STYLE_FILL_AREA(#10902);
#10902 = FILL_AREA_STYLE('',(#10903));
#10903 = FILL_AREA_STYLE_COLOUR('',#10420);
#10904 = OVER_RIDING_STYLED_ITEM('overriding color',(#10905),#5926,
  #10183);
#10905 = PRESENTATION_STYLE_ASSIGNMENT((#10906));
#10906 = SURFACE_STYLE_USAGE(.BOTH.,#10907);
#10907 = SURFACE_SIDE_STYLE('',(#10908));
#10908 = SURFACE_STYLE_FILL_AREA(#10909);
#10909 = FILL_AREA_STYLE('',(#10910));
#10910 = FILL_AREA_STYLE_COLOUR('',#10420);
#10911 = OVER_RIDING_STYLED_ITEM('overriding color',(#10912),#5950,
  #10183);
#10912 = PRESENTATION_STYLE_ASSIGNMENT((#10913));
#10913 = SURFACE_STYLE_USAGE(.BOTH.,#10914);
#10914 = SURFACE_SIDE_STYLE('',(#10915));
#10915 = SURFACE_STYLE_FILL_AREA(#10916);
#10916 = FILL_AREA_STYLE('',(#10917));
#10917 = FILL_AREA_STYLE_COLOUR('',#10420);
#10918 = OVER_RIDING_STYLED_ITEM('overriding color',(#10919),#5974,
  #10183);
#10919 = PRESENTATION_STYLE_ASSIGNMENT((#10920));
#10920 = SURFACE_STYLE_USAGE(.BOTH.,#10921);
#10921 = SURFACE_SIDE_STYLE('',(#10922));
#10922 = SURFACE_STYLE_FILL_AREA(#10923);
#10923 = FILL_AREA_STYLE('',(#10924));
#10924 = FILL_AREA_STYLE_COLOUR('',#10420);
#10925 = OVER_RIDING_STYLED_ITEM('overriding color',(#10926),#5998,
  #10183);
#10926 = PRESENTATION_STYLE_ASSIGNMENT((#10927));
#10927 = SURFACE_STYLE_USAGE(.BOTH.,#10928);
#10928 = SURFACE_SIDE_STYLE('',(#10929));
#10929 = SURFACE_STYLE_FILL_AREA(#10930);
#10930 = FILL_AREA_STYLE('',(#10931));
#10931 = FILL_AREA_STYLE_COLOUR('',#10420);
#10932 = OVER_RIDING_STYLED_ITEM('overriding color',(#10933),#6022,
  #10183);
#10933 = PRESENTATION_STYLE_ASSIGNMENT((#10934));
#10934 = SURFACE_STYLE_USAGE(.BOTH.,#10935);
#10935 = SURFACE_SIDE_STYLE('',(#10936));
#10936 = SURFACE_STYLE_FILL_AREA(#10937);
#10937 = FILL_AREA_STYLE('',(#10938));
#10938 = FILL_AREA_STYLE_COLOUR('',#10420);
#10939 = OVER_RIDING_STYLED_ITEM('overriding color',(#10940),#6046,
  #10183);
#10940 = PRESENTATION_STYLE_ASSIGNMENT((#10941));
#10941 = SURFACE_STYLE_USAGE(.BOTH.,#10942);
#10942 = SURFACE_SIDE_STYLE('',(#10943));
#10943 = SURFACE_STYLE_FILL_AREA(#10944);
#10944 = FILL_AREA_STYLE('',(#10945));
#10945 = FILL_AREA_STYLE_COLOUR('',#10420);
#10946 = OVER_RIDING_STYLED_ITEM('overriding color',(#10947),#6070,
  #10183);
#10947 = PRESENTATION_STYLE_ASSIGNMENT((#10948));
#10948 = SURFACE_STYLE_USAGE(.BOTH.,#10949);
#10949 = SURFACE_SIDE_STYLE('',(#10950));
#10950 = SURFACE_STYLE_FILL_AREA(#10951);
#10951 = FILL_AREA_STYLE('',(#10952));
#10952 = FILL_AREA_STYLE_COLOUR('',#10420);
#10953 = OVER_RIDING_STYLED_ITEM('overriding color',(#10954),#6094,
  #10183);
#10954 = PRESENTATION_STYLE_ASSIGNMENT((#10955));
#10955 = SURFACE_STYLE_USAGE(.BOTH.,#10956);
#10956 = SURFACE_SIDE_STYLE('',(#10957));
#10957 = SURFACE_STYLE_FILL_AREA(#10958);
#10958 = FILL_AREA_STYLE('',(#10959));
#10959 = FILL_AREA_STYLE_COLOUR('',#10420);
#10960 = OVER_RIDING_STYLED_ITEM('overriding color',(#10961),#6118,
  #10183);
#10961 = PRESENTATION_STYLE_ASSIGNMENT((#10962));
#10962 = SURFACE_STYLE_USAGE(.BOTH.,#10963);
#10963 = SURFACE_SIDE_STYLE('',(#10964));
#10964 = SURFACE_STYLE_FILL_AREA(#10965);
#10965 = FILL_AREA_STYLE('',(#10966));
#10966 = FILL_AREA_STYLE_COLOUR('',#10420);
#10967 = OVER_RIDING_STYLED_ITEM('overriding color',(#10968),#6135,
  #10183);
#10968 = PRESENTATION_STYLE_ASSIGNMENT((#10969));
#10969 = SURFACE_STYLE_USAGE(.BOTH.,#10970);
#10970 = SURFACE_SIDE_STYLE('',(#10971));
#10971 = SURFACE_STYLE_FILL_AREA(#10972);
#10972 = FILL_AREA_STYLE('',(#10973));
#10973 = FILL_AREA_STYLE_COLOUR('',#10420);
#10974 = OVER_RIDING_STYLED_ITEM('overriding color',(#10975),#6155,
  #10183);
#10975 = PRESENTATION_STYLE_ASSIGNMENT((#10976));
#10976 = SURFACE_STYLE_USAGE(.BOTH.,#10977);
#10977 = SURFACE_SIDE_STYLE('',(#10978));
#10978 = SURFACE_STYLE_FILL_AREA(#10979);
#10979 = FILL_AREA_STYLE('',(#10980));
#10980 = FILL_AREA_STYLE_COLOUR('',#10420);
#10981 = OVER_RIDING_STYLED_ITEM('overriding color',(#10982),#6355,
  #10183);
#10982 = PRESENTATION_STYLE_ASSIGNMENT((#10983));
#10983 = SURFACE_STYLE_USAGE(.BOTH.,#10984);
#10984 = SURFACE_SIDE_STYLE('',(#10985));
#10985 = SURFACE_STYLE_FILL_AREA(#10986);
#10986 = FILL_AREA_STYLE('',(#10987));
#10987 = FILL_AREA_STYLE_COLOUR('',#10420);
#10988 = OVER_RIDING_STYLED_ITEM('overriding color',(#10989),#6381,
  #10183);
#10989 = PRESENTATION_STYLE_ASSIGNMENT((#10990));
#10990 = SURFACE_STYLE_USAGE(.BOTH.,#10991);
#10991 = SURFACE_SIDE_STYLE('',(#10992));
#10992 = SURFACE_STYLE_FILL_AREA(#10993);
#10993 = FILL_AREA_STYLE('',(#10994));
#10994 = FILL_AREA_STYLE_COLOUR('',#10420);
#10995 = OVER_RIDING_STYLED_ITEM('overriding color',(#10996),#6398,
  #10183);
#10996 = PRESENTATION_STYLE_ASSIGNMENT((#10997));
#10997 = SURFACE_STYLE_USAGE(.BOTH.,#10998);
#10998 = SURFACE_SIDE_STYLE('',(#10999));
#10999 = SURFACE_STYLE_FILL_AREA(#11000);
#11000 = FILL_AREA_STYLE('',(#11001));
#11001 = FILL_AREA_STYLE_COLOUR('',#10420);
#11002 = OVER_RIDING_STYLED_ITEM('overriding color',(#11003),#6419,
  #10183);
#11003 = PRESENTATION_STYLE_ASSIGNMENT((#11004));
#11004 = SURFACE_STYLE_USAGE(.BOTH.,#11005);
#11005 = SURFACE_SIDE_STYLE('',(#11006));
#11006 = SURFACE_STYLE_FILL_AREA(#11007);
#11007 = FILL_AREA_STYLE('',(#11008));
#11008 = FILL_AREA_STYLE_COLOUR('',#10420);
#11009 = OVER_RIDING_STYLED_ITEM('overriding color',(#11010),#6440,
  #10183);
#11010 = PRESENTATION_STYLE_ASSIGNMENT((#11011));
#11011 = SURFACE_STYLE_USAGE(.BOTH.,#11012);
#11012 = SURFACE_SIDE_STYLE('',(#11013));
#11013 = SURFACE_STYLE_FILL_AREA(#11014);
#11014 = FILL_AREA_STYLE('',(#11015));
#11015 = FILL_AREA_STYLE_COLOUR('',#10420);
#11016 = OVER_RIDING_STYLED_ITEM('overriding color',(#11017),#6457,
  #10183);
#11017 = PRESENTATION_STYLE_ASSIGNMENT((#11018));
#11018 = SURFACE_STYLE_USAGE(.BOTH.,#11019);
#11019 = SURFACE_SIDE_STYLE('',(#11020));
#11020 = SURFACE_STYLE_FILL_AREA(#11021);
#11021 = FILL_AREA_STYLE('',(#11022));
#11022 = FILL_AREA_STYLE_COLOUR('',#10420);
#11023 = OVER_RIDING_STYLED_ITEM('overriding color',(#11024),#6478,
  #10183);
#11024 = PRESENTATION_STYLE_ASSIGNMENT((#11025));
#11025 = SURFACE_STYLE_USAGE(.BOTH.,#11026);
#11026 = SURFACE_SIDE_STYLE('',(#11027));
#11027 = SURFACE_STYLE_FILL_AREA(#11028);
#11028 = FILL_AREA_STYLE('',(#11029));
#11029 = FILL_AREA_STYLE_COLOUR('',#10420);
#11030 = OVER_RIDING_STYLED_ITEM('overriding color',(#11031),#6499,
  #10183);
#11031 = PRESENTATION_STYLE_ASSIGNMENT((#11032));
#11032 = SURFACE_STYLE_USAGE(.BOTH.,#11033);
#11033 = SURFACE_SIDE_STYLE('',(#11034));
#11034 = SURFACE_STYLE_FILL_AREA(#11035);
#11035 = FILL_AREA_STYLE('',(#11036));
#11036 = FILL_AREA_STYLE_COLOUR('',#10420);
#11037 = OVER_RIDING_STYLED_ITEM('overriding color',(#11038),#6520,
  #10183);
#11038 = PRESENTATION_STYLE_ASSIGNMENT((#11039));
#11039 = SURFACE_STYLE_USAGE(.BOTH.,#11040);
#11040 = SURFACE_SIDE_STYLE('',(#11041));
#11041 = SURFACE_STYLE_FILL_AREA(#11042);
#11042 = FILL_AREA_STYLE('',(#11043));
#11043 = FILL_AREA_STYLE_COLOUR('',#10420);
#11044 = OVER_RIDING_STYLED_ITEM('overriding color',(#11045),#6541,
  #10183);
#11045 = PRESENTATION_STYLE_ASSIGNMENT((#11046));
#11046 = SURFACE_STYLE_USAGE(.BOTH.,#11047);
#11047 = SURFACE_SIDE_STYLE('',(#11048));
#11048 = SURFACE_STYLE_FILL_AREA(#11049);
#11049 = FILL_AREA_STYLE('',(#11050));
#11050 = FILL_AREA_STYLE_COLOUR('',#10420);
#11051 = OVER_RIDING_STYLED_ITEM('overriding color',(#11052),#6558,
  #10183);
#11052 = PRESENTATION_STYLE_ASSIGNMENT((#11053));
#11053 = SURFACE_STYLE_USAGE(.BOTH.,#11054);
#11054 = SURFACE_SIDE_STYLE('',(#11055));
#11055 = SURFACE_STYLE_FILL_AREA(#11056);
#11056 = FILL_AREA_STYLE('',(#11057));
#11057 = FILL_AREA_STYLE_COLOUR('',#10420);
#11058 = OVER_RIDING_STYLED_ITEM('overriding color',(#11059),#6575,
  #10183);
#11059 = PRESENTATION_STYLE_ASSIGNMENT((#11060));
#11060 = SURFACE_STYLE_USAGE(.BOTH.,#11061);
#11061 = SURFACE_SIDE_STYLE('',(#11062));
#11062 = SURFACE_STYLE_FILL_AREA(#11063);
#11063 = FILL_AREA_STYLE('',(#11064));
#11064 = FILL_AREA_STYLE_COLOUR('',#10420);
#11065 = OVER_RIDING_STYLED_ITEM('overriding color',(#11066),#6592,
  #10183);
#11066 = PRESENTATION_STYLE_ASSIGNMENT((#11067));
#11067 = SURFACE_STYLE_USAGE(.BOTH.,#11068);
#11068 = SURFACE_SIDE_STYLE('',(#11069));
#11069 = SURFACE_STYLE_FILL_AREA(#11070);
#11070 = FILL_AREA_STYLE('',(#11071));
#11071 = FILL_AREA_STYLE_COLOUR('',#10420);
#11072 = OVER_RIDING_STYLED_ITEM('overriding color',(#11073),#6609,
  #10183);
#11073 = PRESENTATION_STYLE_ASSIGNMENT((#11074));
#11074 = SURFACE_STYLE_USAGE(.BOTH.,#11075);
#11075 = SURFACE_SIDE_STYLE('',(#11076));
#11076 = SURFACE_STYLE_FILL_AREA(#11077);
#11077 = FILL_AREA_STYLE('',(#11078));
#11078 = FILL_AREA_STYLE_COLOUR('',#10420);
#11079 = OVER_RIDING_STYLED_ITEM('overriding color',(#11080),#6625,
  #10183);
#11080 = PRESENTATION_STYLE_ASSIGNMENT((#11081));
#11081 = SURFACE_STYLE_USAGE(.BOTH.,#11082);
#11082 = SURFACE_SIDE_STYLE('',(#11083));
#11083 = SURFACE_STYLE_FILL_AREA(#11084);
#11084 = FILL_AREA_STYLE('',(#11085));
#11085 = FILL_AREA_STYLE_COLOUR('',#10420);
#11086 = OVER_RIDING_STYLED_ITEM('overriding color',(#11087),#6661,
  #10183);
#11087 = PRESENTATION_STYLE_ASSIGNMENT((#11088));
#11088 = SURFACE_STYLE_USAGE(.BOTH.,#11089);
#11089 = SURFACE_SIDE_STYLE('',(#11090));
#11090 = SURFACE_STYLE_FILL_AREA(#11091);
#11091 = FILL_AREA_STYLE('',(#11092));
#11092 = FILL_AREA_STYLE_COLOUR('',#10420);
#11093 = OVER_RIDING_STYLED_ITEM('overriding color',(#11094),#6690,
  #10183);
#11094 = PRESENTATION_STYLE_ASSIGNMENT((#11095));
#11095 = SURFACE_STYLE_USAGE(.BOTH.,#11096);
#11096 = SURFACE_SIDE_STYLE('',(#11097));
#11097 = SURFACE_STYLE_FILL_AREA(#11098);
#11098 = FILL_AREA_STYLE('',(#11099));
#11099 = FILL_AREA_STYLE_COLOUR('',#10420);
#11100 = OVER_RIDING_STYLED_ITEM('overriding color',(#11101),#6719,
  #10183);
#11101 = PRESENTATION_STYLE_ASSIGNMENT((#11102));
#11102 = SURFACE_STYLE_USAGE(.BOTH.,#11103);
#11103 = SURFACE_SIDE_STYLE('',(#11104));
#11104 = SURFACE_STYLE_FILL_AREA(#11105);
#11105 = FILL_AREA_STYLE('',(#11106));
#11106 = FILL_AREA_STYLE_COLOUR('',#10420);
#11107 = OVER_RIDING_STYLED_ITEM('overriding color',(#11108),#6748,
  #10183);
#11108 = PRESENTATION_STYLE_ASSIGNMENT((#11109));
#11109 = SURFACE_STYLE_USAGE(.BOTH.,#11110);
#11110 = SURFACE_SIDE_STYLE('',(#11111));
#11111 = SURFACE_STYLE_FILL_AREA(#11112);
#11112 = FILL_AREA_STYLE('',(#11113));
#11113 = FILL_AREA_STYLE_COLOUR('',#10420);
#11114 = OVER_RIDING_STYLED_ITEM('overriding color',(#11115),#6777,
  #10183);
#11115 = PRESENTATION_STYLE_ASSIGNMENT((#11116));
#11116 = SURFACE_STYLE_USAGE(.BOTH.,#11117);
#11117 = SURFACE_SIDE_STYLE('',(#11118));
#11118 = SURFACE_STYLE_FILL_AREA(#11119);
#11119 = FILL_AREA_STYLE('',(#11120));
#11120 = FILL_AREA_STYLE_COLOUR('',#10420);
#11121 = OVER_RIDING_STYLED_ITEM('overriding color',(#11122),#6806,
  #10183);
#11122 = PRESENTATION_STYLE_ASSIGNMENT((#11123));
#11123 = SURFACE_STYLE_USAGE(.BOTH.,#11124);
#11124 = SURFACE_SIDE_STYLE('',(#11125));
#11125 = SURFACE_STYLE_FILL_AREA(#11126);
#11126 = FILL_AREA_STYLE('',(#11127));
#11127 = FILL_AREA_STYLE_COLOUR('',#10420);
#11128 = OVER_RIDING_STYLED_ITEM('overriding color',(#11129),#6830,
  #10183);
#11129 = PRESENTATION_STYLE_ASSIGNMENT((#11130));
#11130 = SURFACE_STYLE_USAGE(.BOTH.,#11131);
#11131 = SURFACE_SIDE_STYLE('',(#11132));
#11132 = SURFACE_STYLE_FILL_AREA(#11133);
#11133 = FILL_AREA_STYLE('',(#11134));
#11134 = FILL_AREA_STYLE_COLOUR('',#10420);
#11135 = OVER_RIDING_STYLED_ITEM('overriding color',(#11136),#6847,
  #10183);
#11136 = PRESENTATION_STYLE_ASSIGNMENT((#11137));
#11137 = SURFACE_STYLE_USAGE(.BOTH.,#11138);
#11138 = SURFACE_SIDE_STYLE('',(#11139));
#11139 = SURFACE_STYLE_FILL_AREA(#11140);
#11140 = FILL_AREA_STYLE('',(#11141));
#11141 = FILL_AREA_STYLE_COLOUR('',#10201);
#11142 = OVER_RIDING_STYLED_ITEM('overriding color',(#11143),#6863,
  #10183);
#11143 = PRESENTATION_STYLE_ASSIGNMENT((#11144));
#11144 = SURFACE_STYLE_USAGE(.BOTH.,#11145);
#11145 = SURFACE_SIDE_STYLE('',(#11146));
#11146 = SURFACE_STYLE_FILL_AREA(#11147);
#11147 = FILL_AREA_STYLE('',(#11148));
#11148 = FILL_AREA_STYLE_COLOUR('',#10420);
#11149 = OVER_RIDING_STYLED_ITEM('overriding color',(#11150),#6899,
  #10183);
#11150 = PRESENTATION_STYLE_ASSIGNMENT((#11151));
#11151 = SURFACE_STYLE_USAGE(.BOTH.,#11152);
#11152 = SURFACE_SIDE_STYLE('',(#11153));
#11153 = SURFACE_STYLE_FILL_AREA(#11154);
#11154 = FILL_AREA_STYLE('',(#11155));
#11155 = FILL_AREA_STYLE_COLOUR('',#10420);
#11156 = OVER_RIDING_STYLED_ITEM('overriding color',(#11157),#6923,
  #10183);
#11157 = PRESENTATION_STYLE_ASSIGNMENT((#11158));
#11158 = SURFACE_STYLE_USAGE(.BOTH.,#11159);
#11159 = SURFACE_SIDE_STYLE('',(#11160));
#11160 = SURFACE_STYLE_FILL_AREA(#11161);
#11161 = FILL_AREA_STYLE('',(#11162));
#11162 = FILL_AREA_STYLE_COLOUR('',#10420);
#11163 = OVER_RIDING_STYLED_ITEM('overriding color',(#11164),#6952,
  #10183);
#11164 = PRESENTATION_STYLE_ASSIGNMENT((#11165));
#11165 = SURFACE_STYLE_USAGE(.BOTH.,#11166);
#11166 = SURFACE_SIDE_STYLE('',(#11167));
#11167 = SURFACE_STYLE_FILL_AREA(#11168);
#11168 = FILL_AREA_STYLE('',(#11169));
#11169 = FILL_AREA_STYLE_COLOUR('',#10420);
#11170 = OVER_RIDING_STYLED_ITEM('overriding color',(#11171),#6981,
  #10183);
#11171 = PRESENTATION_STYLE_ASSIGNMENT((#11172));
#11172 = SURFACE_STYLE_USAGE(.BOTH.,#11173);
#11173 = SURFACE_SIDE_STYLE('',(#11174));
#11174 = SURFACE_STYLE_FILL_AREA(#11175);
#11175 = FILL_AREA_STYLE('',(#11176));
#11176 = FILL_AREA_STYLE_COLOUR('',#10420);
#11177 = OVER_RIDING_STYLED_ITEM('overriding color',(#11178),#7010,
  #10183);
#11178 = PRESENTATION_STYLE_ASSIGNMENT((#11179));
#11179 = SURFACE_STYLE_USAGE(.BOTH.,#11180);
#11180 = SURFACE_SIDE_STYLE('',(#11181));
#11181 = SURFACE_STYLE_FILL_AREA(#11182);
#11182 = FILL_AREA_STYLE('',(#11183));
#11183 = FILL_AREA_STYLE_COLOUR('',#10420);
#11184 = OVER_RIDING_STYLED_ITEM('overriding color',(#11185),#7039,
  #10183);
#11185 = PRESENTATION_STYLE_ASSIGNMENT((#11186));
#11186 = SURFACE_STYLE_USAGE(.BOTH.,#11187);
#11187 = SURFACE_SIDE_STYLE('',(#11188));
#11188 = SURFACE_STYLE_FILL_AREA(#11189);
#11189 = FILL_AREA_STYLE('',(#11190));
#11190 = FILL_AREA_STYLE_COLOUR('',#10420);
#11191 = OVER_RIDING_STYLED_ITEM('overriding color',(#11192),#7068,
  #10183);
#11192 = PRESENTATION_STYLE_ASSIGNMENT((#11193));
#11193 = SURFACE_STYLE_USAGE(.BOTH.,#11194);
#11194 = SURFACE_SIDE_STYLE('',(#11195));
#11195 = SURFACE_STYLE_FILL_AREA(#11196);
#11196 = FILL_AREA_STYLE('',(#11197));
#11197 = FILL_AREA_STYLE_COLOUR('',#10420);
#11198 = OVER_RIDING_STYLED_ITEM('overriding color',(#11199),#7097,
  #10183);
#11199 = PRESENTATION_STYLE_ASSIGNMENT((#11200));
#11200 = SURFACE_STYLE_USAGE(.BOTH.,#11201);
#11201 = SURFACE_SIDE_STYLE('',(#11202));
#11202 = SURFACE_STYLE_FILL_AREA(#11203);
#11203 = FILL_AREA_STYLE('',(#11204));
#11204 = FILL_AREA_STYLE_COLOUR('',#10420);
#11205 = OVER_RIDING_STYLED_ITEM('overriding color',(#11206),#7126,
  #10183);
#11206 = PRESENTATION_STYLE_ASSIGNMENT((#11207));
#11207 = SURFACE_STYLE_USAGE(.BOTH.,#11208);
#11208 = SURFACE_SIDE_STYLE('',(#11209));
#11209 = SURFACE_STYLE_FILL_AREA(#11210);
#11210 = FILL_AREA_STYLE('',(#11211));
#11211 = FILL_AREA_STYLE_COLOUR('',#10420);
#11212 = OVER_RIDING_STYLED_ITEM('overriding color',(#11213),#7155,
  #10183);
#11213 = PRESENTATION_STYLE_ASSIGNMENT((#11214));
#11214 = SURFACE_STYLE_USAGE(.BOTH.,#11215);
#11215 = SURFACE_SIDE_STYLE('',(#11216));
#11216 = SURFACE_STYLE_FILL_AREA(#11217);
#11217 = FILL_AREA_STYLE('',(#11218));
#11218 = FILL_AREA_STYLE_COLOUR('',#10420);
#11219 = OVER_RIDING_STYLED_ITEM('overriding color',(#11220),#7184,
  #10183);
#11220 = PRESENTATION_STYLE_ASSIGNMENT((#11221));
#11221 = SURFACE_STYLE_USAGE(.BOTH.,#11222);
#11222 = SURFACE_SIDE_STYLE('',(#11223));
#11223 = SURFACE_STYLE_FILL_AREA(#11224);
#11224 = FILL_AREA_STYLE('',(#11225));
#11225 = FILL_AREA_STYLE_COLOUR('',#10420);
#11226 = OVER_RIDING_STYLED_ITEM('overriding color',(#11227),#7213,
  #10183);
#11227 = PRESENTATION_STYLE_ASSIGNMENT((#11228));
#11228 = SURFACE_STYLE_USAGE(.BOTH.,#11229);
#11229 = SURFACE_SIDE_STYLE('',(#11230));
#11230 = SURFACE_STYLE_FILL_AREA(#11231);
#11231 = FILL_AREA_STYLE('',(#11232));
#11232 = FILL_AREA_STYLE_COLOUR('',#10420);
#11233 = OVER_RIDING_STYLED_ITEM('overriding color',(#11234),#7237,
  #10183);
#11234 = PRESENTATION_STYLE_ASSIGNMENT((#11235));
#11235 = SURFACE_STYLE_USAGE(.BOTH.,#11236);
#11236 = SURFACE_SIDE_STYLE('',(#11237));
#11237 = SURFACE_STYLE_FILL_AREA(#11238);
#11238 = FILL_AREA_STYLE('',(#11239));
#11239 = FILL_AREA_STYLE_COLOUR('',#10420);
#11240 = OVER_RIDING_STYLED_ITEM('overriding color',(#11241),#7266,
  #10183);
#11241 = PRESENTATION_STYLE_ASSIGNMENT((#11242));
#11242 = SURFACE_STYLE_USAGE(.BOTH.,#11243);
#11243 = SURFACE_SIDE_STYLE('',(#11244));
#11244 = SURFACE_STYLE_FILL_AREA(#11245);
#11245 = FILL_AREA_STYLE('',(#11246));
#11246 = FILL_AREA_STYLE_COLOUR('',#10420);
#11247 = OVER_RIDING_STYLED_ITEM('overriding color',(#11248),#7295,
  #10183);
#11248 = PRESENTATION_STYLE_ASSIGNMENT((#11249));
#11249 = SURFACE_STYLE_USAGE(.BOTH.,#11250);
#11250 = SURFACE_SIDE_STYLE('',(#11251));
#11251 = SURFACE_STYLE_FILL_AREA(#11252);
#11252 = FILL_AREA_STYLE('',(#11253));
#11253 = FILL_AREA_STYLE_COLOUR('',#10420);
#11254 = OVER_RIDING_STYLED_ITEM('overriding color',(#11255),#7324,
  #10183);
#11255 = PRESENTATION_STYLE_ASSIGNMENT((#11256));
#11256 = SURFACE_STYLE_USAGE(.BOTH.,#11257);
#11257 = SURFACE_SIDE_STYLE('',(#11258));
#11258 = SURFACE_STYLE_FILL_AREA(#11259);
#11259 = FILL_AREA_STYLE('',(#11260));
#11260 = FILL_AREA_STYLE_COLOUR('',#10420);
#11261 = OVER_RIDING_STYLED_ITEM('overriding color',(#11262),#7353,
  #10183);
#11262 = PRESENTATION_STYLE_ASSIGNMENT((#11263));
#11263 = SURFACE_STYLE_USAGE(.BOTH.,#11264);
#11264 = SURFACE_SIDE_STYLE('',(#11265));
#11265 = SURFACE_STYLE_FILL_AREA(#11266);
#11266 = FILL_AREA_STYLE('',(#11267));
#11267 = FILL_AREA_STYLE_COLOUR('',#10420);
#11268 = OVER_RIDING_STYLED_ITEM('overriding color',(#11269),#7382,
  #10183);
#11269 = PRESENTATION_STYLE_ASSIGNMENT((#11270));
#11270 = SURFACE_STYLE_USAGE(.BOTH.,#11271);
#11271 = SURFACE_SIDE_STYLE('',(#11272));
#11272 = SURFACE_STYLE_FILL_AREA(#11273);
#11273 = FILL_AREA_STYLE('',(#11274));
#11274 = FILL_AREA_STYLE_COLOUR('',#10420);
#11275 = OVER_RIDING_STYLED_ITEM('overriding color',(#11276),#7411,
  #10183);
#11276 = PRESENTATION_STYLE_ASSIGNMENT((#11277));
#11277 = SURFACE_STYLE_USAGE(.BOTH.,#11278);
#11278 = SURFACE_SIDE_STYLE('',(#11279));
#11279 = SURFACE_STYLE_FILL_AREA(#11280);
#11280 = FILL_AREA_STYLE('',(#11281));
#11281 = FILL_AREA_STYLE_COLOUR('',#10420);
#11282 = OVER_RIDING_STYLED_ITEM('overriding color',(#11283),#7440,
  #10183);
#11283 = PRESENTATION_STYLE_ASSIGNMENT((#11284));
#11284 = SURFACE_STYLE_USAGE(.BOTH.,#11285);
#11285 = SURFACE_SIDE_STYLE('',(#11286));
#11286 = SURFACE_STYLE_FILL_AREA(#11287);
#11287 = FILL_AREA_STYLE('',(#11288));
#11288 = FILL_AREA_STYLE_COLOUR('',#10420);
#11289 = OVER_RIDING_STYLED_ITEM('overriding color',(#11290),#7462,
  #10183);
#11290 = PRESENTATION_STYLE_ASSIGNMENT((#11291));
#11291 = SURFACE_STYLE_USAGE(.BOTH.,#11292);
#11292 = SURFACE_SIDE_STYLE('',(#11293));
#11293 = SURFACE_STYLE_FILL_AREA(#11294);
#11294 = FILL_AREA_STYLE('',(#11295));
#11295 = FILL_AREA_STYLE_COLOUR('',#10420);
#11296 = OVER_RIDING_STYLED_ITEM('overriding color',(#11297),#7491,
  #10183);
#11297 = PRESENTATION_STYLE_ASSIGNMENT((#11298));
#11298 = SURFACE_STYLE_USAGE(.BOTH.,#11299);
#11299 = SURFACE_SIDE_STYLE('',(#11300));
#11300 = SURFACE_STYLE_FILL_AREA(#11301);
#11301 = FILL_AREA_STYLE('',(#11302));
#11302 = FILL_AREA_STYLE_COLOUR('',#10420);
#11303 = OVER_RIDING_STYLED_ITEM('overriding color',(#11304),#7522,
  #10183);
#11304 = PRESENTATION_STYLE_ASSIGNMENT((#11305));
#11305 = SURFACE_STYLE_USAGE(.BOTH.,#11306);
#11306 = SURFACE_SIDE_STYLE('',(#11307));
#11307 = SURFACE_STYLE_FILL_AREA(#11308);
#11308 = FILL_AREA_STYLE('',(#11309));
#11309 = FILL_AREA_STYLE_COLOUR('',#10420);
#11310 = OVER_RIDING_STYLED_ITEM('overriding color',(#11311),#7546,
  #10183);
#11311 = PRESENTATION_STYLE_ASSIGNMENT((#11312));
#11312 = SURFACE_STYLE_USAGE(.BOTH.,#11313);
#11313 = SURFACE_SIDE_STYLE('',(#11314));
#11314 = SURFACE_STYLE_FILL_AREA(#11315);
#11315 = FILL_AREA_STYLE('',(#11316));
#11316 = FILL_AREA_STYLE_COLOUR('',#10420);
#11317 = OVER_RIDING_STYLED_ITEM('overriding color',(#11318),#7575,
  #10183);
#11318 = PRESENTATION_STYLE_ASSIGNMENT((#11319));
#11319 = SURFACE_STYLE_USAGE(.BOTH.,#11320);
#11320 = SURFACE_SIDE_STYLE('',(#11321));
#11321 = SURFACE_STYLE_FILL_AREA(#11322);
#11322 = FILL_AREA_STYLE('',(#11323));
#11323 = FILL_AREA_STYLE_COLOUR('',#10420);
#11324 = OVER_RIDING_STYLED_ITEM('overriding color',(#11325),#7599,
  #10183);
#11325 = PRESENTATION_STYLE_ASSIGNMENT((#11326));
#11326 = SURFACE_STYLE_USAGE(.BOTH.,#11327);
#11327 = SURFACE_SIDE_STYLE('',(#11328));
#11328 = SURFACE_STYLE_FILL_AREA(#11329);
#11329 = FILL_AREA_STYLE('',(#11330));
#11330 = FILL_AREA_STYLE_COLOUR('',#10420);
#11331 = OVER_RIDING_STYLED_ITEM('overriding color',(#11332),#7623,
  #10183);
#11332 = PRESENTATION_STYLE_ASSIGNMENT((#11333));
#11333 = SURFACE_STYLE_USAGE(.BOTH.,#11334);
#11334 = SURFACE_SIDE_STYLE('',(#11335));
#11335 = SURFACE_STYLE_FILL_AREA(#11336);
#11336 = FILL_AREA_STYLE('',(#11337));
#11337 = FILL_AREA_STYLE_COLOUR('',#10420);
#11338 = OVER_RIDING_STYLED_ITEM('overriding color',(#11339),#7647,
  #10183);
#11339 = PRESENTATION_STYLE_ASSIGNMENT((#11340));
#11340 = SURFACE_STYLE_USAGE(.BOTH.,#11341);
#11341 = SURFACE_SIDE_STYLE('',(#11342));
#11342 = SURFACE_STYLE_FILL_AREA(#11343);
#11343 = FILL_AREA_STYLE('',(#11344));
#11344 = FILL_AREA_STYLE_COLOUR('',#10420);
#11345 = OVER_RIDING_STYLED_ITEM('overriding color',(#11346),#7671,
  #10183);
#11346 = PRESENTATION_STYLE_ASSIGNMENT((#11347));
#11347 = SURFACE_STYLE_USAGE(.BOTH.,#11348);
#11348 = SURFACE_SIDE_STYLE('',(#11349));
#11349 = SURFACE_STYLE_FILL_AREA(#11350);
#11350 = FILL_AREA_STYLE('',(#11351));
#11351 = FILL_AREA_STYLE_COLOUR('',#10420);
#11352 = OVER_RIDING_STYLED_ITEM('overriding color',(#11353),#7695,
  #10183);
#11353 = PRESENTATION_STYLE_ASSIGNMENT((#11354));
#11354 = SURFACE_STYLE_USAGE(.BOTH.,#11355);
#11355 = SURFACE_SIDE_STYLE('',(#11356));
#11356 = SURFACE_STYLE_FILL_AREA(#11357);
#11357 = FILL_AREA_STYLE('',(#11358));
#11358 = FILL_AREA_STYLE_COLOUR('',#10420);
#11359 = OVER_RIDING_STYLED_ITEM('overriding color',(#11360),#7719,
  #10183);
#11360 = PRESENTATION_STYLE_ASSIGNMENT((#11361));
#11361 = SURFACE_STYLE_USAGE(.BOTH.,#11362);
#11362 = SURFACE_SIDE_STYLE('',(#11363));
#11363 = SURFACE_STYLE_FILL_AREA(#11364);
#11364 = FILL_AREA_STYLE('',(#11365));
#11365 = FILL_AREA_STYLE_COLOUR('',#10420);
#11366 = OVER_RIDING_STYLED_ITEM('overriding color',(#11367),#7748,
  #10183);
#11367 = PRESENTATION_STYLE_ASSIGNMENT((#11368));
#11368 = SURFACE_STYLE_USAGE(.BOTH.,#11369);
#11369 = SURFACE_SIDE_STYLE('',(#11370));
#11370 = SURFACE_STYLE_FILL_AREA(#11371);
#11371 = FILL_AREA_STYLE('',(#11372));
#11372 = FILL_AREA_STYLE_COLOUR('',#10420);
#11373 = OVER_RIDING_STYLED_ITEM('overriding color',(#11374),#7777,
  #10183);
#11374 = PRESENTATION_STYLE_ASSIGNMENT((#11375));
#11375 = SURFACE_STYLE_USAGE(.BOTH.,#11376);
#11376 = SURFACE_SIDE_STYLE('',(#11377));
#11377 = SURFACE_STYLE_FILL_AREA(#11378);
#11378 = FILL_AREA_STYLE('',(#11379));
#11379 = FILL_AREA_STYLE_COLOUR('',#10420);
#11380 = OVER_RIDING_STYLED_ITEM('overriding color',(#11381),#7801,
  #10183);
#11381 = PRESENTATION_STYLE_ASSIGNMENT((#11382));
#11382 = SURFACE_STYLE_USAGE(.BOTH.,#11383);
#11383 = SURFACE_SIDE_STYLE('',(#11384));
#11384 = SURFACE_STYLE_FILL_AREA(#11385);
#11385 = FILL_AREA_STYLE('',(#11386));
#11386 = FILL_AREA_STYLE_COLOUR('',#10420);
#11387 = OVER_RIDING_STYLED_ITEM('overriding color',(#11388),#7830,
  #10183);
#11388 = PRESENTATION_STYLE_ASSIGNMENT((#11389));
#11389 = SURFACE_STYLE_USAGE(.BOTH.,#11390);
#11390 = SURFACE_SIDE_STYLE('',(#11391));
#11391 = SURFACE_STYLE_FILL_AREA(#11392);
#11392 = FILL_AREA_STYLE('',(#11393));
#11393 = FILL_AREA_STYLE_COLOUR('',#10420);
#11394 = OVER_RIDING_STYLED_ITEM('overriding color',(#11395),#7859,
  #10183);
#11395 = PRESENTATION_STYLE_ASSIGNMENT((#11396));
#11396 = SURFACE_STYLE_USAGE(.BOTH.,#11397);
#11397 = SURFACE_SIDE_STYLE('',(#11398));
#11398 = SURFACE_STYLE_FILL_AREA(#11399);
#11399 = FILL_AREA_STYLE('',(#11400));
#11400 = FILL_AREA_STYLE_COLOUR('',#10420);
#11401 = OVER_RIDING_STYLED_ITEM('overriding color',(#11402),#7876,
  #10183);
#11402 = PRESENTATION_STYLE_ASSIGNMENT((#11403));
#11403 = SURFACE_STYLE_USAGE(.BOTH.,#11404);
#11404 = SURFACE_SIDE_STYLE('',(#11405));
#11405 = SURFACE_STYLE_FILL_AREA(#11406);
#11406 = FILL_AREA_STYLE('',(#11407));
#11407 = FILL_AREA_STYLE_COLOUR('',#10420);
#11408 = OVER_RIDING_STYLED_ITEM('overriding color',(#11409),#7899,
  #10183);
#11409 = PRESENTATION_STYLE_ASSIGNMENT((#11410));
#11410 = SURFACE_STYLE_USAGE(.BOTH.,#11411);
#11411 = SURFACE_SIDE_STYLE('',(#11412));
#11412 = SURFACE_STYLE_FILL_AREA(#11413);
#11413 = FILL_AREA_STYLE('',(#11414));
#11414 = FILL_AREA_STYLE_COLOUR('',#10420);
#11415 = OVER_RIDING_STYLED_ITEM('overriding color',(#11416),#7930,
  #10183);
#11416 = PRESENTATION_STYLE_ASSIGNMENT((#11417));
#11417 = SURFACE_STYLE_USAGE(.BOTH.,#11418);
#11418 = SURFACE_SIDE_STYLE('',(#11419));
#11419 = SURFACE_STYLE_FILL_AREA(#11420);
#11420 = FILL_AREA_STYLE('',(#11421));
#11421 = FILL_AREA_STYLE_COLOUR('',#10420);
#11422 = OVER_RIDING_STYLED_ITEM('overriding color',(#11423),#7954,
  #10183);
#11423 = PRESENTATION_STYLE_ASSIGNMENT((#11424));
#11424 = SURFACE_STYLE_USAGE(.BOTH.,#11425);
#11425 = SURFACE_SIDE_STYLE('',(#11426));
#11426 = SURFACE_STYLE_FILL_AREA(#11427);
#11427 = FILL_AREA_STYLE('',(#11428));
#11428 = FILL_AREA_STYLE_COLOUR('',#10420);
#11429 = OVER_RIDING_STYLED_ITEM('overriding color',(#11430),#7978,
  #10183);
#11430 = PRESENTATION_STYLE_ASSIGNMENT((#11431));
#11431 = SURFACE_STYLE_USAGE(.BOTH.,#11432);
#11432 = SURFACE_SIDE_STYLE('',(#11433));
#11433 = SURFACE_STYLE_FILL_AREA(#11434);
#11434 = FILL_AREA_STYLE('',(#11435));
#11435 = FILL_AREA_STYLE_COLOUR('',#10420);
#11436 = OVER_RIDING_STYLED_ITEM('overriding color',(#11437),#8002,
  #10183);
#11437 = PRESENTATION_STYLE_ASSIGNMENT((#11438));
#11438 = SURFACE_STYLE_USAGE(.BOTH.,#11439);
#11439 = SURFACE_SIDE_STYLE('',(#11440));
#11440 = SURFACE_STYLE_FILL_AREA(#11441);
#11441 = FILL_AREA_STYLE('',(#11442));
#11442 = FILL_AREA_STYLE_COLOUR('',#10420);
#11443 = OVER_RIDING_STYLED_ITEM('overriding color',(#11444),#8026,
  #10183);
#11444 = PRESENTATION_STYLE_ASSIGNMENT((#11445));
#11445 = SURFACE_STYLE_USAGE(.BOTH.,#11446);
#11446 = SURFACE_SIDE_STYLE('',(#11447));
#11447 = SURFACE_STYLE_FILL_AREA(#11448);
#11448 = FILL_AREA_STYLE('',(#11449));
#11449 = FILL_AREA_STYLE_COLOUR('',#10420);
#11450 = OVER_RIDING_STYLED_ITEM('overriding color',(#11451),#8050,
  #10183);
#11451 = PRESENTATION_STYLE_ASSIGNMENT((#11452));
#11452 = SURFACE_STYLE_USAGE(.BOTH.,#11453);
#11453 = SURFACE_SIDE_STYLE('',(#11454));
#11454 = SURFACE_STYLE_FILL_AREA(#11455);
#11455 = FILL_AREA_STYLE('',(#11456));
#11456 = FILL_AREA_STYLE_COLOUR('',#10420);
#11457 = OVER_RIDING_STYLED_ITEM('overriding color',(#11458),#8074,
  #10183);
#11458 = PRESENTATION_STYLE_ASSIGNMENT((#11459));
#11459 = SURFACE_STYLE_USAGE(.BOTH.,#11460);
#11460 = SURFACE_SIDE_STYLE('',(#11461));
#11461 = SURFACE_STYLE_FILL_AREA(#11462);
#11462 = FILL_AREA_STYLE('',(#11463));
#11463 = FILL_AREA_STYLE_COLOUR('',#10420);
#11464 = OVER_RIDING_STYLED_ITEM('overriding color',(#11465),#8098,
  #10183);
#11465 = PRESENTATION_STYLE_ASSIGNMENT((#11466));
#11466 = SURFACE_STYLE_USAGE(.BOTH.,#11467);
#11467 = SURFACE_SIDE_STYLE('',(#11468));
#11468 = SURFACE_STYLE_FILL_AREA(#11469);
#11469 = FILL_AREA_STYLE('',(#11470));
#11470 = FILL_AREA_STYLE_COLOUR('',#10420);
#11471 = OVER_RIDING_STYLED_ITEM('overriding color',(#11472),#8122,
  #10183);
#11472 = PRESENTATION_STYLE_ASSIGNMENT((#11473));
#11473 = SURFACE_STYLE_USAGE(.BOTH.,#11474);
#11474 = SURFACE_SIDE_STYLE('',(#11475));
#11475 = SURFACE_STYLE_FILL_AREA(#11476);
#11476 = FILL_AREA_STYLE('',(#11477));
#11477 = FILL_AREA_STYLE_COLOUR('',#10420);
#11478 = OVER_RIDING_STYLED_ITEM('overriding color',(#11479),#8146,
  #10183);
#11479 = PRESENTATION_STYLE_ASSIGNMENT((#11480));
#11480 = SURFACE_STYLE_USAGE(.BOTH.,#11481);
#11481 = SURFACE_SIDE_STYLE('',(#11482));
#11482 = SURFACE_STYLE_FILL_AREA(#11483);
#11483 = FILL_AREA_STYLE('',(#11484));
#11484 = FILL_AREA_STYLE_COLOUR('',#10420);
#11485 = OVER_RIDING_STYLED_ITEM('overriding color',(#11486),#8170,
  #10183);
#11486 = PRESENTATION_STYLE_ASSIGNMENT((#11487));
#11487 = SURFACE_STYLE_USAGE(.BOTH.,#11488);
#11488 = SURFACE_SIDE_STYLE('',(#11489));
#11489 = SURFACE_STYLE_FILL_AREA(#11490);
#11490 = FILL_AREA_STYLE('',(#11491));
#11491 = FILL_AREA_STYLE_COLOUR('',#10420);
#11492 = OVER_RIDING_STYLED_ITEM('overriding color',(#11493),#8187,
  #10183);
#11493 = PRESENTATION_STYLE_ASSIGNMENT((#11494));
#11494 = SURFACE_STYLE_USAGE(.BOTH.,#11495);
#11495 = SURFACE_SIDE_STYLE('',(#11496));
#11496 = SURFACE_STYLE_FILL_AREA(#11497);
#11497 = FILL_AREA_STYLE('',(#11498));
#11498 = FILL_AREA_STYLE_COLOUR('',#10420);
#11499 = OVER_RIDING_STYLED_ITEM('overriding color',(#11500),#8207,
  #10183);
#11500 = PRESENTATION_STYLE_ASSIGNMENT((#11501));
#11501 = SURFACE_STYLE_USAGE(.BOTH.,#11502);
#11502 = SURFACE_SIDE_STYLE('',(#11503));
#11503 = SURFACE_STYLE_FILL_AREA(#11504);
#11504 = FILL_AREA_STYLE('',(#11505));
#11505 = FILL_AREA_STYLE_COLOUR('',#10420);
#11506 = OVER_RIDING_STYLED_ITEM('overriding color',(#11507),#8337,
  #10183);
#11507 = PRESENTATION_STYLE_ASSIGNMENT((#11508));
#11508 = SURFACE_STYLE_USAGE(.BOTH.,#11509);
#11509 = SURFACE_SIDE_STYLE('',(#11510));
#11510 = SURFACE_STYLE_FILL_AREA(#11511);
#11511 = FILL_AREA_STYLE('',(#11512));
#11512 = FILL_AREA_STYLE_COLOUR('',#10420);
#11513 = OVER_RIDING_STYLED_ITEM('overriding color',(#11514),#8359,
  #10183);
#11514 = PRESENTATION_STYLE_ASSIGNMENT((#11515));
#11515 = SURFACE_STYLE_USAGE(.BOTH.,#11516);
#11516 = SURFACE_SIDE_STYLE('',(#11517));
#11517 = SURFACE_STYLE_FILL_AREA(#11518);
#11518 = FILL_AREA_STYLE('',(#11519));
#11519 = FILL_AREA_STYLE_COLOUR('',#10420);
#11520 = OVER_RIDING_STYLED_ITEM('overriding color',(#11521),#8380,
  #10183);
#11521 = PRESENTATION_STYLE_ASSIGNMENT((#11522));
#11522 = SURFACE_STYLE_USAGE(.BOTH.,#11523);
#11523 = SURFACE_SIDE_STYLE('',(#11524));
#11524 = SURFACE_STYLE_FILL_AREA(#11525);
#11525 = FILL_AREA_STYLE('',(#11526));
#11526 = FILL_AREA_STYLE_COLOUR('',#10420);
#11527 = OVER_RIDING_STYLED_ITEM('overriding color',(#11528),#8401,
  #10183);
#11528 = PRESENTATION_STYLE_ASSIGNMENT((#11529));
#11529 = SURFACE_STYLE_USAGE(.BOTH.,#11530);
#11530 = SURFACE_SIDE_STYLE('',(#11531));
#11531 = SURFACE_STYLE_FILL_AREA(#11532);
#11532 = FILL_AREA_STYLE('',(#11533));
#11533 = FILL_AREA_STYLE_COLOUR('',#10420);
#11534 = OVER_RIDING_STYLED_ITEM('overriding color',(#11535),#8422,
  #10183);
#11535 = PRESENTATION_STYLE_ASSIGNMENT((#11536));
#11536 = SURFACE_STYLE_USAGE(.BOTH.,#11537);
#11537 = SURFACE_SIDE_STYLE('',(#11538));
#11538 = SURFACE_STYLE_FILL_AREA(#11539);
#11539 = FILL_AREA_STYLE('',(#11540));
#11540 = FILL_AREA_STYLE_COLOUR('',#10420);
#11541 = OVER_RIDING_STYLED_ITEM('overriding color',(#11542),#8443,
  #10183);
#11542 = PRESENTATION_STYLE_ASSIGNMENT((#11543));
#11543 = SURFACE_STYLE_USAGE(.BOTH.,#11544);
#11544 = SURFACE_SIDE_STYLE('',(#11545));
#11545 = SURFACE_STYLE_FILL_AREA(#11546);
#11546 = FILL_AREA_STYLE('',(#11547));
#11547 = FILL_AREA_STYLE_COLOUR('',#10420);
#11548 = OVER_RIDING_STYLED_ITEM('overriding color',(#11549),#8460,
  #10183);
#11549 = PRESENTATION_STYLE_ASSIGNMENT((#11550));
#11550 = SURFACE_STYLE_USAGE(.BOTH.,#11551);
#11551 = SURFACE_SIDE_STYLE('',(#11552));
#11552 = SURFACE_STYLE_FILL_AREA(#11553);
#11553 = FILL_AREA_STYLE('',(#11554));
#11554 = FILL_AREA_STYLE_COLOUR('',#10420);
#11555 = OVER_RIDING_STYLED_ITEM('overriding color',(#11556),#8472,
  #10183);
#11556 = PRESENTATION_STYLE_ASSIGNMENT((#11557));
#11557 = SURFACE_STYLE_USAGE(.BOTH.,#11558);
#11558 = SURFACE_SIDE_STYLE('',(#11559));
#11559 = SURFACE_STYLE_FILL_AREA(#11560);
#11560 = FILL_AREA_STYLE('',(#11561));
#11561 = FILL_AREA_STYLE_COLOUR('',#10420);
#11562 = OVER_RIDING_STYLED_ITEM('overriding color',(#11563),#8503,
  #10183);
#11563 = PRESENTATION_STYLE_ASSIGNMENT((#11564));
#11564 = SURFACE_STYLE_USAGE(.BOTH.,#11565);
#11565 = SURFACE_SIDE_STYLE('',(#11566));
#11566 = SURFACE_STYLE_FILL_AREA(#11567);
#11567 = FILL_AREA_STYLE('',(#11568));
#11568 = FILL_AREA_STYLE_COLOUR('',#10420);
#11569 = OVER_RIDING_STYLED_ITEM('overriding color',(#11570),#8527,
  #10183);
#11570 = PRESENTATION_STYLE_ASSIGNMENT((#11571));
#11571 = SURFACE_STYLE_USAGE(.BOTH.,#11572);
#11572 = SURFACE_SIDE_STYLE('',(#11573));
#11573 = SURFACE_STYLE_FILL_AREA(#11574);
#11574 = FILL_AREA_STYLE('',(#11575));
#11575 = FILL_AREA_STYLE_COLOUR('',#10420);
#11576 = OVER_RIDING_STYLED_ITEM('overriding color',(#11577),#8551,
  #10183);
#11577 = PRESENTATION_STYLE_ASSIGNMENT((#11578));
#11578 = SURFACE_STYLE_USAGE(.BOTH.,#11579);
#11579 = SURFACE_SIDE_STYLE('',(#11580));
#11580 = SURFACE_STYLE_FILL_AREA(#11581);
#11581 = FILL_AREA_STYLE('',(#11582));
#11582 = FILL_AREA_STYLE_COLOUR('',#10420);
#11583 = OVER_RIDING_STYLED_ITEM('overriding color',(#11584),#8580,
  #10183);
#11584 = PRESENTATION_STYLE_ASSIGNMENT((#11585));
#11585 = SURFACE_STYLE_USAGE(.BOTH.,#11586);
#11586 = SURFACE_SIDE_STYLE('',(#11587));
#11587 = SURFACE_STYLE_FILL_AREA(#11588);
#11588 = FILL_AREA_STYLE('',(#11589));
#11589 = FILL_AREA_STYLE_COLOUR('',#10420);
#11590 = OVER_RIDING_STYLED_ITEM('overriding color',(#11591),#8609,
  #10183);
#11591 = PRESENTATION_STYLE_ASSIGNMENT((#11592));
#11592 = SURFACE_STYLE_USAGE(.BOTH.,#11593);
#11593 = SURFACE_SIDE_STYLE('',(#11594));
#11594 = SURFACE_STYLE_FILL_AREA(#11595);
#11595 = FILL_AREA_STYLE('',(#11596));
#11596 = FILL_AREA_STYLE_COLOUR('',#10420);
#11597 = OVER_RIDING_STYLED_ITEM('overriding color',(#11598),#8638,
  #10183);
#11598 = PRESENTATION_STYLE_ASSIGNMENT((#11599));
#11599 = SURFACE_STYLE_USAGE(.BOTH.,#11600);
#11600 = SURFACE_SIDE_STYLE('',(#11601));
#11601 = SURFACE_STYLE_FILL_AREA(#11602);
#11602 = FILL_AREA_STYLE('',(#11603));
#11603 = FILL_AREA_STYLE_COLOUR('',#10420);
#11604 = OVER_RIDING_STYLED_ITEM('overriding color',(#11605),#8660,
  #10183);
#11605 = PRESENTATION_STYLE_ASSIGNMENT((#11606));
#11606 = SURFACE_STYLE_USAGE(.BOTH.,#11607);
#11607 = SURFACE_SIDE_STYLE('',(#11608));
#11608 = SURFACE_STYLE_FILL_AREA(#11609);
#11609 = FILL_AREA_STYLE('',(#11610));
#11610 = FILL_AREA_STYLE_COLOUR('',#10201);
#11611 = OVER_RIDING_STYLED_ITEM('overriding color',(#11612),#8675,
  #10183);
#11612 = PRESENTATION_STYLE_ASSIGNMENT((#11613));
#11613 = SURFACE_STYLE_USAGE(.BOTH.,#11614);
#11614 = SURFACE_SIDE_STYLE('',(#11615));
#11615 = SURFACE_STYLE_FILL_AREA(#11616);
#11616 = FILL_AREA_STYLE('',(#11617));
#11617 = FILL_AREA_STYLE_COLOUR('',#10420);
#11618 = OVER_RIDING_STYLED_ITEM('overriding color',(#11619),#8799,
  #10183);
#11619 = PRESENTATION_STYLE_ASSIGNMENT((#11620));
#11620 = SURFACE_STYLE_USAGE(.BOTH.,#11621);
#11621 = SURFACE_SIDE_STYLE('',(#11622));
#11622 = SURFACE_STYLE_FILL_AREA(#11623);
#11623 = FILL_AREA_STYLE('',(#11624));
#11624 = FILL_AREA_STYLE_COLOUR('',#10420);
#11625 = OVER_RIDING_STYLED_ITEM('overriding color',(#11626),#8821,
  #10183);
#11626 = PRESENTATION_STYLE_ASSIGNMENT((#11627));
#11627 = SURFACE_STYLE_USAGE(.BOTH.,#11628);
#11628 = SURFACE_SIDE_STYLE('',(#11629));
#11629 = SURFACE_STYLE_FILL_AREA(#11630);
#11630 = FILL_AREA_STYLE('',(#11631));
#11631 = FILL_AREA_STYLE_COLOUR('',#10420);
#11632 = OVER_RIDING_STYLED_ITEM('overriding color',(#11633),#8838,
  #10183);
#11633 = PRESENTATION_STYLE_ASSIGNMENT((#11634));
#11634 = SURFACE_STYLE_USAGE(.BOTH.,#11635);
#11635 = SURFACE_SIDE_STYLE('',(#11636));
#11636 = SURFACE_STYLE_FILL_AREA(#11637);
#11637 = FILL_AREA_STYLE('',(#11638));
#11638 = FILL_AREA_STYLE_COLOUR('',#10420);
#11639 = OVER_RIDING_STYLED_ITEM('overriding color',(#11640),#8855,
  #10183);
#11640 = PRESENTATION_STYLE_ASSIGNMENT((#11641));
#11641 = SURFACE_STYLE_USAGE(.BOTH.,#11642);
#11642 = SURFACE_SIDE_STYLE('',(#11643));
#11643 = SURFACE_STYLE_FILL_AREA(#11644);
#11644 = FILL_AREA_STYLE('',(#11645));
#11645 = FILL_AREA_STYLE_COLOUR('',#10420);
#11646 = OVER_RIDING_STYLED_ITEM('overriding color',(#11647),#8872,
  #10183);
#11647 = PRESENTATION_STYLE_ASSIGNMENT((#11648));
#11648 = SURFACE_STYLE_USAGE(.BOTH.,#11649);
#11649 = SURFACE_SIDE_STYLE('',(#11650));
#11650 = SURFACE_STYLE_FILL_AREA(#11651);
#11651 = FILL_AREA_STYLE('',(#11652));
#11652 = FILL_AREA_STYLE_COLOUR('',#10420);
#11653 = OVER_RIDING_STYLED_ITEM('overriding color',(#11654),#8889,
  #10183);
#11654 = PRESENTATION_STYLE_ASSIGNMENT((#11655));
#11655 = SURFACE_STYLE_USAGE(.BOTH.,#11656);
#11656 = SURFACE_SIDE_STYLE('',(#11657));
#11657 = SURFACE_STYLE_FILL_AREA(#11658);
#11658 = FILL_AREA_STYLE('',(#11659));
#11659 = FILL_AREA_STYLE_COLOUR('',#10420);
#11660 = OVER_RIDING_STYLED_ITEM('overriding color',(#11661),#8906,
  #10183);
#11661 = PRESENTATION_STYLE_ASSIGNMENT((#11662));
#11662 = SURFACE_STYLE_USAGE(.BOTH.,#11663);
#11663 = SURFACE_SIDE_STYLE('',(#11664));
#11664 = SURFACE_STYLE_FILL_AREA(#11665);
#11665 = FILL_AREA_STYLE('',(#11666));
#11666 = FILL_AREA_STYLE_COLOUR('',#10420);
#11667 = OVER_RIDING_STYLED_ITEM('overriding color',(#11668),#8923,
  #10183);
#11668 = PRESENTATION_STYLE_ASSIGNMENT((#11669));
#11669 = SURFACE_STYLE_USAGE(.BOTH.,#11670);
#11670 = SURFACE_SIDE_STYLE('',(#11671));
#11671 = SURFACE_STYLE_FILL_AREA(#11672);
#11672 = FILL_AREA_STYLE('',(#11673));
#11673 = FILL_AREA_STYLE_COLOUR('',#10420);
#11674 = OVER_RIDING_STYLED_ITEM('overriding color',(#11675),#8935,
  #10183);
#11675 = PRESENTATION_STYLE_ASSIGNMENT((#11676));
#11676 = SURFACE_STYLE_USAGE(.BOTH.,#11677);
#11677 = SURFACE_SIDE_STYLE('',(#11678));
#11678 = SURFACE_STYLE_FILL_AREA(#11679);
#11679 = FILL_AREA_STYLE('',(#11680));
#11680 = FILL_AREA_STYLE_COLOUR('',#10420);
#11681 = OVER_RIDING_STYLED_ITEM('overriding color',(#11682),#8966,
  #10183);
#11682 = PRESENTATION_STYLE_ASSIGNMENT((#11683));
#11683 = SURFACE_STYLE_USAGE(.BOTH.,#11684);
#11684 = SURFACE_SIDE_STYLE('',(#11685));
#11685 = SURFACE_STYLE_FILL_AREA(#11686);
#11686 = FILL_AREA_STYLE('',(#11687));
#11687 = FILL_AREA_STYLE_COLOUR('',#10420);
#11688 = OVER_RIDING_STYLED_ITEM('overriding color',(#11689),#8990,
  #10183);
#11689 = PRESENTATION_STYLE_ASSIGNMENT((#11690));
#11690 = SURFACE_STYLE_USAGE(.BOTH.,#11691);
#11691 = SURFACE_SIDE_STYLE('',(#11692));
#11692 = SURFACE_STYLE_FILL_AREA(#11693);
#11693 = FILL_AREA_STYLE('',(#11694));
#11694 = FILL_AREA_STYLE_COLOUR('',#10420);
#11695 = OVER_RIDING_STYLED_ITEM('overriding color',(#11696),#9019,
  #10183);
#11696 = PRESENTATION_STYLE_ASSIGNMENT((#11697));
#11697 = SURFACE_STYLE_USAGE(.BOTH.,#11698);
#11698 = SURFACE_SIDE_STYLE('',(#11699));
#11699 = SURFACE_STYLE_FILL_AREA(#11700);
#11700 = FILL_AREA_STYLE('',(#11701));
#11701 = FILL_AREA_STYLE_COLOUR('',#10420);
#11702 = OVER_RIDING_STYLED_ITEM('overriding color',(#11703),#9043,
  #10183);
#11703 = PRESENTATION_STYLE_ASSIGNMENT((#11704));
#11704 = SURFACE_STYLE_USAGE(.BOTH.,#11705);
#11705 = SURFACE_SIDE_STYLE('',(#11706));
#11706 = SURFACE_STYLE_FILL_AREA(#11707);
#11707 = FILL_AREA_STYLE('',(#11708));
#11708 = FILL_AREA_STYLE_COLOUR('',#10420);
#11709 = OVER_RIDING_STYLED_ITEM('overriding color',(#11710),#9072,
  #10183);
#11710 = PRESENTATION_STYLE_ASSIGNMENT((#11711));
#11711 = SURFACE_STYLE_USAGE(.BOTH.,#11712);
#11712 = SURFACE_SIDE_STYLE('',(#11713));
#11713 = SURFACE_STYLE_FILL_AREA(#11714);
#11714 = FILL_AREA_STYLE('',(#11715));
#11715 = FILL_AREA_STYLE_COLOUR('',#10420);
#11716 = OVER_RIDING_STYLED_ITEM('overriding color',(#11717),#9089,
  #10183);
#11717 = PRESENTATION_STYLE_ASSIGNMENT((#11718));
#11718 = SURFACE_STYLE_USAGE(.BOTH.,#11719);
#11719 = SURFACE_SIDE_STYLE('',(#11720));
#11720 = SURFACE_STYLE_FILL_AREA(#11721);
#11721 = FILL_AREA_STYLE('',(#11722));
#11722 = FILL_AREA_STYLE_COLOUR('',#10201);
#11723 = OVER_RIDING_STYLED_ITEM('overriding color',(#11724),#9103,
  #10183);
#11724 = PRESENTATION_STYLE_ASSIGNMENT((#11725));
#11725 = SURFACE_STYLE_USAGE(.BOTH.,#11726);
#11726 = SURFACE_SIDE_STYLE('',(#11727));
#11727 = SURFACE_STYLE_FILL_AREA(#11728);
#11728 = FILL_AREA_STYLE('',(#11729));
#11729 = FILL_AREA_STYLE_COLOUR('',#10420);
#11730 = OVER_RIDING_STYLED_ITEM('overriding color',(#11731),#9428,
  #10183);
#11731 = PRESENTATION_STYLE_ASSIGNMENT((#11732));
#11732 = SURFACE_STYLE_USAGE(.BOTH.,#11733);
#11733 = SURFACE_SIDE_STYLE('',(#11734));
#11734 = SURFACE_STYLE_FILL_AREA(#11735);
#11735 = FILL_AREA_STYLE('',(#11736));
#11736 = FILL_AREA_STYLE_COLOUR('',#10420);
#11737 = OVER_RIDING_STYLED_ITEM('overriding color',(#11738),#9454,
  #10183);
#11738 = PRESENTATION_STYLE_ASSIGNMENT((#11739));
#11739 = SURFACE_STYLE_USAGE(.BOTH.,#11740);
#11740 = SURFACE_SIDE_STYLE('',(#11741));
#11741 = SURFACE_STYLE_FILL_AREA(#11742);
#11742 = FILL_AREA_STYLE('',(#11743));
#11743 = FILL_AREA_STYLE_COLOUR('',#10420);
#11744 = OVER_RIDING_STYLED_ITEM('overriding color',(#11745),#9475,
  #10183);
#11745 = PRESENTATION_STYLE_ASSIGNMENT((#11746));
#11746 = SURFACE_STYLE_USAGE(.BOTH.,#11747);
#11747 = SURFACE_SIDE_STYLE('',(#11748));
#11748 = SURFACE_STYLE_FILL_AREA(#11749);
#11749 = FILL_AREA_STYLE('',(#11750));
#11750 = FILL_AREA_STYLE_COLOUR('',#10420);
#11751 = OVER_RIDING_STYLED_ITEM('overriding color',(#11752),#9496,
  #10183);
#11752 = PRESENTATION_STYLE_ASSIGNMENT((#11753));
#11753 = SURFACE_STYLE_USAGE(.BOTH.,#11754);
#11754 = SURFACE_SIDE_STYLE('',(#11755));
#11755 = SURFACE_STYLE_FILL_AREA(#11756);
#11756 = FILL_AREA_STYLE('',(#11757));
#11757 = FILL_AREA_STYLE_COLOUR('',#10420);
#11758 = OVER_RIDING_STYLED_ITEM('overriding color',(#11759),#9517,
  #10183);
#11759 = PRESENTATION_STYLE_ASSIGNMENT((#11760));
#11760 = SURFACE_STYLE_USAGE(.BOTH.,#11761);
#11761 = SURFACE_SIDE_STYLE('',(#11762));
#11762 = SURFACE_STYLE_FILL_AREA(#11763);
#11763 = FILL_AREA_STYLE('',(#11764));
#11764 = FILL_AREA_STYLE_COLOUR('',#10420);
#11765 = OVER_RIDING_STYLED_ITEM('overriding color',(#11766),#9538,
  #10183);
#11766 = PRESENTATION_STYLE_ASSIGNMENT((#11767));
#11767 = SURFACE_STYLE_USAGE(.BOTH.,#11768);
#11768 = SURFACE_SIDE_STYLE('',(#11769));
#11769 = SURFACE_STYLE_FILL_AREA(#11770);
#11770 = FILL_AREA_STYLE('',(#11771));
#11771 = FILL_AREA_STYLE_COLOUR('',#10420);
#11772 = OVER_RIDING_STYLED_ITEM('overriding color',(#11773),#9559,
  #10183);
#11773 = PRESENTATION_STYLE_ASSIGNMENT((#11774));
#11774 = SURFACE_STYLE_USAGE(.BOTH.,#11775);
#11775 = SURFACE_SIDE_STYLE('',(#11776));
#11776 = SURFACE_STYLE_FILL_AREA(#11777);
#11777 = FILL_AREA_STYLE('',(#11778));
#11778 = FILL_AREA_STYLE_COLOUR('',#10420);
#11779 = OVER_RIDING_STYLED_ITEM('overriding color',(#11780),#9580,
  #10183);
#11780 = PRESENTATION_STYLE_ASSIGNMENT((#11781));
#11781 = SURFACE_STYLE_USAGE(.BOTH.,#11782);
#11782 = SURFACE_SIDE_STYLE('',(#11783));
#11783 = SURFACE_STYLE_FILL_AREA(#11784);
#11784 = FILL_AREA_STYLE('',(#11785));
#11785 = FILL_AREA_STYLE_COLOUR('',#10420);
#11786 = OVER_RIDING_STYLED_ITEM('overriding color',(#11787),#9601,
  #10183);
#11787 = PRESENTATION_STYLE_ASSIGNMENT((#11788));
#11788 = SURFACE_STYLE_USAGE(.BOTH.,#11789);
#11789 = SURFACE_SIDE_STYLE('',(#11790));
#11790 = SURFACE_STYLE_FILL_AREA(#11791);
#11791 = FILL_AREA_STYLE('',(#11792));
#11792 = FILL_AREA_STYLE_COLOUR('',#10420);
#11793 = OVER_RIDING_STYLED_ITEM('overriding color',(#11794),#9622,
  #10183);
#11794 = PRESENTATION_STYLE_ASSIGNMENT((#11795));
#11795 = SURFACE_STYLE_USAGE(.BOTH.,#11796);
#11796 = SURFACE_SIDE_STYLE('',(#11797));
#11797 = SURFACE_STYLE_FILL_AREA(#11798);
#11798 = FILL_AREA_STYLE('',(#11799));
#11799 = FILL_AREA_STYLE_COLOUR('',#10420);
#11800 = OVER_RIDING_STYLED_ITEM('overriding color',(#11801),#9643,
  #10183);
#11801 = PRESENTATION_STYLE_ASSIGNMENT((#11802));
#11802 = SURFACE_STYLE_USAGE(.BOTH.,#11803);
#11803 = SURFACE_SIDE_STYLE('',(#11804));
#11804 = SURFACE_STYLE_FILL_AREA(#11805);
#11805 = FILL_AREA_STYLE('',(#11806));
#11806 = FILL_AREA_STYLE_COLOUR('',#10420);
#11807 = OVER_RIDING_STYLED_ITEM('overriding color',(#11808),#9664,
  #10183);
#11808 = PRESENTATION_STYLE_ASSIGNMENT((#11809));
#11809 = SURFACE_STYLE_USAGE(.BOTH.,#11810);
#11810 = SURFACE_SIDE_STYLE('',(#11811));
#11811 = SURFACE_STYLE_FILL_AREA(#11812);
#11812 = FILL_AREA_STYLE('',(#11813));
#11813 = FILL_AREA_STYLE_COLOUR('',#10420);
#11814 = OVER_RIDING_STYLED_ITEM('overriding color',(#11815),#9685,
  #10183);
#11815 = PRESENTATION_STYLE_ASSIGNMENT((#11816));
#11816 = SURFACE_STYLE_USAGE(.BOTH.,#11817);
#11817 = SURFACE_SIDE_STYLE('',(#11818));
#11818 = SURFACE_STYLE_FILL_AREA(#11819);
#11819 = FILL_AREA_STYLE('',(#11820));
#11820 = FILL_AREA_STYLE_COLOUR('',#10420);
#11821 = OVER_RIDING_STYLED_ITEM('overriding color',(#11822),#9702,
  #10183);
#11822 = PRESENTATION_STYLE_ASSIGNMENT((#11823));
#11823 = SURFACE_STYLE_USAGE(.BOTH.,#11824);
#11824 = SURFACE_SIDE_STYLE('',(#11825));
#11825 = SURFACE_STYLE_FILL_AREA(#11826);
#11826 = FILL_AREA_STYLE('',(#11827));
#11827 = FILL_AREA_STYLE_COLOUR('',#10420);
#11828 = OVER_RIDING_STYLED_ITEM('overriding color',(#11829),#9719,
  #10183);
#11829 = PRESENTATION_STYLE_ASSIGNMENT((#11830));
#11830 = SURFACE_STYLE_USAGE(.BOTH.,#11831);
#11831 = SURFACE_SIDE_STYLE('',(#11832));
#11832 = SURFACE_STYLE_FILL_AREA(#11833);
#11833 = FILL_AREA_STYLE('',(#11834));
#11834 = FILL_AREA_STYLE_COLOUR('',#10420);
#11835 = OVER_RIDING_STYLED_ITEM('overriding color',(#11836),#9736,
  #10183);
#11836 = PRESENTATION_STYLE_ASSIGNMENT((#11837));
#11837 = SURFACE_STYLE_USAGE(.BOTH.,#11838);
#11838 = SURFACE_SIDE_STYLE('',(#11839));
#11839 = SURFACE_STYLE_FILL_AREA(#11840);
#11840 = FILL_AREA_STYLE('',(#11841));
#11841 = FILL_AREA_STYLE_COLOUR('',#10420);
#11842 = OVER_RIDING_STYLED_ITEM('overriding color',(#11843),#9753,
  #10183);
#11843 = PRESENTATION_STYLE_ASSIGNMENT((#11844));
#11844 = SURFACE_STYLE_USAGE(.BOTH.,#11845);
#11845 = SURFACE_SIDE_STYLE('',(#11846));
#11846 = SURFACE_STYLE_FILL_AREA(#11847);
#11847 = FILL_AREA_STYLE('',(#11848));
#11848 = FILL_AREA_STYLE_COLOUR('',#10420);
#11849 = OVER_RIDING_STYLED_ITEM('overriding color',(#11850),#9774,
  #10183);
#11850 = PRESENTATION_STYLE_ASSIGNMENT((#11851));
#11851 = SURFACE_STYLE_USAGE(.BOTH.,#11852);
#11852 = SURFACE_SIDE_STYLE('',(#11853));
#11853 = SURFACE_STYLE_FILL_AREA(#11854);
#11854 = FILL_AREA_STYLE('',(#11855));
#11855 = FILL_AREA_STYLE_COLOUR('',#10420);
#11856 = OVER_RIDING_STYLED_ITEM('overriding color',(#11857),#9795,
  #10183);
#11857 = PRESENTATION_STYLE_ASSIGNMENT((#11858));
#11858 = SURFACE_STYLE_USAGE(.BOTH.,#11859);
#11859 = SURFACE_SIDE_STYLE('',(#11860));
#11860 = SURFACE_STYLE_FILL_AREA(#11861);
#11861 = FILL_AREA_STYLE('',(#11862));
#11862 = FILL_AREA_STYLE_COLOUR('',#10420);
#11863 = OVER_RIDING_STYLED_ITEM('overriding color',(#11864),#9816,
  #10183);
#11864 = PRESENTATION_STYLE_ASSIGNMENT((#11865));
#11865 = SURFACE_STYLE_USAGE(.BOTH.,#11866);
#11866 = SURFACE_SIDE_STYLE('',(#11867));
#11867 = SURFACE_STYLE_FILL_AREA(#11868);
#11868 = FILL_AREA_STYLE('',(#11869));
#11869 = FILL_AREA_STYLE_COLOUR('',#10420);
#11870 = OVER_RIDING_STYLED_ITEM('overriding color',(#11871),#9837,
  #10183);
#11871 = PRESENTATION_STYLE_ASSIGNMENT((#11872));
#11872 = SURFACE_STYLE_USAGE(.BOTH.,#11873);
#11873 = SURFACE_SIDE_STYLE('',(#11874));
#11874 = SURFACE_STYLE_FILL_AREA(#11875);
#11875 = FILL_AREA_STYLE('',(#11876));
#11876 = FILL_AREA_STYLE_COLOUR('',#10420);
#11877 = OVER_RIDING_STYLED_ITEM('overriding color',(#11878),#9858,
  #10183);
#11878 = PRESENTATION_STYLE_ASSIGNMENT((#11879));
#11879 = SURFACE_STYLE_USAGE(.BOTH.,#11880);
#11880 = SURFACE_SIDE_STYLE('',(#11881));
#11881 = SURFACE_STYLE_FILL_AREA(#11882);
#11882 = FILL_AREA_STYLE('',(#11883));
#11883 = FILL_AREA_STYLE_COLOUR('',#10420);
#11884 = OVER_RIDING_STYLED_ITEM('overriding color',(#11885),#9879,
  #10183);
#11885 = PRESENTATION_STYLE_ASSIGNMENT((#11886));
#11886 = SURFACE_STYLE_USAGE(.BOTH.,#11887);
#11887 = SURFACE_SIDE_STYLE('',(#11888));
#11888 = SURFACE_STYLE_FILL_AREA(#11889);
#11889 = FILL_AREA_STYLE('',(#11890));
#11890 = FILL_AREA_STYLE_COLOUR('',#10420);
#11891 = OVER_RIDING_STYLED_ITEM('overriding color',(#11892),#9900,
  #10183);
#11892 = PRESENTATION_STYLE_ASSIGNMENT((#11893));
#11893 = SURFACE_STYLE_USAGE(.BOTH.,#11894);
#11894 = SURFACE_SIDE_STYLE('',(#11895));
#11895 = SURFACE_STYLE_FILL_AREA(#11896);
#11896 = FILL_AREA_STYLE('',(#11897));
#11897 = FILL_AREA_STYLE_COLOUR('',#10420);
#11898 = OVER_RIDING_STYLED_ITEM('overriding color',(#11899),#9917,
  #10183);
#11899 = PRESENTATION_STYLE_ASSIGNMENT((#11900));
#11900 = SURFACE_STYLE_USAGE(.BOTH.,#11901);
#11901 = SURFACE_SIDE_STYLE('',(#11902));
#11902 = SURFACE_STYLE_FILL_AREA(#11903);
#11903 = FILL_AREA_STYLE('',(#11904));
#11904 = FILL_AREA_STYLE_COLOUR('',#10420);
#11905 = OVER_RIDING_STYLED_ITEM('overriding color',(#11906),#9938,
  #10183);
#11906 = PRESENTATION_STYLE_ASSIGNMENT((#11907));
#11907 = SURFACE_STYLE_USAGE(.BOTH.,#11908);
#11908 = SURFACE_SIDE_STYLE('',(#11909));
#11909 = SURFACE_STYLE_FILL_AREA(#11910);
#11910 = FILL_AREA_STYLE('',(#11911));
#11911 = FILL_AREA_STYLE_COLOUR('',#10420);
#11912 = OVER_RIDING_STYLED_ITEM('overriding color',(#11913),#9959,
  #10183);
#11913 = PRESENTATION_STYLE_ASSIGNMENT((#11914));
#11914 = SURFACE_STYLE_USAGE(.BOTH.,#11915);
#11915 = SURFACE_SIDE_STYLE('',(#11916));
#11916 = SURFACE_STYLE_FILL_AREA(#11917);
#11917 = FILL_AREA_STYLE('',(#11918));
#11918 = FILL_AREA_STYLE_COLOUR('',#10420);
#11919 = OVER_RIDING_STYLED_ITEM('overriding color',(#11920),#9976,
  #10183);
#11920 = PRESENTATION_STYLE_ASSIGNMENT((#11921));
#11921 = SURFACE_STYLE_USAGE(.BOTH.,#11922);
#11922 = SURFACE_SIDE_STYLE('',(#11923));
#11923 = SURFACE_STYLE_FILL_AREA(#11924);
#11924 = FILL_AREA_STYLE('',(#11925));
#11925 = FILL_AREA_STYLE_COLOUR('',#10420);
#11926 = OVER_RIDING_STYLED_ITEM('overriding color',(#11927),#9997,
  #10183);
#11927 = PRESENTATION_STYLE_ASSIGNMENT((#11928));
#11928 = SURFACE_STYLE_USAGE(.BOTH.,#11929);
#11929 = SURFACE_SIDE_STYLE('',(#11930));
#11930 = SURFACE_STYLE_FILL_AREA(#11931);
#11931 = FILL_AREA_STYLE('',(#11932));
#11932 = FILL_AREA_STYLE_COLOUR('',#10420);
#11933 = OVER_RIDING_STYLED_ITEM('overriding color',(#11934),#10018,
  #10183);
#11934 = PRESENTATION_STYLE_ASSIGNMENT((#11935));
#11935 = SURFACE_STYLE_USAGE(.BOTH.,#11936);
#11936 = SURFACE_SIDE_STYLE('',(#11937));
#11937 = SURFACE_STYLE_FILL_AREA(#11938);
#11938 = FILL_AREA_STYLE('',(#11939));
#11939 = FILL_AREA_STYLE_COLOUR('',#10420);
#11940 = OVER_RIDING_STYLED_ITEM('overriding color',(#11941),#10039,
  #10183);
#11941 = PRESENTATION_STYLE_ASSIGNMENT((#11942));
#11942 = SURFACE_STYLE_USAGE(.BOTH.,#11943);
#11943 = SURFACE_SIDE_STYLE('',(#11944));
#11944 = SURFACE_STYLE_FILL_AREA(#11945);
#11945 = FILL_AREA_STYLE('',(#11946));
#11946 = FILL_AREA_STYLE_COLOUR('',#10420);
#11947 = OVER_RIDING_STYLED_ITEM('overriding color',(#11948),#10056,
  #10183);
#11948 = PRESENTATION_STYLE_ASSIGNMENT((#11949));
#11949 = SURFACE_STYLE_USAGE(.BOTH.,#11950);
#11950 = SURFACE_SIDE_STYLE('',(#11951));
#11951 = SURFACE_STYLE_FILL_AREA(#11952);
#11952 = FILL_AREA_STYLE('',(#11953));
#11953 = FILL_AREA_STYLE_COLOUR('',#10420);
#11954 = OVER_RIDING_STYLED_ITEM('overriding color',(#11955),#10077,
  #10183);
#11955 = PRESENTATION_STYLE_ASSIGNMENT((#11956));
#11956 = SURFACE_STYLE_USAGE(.BOTH.,#11957);
#11957 = SURFACE_SIDE_STYLE('',(#11958));
#11958 = SURFACE_STYLE_FILL_AREA(#11959);
#11959 = FILL_AREA_STYLE('',(#11960));
#11960 = FILL_AREA_STYLE_COLOUR('',#10420);
#11961 = OVER_RIDING_STYLED_ITEM('overriding color',(#11962),#10093,
  #10183);
#11962 = PRESENTATION_STYLE_ASSIGNMENT((#11963));
#11963 = SURFACE_STYLE_USAGE(.BOTH.,#11964);
#11964 = SURFACE_SIDE_STYLE('',(#11965));
#11965 = SURFACE_STYLE_FILL_AREA(#11966);
#11966 = FILL_AREA_STYLE('',(#11967));
#11967 = FILL_AREA_STYLE_COLOUR('',#10420);
#11968 = OVER_RIDING_STYLED_ITEM('overriding color',(#11969),#10138,
  #10183);
#11969 = PRESENTATION_STYLE_ASSIGNMENT((#11970));
#11970 = SURFACE_STYLE_USAGE(.BOTH.,#11971);
#11971 = SURFACE_SIDE_STYLE('',(#11972));
#11972 = SURFACE_STYLE_FILL_AREA(#11973);
#11973 = FILL_AREA_STYLE('',(#11974));
#11974 = FILL_AREA_STYLE_COLOUR('',#10420);
#11975 = OVER_RIDING_STYLED_ITEM('overriding color',(#11976),#10166,
  #10183);
#11976 = PRESENTATION_STYLE_ASSIGNMENT((#11977));
#11977 = SURFACE_STYLE_USAGE(.BOTH.,#11978);
#11978 = SURFACE_SIDE_STYLE('',(#11979));
#11979 = SURFACE_STYLE_FILL_AREA(#11980);
#11980 = FILL_AREA_STYLE('',(#11981));
#11981 = FILL_AREA_STYLE_COLOUR('',#10201);
ENDSEC;
END-ISO-10303-21;
