ISO-10303-21;
HEADER;
FILE_DESCRIPTION(('FreeCAD Model'),'2;1');
FILE_NAME('Open CASCADE Shape Model','2026-10-06T16:49:43',('Author'),(
    ''),'Open CASCADE STEP processor 7.9','FreeCAD','Unknown');
FILE_SCHEMA(('AUTOMOTIVE_DESIGN { 1 0 10303 214 1 1 1 1 }'));
ENDSEC;
DATA;
#1 = APPLICATION_PROTOCOL_DEFINITION('international standard',
  'automotive_design',2000,#2);
#2 = APPLICATION_CONTEXT(
  'core data for automotive mechanical design processes');
#3 = SHAPE_DEFINITION_REPRESENTATION(#4,#10);
#4 = PRODUCT_DEFINITION_SHAPE('','',#5);
#5 = PRODUCT_DEFINITION('design','',#6,#9);
#6 = PRODUCT_DEFINITION_FORMATION('','',#7);
#7 = PRODUCT('F2920~F2920-1~vRsl','F2920~F2920-1~vRsl','',(#8));
#8 = PRODUCT_CONTEXT('',#2,'mechanical');
#9 = PRODUCT_DEFINITION_CONTEXT('part definition',#2,'design');
#10 = ADVANCED_BREP_SHAPE_REPRESENTATION('',(#11,#15),#8187);
#11 = AXIS2_PLACEMENT_3D('',#12,#13,#14);
#12 = CARTESIAN_POINT('',(0.,0.,0.));
#13 = DIRECTION('',(0.,0.,1.));
#14 = DIRECTION('',(1.,0.,-0.));
#15 = MANIFOLD_SOLID_BREP('',#16);
#16 = CLOSED_SHELL('',(#17,#59,#1557,#1597,#1637,#1693,#1732,#1756,#1780
    ,#1804,#1828,#1859,#1883,#1909,#1934,#1946,#1958,#1995,#2032,#2054,
    #2066,#2078,#2109,#2133,#2157,#2181,#2205,#2222,#2236,#2272,#2296,
    #2325,#2354,#2383,#2412,#2441,#2470,#2494,#2523,#2552,#2581,#2610,
    #2632,#2654,#2685,#2709,#2733,#2757,#2781,#2805,#2829,#2853,#2877,
    #2901,#2925,#2942,#2962,#3092,#3114,#3135,#3156,#3177,#3198,#3215,
    #3227,#3258,#3282,#3306,#3335,#3364,#3393,#3415,#3430,#3554,#3576,
    #3593,#3610,#3627,#3644,#3661,#3678,#3690,#3721,#3745,#3774,#3798,
    #3827,#3844,#3858,#3889,#3913,#3937,#3961,#3985,#4009,#4033,#4057,
    #4081,#4105,#4129,#4146,#4166,#4366,#4392,#4409,#4430,#4451,#4468,
    #4489,#4510,#4531,#4552,#4569,#4586,#4603,#4620,#4636,#4672,#4701,
    #4730,#4759,#4788,#4817,#4841,#4858,#4874,#4910,#4934,#4963,#4992,
    #5021,#5050,#5079,#5108,#5137,#5166,#5195,#5224,#5248,#5277,#5306,
    #5335,#5364,#5393,#5422,#5451,#5473,#5502,#5533,#5557,#5586,#5610,
    #5634,#5658,#5682,#5706,#5730,#5759,#5788,#5812,#5841,#5870,#5887,
    #5910,#5941,#5965,#5989,#6013,#6037,#6061,#6085,#6109,#6133,#6157,
    #6181,#6198,#6218,#6348,#6370,#6391,#6412,#6433,#6454,#6471,#6483,
    #6514,#6538,#6562,#6591,#6620,#6649,#6671,#6686,#6810,#6832,#6849,
    #6866,#6883,#6900,#6917,#6934,#6946,#6977,#7001,#7030,#7054,#7083,
    #7100,#7114,#7439,#7465,#7486,#7507,#7528,#7549,#7570,#7591,#7612,
    #7633,#7654,#7675,#7696,#7713,#7730,#7747,#7764,#7785,#7806,#7827,
    #7848,#7869,#7890,#7911,#7928,#7949,#7970,#7987,#8008,#8029,#8050,
    #8067,#8088,#8104,#8149,#8177));
#17 = ADVANCED_FACE('',(#18),#54,.F.);
#18 = FACE_BOUND('',#19,.F.);
#19 = EDGE_LOOP('',(#20,#30,#39,#47));
#20 = ORIENTED_EDGE('',*,*,#21,.T.);
#21 = EDGE_CURVE('',#22,#24,#26,.T.);
#22 = VERTEX_POINT('',#23);
#23 = CARTESIAN_POINT('',(-3.679999933243,0.749999986395,0.));
#24 = VERTEX_POINT('',#25);
#25 = CARTESIAN_POINT('',(-3.679999933243,0.749999986395,0.49999999093)
  );
#26 = LINE('',#27,#28);
#27 = CARTESIAN_POINT('',(-3.679999933243,0.749999986395,-0.299999994558
    ));
#28 = VECTOR('',#29,1.);
#29 = DIRECTION('',(0.,0.,1.));
#30 = ORIENTED_EDGE('',*,*,#31,.F.);
#31 = EDGE_CURVE('',#32,#24,#34,.T.);
#32 = VERTEX_POINT('',#33);
#33 = CARTESIAN_POINT('',(-2.929999946848,8.67361722254E-16,
    0.49999999093));
#34 = CIRCLE('',#35,0.749999986395);
#35 = AXIS2_PLACEMENT_3D('',#36,#37,#38);
#36 = CARTESIAN_POINT('',(-3.679999933243,8.67361722254E-16,
    0.49999999093));
#37 = DIRECTION('',(0.,0.,1.));
#38 = DIRECTION('',(1.,0.,-0.));
#39 = ORIENTED_EDGE('',*,*,#40,.F.);
#40 = EDGE_CURVE('',#41,#32,#43,.T.);
#41 = VERTEX_POINT('',#42);
#42 = CARTESIAN_POINT('',(-2.929999946848,8.67361722254E-16,0.));
#43 = LINE('',#44,#45);
#44 = CARTESIAN_POINT('',(-2.929999946848,8.67361722254E-16,
    -0.299999994558));
#45 = VECTOR('',#46,1.);
#46 = DIRECTION('',(0.,0.,1.));
#47 = ORIENTED_EDGE('',*,*,#48,.T.);
#48 = EDGE_CURVE('',#41,#22,#49,.T.);
#49 = CIRCLE('',#50,0.749999986395);
#50 = AXIS2_PLACEMENT_3D('',#51,#52,#53);
#51 = CARTESIAN_POINT('',(-3.679999933243,8.67361722254E-16,0.));
#52 = DIRECTION('',(0.,0.,1.));
#53 = DIRECTION('',(1.,0.,-0.));
#54 = CYLINDRICAL_SURFACE('',#55,0.749999986395);
#55 = AXIS2_PLACEMENT_3D('',#56,#57,#58);
#56 = CARTESIAN_POINT('',(-3.679999933243,8.67361722254E-16,
    -0.299999994558));
#57 = DIRECTION('',(0.,0.,1.));
#58 = DIRECTION('',(1.,0.,-0.));
#59 = ADVANCED_FACE('',(#60,#187,#309,#407,#533,#567,#617,#715,#777,#843
    ,#1032,#1130,#1192,#1258),#1552,.F.);
#60 = FACE_BOUND('',#61,.T.);
#61 = EDGE_LOOP('',(#62,#72,#80,#89,#98,#106,#115,#124,#132,#140,#148,
    #156,#164,#172,#181));
#62 = ORIENTED_EDGE('',*,*,#63,.F.);
#63 = EDGE_CURVE('',#64,#66,#68,.T.);
#64 = VERTEX_POINT('',#65);
#65 = CARTESIAN_POINT('',(1.470659017633,-1.991019123133,0.489999991111)
  );
#66 = VERTEX_POINT('',#67);
#67 = CARTESIAN_POINT('',(1.444249167039,-1.991019123133,0.489999991111)
  );
#68 = LINE('',#69,#70);
#69 = CARTESIAN_POINT('',(1.444249167039,-1.991019123133,0.489999991111)
  );
#70 = VECTOR('',#71,1.);
#71 = DIRECTION('',(-1.,-0.,-0.));
#72 = ORIENTED_EDGE('',*,*,#73,.F.);
#73 = EDGE_CURVE('',#74,#64,#76,.T.);
#74 = VERTEX_POINT('',#75);
#75 = CARTESIAN_POINT('',(1.404738366935,-2.158212193043,0.489999991111)
  );
#76 = LINE('',#77,#78);
#77 = CARTESIAN_POINT('',(1.470659017633,-1.991019123133,0.489999991111)
  );
#78 = VECTOR('',#79,1.);
#79 = DIRECTION('',(0.366797678951,0.930300737781,0.));
#80 = ORIENTED_EDGE('',*,*,#81,.F.);
#81 = EDGE_CURVE('',#82,#74,#84,.T.);
#82 = VERTEX_POINT('',#83);
#83 = CARTESIAN_POINT('',(1.352906435747,-2.204689371061,0.489999991111)
  );
#84 = B_SPLINE_CURVE_WITH_KNOTS('',3,(#85,#86,#87,#88),.UNSPECIFIED.,.F.
  ,.F.,(4,4),(1.,2.),.PIECEWISE_BEZIER_KNOTS.);
#85 = CARTESIAN_POINT('',(1.352906435747,-2.204689371061,0.489999991111)
  );
#86 = CARTESIAN_POINT('',(1.375209242647,-2.204689371061,0.489999991111)
  );
#87 = CARTESIAN_POINT('',(1.392469223745,-2.189196978388,0.489999991111)
  );
#88 = CARTESIAN_POINT('',(1.404738366935,-2.158212193043,0.489999991111)
  );
#89 = ORIENTED_EDGE('',*,*,#90,.F.);
#90 = EDGE_CURVE('',#91,#82,#93,.T.);
#91 = VERTEX_POINT('',#92);
#92 = CARTESIAN_POINT('',(1.336478260967,-2.202609855265,0.489999991111)
  );
#93 = B_SPLINE_CURVE_WITH_KNOTS('',3,(#94,#95,#96,#97),.UNSPECIFIED.,.F.
  ,.F.,(4,4),(2.,3.),.PIECEWISE_BEZIER_KNOTS.);
#94 = CARTESIAN_POINT('',(1.336478260967,-2.202609855265,0.489999991111)
  );
#95 = CARTESIAN_POINT('',(1.341001207821,-2.203961540532,0.489999991111)
  );
#96 = CARTESIAN_POINT('',(1.346511924677,-2.204689371061,0.489999991111)
  );
#97 = CARTESIAN_POINT('',(1.352906435747,-2.204689371061,0.489999991111)
  );
#98 = ORIENTED_EDGE('',*,*,#99,.F.);
#99 = EDGE_CURVE('',#100,#91,#102,.T.);
#100 = VERTEX_POINT('',#101);
#101 = CARTESIAN_POINT('',(1.336478260967,-2.1799431331,0.489999991111)
  );
#102 = LINE('',#103,#104);
#103 = CARTESIAN_POINT('',(1.336478260967,-2.202609855265,0.489999991111
    ));
#104 = VECTOR('',#105,1.);
#105 = DIRECTION('',(-0.,-1.,-0.));
#106 = ORIENTED_EDGE('',*,*,#107,.F.);
#107 = EDGE_CURVE('',#108,#100,#110,.T.);
#108 = VERTEX_POINT('',#109);
#109 = CARTESIAN_POINT('',(1.350930895741,-2.182854455214,0.489999991111
    ));
#110 = B_SPLINE_CURVE_WITH_KNOTS('',3,(#111,#112,#113,#114),
  .UNSPECIFIED.,.F.,.F.,(4,4),(4.,5.),.PIECEWISE_BEZIER_KNOTS.);
#111 = CARTESIAN_POINT('',(1.350930895741,-2.182854455214,0.489999991111
    ));
#112 = CARTESIAN_POINT('',(1.346251985203,-2.182854455214,0.489999991111
    ));
#113 = CARTESIAN_POINT('',(1.341469098875,-2.181918673106,0.489999991111
    ));
#114 = CARTESIAN_POINT('',(1.336478260967,-2.1799431331,0.489999991111)
  );
#115 = ORIENTED_EDGE('',*,*,#116,.F.);
#116 = EDGE_CURVE('',#117,#108,#119,.T.);
#117 = VERTEX_POINT('',#118);
#118 = CARTESIAN_POINT('',(1.377028818967,-2.162371224634,0.489999991111
    ));
#119 = B_SPLINE_CURVE_WITH_KNOTS('',3,(#120,#121,#122,#123),
  .UNSPECIFIED.,.F.,.F.,(4,4),(5.,6.),.PIECEWISE_BEZIER_KNOTS.);
#120 = CARTESIAN_POINT('',(1.377028818967,-2.162371224634,0.489999991111
    ));
#121 = CARTESIAN_POINT('',(1.371258162637,-2.17609602888,0.489999991111)
  );
#122 = CARTESIAN_POINT('',(1.362576184193,-2.182854455214,0.489999991111
    ));
#123 = CARTESIAN_POINT('',(1.350930895741,-2.182854455214,0.489999991111
    ));
#124 = ORIENTED_EDGE('',*,*,#125,.F.);
#125 = EDGE_CURVE('',#126,#117,#128,.T.);
#126 = VERTEX_POINT('',#127);
#127 = CARTESIAN_POINT('',(1.388206216365,-2.135961374038,0.489999991111
    ));
#128 = LINE('',#129,#130);
#129 = CARTESIAN_POINT('',(1.377028818967,-2.162371224634,0.489999991111
    ));
#130 = VECTOR('',#131,1.);
#131 = DIRECTION('',(-0.389758265065,-0.920917203017,-0.));
#132 = ORIENTED_EDGE('',*,*,#133,.F.);
#133 = EDGE_CURVE('',#134,#126,#136,.T.);
#134 = VERTEX_POINT('',#135);
#135 = CARTESIAN_POINT('',(1.331227483585,-1.991019123133,0.489999991111
    ));
#136 = LINE('',#137,#138);
#137 = CARTESIAN_POINT('',(1.388206216365,-2.135961374038,0.489999991111
    ));
#138 = VECTOR('',#139,1.);
#139 = DIRECTION('',(0.365858921669,-0.930670322636,0.));
#140 = ORIENTED_EDGE('',*,*,#141,.F.);
#141 = EDGE_CURVE('',#142,#134,#144,.T.);
#142 = VERTEX_POINT('',#143);
#143 = CARTESIAN_POINT('',(1.359716849975,-1.991019123133,0.489999991111
    ));
#144 = LINE('',#145,#146);
#145 = CARTESIAN_POINT('',(1.331227483585,-1.991019123133,0.489999991111
    ));
#146 = VECTOR('',#147,1.);
#147 = DIRECTION('',(-1.,-0.,-0.));
#148 = ORIENTED_EDGE('',*,*,#149,.F.);
#149 = EDGE_CURVE('',#150,#142,#152,.T.);
#150 = VERTEX_POINT('',#151);
#151 = CARTESIAN_POINT('',(1.397668013232,-2.100193702366,0.489999991111
    ));
#152 = LINE('',#153,#154);
#153 = CARTESIAN_POINT('',(1.359716849975,-1.991019123133,0.489999991111
    ));
#154 = VECTOR('',#155,1.);
#155 = DIRECTION('',(-0.328346164813,0.944557460429,0.));
#156 = ORIENTED_EDGE('',*,*,#157,.F.);
#157 = EDGE_CURVE('',#158,#150,#160,.T.);
#158 = VERTEX_POINT('',#159);
#159 = CARTESIAN_POINT('',(1.400787286925,-2.112150918187,0.489999991111
    ));
#160 = LINE('',#161,#162);
#161 = CARTESIAN_POINT('',(1.397668013232,-2.100193702366,0.489999991111
    ));
#162 = VECTOR('',#163,1.);
#163 = DIRECTION('',(-0.252421897188,0.967617272386,0.));
#164 = ORIENTED_EDGE('',*,*,#165,.F.);
#165 = EDGE_CURVE('',#166,#158,#168,.T.);
#166 = VERTEX_POINT('',#167);
#167 = CARTESIAN_POINT('',(1.401463129557,-2.112150918187,0.489999991111
    ));
#168 = LINE('',#169,#170);
#169 = CARTESIAN_POINT('',(1.400787286925,-2.112150918187,0.489999991111
    ));
#170 = VECTOR('',#171,1.);
#171 = DIRECTION('',(-1.,-0.,-0.));
#172 = ORIENTED_EDGE('',*,*,#173,.F.);
#173 = EDGE_CURVE('',#174,#166,#176,.T.);
#174 = VERTEX_POINT('',#175);
#175 = CARTESIAN_POINT('',(1.40458240325,-2.100401653945,0.489999991111)
  );
#176 = B_SPLINE_CURVE_WITH_KNOTS('',3,(#177,#178,#179,#180),
  .UNSPECIFIED.,.F.,.F.,(4,4),(12.,13.),.PIECEWISE_BEZIER_KNOTS.);
#177 = CARTESIAN_POINT('',(1.40458240325,-2.100401653945,0.489999991111)
  );
#178 = CARTESIAN_POINT('',(1.403022766405,-2.105496467643,0.489999991111
    ));
#179 = CARTESIAN_POINT('',(1.401983008506,-2.109447547653,0.489999991111
    ));
#180 = CARTESIAN_POINT('',(1.401463129557,-2.112150918187,0.489999991111
    ));
#181 = ORIENTED_EDGE('',*,*,#182,.F.);
#182 = EDGE_CURVE('',#66,#174,#183,.T.);
#183 = LINE('',#184,#185);
#184 = CARTESIAN_POINT('',(1.40458240325,-2.100401653945,0.489999991111)
  );
#185 = VECTOR('',#186,1.);
#186 = DIRECTION('',(-0.340917796219,-0.9400931104,-0.));
#187 = FACE_BOUND('',#188,.T.);
#188 = EDGE_LOOP('',(#189,#200,#209,#217,#225,#233,#241,#250,#259,#268,
    #277,#285,#294,#303));
#189 = ORIENTED_EDGE('',*,*,#190,.F.);
#190 = EDGE_CURVE('',#191,#193,#195,.T.);
#191 = VERTEX_POINT('',#192);
#192 = CARTESIAN_POINT('',(1.13284167675,-1.987691897861,0.489999991111)
  );
#193 = VERTEX_POINT('',#194);
#194 = CARTESIAN_POINT('',(1.082829321882,-2.001208750528,0.489999991111
    ));
#195 = B_SPLINE_CURVE_WITH_KNOTS('',3,(#196,#197,#198,#199),
  .UNSPECIFIED.,.F.,.F.,(4,4),(0.,1.),.PIECEWISE_BEZIER_KNOTS.);
#196 = CARTESIAN_POINT('',(1.13284167675,-1.987691897861,0.489999991111)
  );
#197 = CARTESIAN_POINT('',(1.113918083017,-1.987691897861,0.489999991111
    ));
#198 = CARTESIAN_POINT('',(1.097229968762,-1.99216285682,0.489999991111)
  );
#199 = CARTESIAN_POINT('',(1.082829321882,-2.001208750528,0.489999991111
    ));
#200 = ORIENTED_EDGE('',*,*,#201,.F.);
#201 = EDGE_CURVE('',#202,#191,#204,.T.);
#202 = VERTEX_POINT('',#203);
#203 = CARTESIAN_POINT('',(1.185349450572,-2.042799066427,0.489999991111
    ));
#204 = B_SPLINE_CURVE_WITH_KNOTS('',3,(#205,#206,#207,#208),
  .UNSPECIFIED.,.F.,.F.,(4,4),(1.,2.),.PIECEWISE_BEZIER_KNOTS.);
#205 = CARTESIAN_POINT('',(1.185349450572,-2.042799066427,0.489999991111
    ));
#206 = CARTESIAN_POINT('',(1.185349450572,-2.005991636856,0.489999991111
    ));
#207 = CARTESIAN_POINT('',(1.167829529999,-1.987691897861,0.489999991111
    ));
#208 = CARTESIAN_POINT('',(1.13284167675,-1.987691897861,0.489999991111)
  );
#209 = ORIENTED_EDGE('',*,*,#210,.F.);
#210 = EDGE_CURVE('',#211,#202,#213,.T.);
#211 = VERTEX_POINT('',#212);
#212 = CARTESIAN_POINT('',(1.185349450572,-2.136273301407,0.489999991111
    ));
#213 = LINE('',#214,#215);
#214 = CARTESIAN_POINT('',(1.185349450572,-2.042799066427,0.489999991111
    ));
#215 = VECTOR('',#216,1.);
#216 = DIRECTION('',(0.,1.,0.));
#217 = ORIENTED_EDGE('',*,*,#218,.F.);
#218 = EDGE_CURVE('',#219,#211,#221,.T.);
#219 = VERTEX_POINT('',#220);
#220 = CARTESIAN_POINT('',(1.159875382084,-2.136273301407,0.489999991111
    ));
#221 = LINE('',#222,#223);
#222 = CARTESIAN_POINT('',(1.185349450572,-2.136273301407,0.489999991111
    ));
#223 = VECTOR('',#224,1.);
#224 = DIRECTION('',(1.,0.,0.));
#225 = ORIENTED_EDGE('',*,*,#226,.F.);
#226 = EDGE_CURVE('',#227,#219,#229,.T.);
#227 = VERTEX_POINT('',#228);
#228 = CARTESIAN_POINT('',(1.159875382084,-2.113814530823,0.489999991111
    ));
#229 = LINE('',#230,#231);
#230 = CARTESIAN_POINT('',(1.159875382084,-2.136273301407,0.489999991111
    ));
#231 = VECTOR('',#232,1.);
#232 = DIRECTION('',(-0.,-1.,-0.));
#233 = ORIENTED_EDGE('',*,*,#234,.F.);
#234 = EDGE_CURVE('',#235,#227,#237,.T.);
#235 = VERTEX_POINT('',#236);
#236 = CARTESIAN_POINT('',(1.159199539451,-2.113814530823,0.489999991111
    ));
#237 = LINE('',#238,#239);
#238 = CARTESIAN_POINT('',(1.159875382084,-2.113814530823,0.489999991111
    ));
#239 = VECTOR('',#240,1.);
#240 = DIRECTION('',(1.,0.,0.));
#241 = ORIENTED_EDGE('',*,*,#242,.F.);
#242 = EDGE_CURVE('',#243,#235,#245,.T.);
#243 = VERTEX_POINT('',#244);
#244 = CARTESIAN_POINT('',(1.11469790144,-2.139704502469,0.489999991111)
  );
#245 = B_SPLINE_CURVE_WITH_KNOTS('',3,(#246,#247,#248,#249),
  .UNSPECIFIED.,.F.,.F.,(4,4),(6.,7.),.PIECEWISE_BEZIER_KNOTS.);
#246 = CARTESIAN_POINT('',(1.11469790144,-2.139704502469,0.489999991111)
  );
#247 = CARTESIAN_POINT('',(1.134297337806,-2.139704502469,0.489999991111
    ));
#248 = CARTESIAN_POINT('',(1.14916587574,-2.13107451192,0.489999991111)
  );
#249 = CARTESIAN_POINT('',(1.159199539451,-2.113814530823,0.489999991111
    ));
#250 = ORIENTED_EDGE('',*,*,#251,.F.);
#251 = EDGE_CURVE('',#252,#243,#254,.T.);
#252 = VERTEX_POINT('',#253);
#253 = CARTESIAN_POINT('',(1.081113721352,-2.128267165597,0.489999991111
    ));
#254 = B_SPLINE_CURVE_WITH_KNOTS('',3,(#255,#256,#257,#258),
  .UNSPECIFIED.,.F.,.F.,(4,4),(7.,8.),.PIECEWISE_BEZIER_KNOTS.);
#255 = CARTESIAN_POINT('',(1.081113721352,-2.128267165597,0.489999991111
    ));
#256 = CARTESIAN_POINT('',(1.089431784531,-2.135857398249,0.489999991111
    ));
#257 = CARTESIAN_POINT('',(1.100609181929,-2.139704502469,0.489999991111
    ));
#258 = CARTESIAN_POINT('',(1.11469790144,-2.139704502469,0.489999991111)
  );
#259 = ORIENTED_EDGE('',*,*,#260,.F.);
#260 = EDGE_CURVE('',#261,#252,#263,.T.);
#261 = VERTEX_POINT('',#262);
#262 = CARTESIAN_POINT('',(1.068636626582,-2.097386356042,0.489999991111
    ));
#263 = B_SPLINE_CURVE_WITH_KNOTS('',3,(#264,#265,#266,#267),
  .UNSPECIFIED.,.F.,.F.,(4,4),(8.,9.),.PIECEWISE_BEZIER_KNOTS.);
#264 = CARTESIAN_POINT('',(1.068636626582,-2.097386356042,0.489999991111
    ));
#265 = CARTESIAN_POINT('',(1.068636626582,-2.110383329761,0.489999991111
    ));
#266 = CARTESIAN_POINT('',(1.072795658172,-2.120676932946,0.489999991111
    ));
#267 = CARTESIAN_POINT('',(1.081113721352,-2.128267165597,0.489999991111
    ));
#268 = ORIENTED_EDGE('',*,*,#269,.F.);
#269 = EDGE_CURVE('',#270,#261,#272,.T.);
#270 = VERTEX_POINT('',#271);
#271 = CARTESIAN_POINT('',(1.116829405129,-2.049973395918,0.489999991111
    ));
#272 = B_SPLINE_CURVE_WITH_KNOTS('',3,(#273,#274,#275,#276),
  .UNSPECIFIED.,.F.,.F.,(4,4),(9.,10.),.PIECEWISE_BEZIER_KNOTS.);
#273 = CARTESIAN_POINT('',(1.116829405129,-2.049973395918,0.489999991111
    ));
#274 = CARTESIAN_POINT('',(1.084700886098,-2.054444354878,0.489999991111
    ));
#275 = CARTESIAN_POINT('',(1.068636626582,-2.070248674919,0.489999991111
    ));
#276 = CARTESIAN_POINT('',(1.068636626582,-2.097386356042,0.489999991111
    ));
#277 = ORIENTED_EDGE('',*,*,#278,.F.);
#278 = EDGE_CURVE('',#279,#270,#281,.T.);
#279 = VERTEX_POINT('',#280);
#280 = CARTESIAN_POINT('',(1.159875382084,-2.043942800113,0.489999991111
    ));
#281 = LINE('',#282,#283);
#282 = CARTESIAN_POINT('',(1.116829405129,-2.049973395918,0.489999991111
    ));
#283 = VECTOR('',#284,1.);
#284 = DIRECTION('',(-0.990328603988,-0.138741688482,-0.));
#285 = ORIENTED_EDGE('',*,*,#286,.F.);
#286 = EDGE_CURVE('',#287,#279,#289,.T.);
#287 = VERTEX_POINT('',#288);
#288 = CARTESIAN_POINT('',(1.130450233586,-2.00838308002,0.489999991111)
  );
#289 = B_SPLINE_CURVE_WITH_KNOTS('',3,(#290,#291,#292,#293),
  .UNSPECIFIED.,.F.,.F.,(4,4),(11.,12.),.PIECEWISE_BEZIER_KNOTS.);
#290 = CARTESIAN_POINT('',(1.130450233586,-2.00838308002,0.489999991111)
  );
#291 = CARTESIAN_POINT('',(1.150049669953,-2.00838308002,0.489999991111)
  );
#292 = CARTESIAN_POINT('',(1.159875382084,-2.020236320052,0.489999991111
    ));
#293 = CARTESIAN_POINT('',(1.159875382084,-2.043942800113,0.489999991111
    ));
#294 = ORIENTED_EDGE('',*,*,#295,.F.);
#295 = EDGE_CURVE('',#296,#287,#298,.T.);
#296 = VERTEX_POINT('',#297);
#297 = CARTESIAN_POINT('',(1.082829321882,-2.025954988488,0.489999991111
    ));
#298 = B_SPLINE_CURVE_WITH_KNOTS('',3,(#299,#300,#301,#302),
  .UNSPECIFIED.,.F.,.F.,(4,4),(12.,13.),.PIECEWISE_BEZIER_KNOTS.);
#299 = CARTESIAN_POINT('',(1.082829321882,-2.025954988488,0.489999991111
    ));
#300 = CARTESIAN_POINT('',(1.097177980867,-2.014309700036,0.489999991111
    ));
#301 = CARTESIAN_POINT('',(1.113034288803,-2.00838308002,0.489999991111)
  );
#302 = CARTESIAN_POINT('',(1.130450233586,-2.00838308002,0.489999991111)
  );
#303 = ORIENTED_EDGE('',*,*,#304,.F.);
#304 = EDGE_CURVE('',#193,#296,#305,.T.);
#305 = LINE('',#306,#307);
#306 = CARTESIAN_POINT('',(1.082829321882,-2.025954988488,0.489999991111
    ));
#307 = VECTOR('',#308,1.);
#308 = DIRECTION('',(-0.,-1.,-0.));
#309 = FACE_BOUND('',#310,.T.);
#310 = EDGE_LOOP('',(#311,#321,#329,#337,#345,#353,#361,#369,#377,#385,
    #393,#401));
#311 = ORIENTED_EDGE('',*,*,#312,.F.);
#312 = EDGE_CURVE('',#313,#315,#317,.T.);
#313 = VERTEX_POINT('',#314);
#314 = CARTESIAN_POINT('',(1.044254303887,-2.136273301407,0.489999991111
    ));
#315 = VERTEX_POINT('',#316);
#316 = CARTESIAN_POINT('',(1.044254303887,-2.113086700294,0.489999991111
    ));
#317 = LINE('',#318,#319);
#318 = CARTESIAN_POINT('',(1.044254303887,-2.113086700294,0.489999991111
    ));
#319 = VECTOR('',#320,1.);
#320 = DIRECTION('',(0.,1.,0.));
#321 = ORIENTED_EDGE('',*,*,#322,.F.);
#322 = EDGE_CURVE('',#323,#313,#325,.T.);
#323 = VERTEX_POINT('',#324);
#324 = CARTESIAN_POINT('',(0.934871773074,-2.136273301407,0.489999991111
    ));
#325 = LINE('',#326,#327);
#326 = CARTESIAN_POINT('',(1.044254303887,-2.136273301407,0.489999991111
    ));
#327 = VECTOR('',#328,1.);
#328 = DIRECTION('',(1.,0.,0.));
#329 = ORIENTED_EDGE('',*,*,#330,.F.);
#330 = EDGE_CURVE('',#331,#323,#333,.T.);
#331 = VERTEX_POINT('',#332);
#332 = CARTESIAN_POINT('',(0.934871773074,-1.932896656665,0.489999991111
    ));
#333 = LINE('',#334,#335);
#334 = CARTESIAN_POINT('',(0.934871773074,-2.136273301407,0.489999991111
    ));
#335 = VECTOR('',#336,1.);
#336 = DIRECTION('',(-0.,-1.,-0.));
#337 = ORIENTED_EDGE('',*,*,#338,.F.);
#338 = EDGE_CURVE('',#339,#331,#341,.T.);
#339 = VERTEX_POINT('',#340);
#340 = CARTESIAN_POINT('',(1.039627381243,-1.932896656665,0.489999991111
    ));
#341 = LINE('',#342,#343);
#342 = CARTESIAN_POINT('',(0.934871773074,-1.932896656665,0.489999991111
    ));
#343 = VECTOR('',#344,1.);
#344 = DIRECTION('',(-1.,-0.,-0.));
#345 = ORIENTED_EDGE('',*,*,#346,.F.);
#346 = EDGE_CURVE('',#347,#339,#349,.T.);
#347 = VERTEX_POINT('',#348);
#348 = CARTESIAN_POINT('',(1.039627381243,-1.956291209357,0.489999991111
    ));
#349 = LINE('',#350,#351);
#350 = CARTESIAN_POINT('',(1.039627381243,-1.932896656665,0.489999991111
    ));
#351 = VECTOR('',#352,1.);
#352 = DIRECTION('',(0.,1.,0.));
#353 = ORIENTED_EDGE('',*,*,#354,.F.);
#354 = EDGE_CURVE('',#355,#347,#357,.T.);
#355 = VERTEX_POINT('',#356);
#356 = CARTESIAN_POINT('',(0.961125659985,-1.956291209357,0.489999991111
    ));
#357 = LINE('',#358,#359);
#358 = CARTESIAN_POINT('',(1.039627381243,-1.956291209357,0.489999991111
    ));
#359 = VECTOR('',#360,1.);
#360 = DIRECTION('',(1.,0.,0.));
#361 = ORIENTED_EDGE('',*,*,#362,.F.);
#362 = EDGE_CURVE('',#363,#355,#365,.T.);
#363 = VERTEX_POINT('',#364);
#364 = CARTESIAN_POINT('',(0.961125659985,-2.021380053739,0.489999991111
    ));
#365 = LINE('',#366,#367);
#366 = CARTESIAN_POINT('',(0.961125659985,-1.956291209357,0.489999991111
    ));
#367 = VECTOR('',#368,1.);
#368 = DIRECTION('',(0.,1.,0.));
#369 = ORIENTED_EDGE('',*,*,#370,.F.);
#370 = EDGE_CURVE('',#371,#363,#373,.T.);
#371 = VERTEX_POINT('',#372);
#372 = CARTESIAN_POINT('',(1.033856724912,-2.021380053739,0.489999991111
    ));
#373 = LINE('',#374,#375);
#374 = CARTESIAN_POINT('',(0.961125659985,-2.021380053739,0.489999991111
    ));
#375 = VECTOR('',#376,1.);
#376 = DIRECTION('',(-1.,-0.,-0.));
#377 = ORIENTED_EDGE('',*,*,#378,.F.);
#378 = EDGE_CURVE('',#379,#371,#381,.T.);
#379 = VERTEX_POINT('',#380);
#380 = CARTESIAN_POINT('',(1.033856724912,-2.044670630642,0.489999991111
    ));
#381 = LINE('',#382,#383);
#382 = CARTESIAN_POINT('',(1.033856724912,-2.021380053739,0.489999991111
    ));
#383 = VECTOR('',#384,1.);
#384 = DIRECTION('',(0.,1.,0.));
#385 = ORIENTED_EDGE('',*,*,#386,.F.);
#386 = EDGE_CURVE('',#387,#379,#389,.T.);
#387 = VERTEX_POINT('',#388);
#388 = CARTESIAN_POINT('',(0.961125659985,-2.044670630642,0.489999991111
    ));
#389 = LINE('',#390,#391);
#390 = CARTESIAN_POINT('',(1.033856724912,-2.044670630642,0.489999991111
    ));
#391 = VECTOR('',#392,1.);
#392 = DIRECTION('',(1.,0.,0.));
#393 = ORIENTED_EDGE('',*,*,#394,.F.);
#394 = EDGE_CURVE('',#395,#387,#397,.T.);
#395 = VERTEX_POINT('',#396);
#396 = CARTESIAN_POINT('',(0.961125659985,-2.113086700294,0.489999991111
    ));
#397 = LINE('',#398,#399);
#398 = CARTESIAN_POINT('',(0.961125659985,-2.044670630642,0.489999991111
    ));
#399 = VECTOR('',#400,1.);
#400 = DIRECTION('',(0.,1.,0.));
#401 = ORIENTED_EDGE('',*,*,#402,.F.);
#402 = EDGE_CURVE('',#315,#395,#403,.T.);
#403 = LINE('',#404,#405);
#404 = CARTESIAN_POINT('',(0.961125659985,-2.113086700294,0.489999991111
    ));
#405 = VECTOR('',#406,1.);
#406 = DIRECTION('',(-1.,-0.,-0.));
#407 = FACE_BOUND('',#408,.T.);
#408 = EDGE_LOOP('',(#409,#420,#429,#438,#447,#456,#465,#473,#482,#491,
    #500,#509,#518,#527));
#409 = ORIENTED_EDGE('',*,*,#410,.F.);
#410 = EDGE_CURVE('',#411,#413,#415,.T.);
#411 = VERTEX_POINT('',#412);
#412 = CARTESIAN_POINT('',(1.146410517312,-1.817067626889,0.489999991111
    ));
#413 = VERTEX_POINT('',#414);
#414 = CARTESIAN_POINT('',(1.202713407459,-1.805214386858,0.489999991111
    ));
#415 = B_SPLINE_CURVE_WITH_KNOTS('',3,(#416,#417,#418,#419),
  .UNSPECIFIED.,.F.,.F.,(4,4),(0.,1.),.PIECEWISE_BEZIER_KNOTS.);
#416 = CARTESIAN_POINT('',(1.146410517312,-1.817067626889,0.489999991111
    ));
#417 = CARTESIAN_POINT('',(1.168973263687,-1.817067626889,0.489999991111
    ));
#418 = CARTESIAN_POINT('',(1.187740893736,-1.813116546879,0.489999991111
    ));
#419 = CARTESIAN_POINT('',(1.202713407459,-1.805214386858,0.489999991111
    ));
#420 = ORIENTED_EDGE('',*,*,#421,.F.);
#421 = EDGE_CURVE('',#422,#411,#424,.T.);
#422 = VERTEX_POINT('',#423);
#423 = CARTESIAN_POINT('',(1.076538786603,-1.789306091027,0.489999991111
    ));
#424 = B_SPLINE_CURVE_WITH_KNOTS('',3,(#425,#426,#427,#428),
  .UNSPECIFIED.,.F.,.F.,(4,4),(1.,2.),.PIECEWISE_BEZIER_KNOTS.);
#425 = CARTESIAN_POINT('',(1.076538786603,-1.789306091027,0.489999991111
    ));
#426 = CARTESIAN_POINT('',(1.093954731385,-1.807813781601,0.489999991111
    ));
#427 = CARTESIAN_POINT('',(1.117245308288,-1.817067626889,0.489999991111
    ));
#428 = CARTESIAN_POINT('',(1.146410517312,-1.817067626889,0.489999991111
    ));
#429 = ORIENTED_EDGE('',*,*,#430,.F.);
#430 = EDGE_CURVE('',#431,#422,#433,.T.);
#431 = VERTEX_POINT('',#432);
#432 = CARTESIAN_POINT('',(1.050440863377,-1.715795207677,0.489999991111
    ));
#433 = B_SPLINE_CURVE_WITH_KNOTS('',3,(#434,#435,#436,#437),
  .UNSPECIFIED.,.F.,.F.,(4,4),(2.,3.),.PIECEWISE_BEZIER_KNOTS.);
#434 = CARTESIAN_POINT('',(1.050440863377,-1.715795207677,0.489999991111
    ));
#435 = CARTESIAN_POINT('',(1.050440863377,-1.746260114072,0.489999991111
    ));
#436 = CARTESIAN_POINT('',(1.05912284182,-1.770798400452,0.489999991111)
  );
#437 = CARTESIAN_POINT('',(1.076538786603,-1.789306091027,0.489999991111
    ));
#438 = ORIENTED_EDGE('',*,*,#439,.F.);
#439 = EDGE_CURVE('',#440,#431,#442,.T.);
#440 = VERTEX_POINT('',#441);
#441 = CARTESIAN_POINT('',(1.07981402398,-1.63677360747,0.489999991111)
  );
#442 = B_SPLINE_CURVE_WITH_KNOTS('',3,(#443,#444,#445,#446),
  .UNSPECIFIED.,.F.,.F.,(4,4),(3.,4.),.PIECEWISE_BEZIER_KNOTS.);
#443 = CARTESIAN_POINT('',(1.07981402398,-1.63677360747,0.489999991111)
  );
#444 = CARTESIAN_POINT('',(1.060214587613,-1.656736959101,0.489999991111
    ));
#445 = CARTESIAN_POINT('',(1.050440863377,-1.683042833907,0.489999991111
    ));
#446 = CARTESIAN_POINT('',(1.050440863377,-1.715795207677,0.489999991111
    ));
#447 = ORIENTED_EDGE('',*,*,#448,.F.);
#448 = EDGE_CURVE('',#449,#440,#451,.T.);
#449 = VERTEX_POINT('',#450);
#450 = CARTESIAN_POINT('',(1.154520628912,-1.606828580023,0.489999991111
    ));
#451 = B_SPLINE_CURVE_WITH_KNOTS('',3,(#452,#453,#454,#455),
  .UNSPECIFIED.,.F.,.F.,(4,4),(4.,5.),.PIECEWISE_BEZIER_KNOTS.);
#452 = CARTESIAN_POINT('',(1.154520628912,-1.606828580023,0.489999991111
    ));
#453 = CARTESIAN_POINT('',(1.124315661991,-1.606828580023,0.489999991111
    ));
#454 = CARTESIAN_POINT('',(1.099413460347,-1.616810255838,0.489999991111
    ));
#455 = CARTESIAN_POINT('',(1.07981402398,-1.63677360747,0.489999991111)
  );
#456 = ORIENTED_EDGE('',*,*,#457,.F.);
#457 = EDGE_CURVE('',#458,#449,#460,.T.);
#458 = VERTEX_POINT('',#459);
#459 = CARTESIAN_POINT('',(1.202713407459,-1.615146643203,0.489999991111
    ));
#460 = B_SPLINE_CURVE_WITH_KNOTS('',3,(#461,#462,#463,#464),
  .UNSPECIFIED.,.F.,.F.,(4,4),(5.,6.),.PIECEWISE_BEZIER_KNOTS.);
#461 = CARTESIAN_POINT('',(1.202713407459,-1.615146643203,0.489999991111
    ));
#462 = CARTESIAN_POINT('',(1.19002836111,-1.609635926346,0.489999991111)
  );
#463 = CARTESIAN_POINT('',(1.173964101594,-1.606828580023,0.489999991111
    ));
#464 = CARTESIAN_POINT('',(1.154520628912,-1.606828580023,0.489999991111
    ));
#465 = ORIENTED_EDGE('',*,*,#466,.F.);
#466 = EDGE_CURVE('',#467,#458,#469,.T.);
#467 = VERTEX_POINT('',#468);
#468 = CARTESIAN_POINT('',(1.202713407459,-1.642596251695,0.489999991111
    ));
#469 = LINE('',#470,#471);
#470 = CARTESIAN_POINT('',(1.202713407459,-1.615146643203,0.489999991111
    ));
#471 = VECTOR('',#472,1.);
#472 = DIRECTION('',(0.,1.,0.));
#473 = ORIENTED_EDGE('',*,*,#474,.F.);
#474 = EDGE_CURVE('',#475,#467,#477,.T.);
#475 = VERTEX_POINT('',#476);
#476 = CARTESIAN_POINT('',(1.154780568387,-1.630535060086,0.489999991111
    ));
#477 = B_SPLINE_CURVE_WITH_KNOTS('',3,(#478,#479,#480,#481),
  .UNSPECIFIED.,.F.,.F.,(4,4),(7.,8.),.PIECEWISE_BEZIER_KNOTS.);
#478 = CARTESIAN_POINT('',(1.154780568387,-1.630535060086,0.489999991111
    ));
#479 = CARTESIAN_POINT('',(1.172196513168,-1.630535060086,0.489999991111
    ));
#480 = CARTESIAN_POINT('',(1.188156796895,-1.634486140096,0.489999991111
    ));
#481 = CARTESIAN_POINT('',(1.202713407459,-1.642596251695,0.489999991111
    ));
#482 = ORIENTED_EDGE('',*,*,#483,.F.);
#483 = EDGE_CURVE('',#484,#475,#486,.T.);
#484 = VERTEX_POINT('',#485);
#485 = CARTESIAN_POINT('',(1.099361472452,-1.65309780646,0.489999991111)
  );
#486 = B_SPLINE_CURVE_WITH_KNOTS('',3,(#487,#488,#489,#490),
  .UNSPECIFIED.,.F.,.F.,(4,4),(8.,9.),.PIECEWISE_BEZIER_KNOTS.);
#487 = CARTESIAN_POINT('',(1.099361472452,-1.65309780646,0.489999991111)
  );
#488 = CARTESIAN_POINT('',(1.113658143542,-1.638021316947,0.489999991111
    ));
#489 = CARTESIAN_POINT('',(1.132113846222,-1.630535060086,0.489999991111
    ));
#490 = CARTESIAN_POINT('',(1.154780568387,-1.630535060086,0.489999991111
    ));
#491 = ORIENTED_EDGE('',*,*,#492,.F.);
#492 = EDGE_CURVE('',#493,#484,#495,.T.);
#493 = VERTEX_POINT('',#494);
#494 = CARTESIAN_POINT('',(1.07799444766,-1.71423557083,0.489999991111)
  );
#495 = B_SPLINE_CURVE_WITH_KNOTS('',3,(#496,#497,#498,#499),
  .UNSPECIFIED.,.F.,.F.,(4,4),(9.,10.),.PIECEWISE_BEZIER_KNOTS.);
#496 = CARTESIAN_POINT('',(1.07799444766,-1.71423557083,0.489999991111)
  );
#497 = CARTESIAN_POINT('',(1.07799444766,-1.688657526553,0.489999991111)
  );
#498 = CARTESIAN_POINT('',(1.085116789257,-1.668278271763,0.489999991111
    ));
#499 = CARTESIAN_POINT('',(1.099361472452,-1.65309780646,0.489999991111)
  );
#500 = ORIENTED_EDGE('',*,*,#501,.F.);
#501 = EDGE_CURVE('',#502,#493,#504,.T.);
#502 = VERTEX_POINT('',#503);
#503 = CARTESIAN_POINT('',(1.09795779929,-1.772254061508,0.489999991111)
  );
#504 = B_SPLINE_CURVE_WITH_KNOTS('',3,(#505,#506,#507,#508),
  .UNSPECIFIED.,.F.,.F.,(4,4),(10.,11.),.PIECEWISE_BEZIER_KNOTS.);
#505 = CARTESIAN_POINT('',(1.09795779929,-1.772254061508,0.489999991111)
  );
#506 = CARTESIAN_POINT('',(1.084648898203,-1.757905402523,0.489999991111
    ));
#507 = CARTESIAN_POINT('',(1.07799444766,-1.73856590563,0.489999991111)
  );
#508 = CARTESIAN_POINT('',(1.07799444766,-1.71423557083,0.489999991111)
  );
#509 = ORIENTED_EDGE('',*,*,#510,.F.);
#510 = EDGE_CURVE('',#511,#502,#513,.T.);
#511 = VERTEX_POINT('',#512);
#512 = CARTESIAN_POINT('',(1.150205633637,-1.793673074196,0.489999991111
    ));
#513 = B_SPLINE_CURVE_WITH_KNOTS('',3,(#514,#515,#516,#517),
  .UNSPECIFIED.,.F.,.F.,(4,4),(11.,12.),.PIECEWISE_BEZIER_KNOTS.);
#514 = CARTESIAN_POINT('',(1.150205633637,-1.793673074196,0.489999991111
    ));
#515 = CARTESIAN_POINT('',(1.12868264516,-1.793673074196,0.489999991111)
  );
#516 = CARTESIAN_POINT('',(1.111266700378,-1.786498744704,0.489999991111
    ));
#517 = CARTESIAN_POINT('',(1.09795779929,-1.772254061508,0.489999991111)
  );
#518 = ORIENTED_EDGE('',*,*,#519,.F.);
#519 = EDGE_CURVE('',#520,#511,#522,.T.);
#520 = VERTEX_POINT('',#521);
#521 = CARTESIAN_POINT('',(1.202713407459,-1.780052245739,0.489999991111
    ));
#522 = B_SPLINE_CURVE_WITH_KNOTS('',3,(#523,#524,#525,#526),
  .UNSPECIFIED.,.F.,.F.,(4,4),(12.,13.),.PIECEWISE_BEZIER_KNOTS.);
#523 = CARTESIAN_POINT('',(1.202713407459,-1.780052245739,0.489999991111
    ));
#524 = CARTESIAN_POINT('',(1.187844869525,-1.789098139447,0.489999991111
    ));
#525 = CARTESIAN_POINT('',(1.170324948953,-1.793673074196,0.489999991111
    ));
#526 = CARTESIAN_POINT('',(1.150205633637,-1.793673074196,0.489999991111
    ));
#527 = ORIENTED_EDGE('',*,*,#528,.F.);
#528 = EDGE_CURVE('',#413,#520,#529,.T.);
#529 = LINE('',#530,#531);
#530 = CARTESIAN_POINT('',(1.202713407459,-1.780052245739,0.489999991111
    ));
#531 = VECTOR('',#532,1.);
#532 = DIRECTION('',(0.,1.,0.));
#533 = FACE_BOUND('',#534,.T.);
#534 = EDGE_LOOP('',(#535,#545,#553,#561));
#535 = ORIENTED_EDGE('',*,*,#536,.T.);
#536 = EDGE_CURVE('',#537,#539,#541,.T.);
#537 = VERTEX_POINT('',#538);
#538 = CARTESIAN_POINT('',(2.27999995864,-2.539999953923,0.489999991111)
  );
#539 = VERTEX_POINT('',#540);
#540 = CARTESIAN_POINT('',(2.27999995864,2.539999953923,0.489999991111)
  );
#541 = LINE('',#542,#543);
#542 = CARTESIAN_POINT('',(2.27999995864,-2.876002277209,0.489999991111)
  );
#543 = VECTOR('',#544,1.);
#544 = DIRECTION('',(0.,1.,0.));
#545 = ORIENTED_EDGE('',*,*,#546,.T.);
#546 = EDGE_CURVE('',#539,#547,#549,.T.);
#547 = VERTEX_POINT('',#548);
#548 = CARTESIAN_POINT('',(-2.27999995864,2.539999953923,0.489999991111)
  );
#549 = LINE('',#550,#551);
#550 = CARTESIAN_POINT('',(2.415678480839E-16,2.539999953923,
    0.489999991111));
#551 = VECTOR('',#552,1.);
#552 = DIRECTION('',(-1.,9.51054537268E-17,0.));
#553 = ORIENTED_EDGE('',*,*,#554,.T.);
#554 = EDGE_CURVE('',#547,#555,#557,.T.);
#555 = VERTEX_POINT('',#556);
#556 = CARTESIAN_POINT('',(-2.27999995864,-2.539999953923,0.489999991111
    ));
#557 = LINE('',#558,#559);
#558 = CARTESIAN_POINT('',(-2.27999995864,-2.876002277209,0.489999991111
    ));
#559 = VECTOR('',#560,1.);
#560 = DIRECTION('',(-0.,-1.,-0.));
#561 = ORIENTED_EDGE('',*,*,#562,.T.);
#562 = EDGE_CURVE('',#555,#537,#563,.T.);
#563 = LINE('',#564,#565);
#564 = CARTESIAN_POINT('',(2.415678480839E-16,-2.539999953923,
    0.489999991111));
#565 = VECTOR('',#566,1.);
#566 = DIRECTION('',(1.,9.51054537268E-17,0.));
#567 = FACE_BOUND('',#568,.T.);
#568 = EDGE_LOOP('',(#569,#579,#587,#595,#603,#611));
#569 = ORIENTED_EDGE('',*,*,#570,.F.);
#570 = EDGE_CURVE('',#571,#573,#575,.T.);
#571 = VERTEX_POINT('',#572);
#572 = CARTESIAN_POINT('',(1.042122800197,-1.813636425827,0.489999991111
    ));
#573 = VERTEX_POINT('',#574);
#574 = CARTESIAN_POINT('',(1.042122800197,-1.790449824714,0.489999991111
    ));
#575 = LINE('',#576,#577);
#576 = CARTESIAN_POINT('',(1.042122800197,-1.790449824714,0.489999991111
    ));
#577 = VECTOR('',#578,1.);
#578 = DIRECTION('',(0.,1.,0.));
#579 = ORIENTED_EDGE('',*,*,#580,.F.);
#580 = EDGE_CURVE('',#581,#571,#583,.T.);
#581 = VERTEX_POINT('',#582);
#582 = CARTESIAN_POINT('',(0.934871773074,-1.813636425827,0.489999991111
    ));
#583 = LINE('',#584,#585);
#584 = CARTESIAN_POINT('',(1.042122800197,-1.813636425827,0.489999991111
    ));
#585 = VECTOR('',#586,1.);
#586 = DIRECTION('',(1.,0.,0.));
#587 = ORIENTED_EDGE('',*,*,#588,.F.);
#588 = EDGE_CURVE('',#589,#581,#591,.T.);
#589 = VERTEX_POINT('',#590);
#590 = CARTESIAN_POINT('',(0.934871773074,-1.610259781085,0.489999991111
    ));
#591 = LINE('',#592,#593);
#592 = CARTESIAN_POINT('',(0.934871773074,-1.813636425827,0.489999991111
    ));
#593 = VECTOR('',#594,1.);
#594 = DIRECTION('',(-0.,-1.,-0.));
#595 = ORIENTED_EDGE('',*,*,#596,.F.);
#596 = EDGE_CURVE('',#597,#589,#599,.T.);
#597 = VERTEX_POINT('',#598);
#598 = CARTESIAN_POINT('',(0.961125659985,-1.610259781085,0.489999991111
    ));
#599 = LINE('',#600,#601);
#600 = CARTESIAN_POINT('',(0.934871773074,-1.610259781085,0.489999991111
    ));
#601 = VECTOR('',#602,1.);
#602 = DIRECTION('',(-1.,-0.,-0.));
#603 = ORIENTED_EDGE('',*,*,#604,.F.);
#604 = EDGE_CURVE('',#605,#597,#607,.T.);
#605 = VERTEX_POINT('',#606);
#606 = CARTESIAN_POINT('',(0.961125659985,-1.790449824714,0.489999991111
    ));
#607 = LINE('',#608,#609);
#608 = CARTESIAN_POINT('',(0.961125659985,-1.610259781085,0.489999991111
    ));
#609 = VECTOR('',#610,1.);
#610 = DIRECTION('',(0.,1.,0.));
#611 = ORIENTED_EDGE('',*,*,#612,.F.);
#612 = EDGE_CURVE('',#573,#605,#613,.T.);
#613 = LINE('',#614,#615);
#614 = CARTESIAN_POINT('',(0.961125659985,-1.790449824714,0.489999991111
    ));
#615 = VECTOR('',#616,1.);
#616 = DIRECTION('',(-1.,-0.,-0.));
#617 = FACE_BOUND('',#618,.T.);
#618 = EDGE_LOOP('',(#619,#629,#637,#645,#653,#661,#669,#677,#685,#693,
    #701,#709));
#619 = ORIENTED_EDGE('',*,*,#620,.F.);
#620 = EDGE_CURVE('',#621,#623,#625,.T.);
#621 = VERTEX_POINT('',#622);
#622 = CARTESIAN_POINT('',(1.352802459957,-1.813636425827,0.489999991111
    ));
#623 = VERTEX_POINT('',#624);
#624 = CARTESIAN_POINT('',(1.352802459957,-1.790449824714,0.489999991111
    ));
#625 = LINE('',#626,#627);
#626 = CARTESIAN_POINT('',(1.352802459957,-1.790449824714,0.489999991111
    ));
#627 = VECTOR('',#628,1.);
#628 = DIRECTION('',(0.,1.,0.));
#629 = ORIENTED_EDGE('',*,*,#630,.F.);
#630 = EDGE_CURVE('',#631,#621,#633,.T.);
#631 = VERTEX_POINT('',#632);
#632 = CARTESIAN_POINT('',(1.243419929145,-1.813636425827,0.489999991111
    ));
#633 = LINE('',#634,#635);
#634 = CARTESIAN_POINT('',(1.352802459957,-1.813636425827,0.489999991111
    ));
#635 = VECTOR('',#636,1.);
#636 = DIRECTION('',(1.,0.,0.));
#637 = ORIENTED_EDGE('',*,*,#638,.F.);
#638 = EDGE_CURVE('',#639,#631,#641,.T.);
#639 = VERTEX_POINT('',#640);
#640 = CARTESIAN_POINT('',(1.243419929145,-1.610259781085,0.489999991111
    ));
#641 = LINE('',#642,#643);
#642 = CARTESIAN_POINT('',(1.243419929145,-1.813636425827,0.489999991111
    ));
#643 = VECTOR('',#644,1.);
#644 = DIRECTION('',(-0.,-1.,-0.));
#645 = ORIENTED_EDGE('',*,*,#646,.F.);
#646 = EDGE_CURVE('',#647,#639,#649,.T.);
#647 = VERTEX_POINT('',#648);
#648 = CARTESIAN_POINT('',(1.348175537313,-1.610259781085,0.489999991111
    ));
#649 = LINE('',#650,#651);
#650 = CARTESIAN_POINT('',(1.243419929145,-1.610259781085,0.489999991111
    ));
#651 = VECTOR('',#652,1.);
#652 = DIRECTION('',(-1.,-0.,-0.));
#653 = ORIENTED_EDGE('',*,*,#654,.F.);
#654 = EDGE_CURVE('',#655,#647,#657,.T.);
#655 = VERTEX_POINT('',#656);
#656 = CARTESIAN_POINT('',(1.348175537313,-1.633654333777,0.489999991111
    ));
#657 = LINE('',#658,#659);
#658 = CARTESIAN_POINT('',(1.348175537313,-1.610259781085,0.489999991111
    ));
#659 = VECTOR('',#660,1.);
#660 = DIRECTION('',(0.,1.,0.));
#661 = ORIENTED_EDGE('',*,*,#662,.F.);
#662 = EDGE_CURVE('',#663,#655,#665,.T.);
#663 = VERTEX_POINT('',#664);
#664 = CARTESIAN_POINT('',(1.269673816055,-1.633654333777,0.489999991111
    ));
#665 = LINE('',#666,#667);
#666 = CARTESIAN_POINT('',(1.348175537313,-1.633654333777,0.489999991111
    ));
#667 = VECTOR('',#668,1.);
#668 = DIRECTION('',(1.,0.,0.));
#669 = ORIENTED_EDGE('',*,*,#670,.F.);
#670 = EDGE_CURVE('',#671,#663,#673,.T.);
#671 = VERTEX_POINT('',#672);
#672 = CARTESIAN_POINT('',(1.269673816055,-1.698743178159,0.489999991111
    ));
#673 = LINE('',#674,#675);
#674 = CARTESIAN_POINT('',(1.269673816055,-1.633654333777,0.489999991111
    ));
#675 = VECTOR('',#676,1.);
#676 = DIRECTION('',(0.,1.,0.));
#677 = ORIENTED_EDGE('',*,*,#678,.F.);
#678 = EDGE_CURVE('',#679,#671,#681,.T.);
#679 = VERTEX_POINT('',#680);
#680 = CARTESIAN_POINT('',(1.342404880982,-1.698743178159,0.489999991111
    ));
#681 = LINE('',#682,#683);
#682 = CARTESIAN_POINT('',(1.269673816055,-1.698743178159,0.489999991111
    ));
#683 = VECTOR('',#684,1.);
#684 = DIRECTION('',(-1.,-0.,-0.));
#685 = ORIENTED_EDGE('',*,*,#686,.F.);
#686 = EDGE_CURVE('',#687,#679,#689,.T.);
#687 = VERTEX_POINT('',#688);
#688 = CARTESIAN_POINT('',(1.342404880982,-1.722033755062,0.489999991111
    ));
#689 = LINE('',#690,#691);
#690 = CARTESIAN_POINT('',(1.342404880982,-1.698743178159,0.489999991111
    ));
#691 = VECTOR('',#692,1.);
#692 = DIRECTION('',(0.,1.,0.));
#693 = ORIENTED_EDGE('',*,*,#694,.F.);
#694 = EDGE_CURVE('',#695,#687,#697,.T.);
#695 = VERTEX_POINT('',#696);
#696 = CARTESIAN_POINT('',(1.269673816055,-1.722033755062,0.489999991111
    ));
#697 = LINE('',#698,#699);
#698 = CARTESIAN_POINT('',(1.342404880982,-1.722033755062,0.489999991111
    ));
#699 = VECTOR('',#700,1.);
#700 = DIRECTION('',(1.,0.,0.));
#701 = ORIENTED_EDGE('',*,*,#702,.F.);
#702 = EDGE_CURVE('',#703,#695,#705,.T.);
#703 = VERTEX_POINT('',#704);
#704 = CARTESIAN_POINT('',(1.269673816055,-1.790449824714,0.489999991111
    ));
#705 = LINE('',#706,#707);
#706 = CARTESIAN_POINT('',(1.269673816055,-1.722033755062,0.489999991111
    ));
#707 = VECTOR('',#708,1.);
#708 = DIRECTION('',(0.,1.,0.));
#709 = ORIENTED_EDGE('',*,*,#710,.F.);
#710 = EDGE_CURVE('',#623,#703,#711,.T.);
#711 = LINE('',#712,#713);
#712 = CARTESIAN_POINT('',(1.269673816055,-1.790449824714,0.489999991111
    ));
#713 = VECTOR('',#714,1.);
#714 = DIRECTION('',(-1.,-0.,-0.));
#715 = FACE_BOUND('',#716,.T.);
#716 = EDGE_LOOP('',(#717,#727,#735,#743,#752,#761,#770));
#717 = ORIENTED_EDGE('',*,*,#718,.F.);
#718 = EDGE_CURVE('',#719,#721,#723,.T.);
#719 = VERTEX_POINT('',#720);
#720 = CARTESIAN_POINT('',(1.391221514268,-1.813636425827,0.489999991111
    ));
#721 = VERTEX_POINT('',#722);
#722 = CARTESIAN_POINT('',(1.447160489151,-1.813636425827,0.489999991111
    ));
#723 = LINE('',#724,#725);
#724 = CARTESIAN_POINT('',(1.447160489151,-1.813636425827,0.489999991111
    ));
#725 = VECTOR('',#726,1.);
#726 = DIRECTION('',(1.,0.,0.));
#727 = ORIENTED_EDGE('',*,*,#728,.F.);
#728 = EDGE_CURVE('',#729,#719,#731,.T.);
#729 = VERTEX_POINT('',#730);
#730 = CARTESIAN_POINT('',(1.391221514268,-1.610259781085,0.489999991111
    ));
#731 = LINE('',#732,#733);
#732 = CARTESIAN_POINT('',(1.391221514268,-1.813636425827,0.489999991111
    ));
#733 = VECTOR('',#734,1.);
#734 = DIRECTION('',(-0.,-1.,-0.));
#735 = ORIENTED_EDGE('',*,*,#736,.F.);
#736 = EDGE_CURVE('',#737,#729,#739,.T.);
#737 = VERTEX_POINT('',#738);
#738 = CARTESIAN_POINT('',(1.449240004946,-1.610259781085,0.489999991111
    ));
#739 = LINE('',#740,#741);
#740 = CARTESIAN_POINT('',(1.391221514268,-1.610259781085,0.489999991111
    ));
#741 = VECTOR('',#742,1.);
#742 = DIRECTION('',(-1.,-0.,-0.));
#743 = ORIENTED_EDGE('',*,*,#744,.F.);
#744 = EDGE_CURVE('',#745,#737,#747,.T.);
#745 = VERTEX_POINT('',#746);
#746 = CARTESIAN_POINT('',(1.526130101463,-1.637189510629,0.489999991111
    ));
#747 = B_SPLINE_CURVE_WITH_KNOTS('',3,(#748,#749,#750,#751),
  .UNSPECIFIED.,.F.,.F.,(4,4),(2.,3.),.PIECEWISE_BEZIER_KNOTS.);
#748 = CARTESIAN_POINT('',(1.526130101463,-1.637189510629,0.489999991111
    ));
#749 = CARTESIAN_POINT('',(1.505698858778,-1.619201699003,0.489999991111
    ));
#750 = CARTESIAN_POINT('',(1.480068826606,-1.610259781085,0.489999991111
    ));
#751 = CARTESIAN_POINT('',(1.449240004946,-1.610259781085,0.489999991111
    ));
#752 = ORIENTED_EDGE('',*,*,#753,.F.);
#753 = EDGE_CURVE('',#754,#745,#756,.T.);
#754 = VERTEX_POINT('',#755);
#755 = CARTESIAN_POINT('',(1.556802959438,-1.709348708712,0.489999991111
    ));
#756 = B_SPLINE_CURVE_WITH_KNOTS('',3,(#757,#758,#759,#760),
  .UNSPECIFIED.,.F.,.F.,(4,4),(3.,4.),.PIECEWISE_BEZIER_KNOTS.);
#757 = CARTESIAN_POINT('',(1.556802959438,-1.709348708712,0.489999991111
    ));
#758 = CARTESIAN_POINT('',(1.556802959438,-1.679195729687,0.489999991111
    ));
#759 = CARTESIAN_POINT('',(1.546561344148,-1.655177322255,0.489999991111
    ));
#760 = CARTESIAN_POINT('',(1.526130101463,-1.637189510629,0.489999991111
    ));
#761 = ORIENTED_EDGE('',*,*,#762,.F.);
#762 = EDGE_CURVE('',#763,#754,#765,.T.);
#763 = VERTEX_POINT('',#764);
#764 = CARTESIAN_POINT('',(1.526130101463,-1.785147059437,0.489999991111
    ));
#765 = B_SPLINE_CURVE_WITH_KNOTS('',3,(#766,#767,#768,#769),
  .UNSPECIFIED.,.F.,.F.,(4,4),(4.,5.),.PIECEWISE_BEZIER_KNOTS.);
#766 = CARTESIAN_POINT('',(1.526130101463,-1.785147059437,0.489999991111
    ));
#767 = CARTESIAN_POINT('',(1.546561344148,-1.766119489913,0.489999991111
    ));
#768 = CARTESIAN_POINT('',(1.556802959438,-1.740853373005,0.489999991111
    ));
#769 = CARTESIAN_POINT('',(1.556802959438,-1.709348708712,0.489999991111
    ));
#770 = ORIENTED_EDGE('',*,*,#771,.F.);
#771 = EDGE_CURVE('',#721,#763,#772,.T.);
#772 = B_SPLINE_CURVE_WITH_KNOTS('',3,(#773,#774,#775,#776),
  .UNSPECIFIED.,.F.,.F.,(4,4),(5.,6.),.PIECEWISE_BEZIER_KNOTS.);
#773 = CARTESIAN_POINT('',(1.447160489151,-1.813636425827,0.489999991111
    ));
#774 = CARTESIAN_POINT('',(1.479340996077,-1.813636425827,0.489999991111
    ));
#775 = CARTESIAN_POINT('',(1.505698858778,-1.80417462896,0.489999991111)
  );
#776 = CARTESIAN_POINT('',(1.526130101463,-1.785147059437,0.489999991111
    ));
#777 = FACE_BOUND('',#778,.T.);
#778 = EDGE_LOOP('',(#779,#789,#797,#805,#813,#821,#829,#837));
#779 = ORIENTED_EDGE('',*,*,#780,.F.);
#780 = EDGE_CURVE('',#781,#783,#785,.T.);
#781 = VERTEX_POINT('',#782);
#782 = CARTESIAN_POINT('',(1.751081722578,-1.813636425827,0.489999991111
    ));
#783 = VERTEX_POINT('',#784);
#784 = CARTESIAN_POINT('',(1.673619759217,-1.610259781085,0.489999991111
    ));
#785 = LINE('',#786,#787);
#786 = CARTESIAN_POINT('',(1.673619759217,-1.610259781085,0.489999991111
    ));
#787 = VECTOR('',#788,1.);
#788 = DIRECTION('',(-0.35593572437,0.934510438742,0.));
#789 = ORIENTED_EDGE('',*,*,#790,.F.);
#790 = EDGE_CURVE('',#791,#781,#793,.T.);
#791 = VERTEX_POINT('',#792);
#792 = CARTESIAN_POINT('',(1.722072477238,-1.813636425827,0.489999991111
    ));
#793 = LINE('',#794,#795);
#794 = CARTESIAN_POINT('',(1.751081722578,-1.813636425827,0.489999991111
    ));
#795 = VECTOR('',#796,1.);
#796 = DIRECTION('',(1.,0.,0.));
#797 = ORIENTED_EDGE('',*,*,#798,.F.);
#798 = EDGE_CURVE('',#799,#791,#801,.T.);
#799 = VERTEX_POINT('',#800);
#800 = CARTESIAN_POINT('',(1.701329307184,-1.758009378313,0.489999991111
    ));
#801 = LINE('',#802,#803);
#802 = CARTESIAN_POINT('',(1.722072477238,-1.813636425827,0.489999991111
    ));
#803 = VECTOR('',#804,1.);
#804 = DIRECTION('',(0.349395479469,-0.936975345954,0.));
#805 = ORIENTED_EDGE('',*,*,#806,.F.);
#806 = EDGE_CURVE('',#807,#799,#809,.T.);
#807 = VERTEX_POINT('',#808);
#808 = CARTESIAN_POINT('',(1.616641026436,-1.758009378313,0.489999991111
    ));
#809 = LINE('',#810,#811);
#810 = CARTESIAN_POINT('',(1.701329307184,-1.758009378313,0.489999991111
    ));
#811 = VECTOR('',#812,1.);
#812 = DIRECTION('',(1.,0.,0.));
#813 = ORIENTED_EDGE('',*,*,#814,.F.);
#814 = EDGE_CURVE('',#815,#807,#817,.T.);
#815 = VERTEX_POINT('',#816);
#816 = CARTESIAN_POINT('',(1.597093577964,-1.813636425827,0.489999991111
    ));
#817 = LINE('',#818,#819);
#818 = CARTESIAN_POINT('',(1.616641026436,-1.758009378313,0.489999991111
    ));
#819 = VECTOR('',#820,1.);
#820 = DIRECTION('',(0.33152841835,0.943445233083,0.));
#821 = ORIENTED_EDGE('',*,*,#822,.F.);
#822 = EDGE_CURVE('',#823,#815,#825,.T.);
#823 = VERTEX_POINT('',#824);
#824 = CARTESIAN_POINT('',(1.568084332626,-1.813636425827,0.489999991111
    ));
#825 = LINE('',#826,#827);
#826 = CARTESIAN_POINT('',(1.597093577964,-1.813636425827,0.489999991111
    ));
#827 = VECTOR('',#828,1.);
#828 = DIRECTION('',(1.,0.,0.));
#829 = ORIENTED_EDGE('',*,*,#830,.F.);
#830 = EDGE_CURVE('',#831,#823,#833,.T.);
#831 = VERTEX_POINT('',#832);
#832 = CARTESIAN_POINT('',(1.645546295985,-1.610259781085,0.489999991111
    ));
#833 = LINE('',#834,#835);
#834 = CARTESIAN_POINT('',(1.568084332626,-1.813636425827,0.489999991111
    ));
#835 = VECTOR('',#836,1.);
#836 = DIRECTION('',(-0.355935724364,-0.934510438744,-0.));
#837 = ORIENTED_EDGE('',*,*,#838,.F.);
#838 = EDGE_CURVE('',#783,#831,#839,.T.);
#839 = LINE('',#840,#841);
#840 = CARTESIAN_POINT('',(1.645546295985,-1.610259781085,0.489999991111
    ));
#841 = VECTOR('',#842,1.);
#842 = DIRECTION('',(-1.,-0.,-0.));
#843 = FACE_BOUND('',#844,.T.);
#844 = EDGE_LOOP('',(#845,#856,#865,#874,#883,#892,#901,#910,#919,#928,
    #936,#945,#954,#963,#972,#981,#990,#999,#1008,#1017,#1026));
#845 = ORIENTED_EDGE('',*,*,#846,.F.);
#846 = EDGE_CURVE('',#847,#849,#851,.T.);
#847 = VERTEX_POINT('',#848);
#848 = CARTESIAN_POINT('',(1.261771656035,-2.11890934452,0.489999991111)
  );
#849 = VERTEX_POINT('',#850);
#850 = CARTESIAN_POINT('',(1.219869412767,-2.104872612905,0.489999991111
    ));
#851 = B_SPLINE_CURVE_WITH_KNOTS('',3,(#852,#853,#854,#855),
  .UNSPECIFIED.,.F.,.F.,(4,4),(0.,1.),.PIECEWISE_BEZIER_KNOTS.);
#852 = CARTESIAN_POINT('',(1.261771656035,-2.11890934452,0.489999991111)
  );
#853 = CARTESIAN_POINT('',(1.246799142311,-2.11890934452,0.489999991111)
  );
#854 = CARTESIAN_POINT('',(1.232866386485,-2.114230433981,0.489999991111
    ));
#855 = CARTESIAN_POINT('',(1.219869412767,-2.104872612905,0.489999991111
    ));
#856 = ORIENTED_EDGE('',*,*,#857,.F.);
#857 = EDGE_CURVE('',#858,#847,#860,.T.);
#858 = VERTEX_POINT('',#859);
#859 = CARTESIAN_POINT('',(1.291820659271,-2.099257920258,0.489999991111
    ));
#860 = B_SPLINE_CURVE_WITH_KNOTS('',3,(#861,#862,#863,#864),
  .UNSPECIFIED.,.F.,.F.,(4,4),(1.,2.),.PIECEWISE_BEZIER_KNOTS.);
#861 = CARTESIAN_POINT('',(1.291820659271,-2.099257920258,0.489999991111
    ));
#862 = CARTESIAN_POINT('',(1.291820659271,-2.112358869766,0.489999991111
    ));
#863 = CARTESIAN_POINT('',(1.281786995561,-2.11890934452,0.489999991111)
  );
#864 = CARTESIAN_POINT('',(1.261771656035,-2.11890934452,0.489999991111)
  );
#865 = ORIENTED_EDGE('',*,*,#866,.F.);
#866 = EDGE_CURVE('',#867,#858,#869,.T.);
#867 = VERTEX_POINT('',#868);
#868 = CARTESIAN_POINT('',(1.285270184517,-2.085429140223,0.489999991111
    ));
#869 = B_SPLINE_CURVE_WITH_KNOTS('',3,(#870,#871,#872,#873),
  .UNSPECIFIED.,.F.,.F.,(4,4),(2.,3.),.PIECEWISE_BEZIER_KNOTS.);
#870 = CARTESIAN_POINT('',(1.285270184517,-2.085429140223,0.489999991111
    ));
#871 = CARTESIAN_POINT('',(1.289637167687,-2.089068292864,0.489999991111
    ));
#872 = CARTESIAN_POINT('',(1.291820659271,-2.093643227611,0.489999991111
    ));
#873 = CARTESIAN_POINT('',(1.291820659271,-2.099257920258,0.489999991111
    ));
#874 = ORIENTED_EDGE('',*,*,#875,.F.);
#875 = EDGE_CURVE('',#876,#867,#878,.T.);
#876 = VERTEX_POINT('',#877);
#877 = CARTESIAN_POINT('',(1.258600394448,-2.072432166504,0.489999991111
    ));
#878 = B_SPLINE_CURVE_WITH_KNOTS('',3,(#879,#880,#881,#882),
  .UNSPECIFIED.,.F.,.F.,(4,4),(3.,4.),.PIECEWISE_BEZIER_KNOTS.);
#879 = CARTESIAN_POINT('',(1.258600394448,-2.072432166504,0.489999991111
    ));
#880 = CARTESIAN_POINT('',(1.272013271325,-2.077423004412,0.489999991111
    ));
#881 = CARTESIAN_POINT('',(1.280903201348,-2.081789987581,0.489999991111
    ));
#882 = CARTESIAN_POINT('',(1.285270184517,-2.085429140223,0.489999991111
    ));
#883 = ORIENTED_EDGE('',*,*,#884,.F.);
#884 = EDGE_CURVE('',#885,#876,#887,.T.);
#885 = VERTEX_POINT('',#886);
#886 = CARTESIAN_POINT('',(1.227251693839,-2.053196645401,0.489999991111
    ));
#887 = B_SPLINE_CURVE_WITH_KNOTS('',3,(#888,#889,#890,#891),
  .UNSPECIFIED.,.F.,.F.,(4,4),(4.,5.),.PIECEWISE_BEZIER_KNOTS.);
#888 = CARTESIAN_POINT('',(1.227251693839,-2.053196645401,0.489999991111
    ));
#889 = CARTESIAN_POINT('',(1.232034580167,-2.059539168575,0.489999991111
    ));
#890 = CARTESIAN_POINT('',(1.242536134932,-2.06598566754,0.489999991111)
  );
#891 = CARTESIAN_POINT('',(1.258600394448,-2.072432166504,0.489999991111
    ));
#892 = ORIENTED_EDGE('',*,*,#893,.F.);
#893 = EDGE_CURVE('',#894,#885,#896,.T.);
#894 = VERTEX_POINT('',#895);
#895 = CARTESIAN_POINT('',(1.220025376452,-2.030217995867,0.489999991111
    ));
#896 = B_SPLINE_CURVE_WITH_KNOTS('',3,(#897,#898,#899,#900),
  .UNSPECIFIED.,.F.,.F.,(4,4),(5.,6.),.PIECEWISE_BEZIER_KNOTS.);
#897 = CARTESIAN_POINT('',(1.220025376452,-2.030217995867,0.489999991111
    ));
#898 = CARTESIAN_POINT('',(1.220025376452,-2.039159913786,0.489999991111
    ));
#899 = CARTESIAN_POINT('',(1.222416819616,-2.046854122227,0.489999991111
    ));
#900 = CARTESIAN_POINT('',(1.227251693839,-2.053196645401,0.489999991111
    ));
#901 = ORIENTED_EDGE('',*,*,#902,.F.);
#902 = EDGE_CURVE('',#903,#894,#905,.T.);
#903 = VERTEX_POINT('',#904);
#904 = CARTESIAN_POINT('',(1.236349575442,-1.999233210523,0.489999991111
    ));
#905 = B_SPLINE_CURVE_WITH_KNOTS('',3,(#906,#907,#908,#909),
  .UNSPECIFIED.,.F.,.F.,(4,4),(6.,7.),.PIECEWISE_BEZIER_KNOTS.);
#906 = CARTESIAN_POINT('',(1.236349575442,-1.999233210523,0.489999991111
    ));
#907 = CARTESIAN_POINT('',(1.225484105413,-2.007031394754,0.489999991111
    ));
#908 = CARTESIAN_POINT('',(1.220025376452,-2.017324997939,0.489999991111
    ));
#909 = CARTESIAN_POINT('',(1.220025376452,-2.030217995867,0.489999991111
    ));
#910 = ORIENTED_EDGE('',*,*,#911,.F.);
#911 = EDGE_CURVE('',#912,#903,#914,.T.);
#912 = VERTEX_POINT('',#913);
#913 = CARTESIAN_POINT('',(1.276588206073,-1.987691897861,0.489999991111
    ));
#914 = B_SPLINE_CURVE_WITH_KNOTS('',3,(#915,#916,#917,#918),
  .UNSPECIFIED.,.F.,.F.,(4,4),(7.,8.),.PIECEWISE_BEZIER_KNOTS.);
#915 = CARTESIAN_POINT('',(1.276588206073,-1.987691897861,0.489999991111
    ));
#916 = CARTESIAN_POINT('',(1.260679910242,-1.987691897861,0.489999991111
    ));
#917 = CARTESIAN_POINT('',(1.247267033365,-1.991539002081,0.489999991111
    ));
#918 = CARTESIAN_POINT('',(1.236349575442,-1.999233210523,0.489999991111
    ));
#919 = ORIENTED_EDGE('',*,*,#920,.F.);
#920 = EDGE_CURVE('',#921,#912,#923,.T.);
#921 = VERTEX_POINT('',#922);
#922 = CARTESIAN_POINT('',(1.311004192479,-1.994138396826,0.489999991111
    ));
#923 = B_SPLINE_CURVE_WITH_KNOTS('',3,(#924,#925,#926,#927),
  .UNSPECIFIED.,.F.,.F.,(4,4),(8.,9.),.PIECEWISE_BEZIER_KNOTS.);
#924 = CARTESIAN_POINT('',(1.311004192479,-1.994138396826,0.489999991111
    ));
#925 = CARTESIAN_POINT('',(1.300398661925,-1.989771413656,0.489999991111
    ));
#926 = CARTESIAN_POINT('',(1.288961325053,-1.987691897861,0.489999991111
    ));
#927 = CARTESIAN_POINT('',(1.276588206073,-1.987691897861,0.489999991111
    ));
#928 = ORIENTED_EDGE('',*,*,#929,.F.);
#929 = EDGE_CURVE('',#930,#921,#932,.T.);
#930 = VERTEX_POINT('',#931);
#931 = CARTESIAN_POINT('',(1.311004192479,-2.018884634785,0.489999991111
    ));
#932 = LINE('',#933,#934);
#933 = CARTESIAN_POINT('',(1.311004192479,-1.994138396826,0.489999991111
    ));
#934 = VECTOR('',#935,1.);
#935 = DIRECTION('',(0.,1.,0.));
#936 = ORIENTED_EDGE('',*,*,#937,.F.);
#937 = EDGE_CURVE('',#938,#930,#940,.T.);
#938 = VERTEX_POINT('',#939);
#939 = CARTESIAN_POINT('',(1.274092787119,-2.00838308002,0.489999991111)
  );
#940 = B_SPLINE_CURVE_WITH_KNOTS('',3,(#941,#942,#943,#944),
  .UNSPECIFIED.,.F.,.F.,(4,4),(10.,11.),.PIECEWISE_BEZIER_KNOTS.);
#941 = CARTESIAN_POINT('',(1.274092787119,-2.00838308002,0.489999991111)
  );
#942 = CARTESIAN_POINT('',(1.287869579261,-2.00838308002,0.489999991111)
  );
#943 = CARTESIAN_POINT('',(1.300138722451,-2.011918256872,0.489999991111
    ));
#944 = CARTESIAN_POINT('',(1.311004192479,-2.018884634785,0.489999991111
    ));
#945 = ORIENTED_EDGE('',*,*,#946,.F.);
#946 = EDGE_CURVE('',#947,#938,#949,.T.);
#947 = VERTEX_POINT('',#948);
#948 = CARTESIAN_POINT('',(1.254025459699,-2.013789821088,0.489999991111
    ));
#949 = B_SPLINE_CURVE_WITH_KNOTS('',3,(#950,#951,#952,#953),
  .UNSPECIFIED.,.F.,.F.,(4,4),(11.,12.),.PIECEWISE_BEZIER_KNOTS.);
#950 = CARTESIAN_POINT('',(1.254025459699,-2.013789821088,0.489999991111
    ));
#951 = CARTESIAN_POINT('',(1.259172261291,-2.010150668447,0.489999991111
    ));
#952 = CARTESIAN_POINT('',(1.26587869973,-2.00838308002,0.489999991111)
  );
#953 = CARTESIAN_POINT('',(1.274092787119,-2.00838308002,0.489999991111)
  );
#954 = ORIENTED_EDGE('',*,*,#955,.F.);
#955 = EDGE_CURVE('',#956,#947,#958,.T.);
#956 = VERTEX_POINT('',#957);
#957 = CARTESIAN_POINT('',(1.246279263362,-2.027930528492,0.489999991111
    ));
#958 = B_SPLINE_CURVE_WITH_KNOTS('',3,(#959,#960,#961,#962),
  .UNSPECIFIED.,.F.,.F.,(4,4),(12.,13.),.PIECEWISE_BEZIER_KNOTS.);
#959 = CARTESIAN_POINT('',(1.246279263362,-2.027930528492,0.489999991111
    ));
#960 = CARTESIAN_POINT('',(1.246279263362,-2.022107884268,0.489999991111
    ));
#961 = CARTESIAN_POINT('',(1.248878658106,-2.017324997939,0.489999991111
    ));
#962 = CARTESIAN_POINT('',(1.254025459699,-2.013789821088,0.489999991111
    ));
#963 = ORIENTED_EDGE('',*,*,#964,.F.);
#964 = EDGE_CURVE('',#965,#956,#967,.T.);
#965 = VERTEX_POINT('',#966);
#966 = CARTESIAN_POINT('',(1.251841968114,-2.041447381159,0.489999991111
    ));
#967 = B_SPLINE_CURVE_WITH_KNOTS('',3,(#968,#969,#970,#971),
  .UNSPECIFIED.,.F.,.F.,(4,4),(13.,14.),.PIECEWISE_BEZIER_KNOTS.);
#968 = CARTESIAN_POINT('',(1.251841968114,-2.041447381159,0.489999991111
    ));
#969 = CARTESIAN_POINT('',(1.248150827578,-2.038224131678,0.489999991111
    ));
#970 = CARTESIAN_POINT('',(1.246279263362,-2.033753172718,0.489999991111
    ));
#971 = CARTESIAN_POINT('',(1.246279263362,-2.027930528492,0.489999991111
    ));
#972 = ORIENTED_EDGE('',*,*,#973,.F.);
#973 = EDGE_CURVE('',#974,#965,#976,.T.);
#974 = VERTEX_POINT('',#975);
#975 = CARTESIAN_POINT('',(1.276588206073,-2.05392447593,0.489999991111)
  );
#976 = B_SPLINE_CURVE_WITH_KNOTS('',3,(#977,#978,#979,#980),
  .UNSPECIFIED.,.F.,.F.,(4,4),(14.,15.),.PIECEWISE_BEZIER_KNOTS.);
#977 = CARTESIAN_POINT('',(1.276588206073,-2.05392447593,0.489999991111)
  );
#978 = CARTESIAN_POINT('',(1.263799183935,-2.048933638022,0.489999991111
    ));
#979 = CARTESIAN_POINT('',(1.255585096545,-2.044774606431,0.489999991111
    ));
#980 = CARTESIAN_POINT('',(1.251841968114,-2.041447381159,0.489999991111
    ));
#981 = ORIENTED_EDGE('',*,*,#982,.F.);
#982 = EDGE_CURVE('',#983,#974,#985,.T.);
#983 = VERTEX_POINT('',#984);
#984 = CARTESIAN_POINT('',(1.309444555633,-2.072744093873,0.489999991111
    ));
#985 = B_SPLINE_CURVE_WITH_KNOTS('',3,(#986,#987,#988,#989),
  .UNSPECIFIED.,.F.,.F.,(4,4),(15.,16.),.PIECEWISE_BEZIER_KNOTS.);
#986 = CARTESIAN_POINT('',(1.309444555633,-2.072744093873,0.489999991111
    ));
#987 = CARTESIAN_POINT('',(1.303725887197,-2.066297594909,0.489999991111
    ));
#988 = CARTESIAN_POINT('',(1.292808429274,-2.059955071735,0.489999991111
    ));
#989 = CARTESIAN_POINT('',(1.276588206073,-2.05392447593,0.489999991111)
  );
#990 = ORIENTED_EDGE('',*,*,#991,.F.);
#991 = EDGE_CURVE('',#992,#983,#994,.T.);
#992 = VERTEX_POINT('',#993);
#993 = CARTESIAN_POINT('',(1.317970570392,-2.096762501304,0.489999991111
    ));
#994 = B_SPLINE_CURVE_WITH_KNOTS('',3,(#995,#996,#997,#998),
  .UNSPECIFIED.,.F.,.F.,(4,4),(16.,17.),.PIECEWISE_BEZIER_KNOTS.);
#995 = CARTESIAN_POINT('',(1.317970570392,-2.096762501304,0.489999991111
    ));
#996 = CARTESIAN_POINT('',(1.317970570392,-2.087196728648,0.489999991111
    ));
#997 = CARTESIAN_POINT('',(1.315111236174,-2.079190592837,0.489999991111
    ));
#998 = CARTESIAN_POINT('',(1.309444555633,-2.072744093873,0.489999991111
    ));
#999 = ORIENTED_EDGE('',*,*,#1000,.F.);
#1000 = EDGE_CURVE('',#1001,#992,#1003,.T.);
#1001 = VERTEX_POINT('',#1002);
#1002 = CARTESIAN_POINT('',(1.301594383507,-2.128163189808,
    0.489999991111));
#1003 = B_SPLINE_CURVE_WITH_KNOTS('',3,(#1004,#1005,#1006,#1007),
  .UNSPECIFIED.,.F.,.F.,(4,4),(17.,18.),.PIECEWISE_BEZIER_KNOTS.);
#1004 = CARTESIAN_POINT('',(1.301594383507,-2.128163189808,
    0.489999991111));
#1005 = CARTESIAN_POINT('',(1.31251184143,-2.120572957155,0.489999991111
    ));
#1006 = CARTESIAN_POINT('',(1.317970570392,-2.110071402392,
    0.489999991111));
#1007 = CARTESIAN_POINT('',(1.317970570392,-2.096762501304,
    0.489999991111));
#1008 = ORIENTED_EDGE('',*,*,#1009,.F.);
#1009 = EDGE_CURVE('',#1010,#1001,#1012,.T.);
#1010 = VERTEX_POINT('',#1011);
#1011 = CARTESIAN_POINT('',(1.259276237081,-2.139704502469,
    0.489999991111));
#1012 = B_SPLINE_CURVE_WITH_KNOTS('',3,(#1013,#1014,#1015,#1016),
  .UNSPECIFIED.,.F.,.F.,(4,4),(18.,19.),.PIECEWISE_BEZIER_KNOTS.);
#1013 = CARTESIAN_POINT('',(1.259276237081,-2.139704502469,
    0.489999991111));
#1014 = CARTESIAN_POINT('',(1.276588206073,-2.139704502469,
    0.489999991111));
#1015 = CARTESIAN_POINT('',(1.290728913478,-2.135857398249,
    0.489999991111));
#1016 = CARTESIAN_POINT('',(1.301594383507,-2.128163189808,
    0.489999991111));
#1017 = ORIENTED_EDGE('',*,*,#1018,.F.);
#1018 = EDGE_CURVE('',#1019,#1010,#1021,.T.);
#1019 = VERTEX_POINT('',#1020);
#1020 = CARTESIAN_POINT('',(1.219869412767,-2.13117848771,0.489999991111
    ));
#1021 = B_SPLINE_CURVE_WITH_KNOTS('',3,(#1022,#1023,#1024,#1025),
  .UNSPECIFIED.,.F.,.F.,(4,4),(19.,20.),.PIECEWISE_BEZIER_KNOTS.);
#1022 = CARTESIAN_POINT('',(1.219869412767,-2.13117848771,0.489999991111
    ));
#1023 = CARTESIAN_POINT('',(1.231098798059,-2.136793180357,
    0.489999991111));
#1024 = CARTESIAN_POINT('',(1.244199747568,-2.139704502469,
    0.489999991111));
#1025 = CARTESIAN_POINT('',(1.259276237081,-2.139704502469,
    0.489999991111));
#1026 = ORIENTED_EDGE('',*,*,#1027,.F.);
#1027 = EDGE_CURVE('',#849,#1019,#1028,.T.);
#1028 = LINE('',#1029,#1030);
#1029 = CARTESIAN_POINT('',(1.219869412767,-2.13117848771,0.489999991111
    ));
#1030 = VECTOR('',#1031,1.);
#1031 = DIRECTION('',(-0.,-1.,-0.));
#1032 = FACE_BOUND('',#1033,.T.);
#1033 = EDGE_LOOP('',(#1034,#1044,#1052,#1060,#1068,#1076,#1084,#1092,
    #1100,#1108,#1116,#1124));
#1034 = ORIENTED_EDGE('',*,*,#1035,.F.);
#1035 = EDGE_CURVE('',#1036,#1038,#1040,.T.);
#1036 = VERTEX_POINT('',#1037);
#1037 = CARTESIAN_POINT('',(1.607491156939,-2.136273301407,
    0.489999991111));
#1038 = VERTEX_POINT('',#1039);
#1039 = CARTESIAN_POINT('',(1.607491156939,-2.113086700294,
    0.489999991111));
#1040 = LINE('',#1041,#1042);
#1041 = CARTESIAN_POINT('',(1.607491156939,-2.113086700294,
    0.489999991111));
#1042 = VECTOR('',#1043,1.);
#1043 = DIRECTION('',(0.,1.,0.));
#1044 = ORIENTED_EDGE('',*,*,#1045,.F.);
#1045 = EDGE_CURVE('',#1046,#1036,#1048,.T.);
#1046 = VERTEX_POINT('',#1047);
#1047 = CARTESIAN_POINT('',(1.498108626127,-2.136273301407,
    0.489999991111));
#1048 = LINE('',#1049,#1050);
#1049 = CARTESIAN_POINT('',(1.607491156939,-2.136273301407,
    0.489999991111));
#1050 = VECTOR('',#1051,1.);
#1051 = DIRECTION('',(1.,0.,0.));
#1052 = ORIENTED_EDGE('',*,*,#1053,.F.);
#1053 = EDGE_CURVE('',#1054,#1046,#1056,.T.);
#1054 = VERTEX_POINT('',#1055);
#1055 = CARTESIAN_POINT('',(1.498108626127,-1.932896656665,
    0.489999991111));
#1056 = LINE('',#1057,#1058);
#1057 = CARTESIAN_POINT('',(1.498108626127,-2.136273301407,
    0.489999991111));
#1058 = VECTOR('',#1059,1.);
#1059 = DIRECTION('',(-0.,-1.,-0.));
#1060 = ORIENTED_EDGE('',*,*,#1061,.F.);
#1061 = EDGE_CURVE('',#1062,#1054,#1064,.T.);
#1062 = VERTEX_POINT('',#1063);
#1063 = CARTESIAN_POINT('',(1.602864234295,-1.932896656665,
    0.489999991111));
#1064 = LINE('',#1065,#1066);
#1065 = CARTESIAN_POINT('',(1.498108626127,-1.932896656665,
    0.489999991111));
#1066 = VECTOR('',#1067,1.);
#1067 = DIRECTION('',(-1.,-0.,-0.));
#1068 = ORIENTED_EDGE('',*,*,#1069,.F.);
#1069 = EDGE_CURVE('',#1070,#1062,#1072,.T.);
#1070 = VERTEX_POINT('',#1071);
#1071 = CARTESIAN_POINT('',(1.602864234295,-1.956291209357,
    0.489999991111));
#1072 = LINE('',#1073,#1074);
#1073 = CARTESIAN_POINT('',(1.602864234295,-1.932896656665,
    0.489999991111));
#1074 = VECTOR('',#1075,1.);
#1075 = DIRECTION('',(0.,1.,0.));
#1076 = ORIENTED_EDGE('',*,*,#1077,.F.);
#1077 = EDGE_CURVE('',#1078,#1070,#1080,.T.);
#1078 = VERTEX_POINT('',#1079);
#1079 = CARTESIAN_POINT('',(1.524362513038,-1.956291209357,
    0.489999991111));
#1080 = LINE('',#1081,#1082);
#1081 = CARTESIAN_POINT('',(1.602864234295,-1.956291209357,
    0.489999991111));
#1082 = VECTOR('',#1083,1.);
#1083 = DIRECTION('',(1.,0.,0.));
#1084 = ORIENTED_EDGE('',*,*,#1085,.F.);
#1085 = EDGE_CURVE('',#1086,#1078,#1088,.T.);
#1086 = VERTEX_POINT('',#1087);
#1087 = CARTESIAN_POINT('',(1.524362513038,-2.021380053739,
    0.489999991111));
#1088 = LINE('',#1089,#1090);
#1089 = CARTESIAN_POINT('',(1.524362513038,-1.956291209357,
    0.489999991111));
#1090 = VECTOR('',#1091,1.);
#1091 = DIRECTION('',(0.,1.,0.));
#1092 = ORIENTED_EDGE('',*,*,#1093,.F.);
#1093 = EDGE_CURVE('',#1094,#1086,#1096,.T.);
#1094 = VERTEX_POINT('',#1095);
#1095 = CARTESIAN_POINT('',(1.597093577964,-2.021380053739,
    0.489999991111));
#1096 = LINE('',#1097,#1098);
#1097 = CARTESIAN_POINT('',(1.524362513038,-2.021380053739,
    0.489999991111));
#1098 = VECTOR('',#1099,1.);
#1099 = DIRECTION('',(-1.,-0.,-0.));
#1100 = ORIENTED_EDGE('',*,*,#1101,.F.);
#1101 = EDGE_CURVE('',#1102,#1094,#1104,.T.);
#1102 = VERTEX_POINT('',#1103);
#1103 = CARTESIAN_POINT('',(1.597093577964,-2.044670630642,
    0.489999991111));
#1104 = LINE('',#1105,#1106);
#1105 = CARTESIAN_POINT('',(1.597093577964,-2.021380053739,
    0.489999991111));
#1106 = VECTOR('',#1107,1.);
#1107 = DIRECTION('',(0.,1.,0.));
#1108 = ORIENTED_EDGE('',*,*,#1109,.F.);
#1109 = EDGE_CURVE('',#1110,#1102,#1112,.T.);
#1110 = VERTEX_POINT('',#1111);
#1111 = CARTESIAN_POINT('',(1.524362513038,-2.044670630642,
    0.489999991111));
#1112 = LINE('',#1113,#1114);
#1113 = CARTESIAN_POINT('',(1.597093577964,-2.044670630642,
    0.489999991111));
#1114 = VECTOR('',#1115,1.);
#1115 = DIRECTION('',(1.,0.,0.));
#1116 = ORIENTED_EDGE('',*,*,#1117,.F.);
#1117 = EDGE_CURVE('',#1118,#1110,#1120,.T.);
#1118 = VERTEX_POINT('',#1119);
#1119 = CARTESIAN_POINT('',(1.524362513038,-2.113086700294,
    0.489999991111));
#1120 = LINE('',#1121,#1122);
#1121 = CARTESIAN_POINT('',(1.524362513038,-2.044670630642,
    0.489999991111));
#1122 = VECTOR('',#1123,1.);
#1123 = DIRECTION('',(0.,1.,0.));
#1124 = ORIENTED_EDGE('',*,*,#1125,.F.);
#1125 = EDGE_CURVE('',#1038,#1118,#1126,.T.);
#1126 = LINE('',#1127,#1128);
#1127 = CARTESIAN_POINT('',(1.524362513038,-2.113086700294,
    0.489999991111));
#1128 = VECTOR('',#1129,1.);
#1129 = DIRECTION('',(-1.,-0.,-0.));
#1130 = FACE_BOUND('',#1131,.T.);
#1131 = EDGE_LOOP('',(#1132,#1142,#1150,#1158,#1167,#1176,#1185));
#1132 = ORIENTED_EDGE('',*,*,#1133,.F.);
#1133 = EDGE_CURVE('',#1134,#1136,#1138,.T.);
#1134 = VERTEX_POINT('',#1135);
#1135 = CARTESIAN_POINT('',(1.645910211251,-2.136273301407,
    0.489999991111));
#1136 = VERTEX_POINT('',#1137);
#1137 = CARTESIAN_POINT('',(1.701849186134,-2.136273301407,
    0.489999991111));
#1138 = LINE('',#1139,#1140);
#1139 = CARTESIAN_POINT('',(1.701849186134,-2.136273301407,
    0.489999991111));
#1140 = VECTOR('',#1141,1.);
#1141 = DIRECTION('',(1.,0.,0.));
#1142 = ORIENTED_EDGE('',*,*,#1143,.F.);
#1143 = EDGE_CURVE('',#1144,#1134,#1146,.T.);
#1144 = VERTEX_POINT('',#1145);
#1145 = CARTESIAN_POINT('',(1.645910211251,-1.932896656665,
    0.489999991111));
#1146 = LINE('',#1147,#1148);
#1147 = CARTESIAN_POINT('',(1.645910211251,-2.136273301407,
    0.489999991111));
#1148 = VECTOR('',#1149,1.);
#1149 = DIRECTION('',(-0.,-1.,-0.));
#1150 = ORIENTED_EDGE('',*,*,#1151,.F.);
#1151 = EDGE_CURVE('',#1152,#1144,#1154,.T.);
#1152 = VERTEX_POINT('',#1153);
#1153 = CARTESIAN_POINT('',(1.703928701928,-1.932896656665,
    0.489999991111));
#1154 = LINE('',#1155,#1156);
#1155 = CARTESIAN_POINT('',(1.645910211251,-1.932896656665,
    0.489999991111));
#1156 = VECTOR('',#1157,1.);
#1157 = DIRECTION('',(-1.,-0.,-0.));
#1158 = ORIENTED_EDGE('',*,*,#1159,.F.);
#1159 = EDGE_CURVE('',#1160,#1152,#1162,.T.);
#1160 = VERTEX_POINT('',#1161);
#1161 = CARTESIAN_POINT('',(1.780818798444,-1.959826386209,
    0.489999991111));
#1162 = B_SPLINE_CURVE_WITH_KNOTS('',3,(#1163,#1164,#1165,#1166),
  .UNSPECIFIED.,.F.,.F.,(4,4),(2.,3.),.PIECEWISE_BEZIER_KNOTS.);
#1163 = CARTESIAN_POINT('',(1.780818798444,-1.959826386209,
    0.489999991111));
#1164 = CARTESIAN_POINT('',(1.76038755576,-1.941838574584,0.489999991111
    ));
#1165 = CARTESIAN_POINT('',(1.734757523587,-1.932896656665,
    0.489999991111));
#1166 = CARTESIAN_POINT('',(1.703928701928,-1.932896656665,
    0.489999991111));
#1167 = ORIENTED_EDGE('',*,*,#1168,.F.);
#1168 = EDGE_CURVE('',#1169,#1160,#1171,.T.);
#1169 = VERTEX_POINT('',#1170);
#1170 = CARTESIAN_POINT('',(1.81149165642,-2.031985584293,0.489999991111
    ));
#1171 = B_SPLINE_CURVE_WITH_KNOTS('',3,(#1172,#1173,#1174,#1175),
  .UNSPECIFIED.,.F.,.F.,(4,4),(3.,4.),.PIECEWISE_BEZIER_KNOTS.);
#1172 = CARTESIAN_POINT('',(1.81149165642,-2.031985584293,0.489999991111
    ));
#1173 = CARTESIAN_POINT('',(1.81149165642,-2.001832605267,0.489999991111
    ));
#1174 = CARTESIAN_POINT('',(1.801250041129,-1.977814197835,
    0.489999991111));
#1175 = CARTESIAN_POINT('',(1.780818798444,-1.959826386209,
    0.489999991111));
#1176 = ORIENTED_EDGE('',*,*,#1177,.F.);
#1177 = EDGE_CURVE('',#1178,#1169,#1180,.T.);
#1178 = VERTEX_POINT('',#1179);
#1179 = CARTESIAN_POINT('',(1.780818798444,-2.107783935017,
    0.489999991111));
#1180 = B_SPLINE_CURVE_WITH_KNOTS('',3,(#1181,#1182,#1183,#1184),
  .UNSPECIFIED.,.F.,.F.,(4,4),(4.,5.),.PIECEWISE_BEZIER_KNOTS.);
#1181 = CARTESIAN_POINT('',(1.780818798444,-2.107783935017,
    0.489999991111));
#1182 = CARTESIAN_POINT('',(1.801250041129,-2.088756365493,
    0.489999991111));
#1183 = CARTESIAN_POINT('',(1.81149165642,-2.063490248586,0.489999991111
    ));
#1184 = CARTESIAN_POINT('',(1.81149165642,-2.031985584293,0.489999991111
    ));
#1185 = ORIENTED_EDGE('',*,*,#1186,.F.);
#1186 = EDGE_CURVE('',#1136,#1178,#1187,.T.);
#1187 = B_SPLINE_CURVE_WITH_KNOTS('',3,(#1188,#1189,#1190,#1191),
  .UNSPECIFIED.,.F.,.F.,(4,4),(5.,6.),.PIECEWISE_BEZIER_KNOTS.);
#1188 = CARTESIAN_POINT('',(1.701849186134,-2.136273301407,
    0.489999991111));
#1189 = CARTESIAN_POINT('',(1.734029693059,-2.136273301407,
    0.489999991111));
#1190 = CARTESIAN_POINT('',(1.76038755576,-2.126811504541,0.489999991111
    ));
#1191 = CARTESIAN_POINT('',(1.780818798444,-2.107783935017,
    0.489999991111));
#1192 = FACE_BOUND('',#1193,.T.);
#1193 = EDGE_LOOP('',(#1194,#1204,#1212,#1220,#1228,#1236,#1244,#1252));
#1194 = ORIENTED_EDGE('',*,*,#1195,.F.);
#1195 = EDGE_CURVE('',#1196,#1198,#1200,.T.);
#1196 = VERTEX_POINT('',#1197);
#1197 = CARTESIAN_POINT('',(2.005770419559,-2.136273301407,
    0.489999991111));
#1198 = VERTEX_POINT('',#1199);
#1199 = CARTESIAN_POINT('',(1.928308456199,-1.932896656665,
    0.489999991111));
#1200 = LINE('',#1201,#1202);
#1201 = CARTESIAN_POINT('',(1.928308456199,-1.932896656665,
    0.489999991111));
#1202 = VECTOR('',#1203,1.);
#1203 = DIRECTION('',(-0.355935724364,0.934510438744,0.));
#1204 = ORIENTED_EDGE('',*,*,#1205,.F.);
#1205 = EDGE_CURVE('',#1206,#1196,#1208,.T.);
#1206 = VERTEX_POINT('',#1207);
#1207 = CARTESIAN_POINT('',(1.976761174221,-2.136273301407,
    0.489999991111));
#1208 = LINE('',#1209,#1210);
#1209 = CARTESIAN_POINT('',(2.005770419559,-2.136273301407,
    0.489999991111));
#1210 = VECTOR('',#1211,1.);
#1211 = DIRECTION('',(1.,0.,0.));
#1212 = ORIENTED_EDGE('',*,*,#1213,.F.);
#1213 = EDGE_CURVE('',#1214,#1206,#1216,.T.);
#1214 = VERTEX_POINT('',#1215);
#1215 = CARTESIAN_POINT('',(1.956018004165,-2.080646253894,
    0.489999991111));
#1216 = LINE('',#1217,#1218);
#1217 = CARTESIAN_POINT('',(1.976761174221,-2.136273301407,
    0.489999991111));
#1218 = VECTOR('',#1219,1.);
#1219 = DIRECTION('',(0.349395479497,-0.936975345944,0.));
#1220 = ORIENTED_EDGE('',*,*,#1221,.F.);
#1221 = EDGE_CURVE('',#1222,#1214,#1224,.T.);
#1222 = VERTEX_POINT('',#1223);
#1223 = CARTESIAN_POINT('',(1.871329723417,-2.080646253894,
    0.489999991111));
#1224 = LINE('',#1225,#1226);
#1225 = CARTESIAN_POINT('',(1.956018004165,-2.080646253894,
    0.489999991111));
#1226 = VECTOR('',#1227,1.);
#1227 = DIRECTION('',(1.,0.,0.));
#1228 = ORIENTED_EDGE('',*,*,#1229,.F.);
#1229 = EDGE_CURVE('',#1230,#1222,#1232,.T.);
#1230 = VERTEX_POINT('',#1231);
#1231 = CARTESIAN_POINT('',(1.851782274945,-2.136273301407,
    0.489999991111));
#1232 = LINE('',#1233,#1234);
#1233 = CARTESIAN_POINT('',(1.871329723417,-2.080646253894,
    0.489999991111));
#1234 = VECTOR('',#1235,1.);
#1235 = DIRECTION('',(0.331528418358,0.94344523308,0.));
#1236 = ORIENTED_EDGE('',*,*,#1237,.F.);
#1237 = EDGE_CURVE('',#1238,#1230,#1240,.T.);
#1238 = VERTEX_POINT('',#1239);
#1239 = CARTESIAN_POINT('',(1.822773029606,-2.136273301407,
    0.489999991111));
#1240 = LINE('',#1241,#1242);
#1241 = CARTESIAN_POINT('',(1.851782274945,-2.136273301407,
    0.489999991111));
#1242 = VECTOR('',#1243,1.);
#1243 = DIRECTION('',(1.,0.,0.));
#1244 = ORIENTED_EDGE('',*,*,#1245,.F.);
#1245 = EDGE_CURVE('',#1246,#1238,#1248,.T.);
#1246 = VERTEX_POINT('',#1247);
#1247 = CARTESIAN_POINT('',(1.900234992967,-1.932896656665,
    0.489999991111));
#1248 = LINE('',#1249,#1250);
#1249 = CARTESIAN_POINT('',(1.822773029606,-2.136273301407,
    0.489999991111));
#1250 = VECTOR('',#1251,1.);
#1251 = DIRECTION('',(-0.35593572437,-0.934510438742,-0.));
#1252 = ORIENTED_EDGE('',*,*,#1253,.F.);
#1253 = EDGE_CURVE('',#1198,#1246,#1254,.T.);
#1254 = LINE('',#1255,#1256);
#1255 = CARTESIAN_POINT('',(1.900234992967,-1.932896656665,
    0.489999991111));
#1256 = VECTOR('',#1257,1.);
#1257 = DIRECTION('',(-1.,-0.,-0.));
#1258 = FACE_BOUND('',#1259,.T.);
#1259 = EDGE_LOOP('',(#1260,#1271,#1280,#1289,#1297,#1306,#1315,#1324,
    #1332,#1341,#1350,#1359,#1368,#1377,#1386,#1395,#1404,#1413,#1422,
    #1430,#1438,#1446,#1455,#1464,#1473,#1482,#1491,#1500,#1509,#1518,
    #1527,#1536,#1545));
#1260 = ORIENTED_EDGE('',*,*,#1261,.F.);
#1261 = EDGE_CURVE('',#1262,#1264,#1266,.T.);
#1262 = VERTEX_POINT('',#1263);
#1263 = CARTESIAN_POINT('',(0.768310245801,-1.934540444628,
    0.489999991111));
#1264 = VERTEX_POINT('',#1265);
#1265 = CARTESIAN_POINT('',(0.625157551607,-1.745116178363,
    0.489999991111));
#1266 = B_SPLINE_CURVE_WITH_KNOTS('',3,(#1267,#1268,#1269,#1270),
  .UNSPECIFIED.,.F.,.F.,(4,4),(35.,36.),.PIECEWISE_BEZIER_KNOTS.);
#1267 = CARTESIAN_POINT('',(0.768310245801,-1.934540444628,
    0.489999991111));
#1268 = CARTESIAN_POINT('',(0.76686428072,-1.847781271128,0.489999991111
    ));
#1269 = CARTESIAN_POINT('',(0.707578774706,-1.77114393593,0.489999991111
    ));
#1270 = CARTESIAN_POINT('',(0.625157551607,-1.745116178363,
    0.489999991111));
#1271 = ORIENTED_EDGE('',*,*,#1272,.F.);
#1272 = EDGE_CURVE('',#1273,#1262,#1275,.T.);
#1273 = VERTEX_POINT('',#1274);
#1274 = CARTESIAN_POINT('',(0.714808710428,-2.071909223341,
    0.489999991111));
#1275 = B_SPLINE_CURVE_WITH_KNOTS('',3,(#1276,#1277,#1278,#1279),
  .UNSPECIFIED.,.F.,.F.,(4,4),(34.,35.),.PIECEWISE_BEZIER_KNOTS.);
#1276 = CARTESIAN_POINT('',(0.714808710428,-2.071909223341,
    0.489999991111));
#1277 = CARTESIAN_POINT('',(0.749512423957,-2.034313579652,
    0.489999991111));
#1278 = CARTESIAN_POINT('',(0.768310245801,-1.98514999468,0.489999991111
    ));
#1279 = CARTESIAN_POINT('',(0.768310245801,-1.934540444628,
    0.489999991111));
#1280 = ORIENTED_EDGE('',*,*,#1281,.F.);
#1281 = EDGE_CURVE('',#1282,#1273,#1284,.T.);
#1282 = VERTEX_POINT('',#1283);
#1283 = CARTESIAN_POINT('',(0.583223902358,-2.136978644837,
    0.489999991111));
#1284 = B_SPLINE_CURVE_WITH_KNOTS('',3,(#1285,#1286,#1287,#1288),
  .UNSPECIFIED.,.F.,.F.,(4,4),(33.,34.),.PIECEWISE_BEZIER_KNOTS.);
#1285 = CARTESIAN_POINT('',(0.583223902358,-2.136978644837,
    0.489999991111));
#1286 = CARTESIAN_POINT('',(0.633833452409,-2.132640694435,
    0.489999991111));
#1287 = CARTESIAN_POINT('',(0.680105052061,-2.109504867029,
    0.489999991111));
#1288 = CARTESIAN_POINT('',(0.714808710428,-2.071909223341,
    0.489999991111));
#1289 = ORIENTED_EDGE('',*,*,#1290,.F.);
#1290 = EDGE_CURVE('',#1291,#1282,#1293,.T.);
#1291 = VERTEX_POINT('',#1292);
#1292 = CARTESIAN_POINT('',(0.497910693937,-2.136978644837,
    0.489999991111));
#1293 = LINE('',#1294,#1295);
#1294 = CARTESIAN_POINT('',(0.578885951956,-2.136978644837,
    0.489999991111));
#1295 = VECTOR('',#1296,1.);
#1296 = DIRECTION('',(1.,0.,0.));
#1297 = ORIENTED_EDGE('',*,*,#1298,.F.);
#1298 = EDGE_CURVE('',#1299,#1291,#1301,.T.);
#1299 = VERTEX_POINT('',#1300);
#1300 = CARTESIAN_POINT('',(0.455977044688,-2.092153065425,
    0.489999991111));
#1301 = B_SPLINE_CURVE_WITH_KNOTS('',3,(#1302,#1303,#1304,#1305),
  .UNSPECIFIED.,.F.,.F.,(4,4),(28.,29.),.PIECEWISE_BEZIER_KNOTS.);
#1302 = CARTESIAN_POINT('',(0.455977044688,-2.092153065425,
    0.489999991111));
#1303 = CARTESIAN_POINT('',(0.455977044688,-2.115288837671,
    0.489999991111));
#1304 = CARTESIAN_POINT('',(0.474774866531,-2.135532679757,
    0.489999991111));
#1305 = CARTESIAN_POINT('',(0.497910693937,-2.136978644837,
    0.489999991111));
#1306 = ORIENTED_EDGE('',*,*,#1307,.F.);
#1307 = EDGE_CURVE('',#1308,#1299,#1310,.T.);
#1308 = VERTEX_POINT('',#1309);
#1309 = CARTESIAN_POINT('',(0.500802624098,-2.047327486015,
    0.489999991111));
#1310 = B_SPLINE_CURVE_WITH_KNOTS('',3,(#1311,#1312,#1313,#1314),
  .UNSPECIFIED.,.F.,.F.,(4,4),(27.,28.),.PIECEWISE_BEZIER_KNOTS.);
#1311 = CARTESIAN_POINT('',(0.500802624098,-2.047327486015,
    0.489999991111));
#1312 = CARTESIAN_POINT('',(0.476220831612,-2.047327486015,
    0.489999991111));
#1313 = CARTESIAN_POINT('',(0.455977044688,-2.067571328099,
    0.489999991111));
#1314 = CARTESIAN_POINT('',(0.455977044688,-2.092153065425,
    0.489999991111));
#1315 = ORIENTED_EDGE('',*,*,#1316,.F.);
#1316 = EDGE_CURVE('',#1317,#1308,#1319,.T.);
#1317 = VERTEX_POINT('',#1318);
#1318 = CARTESIAN_POINT('',(0.5094785249,-2.048773451095,0.489999991111)
  );
#1319 = B_SPLINE_CURVE_WITH_KNOTS('',3,(#1320,#1321,#1322,#1323),
  .UNSPECIFIED.,.F.,.F.,(4,4),(26.,27.),.PIECEWISE_BEZIER_KNOTS.);
#1320 = CARTESIAN_POINT('',(0.5094785249,-2.048773451095,0.489999991111)
  );
#1321 = CARTESIAN_POINT('',(0.506586539579,-2.048773451095,
    0.489999991111));
#1322 = CARTESIAN_POINT('',(0.503694554259,-2.047327486015,
    0.489999991111));
#1323 = CARTESIAN_POINT('',(0.500802624098,-2.047327486015,
    0.489999991111));
#1324 = ORIENTED_EDGE('',*,*,#1325,.F.);
#1325 = EDGE_CURVE('',#1326,#1317,#1328,.T.);
#1326 = VERTEX_POINT('',#1327);
#1327 = CARTESIAN_POINT('',(0.574547946396,-2.048773451095,
    0.489999991111));
#1328 = LINE('',#1329,#1330);
#1329 = CARTESIAN_POINT('',(0.574547946396,-2.048773451095,
    0.489999991111));
#1330 = VECTOR('',#1331,1.);
#1331 = DIRECTION('',(-1.,0.,0.));
#1332 = ORIENTED_EDGE('',*,*,#1333,.F.);
#1333 = EDGE_CURVE('',#1334,#1326,#1336,.T.);
#1334 = VERTEX_POINT('',#1335);
#1335 = CARTESIAN_POINT('',(0.67865903182,-1.935986464868,0.489999991111
    ));
#1336 = B_SPLINE_CURVE_WITH_KNOTS('',3,(#1337,#1338,#1339,#1340),
  .UNSPECIFIED.,.F.,.F.,(4,4),(24.,25.),.PIECEWISE_BEZIER_KNOTS.);
#1337 = CARTESIAN_POINT('',(0.67865903182,-1.935986464868,0.489999991111
    ));
#1338 = CARTESIAN_POINT('',(0.67865903182,-1.995271943303,0.489999991111
    ));
#1339 = CARTESIAN_POINT('',(0.633833452409,-2.044435500693,
    0.489999991111));
#1340 = CARTESIAN_POINT('',(0.574547946396,-2.048773451095,
    0.489999991111));
#1341 = ORIENTED_EDGE('',*,*,#1342,.F.);
#1342 = EDGE_CURVE('',#1343,#1334,#1345,.T.);
#1343 = VERTEX_POINT('',#1344);
#1344 = CARTESIAN_POINT('',(0.565872045593,-1.823199478642,
    0.489999991111));
#1345 = B_SPLINE_CURVE_WITH_KNOTS('',3,(#1346,#1347,#1348,#1349),
  .UNSPECIFIED.,.F.,.F.,(4,4),(23.,24.),.PIECEWISE_BEZIER_KNOTS.);
#1346 = CARTESIAN_POINT('',(0.565872045593,-1.823199478642,
    0.489999991111));
#1347 = CARTESIAN_POINT('',(0.628049481768,-1.823199478642,
    0.489999991111));
#1348 = CARTESIAN_POINT('',(0.67865903182,-1.873809028694,0.489999991111
    ));
#1349 = CARTESIAN_POINT('',(0.67865903182,-1.935986464868,0.489999991111
    ));
#1350 = ORIENTED_EDGE('',*,*,#1351,.F.);
#1351 = EDGE_CURVE('',#1352,#1343,#1354,.T.);
#1352 = VERTEX_POINT('',#1353);
#1353 = CARTESIAN_POINT('',(0.55430415947,-1.823199478642,0.489999991111
    ));
#1354 = B_SPLINE_CURVE_WITH_KNOTS('',3,(#1355,#1356,#1357,#1358),
  .UNSPECIFIED.,.F.,.F.,(4,4),(22.,23.),.PIECEWISE_BEZIER_KNOTS.);
#1355 = CARTESIAN_POINT('',(0.55430415947,-1.823199478642,0.489999991111
    ));
#1356 = CARTESIAN_POINT('',(0.558642109871,-1.823199478642,
    0.489999991111));
#1357 = CARTESIAN_POINT('',(0.561534095192,-1.823199478642,
    0.489999991111));
#1358 = CARTESIAN_POINT('',(0.565872045593,-1.823199478642,
    0.489999991111));
#1359 = ORIENTED_EDGE('',*,*,#1360,.F.);
#1360 = EDGE_CURVE('',#1361,#1352,#1363,.T.);
#1361 = VERTEX_POINT('',#1362);
#1362 = CARTESIAN_POINT('',(0.351865959263,-1.642451085599,
    0.489999991111));
#1363 = B_SPLINE_CURVE_WITH_KNOTS('',3,(#1364,#1365,#1366,#1367),
  .UNSPECIFIED.,.F.,.F.,(4,4),(21.,22.),.PIECEWISE_BEZIER_KNOTS.);
#1364 = CARTESIAN_POINT('',(0.351865959263,-1.642451085599,
    0.489999991111));
#1365 = CARTESIAN_POINT('',(0.455977044688,-1.642451085599,
    0.489999991111));
#1366 = CARTESIAN_POINT('',(0.542736273347,-1.721980378538,
    0.489999991111));
#1367 = CARTESIAN_POINT('',(0.55430415947,-1.823199478642,0.489999991111
    ));
#1368 = ORIENTED_EDGE('',*,*,#1369,.F.);
#1369 = EDGE_CURVE('',#1370,#1361,#1372,.T.);
#1370 = VERTEX_POINT('',#1371);
#1371 = CARTESIAN_POINT('',(0.158103715016,-1.781265774233,
    0.489999991111));
#1372 = B_SPLINE_CURVE_WITH_KNOTS('',3,(#1373,#1374,#1375,#1376),
  .UNSPECIFIED.,.F.,.F.,(4,4),(20.,21.),.PIECEWISE_BEZIER_KNOTS.);
#1373 = CARTESIAN_POINT('',(0.158103715016,-1.781265774233,
    0.489999991111));
#1374 = CARTESIAN_POINT('',(0.185577437663,-1.700290571372,
    0.489999991111));
#1375 = CARTESIAN_POINT('',(0.260768780201,-1.642451085599,
    0.489999991111));
#1376 = CARTESIAN_POINT('',(0.351865959263,-1.642451085599,
    0.489999991111));
#1377 = ORIENTED_EDGE('',*,*,#1378,.F.);
#1378 = EDGE_CURVE('',#1379,#1370,#1381,.T.);
#1379 = VERTEX_POINT('',#1380);
#1380 = CARTESIAN_POINT('',(8.146640739795E-02,-1.759575967067,
    0.489999991111));
#1381 = B_SPLINE_CURVE_WITH_KNOTS('',3,(#1382,#1383,#1384,#1385),
  .UNSPECIFIED.,.F.,.F.,(4,4),(19.,20.),.PIECEWISE_BEZIER_KNOTS.);
#1382 = CARTESIAN_POINT('',(8.146640739795E-02,-1.759575967067,
    0.489999991111));
#1383 = CARTESIAN_POINT('',(0.108940157625,-1.759575967067,
    0.489999991111));
#1384 = CARTESIAN_POINT('',(0.136413907852,-1.768251895449,
    0.489999991111));
#1385 = CARTESIAN_POINT('',(0.158103715016,-1.781265774233,
    0.489999991111));
#1386 = ORIENTED_EDGE('',*,*,#1387,.F.);
#1387 = EDGE_CURVE('',#1388,#1379,#1390,.T.);
#1388 = VERTEX_POINT('',#1389);
#1389 = CARTESIAN_POINT('',(-6.313230703591E-02,-1.904174681501,
    0.489999991111));
#1390 = B_SPLINE_CURVE_WITH_KNOTS('',3,(#1391,#1392,#1393,#1394),
  .UNSPECIFIED.,.F.,.F.,(4,4),(18.,19.),.PIECEWISE_BEZIER_KNOTS.);
#1391 = CARTESIAN_POINT('',(-6.313230703591E-02,-1.904174681501,
    0.489999991111));
#1392 = CARTESIAN_POINT('',(-6.313230703591E-02,-1.824645388562,
    0.489999991111));
#1393 = CARTESIAN_POINT('',(1.937114459536E-03,-1.759575967067,
    0.489999991111));
#1394 = CARTESIAN_POINT('',(8.146640739795E-02,-1.759575967067,
    0.489999991111));
#1395 = ORIENTED_EDGE('',*,*,#1396,.F.);
#1396 = EDGE_CURVE('',#1397,#1388,#1399,.T.);
#1397 = VERTEX_POINT('',#1398);
#1398 = CARTESIAN_POINT('',(2.362692162468E-02,-2.037205509812,
    0.489999991111));
#1399 = B_SPLINE_CURVE_WITH_KNOTS('',3,(#1400,#1401,#1402,#1403),
  .UNSPECIFIED.,.F.,.F.,(4,4),(17.,18.),.PIECEWISE_BEZIER_KNOTS.);
#1400 = CARTESIAN_POINT('',(2.362692162468E-02,-2.037205509812,
    0.489999991111));
#1401 = CARTESIAN_POINT('',(-2.698262842709E-02,-2.014069709987,
    0.489999991111));
#1402 = CARTESIAN_POINT('',(-6.313230703591E-02,-1.963460159936,
    0.489999991111));
#1403 = CARTESIAN_POINT('',(-6.313230703591E-02,-1.904174681501,
    0.489999991111));
#1404 = ORIENTED_EDGE('',*,*,#1405,.F.);
#1405 = EDGE_CURVE('',#1406,#1397,#1408,.T.);
#1406 = VERTEX_POINT('',#1407);
#1407 = CARTESIAN_POINT('',(0.159549707677,-1.94177035277,0.489999991111
    ));
#1408 = B_SPLINE_CURVE_WITH_KNOTS('',3,(#1409,#1410,#1411,#1412),
  .UNSPECIFIED.,.F.,.F.,(4,4),(16.,17.),.PIECEWISE_BEZIER_KNOTS.);
#1409 = CARTESIAN_POINT('',(0.159549707677,-1.94177035277,0.489999991111
    ));
#1410 = CARTESIAN_POINT('',(9.737224392231E-02,-1.94177035277,
    0.489999991111));
#1411 = CARTESIAN_POINT('',(4.387073612981E-02,-1.982257981779,
    0.489999991111));
#1412 = CARTESIAN_POINT('',(2.362692162468E-02,-2.037205509812,
    0.489999991111));
#1413 = ORIENTED_EDGE('',*,*,#1414,.F.);
#1414 = EDGE_CURVE('',#1415,#1406,#1417,.T.);
#1415 = VERTEX_POINT('',#1416);
#1416 = CARTESIAN_POINT('',(0.267998743503,-1.990933910161,
    0.489999991111));
#1417 = B_SPLINE_CURVE_WITH_KNOTS('',3,(#1418,#1419,#1420,#1421),
  .UNSPECIFIED.,.F.,.F.,(4,4),(15.,16.),.PIECEWISE_BEZIER_KNOTS.);
#1418 = CARTESIAN_POINT('',(0.267998743503,-1.990933910161,
    0.489999991111));
#1419 = CARTESIAN_POINT('',(0.241970985936,-1.960568174614,
    0.489999991111));
#1420 = CARTESIAN_POINT('',(0.202929322007,-1.94177035277,0.489999991111
    ));
#1421 = CARTESIAN_POINT('',(0.159549707677,-1.94177035277,0.489999991111
    ));
#1422 = ORIENTED_EDGE('',*,*,#1423,.F.);
#1423 = EDGE_CURVE('',#1424,#1415,#1426,.T.);
#1424 = VERTEX_POINT('',#1425);
#1425 = CARTESIAN_POINT('',(0.461761015328,-1.889714810058,
    0.489999991111));
#1426 = LINE('',#1427,#1428);
#1427 = CARTESIAN_POINT('',(0.461761015328,-1.889714810058,
    0.489999991111));
#1428 = VECTOR('',#1429,1.);
#1429 = DIRECTION('',(-0.886348842796,-0.463018065387,0.));
#1430 = ORIENTED_EDGE('',*,*,#1431,.F.);
#1431 = EDGE_CURVE('',#1432,#1424,#1434,.T.);
#1432 = VERTEX_POINT('',#1433);
#1433 = CARTESIAN_POINT('',(0.506586594739,-1.966352145256,
    0.489999991111));
#1434 = LINE('',#1435,#1436);
#1435 = CARTESIAN_POINT('',(0.506586594739,-1.966352145256,
    0.489999991111));
#1436 = VECTOR('',#1437,1.);
#1437 = DIRECTION('',(-0.50488304865,0.863187758941,0.));
#1438 = ORIENTED_EDGE('',*,*,#1439,.F.);
#1439 = EDGE_CURVE('',#1440,#1432,#1442,.T.);
#1440 = VERTEX_POINT('',#1441);
#1441 = CARTESIAN_POINT('',(0.304148394532,-2.073355188421,
    0.489999991111));
#1442 = LINE('',#1443,#1444);
#1443 = CARTESIAN_POINT('',(0.304148394532,-2.073355188421,
    0.489999991111));
#1444 = VECTOR('',#1445,1.);
#1445 = DIRECTION('',(0.884094950248,0.467307306755,0.));
#1446 = ORIENTED_EDGE('',*,*,#1447,.F.);
#1447 = EDGE_CURVE('',#1448,#1440,#1450,.T.);
#1448 = VERTEX_POINT('',#1449);
#1449 = CARTESIAN_POINT('',(0.304148394532,-2.087815059865,
    0.489999991111));
#1450 = B_SPLINE_CURVE_WITH_KNOTS('',3,(#1451,#1452,#1453,#1454),
  .UNSPECIFIED.,.F.,.F.,(4,4),(11.,12.),.PIECEWISE_BEZIER_KNOTS.);
#1451 = CARTESIAN_POINT('',(0.304148394532,-2.087815059865,
    0.489999991111));
#1452 = CARTESIAN_POINT('',(0.304148394532,-2.083477109464,
    0.489999991111));
#1453 = CARTESIAN_POINT('',(0.304148394532,-2.079139159062,
    0.489999991111));
#1454 = CARTESIAN_POINT('',(0.304148394532,-2.073355188421,
    0.489999991111));
#1455 = ORIENTED_EDGE('',*,*,#1456,.F.);
#1456 = EDGE_CURVE('',#1457,#1448,#1459,.T.);
#1457 = VERTEX_POINT('',#1458);
#1458 = CARTESIAN_POINT('',(0.159549680097,-2.232413774299,
    0.489999991111));
#1459 = B_SPLINE_CURVE_WITH_KNOTS('',3,(#1460,#1461,#1462,#1463),
  .UNSPECIFIED.,.F.,.F.,(4,4),(10.,11.),.PIECEWISE_BEZIER_KNOTS.);
#1460 = CARTESIAN_POINT('',(0.159549680097,-2.232413774299,
    0.489999991111));
#1461 = CARTESIAN_POINT('',(0.239078973035,-2.232413774299,
    0.489999991111));
#1462 = CARTESIAN_POINT('',(0.304148394532,-2.167344352804,
    0.489999991111));
#1463 = CARTESIAN_POINT('',(0.304148394532,-2.087815059865,
    0.489999991111));
#1464 = ORIENTED_EDGE('',*,*,#1465,.F.);
#1465 = EDGE_CURVE('',#1466,#1457,#1468,.T.);
#1466 = VERTEX_POINT('',#1467);
#1467 = CARTESIAN_POINT('',(2.218088759394E-02,-2.134086659515,
    0.489999991111));
#1468 = B_SPLINE_CURVE_WITH_KNOTS('',3,(#1469,#1470,#1471,#1472),
  .UNSPECIFIED.,.F.,.F.,(4,4),(9.,10.),.PIECEWISE_BEZIER_KNOTS.);
#1469 = CARTESIAN_POINT('',(2.218088759394E-02,-2.134086659515,
    0.489999991111));
#1470 = CARTESIAN_POINT('',(4.097872322836E-02,-2.19192614529,
    0.489999991111));
#1471 = CARTESIAN_POINT('',(9.592622368157E-02,-2.232413774299,
    0.489999991111));
#1472 = CARTESIAN_POINT('',(0.159549680097,-2.232413774299,
    0.489999991111));
#1473 = ORIENTED_EDGE('',*,*,#1474,.F.);
#1474 = EDGE_CURVE('',#1475,#1466,#1477,.T.);
#1475 = VERTEX_POINT('',#1476);
#1476 = CARTESIAN_POINT('',(-9.349808395259E-02,-2.064679287619,
    0.489999991111));
#1477 = B_SPLINE_CURVE_WITH_KNOTS('',3,(#1478,#1479,#1480,#1481),
  .UNSPECIFIED.,.F.,.F.,(4,4),(8.,9.),.PIECEWISE_BEZIER_KNOTS.);
#1478 = CARTESIAN_POINT('',(-9.349808395259E-02,-2.064679287619,
    0.489999991111));
#1479 = CARTESIAN_POINT('',(-6.168636953592E-02,-2.099383001148,
    0.489999991111));
#1480 = CARTESIAN_POINT('',(-2.264470560637E-02,-2.122518773392,
    0.489999991111));
#1481 = CARTESIAN_POINT('',(2.218088759394E-02,-2.134086659515,
    0.489999991111));
#1482 = ORIENTED_EDGE('',*,*,#1483,.F.);
#1483 = EDGE_CURVE('',#1484,#1475,#1486,.T.);
#1484 = VERTEX_POINT('',#1485);
#1485 = CARTESIAN_POINT('',(-0.154229541257,-1.907066721981,
    0.489999991111));
#1486 = B_SPLINE_CURVE_WITH_KNOTS('',3,(#1487,#1488,#1489,#1490),
  .UNSPECIFIED.,.F.,.F.,(4,4),(7.,8.),.PIECEWISE_BEZIER_KNOTS.);
#1487 = CARTESIAN_POINT('',(-0.154229541257,-1.907066721981,
    0.489999991111));
#1488 = CARTESIAN_POINT('',(-0.154229541257,-1.964906207756,
    0.489999991111));
#1489 = CARTESIAN_POINT('',(-0.132539734093,-2.021299728449,
    0.489999991111));
#1490 = CARTESIAN_POINT('',(-9.349808395259E-02,-2.064679287619,
    0.489999991111));
#1491 = ORIENTED_EDGE('',*,*,#1492,.F.);
#1492 = EDGE_CURVE('',#1493,#1484,#1495,.T.);
#1493 = VERTEX_POINT('',#1494);
#1494 = CARTESIAN_POINT('',(-8.626810686108E-02,-1.742224206833,
    0.489999991111));
#1495 = B_SPLINE_CURVE_WITH_KNOTS('',3,(#1496,#1497,#1498,#1499),
  .UNSPECIFIED.,.F.,.F.,(4,4),(6.,7.),.PIECEWISE_BEZIER_KNOTS.);
#1496 = CARTESIAN_POINT('',(-8.626810686108E-02,-1.742224206833,
    0.489999991111));
#1497 = CARTESIAN_POINT('',(-0.129647759114,-1.785603807373,
    0.489999991111));
#1498 = CARTESIAN_POINT('',(-0.154229541257,-1.844889285808,
    0.489999991111));
#1499 = CARTESIAN_POINT('',(-0.154229541257,-1.907066721981,
    0.489999991111));
#1500 = ORIENTED_EDGE('',*,*,#1501,.F.);
#1501 = EDGE_CURVE('',#1502,#1493,#1504,.T.);
#1502 = VERTEX_POINT('',#1503);
#1503 = CARTESIAN_POINT('',(8.002041473793E-02,-1.672816821146,
    0.489999991111));
#1504 = B_SPLINE_CURVE_WITH_KNOTS('',3,(#1505,#1506,#1507,#1508),
  .UNSPECIFIED.,.F.,.F.,(4,4),(5.,6.),.PIECEWISE_BEZIER_KNOTS.);
#1505 = CARTESIAN_POINT('',(8.002041473793E-02,-1.672816821146,
    0.489999991111));
#1506 = CARTESIAN_POINT('',(1.784296477321E-02,-1.672816821146,
    0.489999991111));
#1507 = CARTESIAN_POINT('',(-4.144249987076E-02,-1.697398599841,
    0.489999991111));
#1508 = CARTESIAN_POINT('',(-8.626810686108E-02,-1.742224206833,
    0.489999991111));
#1509 = ORIENTED_EDGE('',*,*,#1510,.F.);
#1510 = EDGE_CURVE('',#1511,#1502,#1513,.T.);
#1511 = VERTEX_POINT('',#1512);
#1512 = CARTESIAN_POINT('',(0.113278108026,-1.675708792677,
    0.489999991111));
#1513 = B_SPLINE_CURVE_WITH_KNOTS('',3,(#1514,#1515,#1516,#1517),
  .UNSPECIFIED.,.F.,.F.,(4,4),(4.,5.),.PIECEWISE_BEZIER_KNOTS.);
#1514 = CARTESIAN_POINT('',(0.113278108026,-1.675708792677,
    0.489999991111));
#1515 = CARTESIAN_POINT('',(0.101710221903,-1.674262800016,
    0.489999991111));
#1516 = CARTESIAN_POINT('',(9.158830086085E-02,-1.672816821146,
    0.489999991111));
#1517 = CARTESIAN_POINT('',(8.002041473793E-02,-1.672816821146,
    0.489999991111));
#1518 = ORIENTED_EDGE('',*,*,#1519,.F.);
#1519 = EDGE_CURVE('',#1520,#1511,#1522,.T.);
#1520 = VERTEX_POINT('',#1521);
#1521 = CARTESIAN_POINT('',(0.176901536861,-1.612085356947,
    0.489999991111));
#1522 = B_SPLINE_CURVE_WITH_KNOTS('',3,(#1523,#1524,#1525,#1526),
  .UNSPECIFIED.,.F.,.F.,(4,4),(3.,4.),.PIECEWISE_BEZIER_KNOTS.);
#1523 = CARTESIAN_POINT('',(0.176901536861,-1.612085356947,
    0.489999991111));
#1524 = CARTESIAN_POINT('',(0.152319744375,-1.629437206816,
    0.489999991111));
#1525 = CARTESIAN_POINT('',(0.13207592987,-1.651127013981,0.489999991111
    ));
#1526 = CARTESIAN_POINT('',(0.113278108026,-1.675708792677,
    0.489999991111));
#1527 = ORIENTED_EDGE('',*,*,#1528,.F.);
#1528 = EDGE_CURVE('',#1529,#1520,#1531,.T.);
#1529 = VERTEX_POINT('',#1530);
#1530 = CARTESIAN_POINT('',(0.350419994182,-1.555691856939,
    0.489999991111));
#1531 = B_SPLINE_CURVE_WITH_KNOTS('',3,(#1532,#1533,#1534,#1535),
  .UNSPECIFIED.,.F.,.F.,(4,4),(2.,3.),.PIECEWISE_BEZIER_KNOTS.);
#1532 = CARTESIAN_POINT('',(0.350419994182,-1.555691856939,
    0.489999991111));
#1533 = CARTESIAN_POINT('',(0.286796565347,-1.555691856939,
    0.489999991111));
#1534 = CARTESIAN_POINT('',(0.227511086913,-1.575935676614,
    0.489999991111));
#1535 = CARTESIAN_POINT('',(0.176901536861,-1.612085356947,
    0.489999991111));
#1536 = ORIENTED_EDGE('',*,*,#1537,.F.);
#1537 = EDGE_CURVE('',#1538,#1529,#1540,.T.);
#1538 = VERTEX_POINT('',#1539);
#1539 = CARTESIAN_POINT('',(0.547074223749,-1.630883192582,
    0.489999991111));
#1540 = B_SPLINE_CURVE_WITH_KNOTS('',3,(#1541,#1542,#1543,#1544),
  .UNSPECIFIED.,.F.,.F.,(4,4),(1.,2.),.PIECEWISE_BEZIER_KNOTS.);
#1541 = CARTESIAN_POINT('',(0.547074223749,-1.630883192582,
    0.489999991111));
#1542 = CARTESIAN_POINT('',(0.492126723296,-1.583165612336,
    0.489999991111));
#1543 = CARTESIAN_POINT('',(0.422719351399,-1.555691856939,
    0.489999991111));
#1544 = CARTESIAN_POINT('',(0.350419994182,-1.555691856939,
    0.489999991111));
#1545 = ORIENTED_EDGE('',*,*,#1546,.F.);
#1546 = EDGE_CURVE('',#1264,#1538,#1547,.T.);
#1547 = B_SPLINE_CURVE_WITH_KNOTS('',3,(#1548,#1549,#1550,#1551),
  .UNSPECIFIED.,.F.,.F.,(4,4),(0.,1.),.PIECEWISE_BEZIER_KNOTS.);
#1548 = CARTESIAN_POINT('',(0.625157551607,-1.745116178363,
    0.489999991111));
#1549 = CARTESIAN_POINT('',(0.609251715084,-1.701736564034,
    0.489999991111));
#1550 = CARTESIAN_POINT('',(0.581777937277,-1.662694913894,
    0.489999991111));
#1551 = CARTESIAN_POINT('',(0.547074223749,-1.630883192582,
    0.489999991111));
#1552 = PLANE('',#1553);
#1553 = AXIS2_PLACEMENT_3D('',#1554,#1555,#1556);
#1554 = CARTESIAN_POINT('',(0.,0.,0.489999991111));
#1555 = DIRECTION('',(0.,0.,-1.));
#1556 = DIRECTION('',(-1.,0.,0.));
#1557 = ADVANCED_FACE('',(#1558),#1592,.F.);
#1558 = FACE_BOUND('',#1559,.T.);
#1559 = EDGE_LOOP('',(#1560,#1570,#1578,#1586));
#1560 = ORIENTED_EDGE('',*,*,#1561,.T.);
#1561 = EDGE_CURVE('',#1562,#1564,#1566,.T.);
#1562 = VERTEX_POINT('',#1563);
#1563 = CARTESIAN_POINT('',(3.679999933243,2.55999995356,0.));
#1564 = VERTEX_POINT('',#1565);
#1565 = CARTESIAN_POINT('',(2.27999995864,2.55999995356,0.));
#1566 = LINE('',#1567,#1568);
#1567 = CARTESIAN_POINT('',(-3.679999933243,2.55999995356,0.));
#1568 = VECTOR('',#1569,1.);
#1569 = DIRECTION('',(-1.,-0.,-0.));
#1570 = ORIENTED_EDGE('',*,*,#1571,.T.);
#1571 = EDGE_CURVE('',#1564,#1572,#1574,.T.);
#1572 = VERTEX_POINT('',#1573);
#1573 = CARTESIAN_POINT('',(2.27999995864,2.55999995356,0.49999999093));
#1574 = LINE('',#1575,#1576);
#1575 = CARTESIAN_POINT('',(2.27999995864,2.55999995356,0.49999999093));
#1576 = VECTOR('',#1577,1.);
#1577 = DIRECTION('',(0.,0.,1.));
#1578 = ORIENTED_EDGE('',*,*,#1579,.F.);
#1579 = EDGE_CURVE('',#1580,#1572,#1582,.T.);
#1580 = VERTEX_POINT('',#1581);
#1581 = CARTESIAN_POINT('',(3.679999933243,2.55999995356,0.49999999093)
  );
#1582 = LINE('',#1583,#1584);
#1583 = CARTESIAN_POINT('',(-3.679999933243,2.55999995356,0.49999999093)
  );
#1584 = VECTOR('',#1585,1.);
#1585 = DIRECTION('',(-1.,-0.,-0.));
#1586 = ORIENTED_EDGE('',*,*,#1587,.T.);
#1587 = EDGE_CURVE('',#1580,#1562,#1588,.T.);
#1588 = LINE('',#1589,#1590);
#1589 = CARTESIAN_POINT('',(3.679999933243,2.55999995356,0.49999999093)
  );
#1590 = VECTOR('',#1591,1.);
#1591 = DIRECTION('',(-0.,-0.,-1.));
#1592 = PLANE('',#1593);
#1593 = AXIS2_PLACEMENT_3D('',#1594,#1595,#1596);
#1594 = CARTESIAN_POINT('',(-3.679999933243,2.55999995356,0.49999999093)
  );
#1595 = DIRECTION('',(0.,-1.,0.));
#1596 = DIRECTION('',(0.,0.,-1.));
#1597 = ADVANCED_FACE('',(#1598),#1632,.F.);
#1598 = FACE_BOUND('',#1599,.T.);
#1599 = EDGE_LOOP('',(#1600,#1610,#1618,#1626));
#1600 = ORIENTED_EDGE('',*,*,#1601,.T.);
#1601 = EDGE_CURVE('',#1602,#1604,#1606,.T.);
#1602 = VERTEX_POINT('',#1603);
#1603 = CARTESIAN_POINT('',(2.27999995864,-2.55999995356,0.49999999093)
  );
#1604 = VERTEX_POINT('',#1605);
#1605 = CARTESIAN_POINT('',(2.27999995864,-2.55999995356,0.));
#1606 = LINE('',#1607,#1608);
#1607 = CARTESIAN_POINT('',(2.27999995864,-2.55999995356,0.49999999093)
  );
#1608 = VECTOR('',#1609,1.);
#1609 = DIRECTION('',(0.,0.,-1.));
#1610 = ORIENTED_EDGE('',*,*,#1611,.T.);
#1611 = EDGE_CURVE('',#1604,#1612,#1614,.T.);
#1612 = VERTEX_POINT('',#1613);
#1613 = CARTESIAN_POINT('',(3.679999933243,-2.55999995356,0.));
#1614 = LINE('',#1615,#1616);
#1615 = CARTESIAN_POINT('',(-3.679999933243,-2.55999995356,0.));
#1616 = VECTOR('',#1617,1.);
#1617 = DIRECTION('',(1.,0.,0.));
#1618 = ORIENTED_EDGE('',*,*,#1619,.F.);
#1619 = EDGE_CURVE('',#1620,#1612,#1622,.T.);
#1620 = VERTEX_POINT('',#1621);
#1621 = CARTESIAN_POINT('',(3.679999933243,-2.55999995356,0.49999999093)
  );
#1622 = LINE('',#1623,#1624);
#1623 = CARTESIAN_POINT('',(3.679999933243,-2.55999995356,0.49999999093)
  );
#1624 = VECTOR('',#1625,1.);
#1625 = DIRECTION('',(-0.,-0.,-1.));
#1626 = ORIENTED_EDGE('',*,*,#1627,.F.);
#1627 = EDGE_CURVE('',#1602,#1620,#1628,.T.);
#1628 = LINE('',#1629,#1630);
#1629 = CARTESIAN_POINT('',(-3.679999933243,-2.55999995356,0.49999999093
    ));
#1630 = VECTOR('',#1631,1.);
#1631 = DIRECTION('',(1.,0.,0.));
#1632 = PLANE('',#1633);
#1633 = AXIS2_PLACEMENT_3D('',#1634,#1635,#1636);
#1634 = CARTESIAN_POINT('',(-3.679999933243,-2.55999995356,0.49999999093
    ));
#1635 = DIRECTION('',(0.,1.,0.));
#1636 = DIRECTION('',(0.,-0.,1.));
#1637 = ADVANCED_FACE('',(#1638),#1688,.F.);
#1638 = FACE_BOUND('',#1639,.T.);
#1639 = EDGE_LOOP('',(#1640,#1650,#1658,#1666,#1674,#1681,#1682));
#1640 = ORIENTED_EDGE('',*,*,#1641,.F.);
#1641 = EDGE_CURVE('',#1642,#1644,#1646,.T.);
#1642 = VERTEX_POINT('',#1643);
#1643 = CARTESIAN_POINT('',(-2.27999995864,2.55999995356,0.));
#1644 = VERTEX_POINT('',#1645);
#1645 = CARTESIAN_POINT('',(-3.679999933243,2.55999995356,0.));
#1646 = LINE('',#1647,#1648);
#1647 = CARTESIAN_POINT('',(-3.679999933243,2.55999995356,0.));
#1648 = VECTOR('',#1649,1.);
#1649 = DIRECTION('',(-1.,-0.,-0.));
#1650 = ORIENTED_EDGE('',*,*,#1651,.F.);
#1651 = EDGE_CURVE('',#1652,#1642,#1654,.T.);
#1652 = VERTEX_POINT('',#1653);
#1653 = CARTESIAN_POINT('',(-2.27999995864,-2.55999995356,0.));
#1654 = LINE('',#1655,#1656);
#1655 = CARTESIAN_POINT('',(-2.27999995864,-2.55999995356,0.));
#1656 = VECTOR('',#1657,1.);
#1657 = DIRECTION('',(0.,1.,0.));
#1658 = ORIENTED_EDGE('',*,*,#1659,.F.);
#1659 = EDGE_CURVE('',#1660,#1652,#1662,.T.);
#1660 = VERTEX_POINT('',#1661);
#1661 = CARTESIAN_POINT('',(-3.679999933243,-2.55999995356,0.));
#1662 = LINE('',#1663,#1664);
#1663 = CARTESIAN_POINT('',(-3.679999933243,-2.55999995356,0.));
#1664 = VECTOR('',#1665,1.);
#1665 = DIRECTION('',(1.,0.,0.));
#1666 = ORIENTED_EDGE('',*,*,#1667,.F.);
#1667 = EDGE_CURVE('',#1668,#1660,#1670,.T.);
#1668 = VERTEX_POINT('',#1669);
#1669 = CARTESIAN_POINT('',(-3.679999933243,-0.749999986395,0.));
#1670 = LINE('',#1671,#1672);
#1671 = CARTESIAN_POINT('',(-3.679999933243,2.55999995356,0.));
#1672 = VECTOR('',#1673,1.);
#1673 = DIRECTION('',(1.694065894509E-16,-1.,0.));
#1674 = ORIENTED_EDGE('',*,*,#1675,.T.);
#1675 = EDGE_CURVE('',#1668,#41,#1676,.T.);
#1676 = CIRCLE('',#1677,0.749999986395);
#1677 = AXIS2_PLACEMENT_3D('',#1678,#1679,#1680);
#1678 = CARTESIAN_POINT('',(-3.679999933243,8.67361722254E-16,0.));
#1679 = DIRECTION('',(0.,0.,1.));
#1680 = DIRECTION('',(1.,0.,-0.));
#1681 = ORIENTED_EDGE('',*,*,#48,.T.);
#1682 = ORIENTED_EDGE('',*,*,#1683,.F.);
#1683 = EDGE_CURVE('',#1644,#22,#1684,.T.);
#1684 = LINE('',#1685,#1686);
#1685 = CARTESIAN_POINT('',(-3.679999933243,2.55999995356,0.));
#1686 = VECTOR('',#1687,1.);
#1687 = DIRECTION('',(1.694065894509E-16,-1.,0.));
#1688 = PLANE('',#1689);
#1689 = AXIS2_PLACEMENT_3D('',#1690,#1691,#1692);
#1690 = CARTESIAN_POINT('',(0.,0.,0.));
#1691 = DIRECTION('',(0.,0.,1.));
#1692 = DIRECTION('',(1.,0.,-0.));
#1693 = ADVANCED_FACE('',(#1694),#1727,.T.);
#1694 = FACE_BOUND('',#1695,.T.);
#1695 = EDGE_LOOP('',(#1696,#1702,#1703,#1711,#1720,#1726));
#1696 = ORIENTED_EDGE('',*,*,#1697,.F.);
#1697 = EDGE_CURVE('',#1602,#1572,#1698,.T.);
#1698 = LINE('',#1699,#1700);
#1699 = CARTESIAN_POINT('',(2.27999995864,0.,0.49999999093));
#1700 = VECTOR('',#1701,1.);
#1701 = DIRECTION('',(0.,1.,0.));
#1702 = ORIENTED_EDGE('',*,*,#1627,.T.);
#1703 = ORIENTED_EDGE('',*,*,#1704,.T.);
#1704 = EDGE_CURVE('',#1620,#1705,#1707,.T.);
#1705 = VERTEX_POINT('',#1706);
#1706 = CARTESIAN_POINT('',(3.679999933243,-0.749999986395,0.49999999093
    ));
#1707 = LINE('',#1708,#1709);
#1708 = CARTESIAN_POINT('',(3.679999933243,2.55999995356,0.49999999093)
  );
#1709 = VECTOR('',#1710,1.);
#1710 = DIRECTION('',(-8.470329472543E-17,1.,0.));
#1711 = ORIENTED_EDGE('',*,*,#1712,.F.);
#1712 = EDGE_CURVE('',#1713,#1705,#1715,.T.);
#1713 = VERTEX_POINT('',#1714);
#1714 = CARTESIAN_POINT('',(3.679999933243,0.749999986395,0.49999999093)
  );
#1715 = CIRCLE('',#1716,0.749999986395);
#1716 = AXIS2_PLACEMENT_3D('',#1717,#1718,#1719);
#1717 = CARTESIAN_POINT('',(3.679999933243,8.67361722254E-16,
    0.49999999093));
#1718 = DIRECTION('',(0.,0.,1.));
#1719 = DIRECTION('',(-1.,0.,0.));
#1720 = ORIENTED_EDGE('',*,*,#1721,.T.);
#1721 = EDGE_CURVE('',#1713,#1580,#1722,.T.);
#1722 = LINE('',#1723,#1724);
#1723 = CARTESIAN_POINT('',(3.679999933243,2.55999995356,0.49999999093)
  );
#1724 = VECTOR('',#1725,1.);
#1725 = DIRECTION('',(-8.470329472543E-17,1.,0.));
#1726 = ORIENTED_EDGE('',*,*,#1579,.T.);
#1727 = PLANE('',#1728);
#1728 = AXIS2_PLACEMENT_3D('',#1729,#1730,#1731);
#1729 = CARTESIAN_POINT('',(0.,0.,0.49999999093));
#1730 = DIRECTION('',(0.,0.,1.));
#1731 = DIRECTION('',(1.,0.,-0.));
#1732 = ADVANCED_FACE('',(#1733),#1751,.F.);
#1733 = FACE_BOUND('',#1734,.T.);
#1734 = EDGE_LOOP('',(#1735,#1743,#1749,#1750));
#1735 = ORIENTED_EDGE('',*,*,#1736,.T.);
#1736 = EDGE_CURVE('',#1612,#1737,#1739,.T.);
#1737 = VERTEX_POINT('',#1738);
#1738 = CARTESIAN_POINT('',(3.679999933243,-0.749999986395,0.));
#1739 = LINE('',#1740,#1741);
#1740 = CARTESIAN_POINT('',(3.679999933243,2.55999995356,0.));
#1741 = VECTOR('',#1742,1.);
#1742 = DIRECTION('',(-8.470329472543E-17,1.,0.));
#1743 = ORIENTED_EDGE('',*,*,#1744,.T.);
#1744 = EDGE_CURVE('',#1737,#1705,#1745,.T.);
#1745 = LINE('',#1746,#1747);
#1746 = CARTESIAN_POINT('',(3.679999933243,-0.749999986395,
    -0.299999994558));
#1747 = VECTOR('',#1748,1.);
#1748 = DIRECTION('',(0.,0.,1.));
#1749 = ORIENTED_EDGE('',*,*,#1704,.F.);
#1750 = ORIENTED_EDGE('',*,*,#1619,.T.);
#1751 = PLANE('',#1752);
#1752 = AXIS2_PLACEMENT_3D('',#1753,#1754,#1755);
#1753 = CARTESIAN_POINT('',(3.679999933243,2.55999995356,0.49999999093)
  );
#1754 = DIRECTION('',(-1.,-8.470329472543E-17,0.));
#1755 = DIRECTION('',(8.470329472543E-17,-1.,0.));
#1756 = ADVANCED_FACE('',(#1757),#1775,.F.);
#1757 = FACE_BOUND('',#1758,.T.);
#1758 = EDGE_LOOP('',(#1759,#1760,#1761,#1769));
#1759 = ORIENTED_EDGE('',*,*,#1683,.T.);
#1760 = ORIENTED_EDGE('',*,*,#21,.T.);
#1761 = ORIENTED_EDGE('',*,*,#1762,.F.);
#1762 = EDGE_CURVE('',#1763,#24,#1765,.T.);
#1763 = VERTEX_POINT('',#1764);
#1764 = CARTESIAN_POINT('',(-3.679999933243,2.55999995356,0.49999999093)
  );
#1765 = LINE('',#1766,#1767);
#1766 = CARTESIAN_POINT('',(-3.679999933243,2.55999995356,0.49999999093)
  );
#1767 = VECTOR('',#1768,1.);
#1768 = DIRECTION('',(1.694065894509E-16,-1.,0.));
#1769 = ORIENTED_EDGE('',*,*,#1770,.T.);
#1770 = EDGE_CURVE('',#1763,#1644,#1771,.T.);
#1771 = LINE('',#1772,#1773);
#1772 = CARTESIAN_POINT('',(-3.679999933243,2.55999995356,0.49999999093)
  );
#1773 = VECTOR('',#1774,1.);
#1774 = DIRECTION('',(-0.,-0.,-1.));
#1775 = PLANE('',#1776);
#1776 = AXIS2_PLACEMENT_3D('',#1777,#1778,#1779);
#1777 = CARTESIAN_POINT('',(-3.679999933243,2.55999995356,0.49999999093)
  );
#1778 = DIRECTION('',(1.,1.694065894509E-16,0.));
#1779 = DIRECTION('',(-1.694065894509E-16,1.,0.));
#1780 = ADVANCED_FACE('',(#1781),#1799,.F.);
#1781 = FACE_BOUND('',#1782,.T.);
#1782 = EDGE_LOOP('',(#1783,#1784,#1792,#1798));
#1783 = ORIENTED_EDGE('',*,*,#1721,.F.);
#1784 = ORIENTED_EDGE('',*,*,#1785,.T.);
#1785 = EDGE_CURVE('',#1713,#1786,#1788,.T.);
#1786 = VERTEX_POINT('',#1787);
#1787 = CARTESIAN_POINT('',(3.679999933243,0.749999986395,0.));
#1788 = LINE('',#1789,#1790);
#1789 = CARTESIAN_POINT('',(3.679999933243,0.749999986395,
    -0.299999994558));
#1790 = VECTOR('',#1791,1.);
#1791 = DIRECTION('',(0.,0.,-1.));
#1792 = ORIENTED_EDGE('',*,*,#1793,.T.);
#1793 = EDGE_CURVE('',#1786,#1562,#1794,.T.);
#1794 = LINE('',#1795,#1796);
#1795 = CARTESIAN_POINT('',(3.679999933243,2.55999995356,0.));
#1796 = VECTOR('',#1797,1.);
#1797 = DIRECTION('',(-8.470329472543E-17,1.,0.));
#1798 = ORIENTED_EDGE('',*,*,#1587,.F.);
#1799 = PLANE('',#1800);
#1800 = AXIS2_PLACEMENT_3D('',#1801,#1802,#1803);
#1801 = CARTESIAN_POINT('',(3.679999933243,2.55999995356,0.49999999093)
  );
#1802 = DIRECTION('',(-1.,-8.470329472543E-17,0.));
#1803 = DIRECTION('',(8.470329472543E-17,-1.,0.));
#1804 = ADVANCED_FACE('',(#1805),#1823,.F.);
#1805 = FACE_BOUND('',#1806,.T.);
#1806 = EDGE_LOOP('',(#1807,#1815,#1816,#1817));
#1807 = ORIENTED_EDGE('',*,*,#1808,.T.);
#1808 = EDGE_CURVE('',#1809,#1642,#1811,.T.);
#1809 = VERTEX_POINT('',#1810);
#1810 = CARTESIAN_POINT('',(-2.27999995864,2.55999995356,0.49999999093)
  );
#1811 = LINE('',#1812,#1813);
#1812 = CARTESIAN_POINT('',(-2.27999995864,2.55999995356,0.49999999093)
  );
#1813 = VECTOR('',#1814,1.);
#1814 = DIRECTION('',(0.,0.,-1.));
#1815 = ORIENTED_EDGE('',*,*,#1641,.T.);
#1816 = ORIENTED_EDGE('',*,*,#1770,.F.);
#1817 = ORIENTED_EDGE('',*,*,#1818,.F.);
#1818 = EDGE_CURVE('',#1809,#1763,#1819,.T.);
#1819 = LINE('',#1820,#1821);
#1820 = CARTESIAN_POINT('',(-3.679999933243,2.55999995356,0.49999999093)
  );
#1821 = VECTOR('',#1822,1.);
#1822 = DIRECTION('',(-1.,-0.,-0.));
#1823 = PLANE('',#1824);
#1824 = AXIS2_PLACEMENT_3D('',#1825,#1826,#1827);
#1825 = CARTESIAN_POINT('',(-3.679999933243,2.55999995356,0.49999999093)
  );
#1826 = DIRECTION('',(0.,-1.,0.));
#1827 = DIRECTION('',(0.,0.,-1.));
#1828 = ADVANCED_FACE('',(#1829),#1854,.F.);
#1829 = FACE_BOUND('',#1830,.T.);
#1830 = EDGE_LOOP('',(#1831,#1841,#1847,#1848));
#1831 = ORIENTED_EDGE('',*,*,#1832,.F.);
#1832 = EDGE_CURVE('',#1833,#1835,#1837,.T.);
#1833 = VERTEX_POINT('',#1834);
#1834 = CARTESIAN_POINT('',(-3.679999933243,-0.749999986395,
    0.49999999093));
#1835 = VERTEX_POINT('',#1836);
#1836 = CARTESIAN_POINT('',(-3.679999933243,-2.55999995356,0.49999999093
    ));
#1837 = LINE('',#1838,#1839);
#1838 = CARTESIAN_POINT('',(-3.679999933243,2.55999995356,0.49999999093)
  );
#1839 = VECTOR('',#1840,1.);
#1840 = DIRECTION('',(1.694065894509E-16,-1.,0.));
#1841 = ORIENTED_EDGE('',*,*,#1842,.T.);
#1842 = EDGE_CURVE('',#1833,#1668,#1843,.T.);
#1843 = LINE('',#1844,#1845);
#1844 = CARTESIAN_POINT('',(-3.679999933243,-0.749999986395,
    -0.299999994558));
#1845 = VECTOR('',#1846,1.);
#1846 = DIRECTION('',(0.,0.,-1.));
#1847 = ORIENTED_EDGE('',*,*,#1667,.T.);
#1848 = ORIENTED_EDGE('',*,*,#1849,.F.);
#1849 = EDGE_CURVE('',#1835,#1660,#1850,.T.);
#1850 = LINE('',#1851,#1852);
#1851 = CARTESIAN_POINT('',(-3.679999933243,-2.55999995356,0.49999999093
    ));
#1852 = VECTOR('',#1853,1.);
#1853 = DIRECTION('',(-0.,-0.,-1.));
#1854 = PLANE('',#1855);
#1855 = AXIS2_PLACEMENT_3D('',#1856,#1857,#1858);
#1856 = CARTESIAN_POINT('',(-3.679999933243,2.55999995356,0.49999999093)
  );
#1857 = DIRECTION('',(1.,1.694065894509E-16,0.));
#1858 = DIRECTION('',(-1.694065894509E-16,1.,0.));
#1859 = ADVANCED_FACE('',(#1860),#1878,.F.);
#1860 = FACE_BOUND('',#1861,.T.);
#1861 = EDGE_LOOP('',(#1862,#1863,#1871,#1877));
#1862 = ORIENTED_EDGE('',*,*,#1659,.T.);
#1863 = ORIENTED_EDGE('',*,*,#1864,.T.);
#1864 = EDGE_CURVE('',#1652,#1865,#1867,.T.);
#1865 = VERTEX_POINT('',#1866);
#1866 = CARTESIAN_POINT('',(-2.27999995864,-2.55999995356,0.49999999093)
  );
#1867 = LINE('',#1868,#1869);
#1868 = CARTESIAN_POINT('',(-2.27999995864,-2.55999995356,0.49999999093)
  );
#1869 = VECTOR('',#1870,1.);
#1870 = DIRECTION('',(0.,0.,1.));
#1871 = ORIENTED_EDGE('',*,*,#1872,.F.);
#1872 = EDGE_CURVE('',#1835,#1865,#1873,.T.);
#1873 = LINE('',#1874,#1875);
#1874 = CARTESIAN_POINT('',(-3.679999933243,-2.55999995356,0.49999999093
    ));
#1875 = VECTOR('',#1876,1.);
#1876 = DIRECTION('',(1.,0.,0.));
#1877 = ORIENTED_EDGE('',*,*,#1849,.T.);
#1878 = PLANE('',#1879);
#1879 = AXIS2_PLACEMENT_3D('',#1880,#1881,#1882);
#1880 = CARTESIAN_POINT('',(-3.679999933243,-2.55999995356,0.49999999093
    ));
#1881 = DIRECTION('',(0.,1.,0.));
#1882 = DIRECTION('',(0.,-0.,1.));
#1883 = ADVANCED_FACE('',(#1884),#1904,.T.);
#1884 = FACE_BOUND('',#1885,.T.);
#1885 = EDGE_LOOP('',(#1886,#1892,#1893,#1894,#1895,#1902,#1903));
#1886 = ORIENTED_EDGE('',*,*,#1887,.F.);
#1887 = EDGE_CURVE('',#1809,#1865,#1888,.T.);
#1888 = LINE('',#1889,#1890);
#1889 = CARTESIAN_POINT('',(-2.27999995864,0.,0.49999999093));
#1890 = VECTOR('',#1891,1.);
#1891 = DIRECTION('',(0.,-1.,0.));
#1892 = ORIENTED_EDGE('',*,*,#1818,.T.);
#1893 = ORIENTED_EDGE('',*,*,#1762,.T.);
#1894 = ORIENTED_EDGE('',*,*,#31,.F.);
#1895 = ORIENTED_EDGE('',*,*,#1896,.F.);
#1896 = EDGE_CURVE('',#1833,#32,#1897,.T.);
#1897 = CIRCLE('',#1898,0.749999986395);
#1898 = AXIS2_PLACEMENT_3D('',#1899,#1900,#1901);
#1899 = CARTESIAN_POINT('',(-3.679999933243,8.67361722254E-16,
    0.49999999093));
#1900 = DIRECTION('',(0.,0.,1.));
#1901 = DIRECTION('',(1.,0.,-0.));
#1902 = ORIENTED_EDGE('',*,*,#1832,.T.);
#1903 = ORIENTED_EDGE('',*,*,#1872,.T.);
#1904 = PLANE('',#1905);
#1905 = AXIS2_PLACEMENT_3D('',#1906,#1907,#1908);
#1906 = CARTESIAN_POINT('',(0.,0.,0.49999999093));
#1907 = DIRECTION('',(0.,0.,1.));
#1908 = DIRECTION('',(1.,0.,-0.));
#1909 = ADVANCED_FACE('',(#1910),#1929,.F.);
#1910 = FACE_BOUND('',#1911,.T.);
#1911 = EDGE_LOOP('',(#1912,#1913,#1919,#1920,#1921,#1928));
#1912 = ORIENTED_EDGE('',*,*,#1611,.F.);
#1913 = ORIENTED_EDGE('',*,*,#1914,.F.);
#1914 = EDGE_CURVE('',#1564,#1604,#1915,.T.);
#1915 = LINE('',#1916,#1917);
#1916 = CARTESIAN_POINT('',(2.27999995864,2.55999995356,0.));
#1917 = VECTOR('',#1918,1.);
#1918 = DIRECTION('',(0.,-1.,0.));
#1919 = ORIENTED_EDGE('',*,*,#1561,.F.);
#1920 = ORIENTED_EDGE('',*,*,#1793,.F.);
#1921 = ORIENTED_EDGE('',*,*,#1922,.T.);
#1922 = EDGE_CURVE('',#1786,#1737,#1923,.T.);
#1923 = CIRCLE('',#1924,0.749999986395);
#1924 = AXIS2_PLACEMENT_3D('',#1925,#1926,#1927);
#1925 = CARTESIAN_POINT('',(3.679999933243,8.67361722254E-16,0.));
#1926 = DIRECTION('',(0.,0.,1.));
#1927 = DIRECTION('',(1.,0.,-0.));
#1928 = ORIENTED_EDGE('',*,*,#1736,.F.);
#1929 = PLANE('',#1930);
#1930 = AXIS2_PLACEMENT_3D('',#1931,#1932,#1933);
#1931 = CARTESIAN_POINT('',(0.,0.,0.));
#1932 = DIRECTION('',(0.,0.,1.));
#1933 = DIRECTION('',(1.,0.,-0.));
#1934 = ADVANCED_FACE('',(#1935),#1941,.F.);
#1935 = FACE_BOUND('',#1936,.F.);
#1936 = EDGE_LOOP('',(#1937,#1938,#1939,#1940));
#1937 = ORIENTED_EDGE('',*,*,#1744,.T.);
#1938 = ORIENTED_EDGE('',*,*,#1712,.F.);
#1939 = ORIENTED_EDGE('',*,*,#1785,.T.);
#1940 = ORIENTED_EDGE('',*,*,#1922,.T.);
#1941 = CYLINDRICAL_SURFACE('',#1942,0.749999986395);
#1942 = AXIS2_PLACEMENT_3D('',#1943,#1944,#1945);
#1943 = CARTESIAN_POINT('',(3.679999933243,8.67361722254E-16,
    -0.299999994558));
#1944 = DIRECTION('',(0.,0.,1.));
#1945 = DIRECTION('',(1.,0.,-0.));
#1946 = ADVANCED_FACE('',(#1947),#1953,.F.);
#1947 = FACE_BOUND('',#1948,.F.);
#1948 = EDGE_LOOP('',(#1949,#1950,#1951,#1952));
#1949 = ORIENTED_EDGE('',*,*,#1896,.F.);
#1950 = ORIENTED_EDGE('',*,*,#1842,.T.);
#1951 = ORIENTED_EDGE('',*,*,#1675,.T.);
#1952 = ORIENTED_EDGE('',*,*,#40,.T.);
#1953 = CYLINDRICAL_SURFACE('',#1954,0.749999986395);
#1954 = AXIS2_PLACEMENT_3D('',#1955,#1956,#1957);
#1955 = CARTESIAN_POINT('',(-3.679999933243,8.67361722254E-16,
    -0.299999994558));
#1956 = DIRECTION('',(0.,0.,1.));
#1957 = DIRECTION('',(1.,0.,-0.));
#1958 = ADVANCED_FACE('',(#1959,#1984),#1990,.F.);
#1959 = FACE_BOUND('',#1960,.T.);
#1960 = EDGE_LOOP('',(#1961,#1969,#1970,#1978));
#1961 = ORIENTED_EDGE('',*,*,#1962,.F.);
#1962 = EDGE_CURVE('',#539,#1963,#1965,.T.);
#1963 = VERTEX_POINT('',#1964);
#1964 = CARTESIAN_POINT('',(2.27999995864,2.539999953923,
    9.999999818595E-03));
#1965 = LINE('',#1966,#1967);
#1966 = CARTESIAN_POINT('',(2.27999995864,2.539999953923,0.49999999093)
  );
#1967 = VECTOR('',#1968,1.);
#1968 = DIRECTION('',(-0.,-0.,-1.));
#1969 = ORIENTED_EDGE('',*,*,#536,.F.);
#1970 = ORIENTED_EDGE('',*,*,#1971,.T.);
#1971 = EDGE_CURVE('',#537,#1972,#1974,.T.);
#1972 = VERTEX_POINT('',#1973);
#1973 = CARTESIAN_POINT('',(2.27999995864,-2.539999953923,
    9.999999818595E-03));
#1974 = LINE('',#1975,#1976);
#1975 = CARTESIAN_POINT('',(2.27999995864,-2.539999953923,0.49999999093)
  );
#1976 = VECTOR('',#1977,1.);
#1977 = DIRECTION('',(-0.,-0.,-1.));
#1978 = ORIENTED_EDGE('',*,*,#1979,.F.);
#1979 = EDGE_CURVE('',#1963,#1972,#1980,.T.);
#1980 = LINE('',#1981,#1982);
#1981 = CARTESIAN_POINT('',(2.27999995864,2.55999995356,
    9.999999818595E-03));
#1982 = VECTOR('',#1983,1.);
#1983 = DIRECTION('',(0.,-1.,0.));
#1984 = FACE_BOUND('',#1985,.T.);
#1985 = EDGE_LOOP('',(#1986,#1987,#1988,#1989));
#1986 = ORIENTED_EDGE('',*,*,#1697,.T.);
#1987 = ORIENTED_EDGE('',*,*,#1571,.F.);
#1988 = ORIENTED_EDGE('',*,*,#1914,.T.);
#1989 = ORIENTED_EDGE('',*,*,#1601,.F.);
#1990 = PLANE('',#1991);
#1991 = AXIS2_PLACEMENT_3D('',#1992,#1993,#1994);
#1992 = CARTESIAN_POINT('',(2.27999995864,-2.876002277209,0.489999991111
    ));
#1993 = DIRECTION('',(1.,0.,0.));
#1994 = DIRECTION('',(0.,0.,-1.));
#1995 = ADVANCED_FACE('',(#1996,#2021),#2027,.F.);
#1996 = FACE_BOUND('',#1997,.T.);
#1997 = EDGE_LOOP('',(#1998,#1999,#2007,#2015));
#1998 = ORIENTED_EDGE('',*,*,#554,.F.);
#1999 = ORIENTED_EDGE('',*,*,#2000,.T.);
#2000 = EDGE_CURVE('',#547,#2001,#2003,.T.);
#2001 = VERTEX_POINT('',#2002);
#2002 = CARTESIAN_POINT('',(-2.27999995864,2.539999953923,
    9.999999818595E-03));
#2003 = LINE('',#2004,#2005);
#2004 = CARTESIAN_POINT('',(-2.27999995864,2.539999953923,0.49999999093)
  );
#2005 = VECTOR('',#2006,1.);
#2006 = DIRECTION('',(-0.,-0.,-1.));
#2007 = ORIENTED_EDGE('',*,*,#2008,.F.);
#2008 = EDGE_CURVE('',#2009,#2001,#2011,.T.);
#2009 = VERTEX_POINT('',#2010);
#2010 = CARTESIAN_POINT('',(-2.27999995864,-2.539999953923,
    9.999999818595E-03));
#2011 = LINE('',#2012,#2013);
#2012 = CARTESIAN_POINT('',(-2.27999995864,-2.55999995356,
    9.999999818595E-03));
#2013 = VECTOR('',#2014,1.);
#2014 = DIRECTION('',(0.,1.,0.));
#2015 = ORIENTED_EDGE('',*,*,#2016,.F.);
#2016 = EDGE_CURVE('',#555,#2009,#2017,.T.);
#2017 = LINE('',#2018,#2019);
#2018 = CARTESIAN_POINT('',(-2.27999995864,-2.539999953923,0.49999999093
    ));
#2019 = VECTOR('',#2020,1.);
#2020 = DIRECTION('',(-0.,-0.,-1.));
#2021 = FACE_BOUND('',#2022,.T.);
#2022 = EDGE_LOOP('',(#2023,#2024,#2025,#2026));
#2023 = ORIENTED_EDGE('',*,*,#1651,.T.);
#2024 = ORIENTED_EDGE('',*,*,#1808,.F.);
#2025 = ORIENTED_EDGE('',*,*,#1887,.T.);
#2026 = ORIENTED_EDGE('',*,*,#1864,.F.);
#2027 = PLANE('',#2028);
#2028 = AXIS2_PLACEMENT_3D('',#2029,#2030,#2031);
#2029 = CARTESIAN_POINT('',(-2.27999995864,-2.876002277209,
    0.489999991111));
#2030 = DIRECTION('',(-1.,0.,0.));
#2031 = DIRECTION('',(0.,0.,1.));
#2032 = ADVANCED_FACE('',(#2033),#2049,.T.);
#2033 = FACE_BOUND('',#2034,.T.);
#2034 = EDGE_LOOP('',(#2035,#2041,#2042,#2048));
#2035 = ORIENTED_EDGE('',*,*,#2036,.F.);
#2036 = EDGE_CURVE('',#1963,#2001,#2037,.T.);
#2037 = LINE('',#2038,#2039);
#2038 = CARTESIAN_POINT('',(2.27999995864,2.539999953923,
    9.999999818595E-03));
#2039 = VECTOR('',#2040,1.);
#2040 = DIRECTION('',(-1.,9.51054537268E-17,0.));
#2041 = ORIENTED_EDGE('',*,*,#1979,.T.);
#2042 = ORIENTED_EDGE('',*,*,#2043,.F.);
#2043 = EDGE_CURVE('',#2009,#1972,#2044,.T.);
#2044 = LINE('',#2045,#2046);
#2045 = CARTESIAN_POINT('',(2.27999995864,-2.539999953923,
    9.999999818595E-03));
#2046 = VECTOR('',#2047,1.);
#2047 = DIRECTION('',(1.,9.51054537268E-17,0.));
#2048 = ORIENTED_EDGE('',*,*,#2008,.T.);
#2049 = PLANE('',#2050);
#2050 = AXIS2_PLACEMENT_3D('',#2051,#2052,#2053);
#2051 = CARTESIAN_POINT('',(0.,0.,9.999999818595E-03));
#2052 = DIRECTION('',(0.,0.,-1.));
#2053 = DIRECTION('',(-1.,0.,0.));
#2054 = ADVANCED_FACE('',(#2055),#2061,.F.);
#2055 = FACE_BOUND('',#2056,.T.);
#2056 = EDGE_LOOP('',(#2057,#2058,#2059,#2060));
#2057 = ORIENTED_EDGE('',*,*,#2016,.T.);
#2058 = ORIENTED_EDGE('',*,*,#2043,.T.);
#2059 = ORIENTED_EDGE('',*,*,#1971,.F.);
#2060 = ORIENTED_EDGE('',*,*,#562,.F.);
#2061 = PLANE('',#2062);
#2062 = AXIS2_PLACEMENT_3D('',#2063,#2064,#2065);
#2063 = CARTESIAN_POINT('',(2.27999995864,-2.539999953923,0.49999999093)
  );
#2064 = DIRECTION('',(-9.51054537268E-17,1.,0.));
#2065 = DIRECTION('',(-1.,-9.51054537268E-17,0.));
#2066 = ADVANCED_FACE('',(#2067),#2073,.F.);
#2067 = FACE_BOUND('',#2068,.T.);
#2068 = EDGE_LOOP('',(#2069,#2070,#2071,#2072));
#2069 = ORIENTED_EDGE('',*,*,#1962,.T.);
#2070 = ORIENTED_EDGE('',*,*,#2036,.T.);
#2071 = ORIENTED_EDGE('',*,*,#2000,.F.);
#2072 = ORIENTED_EDGE('',*,*,#546,.F.);
#2073 = PLANE('',#2074);
#2074 = AXIS2_PLACEMENT_3D('',#2075,#2076,#2077);
#2075 = CARTESIAN_POINT('',(2.27999995864,2.539999953923,0.49999999093)
  );
#2076 = DIRECTION('',(-9.51054537268E-17,-1.,0.));
#2077 = DIRECTION('',(1.,-9.51054537268E-17,0.));
#2078 = ADVANCED_FACE('',(#2079),#2104,.F.);
#2079 = FACE_BOUND('',#2080,.T.);
#2080 = EDGE_LOOP('',(#2081,#2082,#2090,#2098));
#2081 = ORIENTED_EDGE('',*,*,#570,.T.);
#2082 = ORIENTED_EDGE('',*,*,#2083,.F.);
#2083 = EDGE_CURVE('',#2084,#573,#2086,.T.);
#2084 = VERTEX_POINT('',#2085);
#2085 = CARTESIAN_POINT('',(1.042122800197,-1.790449824714,
    0.490999991093));
#2086 = LINE('',#2087,#2088);
#2087 = CARTESIAN_POINT('',(1.042122800197,-1.790449824714,
    0.490999991093));
#2088 = VECTOR('',#2089,1.);
#2089 = DIRECTION('',(-0.,-0.,-1.));
#2090 = ORIENTED_EDGE('',*,*,#2091,.F.);
#2091 = EDGE_CURVE('',#2092,#2084,#2094,.T.);
#2092 = VERTEX_POINT('',#2093);
#2093 = CARTESIAN_POINT('',(1.042122800197,-1.813636425827,
    0.490999991093));
#2094 = LINE('',#2095,#2096);
#2095 = CARTESIAN_POINT('',(1.042122800197,-1.790449824714,
    0.490999991093));
#2096 = VECTOR('',#2097,1.);
#2097 = DIRECTION('',(0.,1.,0.));
#2098 = ORIENTED_EDGE('',*,*,#2099,.T.);
#2099 = EDGE_CURVE('',#2092,#571,#2100,.T.);
#2100 = LINE('',#2101,#2102);
#2101 = CARTESIAN_POINT('',(1.042122800197,-1.813636425827,
    0.490999991093));
#2102 = VECTOR('',#2103,1.);
#2103 = DIRECTION('',(-0.,-0.,-1.));
#2104 = PLANE('',#2105);
#2105 = AXIS2_PLACEMENT_3D('',#2106,#2107,#2108);
#2106 = CARTESIAN_POINT('',(1.042122800197,-1.790449824714,
    0.490999991093));
#2107 = DIRECTION('',(-1.,0.,0.));
#2108 = DIRECTION('',(0.,0.,1.));
#2109 = ADVANCED_FACE('',(#2110),#2128,.F.);
#2110 = FACE_BOUND('',#2111,.T.);
#2111 = EDGE_LOOP('',(#2112,#2113,#2121,#2127));
#2112 = ORIENTED_EDGE('',*,*,#612,.T.);
#2113 = ORIENTED_EDGE('',*,*,#2114,.F.);
#2114 = EDGE_CURVE('',#2115,#605,#2117,.T.);
#2115 = VERTEX_POINT('',#2116);
#2116 = CARTESIAN_POINT('',(0.961125659985,-1.790449824714,
    0.490999991093));
#2117 = LINE('',#2118,#2119);
#2118 = CARTESIAN_POINT('',(0.961125659985,-1.790449824714,
    0.490999991093));
#2119 = VECTOR('',#2120,1.);
#2120 = DIRECTION('',(-0.,-0.,-1.));
#2121 = ORIENTED_EDGE('',*,*,#2122,.F.);
#2122 = EDGE_CURVE('',#2084,#2115,#2123,.T.);
#2123 = LINE('',#2124,#2125);
#2124 = CARTESIAN_POINT('',(0.961125659985,-1.790449824714,
    0.490999991093));
#2125 = VECTOR('',#2126,1.);
#2126 = DIRECTION('',(-1.,-0.,-0.));
#2127 = ORIENTED_EDGE('',*,*,#2083,.T.);
#2128 = PLANE('',#2129);
#2129 = AXIS2_PLACEMENT_3D('',#2130,#2131,#2132);
#2130 = CARTESIAN_POINT('',(0.961125659985,-1.790449824714,
    0.490999991093));
#2131 = DIRECTION('',(0.,-1.,0.));
#2132 = DIRECTION('',(0.,0.,-1.));
#2133 = ADVANCED_FACE('',(#2134),#2152,.F.);
#2134 = FACE_BOUND('',#2135,.T.);
#2135 = EDGE_LOOP('',(#2136,#2137,#2145,#2151));
#2136 = ORIENTED_EDGE('',*,*,#604,.T.);
#2137 = ORIENTED_EDGE('',*,*,#2138,.F.);
#2138 = EDGE_CURVE('',#2139,#597,#2141,.T.);
#2139 = VERTEX_POINT('',#2140);
#2140 = CARTESIAN_POINT('',(0.961125659985,-1.610259781085,
    0.490999991093));
#2141 = LINE('',#2142,#2143);
#2142 = CARTESIAN_POINT('',(0.961125659985,-1.610259781085,
    0.490999991093));
#2143 = VECTOR('',#2144,1.);
#2144 = DIRECTION('',(-0.,-0.,-1.));
#2145 = ORIENTED_EDGE('',*,*,#2146,.F.);
#2146 = EDGE_CURVE('',#2115,#2139,#2147,.T.);
#2147 = LINE('',#2148,#2149);
#2148 = CARTESIAN_POINT('',(0.961125659985,-1.610259781085,
    0.490999991093));
#2149 = VECTOR('',#2150,1.);
#2150 = DIRECTION('',(0.,1.,0.));
#2151 = ORIENTED_EDGE('',*,*,#2114,.T.);
#2152 = PLANE('',#2153);
#2153 = AXIS2_PLACEMENT_3D('',#2154,#2155,#2156);
#2154 = CARTESIAN_POINT('',(0.961125659985,-1.610259781085,
    0.490999991093));
#2155 = DIRECTION('',(-1.,0.,0.));
#2156 = DIRECTION('',(0.,0.,1.));
#2157 = ADVANCED_FACE('',(#2158),#2176,.F.);
#2158 = FACE_BOUND('',#2159,.T.);
#2159 = EDGE_LOOP('',(#2160,#2161,#2169,#2175));
#2160 = ORIENTED_EDGE('',*,*,#596,.T.);
#2161 = ORIENTED_EDGE('',*,*,#2162,.F.);
#2162 = EDGE_CURVE('',#2163,#589,#2165,.T.);
#2163 = VERTEX_POINT('',#2164);
#2164 = CARTESIAN_POINT('',(0.934871773074,-1.610259781085,
    0.490999991093));
#2165 = LINE('',#2166,#2167);
#2166 = CARTESIAN_POINT('',(0.934871773074,-1.610259781085,
    0.490999991093));
#2167 = VECTOR('',#2168,1.);
#2168 = DIRECTION('',(-0.,-0.,-1.));
#2169 = ORIENTED_EDGE('',*,*,#2170,.F.);
#2170 = EDGE_CURVE('',#2139,#2163,#2171,.T.);
#2171 = LINE('',#2172,#2173);
#2172 = CARTESIAN_POINT('',(0.934871773074,-1.610259781085,
    0.490999991093));
#2173 = VECTOR('',#2174,1.);
#2174 = DIRECTION('',(-1.,-0.,-0.));
#2175 = ORIENTED_EDGE('',*,*,#2138,.T.);
#2176 = PLANE('',#2177);
#2177 = AXIS2_PLACEMENT_3D('',#2178,#2179,#2180);
#2178 = CARTESIAN_POINT('',(0.934871773074,-1.610259781085,
    0.490999991093));
#2179 = DIRECTION('',(0.,-1.,0.));
#2180 = DIRECTION('',(0.,0.,-1.));
#2181 = ADVANCED_FACE('',(#2182),#2200,.F.);
#2182 = FACE_BOUND('',#2183,.T.);
#2183 = EDGE_LOOP('',(#2184,#2185,#2193,#2199));
#2184 = ORIENTED_EDGE('',*,*,#588,.T.);
#2185 = ORIENTED_EDGE('',*,*,#2186,.F.);
#2186 = EDGE_CURVE('',#2187,#581,#2189,.T.);
#2187 = VERTEX_POINT('',#2188);
#2188 = CARTESIAN_POINT('',(0.934871773074,-1.813636425827,
    0.490999991093));
#2189 = LINE('',#2190,#2191);
#2190 = CARTESIAN_POINT('',(0.934871773074,-1.813636425827,
    0.490999991093));
#2191 = VECTOR('',#2192,1.);
#2192 = DIRECTION('',(-0.,-0.,-1.));
#2193 = ORIENTED_EDGE('',*,*,#2194,.F.);
#2194 = EDGE_CURVE('',#2163,#2187,#2195,.T.);
#2195 = LINE('',#2196,#2197);
#2196 = CARTESIAN_POINT('',(0.934871773074,-1.813636425827,
    0.490999991093));
#2197 = VECTOR('',#2198,1.);
#2198 = DIRECTION('',(-0.,-1.,-0.));
#2199 = ORIENTED_EDGE('',*,*,#2162,.T.);
#2200 = PLANE('',#2201);
#2201 = AXIS2_PLACEMENT_3D('',#2202,#2203,#2204);
#2202 = CARTESIAN_POINT('',(0.934871773074,-1.813636425827,
    0.490999991093));
#2203 = DIRECTION('',(1.,0.,0.));
#2204 = DIRECTION('',(0.,0.,-1.));
#2205 = ADVANCED_FACE('',(#2206),#2217,.F.);
#2206 = FACE_BOUND('',#2207,.T.);
#2207 = EDGE_LOOP('',(#2208,#2209,#2210,#2216));
#2208 = ORIENTED_EDGE('',*,*,#580,.T.);
#2209 = ORIENTED_EDGE('',*,*,#2099,.F.);
#2210 = ORIENTED_EDGE('',*,*,#2211,.F.);
#2211 = EDGE_CURVE('',#2187,#2092,#2212,.T.);
#2212 = LINE('',#2213,#2214);
#2213 = CARTESIAN_POINT('',(1.042122800197,-1.813636425827,
    0.490999991093));
#2214 = VECTOR('',#2215,1.);
#2215 = DIRECTION('',(1.,0.,0.));
#2216 = ORIENTED_EDGE('',*,*,#2186,.T.);
#2217 = PLANE('',#2218);
#2218 = AXIS2_PLACEMENT_3D('',#2219,#2220,#2221);
#2219 = CARTESIAN_POINT('',(1.042122800197,-1.813636425827,
    0.490999991093));
#2220 = DIRECTION('',(0.,1.,0.));
#2221 = DIRECTION('',(0.,-0.,1.));
#2222 = ADVANCED_FACE('',(#2223),#2231,.F.);
#2223 = FACE_BOUND('',#2224,.T.);
#2224 = EDGE_LOOP('',(#2225,#2226,#2227,#2228,#2229,#2230));
#2225 = ORIENTED_EDGE('',*,*,#2091,.T.);
#2226 = ORIENTED_EDGE('',*,*,#2122,.T.);
#2227 = ORIENTED_EDGE('',*,*,#2146,.T.);
#2228 = ORIENTED_EDGE('',*,*,#2170,.T.);
#2229 = ORIENTED_EDGE('',*,*,#2194,.T.);
#2230 = ORIENTED_EDGE('',*,*,#2211,.T.);
#2231 = PLANE('',#2232);
#2232 = AXIS2_PLACEMENT_3D('',#2233,#2234,#2235);
#2233 = CARTESIAN_POINT('',(0.,0.,0.490999991093));
#2234 = DIRECTION('',(0.,0.,-1.));
#2235 = DIRECTION('',(-1.,0.,0.));
#2236 = ADVANCED_FACE('',(#2237),#2263,.F.);
#2237 = FACE_BOUND('',#2238,.F.);
#2238 = EDGE_LOOP('',(#2239,#2247,#2256,#2262));
#2239 = ORIENTED_EDGE('',*,*,#2240,.F.);
#2240 = EDGE_CURVE('',#2241,#411,#2243,.T.);
#2241 = VERTEX_POINT('',#2242);
#2242 = CARTESIAN_POINT('',(1.146410517312,-1.817067626889,
    0.490999991093));
#2243 = LINE('',#2244,#2245);
#2244 = CARTESIAN_POINT('',(1.146410517312,-1.817067626889,
    0.490999991093));
#2245 = VECTOR('',#2246,1.);
#2246 = DIRECTION('',(-0.,-0.,-1.));
#2247 = ORIENTED_EDGE('',*,*,#2248,.T.);
#2248 = EDGE_CURVE('',#2241,#2249,#2251,.T.);
#2249 = VERTEX_POINT('',#2250);
#2250 = CARTESIAN_POINT('',(1.202713407459,-1.805214386858,
    0.490999991093));
#2251 = B_SPLINE_CURVE_WITH_KNOTS('',3,(#2252,#2253,#2254,#2255),
  .UNSPECIFIED.,.F.,.F.,(4,4),(0.,1.),.PIECEWISE_BEZIER_KNOTS.);
#2252 = CARTESIAN_POINT('',(1.146410517312,-1.817067626889,
    0.490999991093));
#2253 = CARTESIAN_POINT('',(1.168973263687,-1.817067626889,
    0.490999991093));
#2254 = CARTESIAN_POINT('',(1.187740893736,-1.813116546879,
    0.490999991093));
#2255 = CARTESIAN_POINT('',(1.202713407459,-1.805214386858,
    0.490999991093));
#2256 = ORIENTED_EDGE('',*,*,#2257,.T.);
#2257 = EDGE_CURVE('',#2249,#413,#2258,.T.);
#2258 = LINE('',#2259,#2260);
#2259 = CARTESIAN_POINT('',(1.202713407459,-1.805214386858,
    0.490999991093));
#2260 = VECTOR('',#2261,1.);
#2261 = DIRECTION('',(-0.,-0.,-1.));
#2262 = ORIENTED_EDGE('',*,*,#410,.F.);
#2263 = B_SPLINE_SURFACE_WITH_KNOTS('',3,1,(
    (#2264,#2265)
    ,(#2266,#2267)
    ,(#2268,#2269)
    ,(#2270,#2271
    )),.UNSPECIFIED.,.F.,.F.,.F.,(4,4),(2,2),(0.,1.),(0.,1.),
  .PIECEWISE_BEZIER_KNOTS.);
#2264 = CARTESIAN_POINT('',(1.146410517312,-1.817067626889,
    0.490999991093));
#2265 = CARTESIAN_POINT('',(1.146410517312,-1.817067626889,
    0.489999991111));
#2266 = CARTESIAN_POINT('',(1.168973263687,-1.817067626889,
    0.490999991093));
#2267 = CARTESIAN_POINT('',(1.168973263687,-1.817067626889,
    0.489999991111));
#2268 = CARTESIAN_POINT('',(1.187740893736,-1.813116546879,
    0.490999991093));
#2269 = CARTESIAN_POINT('',(1.187740893736,-1.813116546879,
    0.489999991111));
#2270 = CARTESIAN_POINT('',(1.202713407459,-1.805214386858,
    0.490999991093));
#2271 = CARTESIAN_POINT('',(1.202713407459,-1.805214386858,
    0.489999991111));
#2272 = ADVANCED_FACE('',(#2273),#2291,.F.);
#2273 = FACE_BOUND('',#2274,.T.);
#2274 = EDGE_LOOP('',(#2275,#2276,#2284,#2290));
#2275 = ORIENTED_EDGE('',*,*,#528,.T.);
#2276 = ORIENTED_EDGE('',*,*,#2277,.F.);
#2277 = EDGE_CURVE('',#2278,#520,#2280,.T.);
#2278 = VERTEX_POINT('',#2279);
#2279 = CARTESIAN_POINT('',(1.202713407459,-1.780052245739,
    0.490999991093));
#2280 = LINE('',#2281,#2282);
#2281 = CARTESIAN_POINT('',(1.202713407459,-1.780052245739,
    0.490999991093));
#2282 = VECTOR('',#2283,1.);
#2283 = DIRECTION('',(-0.,-0.,-1.));
#2284 = ORIENTED_EDGE('',*,*,#2285,.F.);
#2285 = EDGE_CURVE('',#2249,#2278,#2286,.T.);
#2286 = LINE('',#2287,#2288);
#2287 = CARTESIAN_POINT('',(1.202713407459,-1.780052245739,
    0.490999991093));
#2288 = VECTOR('',#2289,1.);
#2289 = DIRECTION('',(0.,1.,0.));
#2290 = ORIENTED_EDGE('',*,*,#2257,.T.);
#2291 = PLANE('',#2292);
#2292 = AXIS2_PLACEMENT_3D('',#2293,#2294,#2295);
#2293 = CARTESIAN_POINT('',(1.202713407459,-1.780052245739,
    0.490999991093));
#2294 = DIRECTION('',(-1.,0.,0.));
#2295 = DIRECTION('',(0.,0.,1.));
#2296 = ADVANCED_FACE('',(#2297),#2316,.F.);
#2297 = FACE_BOUND('',#2298,.F.);
#2298 = EDGE_LOOP('',(#2299,#2300,#2309,#2315));
#2299 = ORIENTED_EDGE('',*,*,#2277,.F.);
#2300 = ORIENTED_EDGE('',*,*,#2301,.T.);
#2301 = EDGE_CURVE('',#2278,#2302,#2304,.T.);
#2302 = VERTEX_POINT('',#2303);
#2303 = CARTESIAN_POINT('',(1.150205633637,-1.793673074196,
    0.490999991093));
#2304 = B_SPLINE_CURVE_WITH_KNOTS('',3,(#2305,#2306,#2307,#2308),
  .UNSPECIFIED.,.F.,.F.,(4,4),(12.,13.),.PIECEWISE_BEZIER_KNOTS.);
#2305 = CARTESIAN_POINT('',(1.202713407459,-1.780052245739,
    0.490999991093));
#2306 = CARTESIAN_POINT('',(1.187844869525,-1.789098139447,
    0.490999991093));
#2307 = CARTESIAN_POINT('',(1.170324948953,-1.793673074196,
    0.490999991093));
#2308 = CARTESIAN_POINT('',(1.150205633637,-1.793673074196,
    0.490999991093));
#2309 = ORIENTED_EDGE('',*,*,#2310,.T.);
#2310 = EDGE_CURVE('',#2302,#511,#2311,.T.);
#2311 = LINE('',#2312,#2313);
#2312 = CARTESIAN_POINT('',(1.150205633637,-1.793673074196,
    0.490999991093));
#2313 = VECTOR('',#2314,1.);
#2314 = DIRECTION('',(-0.,-0.,-1.));
#2315 = ORIENTED_EDGE('',*,*,#519,.F.);
#2316 = B_SPLINE_SURFACE_WITH_KNOTS('',3,1,(
    (#2317,#2318)
    ,(#2319,#2320)
    ,(#2321,#2322)
    ,(#2323,#2324
    )),.UNSPECIFIED.,.F.,.F.,.F.,(4,4),(2,2),(12.,13.),(0.,1.),
  .PIECEWISE_BEZIER_KNOTS.);
#2317 = CARTESIAN_POINT('',(1.202713407459,-1.780052245739,
    0.490999991093));
#2318 = CARTESIAN_POINT('',(1.202713407459,-1.780052245739,
    0.489999991111));
#2319 = CARTESIAN_POINT('',(1.187844869525,-1.789098139447,
    0.490999991093));
#2320 = CARTESIAN_POINT('',(1.187844869525,-1.789098139447,
    0.489999991111));
#2321 = CARTESIAN_POINT('',(1.170324948953,-1.793673074196,
    0.490999991093));
#2322 = CARTESIAN_POINT('',(1.170324948953,-1.793673074196,
    0.489999991111));
#2323 = CARTESIAN_POINT('',(1.150205633637,-1.793673074196,
    0.490999991093));
#2324 = CARTESIAN_POINT('',(1.150205633637,-1.793673074196,
    0.489999991111));
#2325 = ADVANCED_FACE('',(#2326),#2345,.F.);
#2326 = FACE_BOUND('',#2327,.F.);
#2327 = EDGE_LOOP('',(#2328,#2329,#2338,#2344));
#2328 = ORIENTED_EDGE('',*,*,#2310,.F.);
#2329 = ORIENTED_EDGE('',*,*,#2330,.T.);
#2330 = EDGE_CURVE('',#2302,#2331,#2333,.T.);
#2331 = VERTEX_POINT('',#2332);
#2332 = CARTESIAN_POINT('',(1.09795779929,-1.772254061508,0.490999991093
    ));
#2333 = B_SPLINE_CURVE_WITH_KNOTS('',3,(#2334,#2335,#2336,#2337),
  .UNSPECIFIED.,.F.,.F.,(4,4),(11.,12.),.PIECEWISE_BEZIER_KNOTS.);
#2334 = CARTESIAN_POINT('',(1.150205633637,-1.793673074196,
    0.490999991093));
#2335 = CARTESIAN_POINT('',(1.12868264516,-1.793673074196,0.490999991093
    ));
#2336 = CARTESIAN_POINT('',(1.111266700378,-1.786498744704,
    0.490999991093));
#2337 = CARTESIAN_POINT('',(1.09795779929,-1.772254061508,0.490999991093
    ));
#2338 = ORIENTED_EDGE('',*,*,#2339,.T.);
#2339 = EDGE_CURVE('',#2331,#502,#2340,.T.);
#2340 = LINE('',#2341,#2342);
#2341 = CARTESIAN_POINT('',(1.09795779929,-1.772254061508,0.490999991093
    ));
#2342 = VECTOR('',#2343,1.);
#2343 = DIRECTION('',(-0.,-0.,-1.));
#2344 = ORIENTED_EDGE('',*,*,#510,.F.);
#2345 = B_SPLINE_SURFACE_WITH_KNOTS('',3,1,(
    (#2346,#2347)
    ,(#2348,#2349)
    ,(#2350,#2351)
    ,(#2352,#2353
    )),.UNSPECIFIED.,.F.,.F.,.F.,(4,4),(2,2),(11.,12.),(0.,1.),
  .PIECEWISE_BEZIER_KNOTS.);
#2346 = CARTESIAN_POINT('',(1.150205633637,-1.793673074196,
    0.490999991093));
#2347 = CARTESIAN_POINT('',(1.150205633637,-1.793673074196,
    0.489999991111));
#2348 = CARTESIAN_POINT('',(1.12868264516,-1.793673074196,0.490999991093
    ));
#2349 = CARTESIAN_POINT('',(1.12868264516,-1.793673074196,0.489999991111
    ));
#2350 = CARTESIAN_POINT('',(1.111266700378,-1.786498744704,
    0.490999991093));
#2351 = CARTESIAN_POINT('',(1.111266700378,-1.786498744704,
    0.489999991111));
#2352 = CARTESIAN_POINT('',(1.09795779929,-1.772254061508,0.490999991093
    ));
#2353 = CARTESIAN_POINT('',(1.09795779929,-1.772254061508,0.489999991111
    ));
#2354 = ADVANCED_FACE('',(#2355),#2374,.F.);
#2355 = FACE_BOUND('',#2356,.F.);
#2356 = EDGE_LOOP('',(#2357,#2358,#2367,#2373));
#2357 = ORIENTED_EDGE('',*,*,#2339,.F.);
#2358 = ORIENTED_EDGE('',*,*,#2359,.T.);
#2359 = EDGE_CURVE('',#2331,#2360,#2362,.T.);
#2360 = VERTEX_POINT('',#2361);
#2361 = CARTESIAN_POINT('',(1.07799444766,-1.71423557083,0.490999991093)
  );
#2362 = B_SPLINE_CURVE_WITH_KNOTS('',3,(#2363,#2364,#2365,#2366),
  .UNSPECIFIED.,.F.,.F.,(4,4),(10.,11.),.PIECEWISE_BEZIER_KNOTS.);
#2363 = CARTESIAN_POINT('',(1.09795779929,-1.772254061508,0.490999991093
    ));
#2364 = CARTESIAN_POINT('',(1.084648898203,-1.757905402523,
    0.490999991093));
#2365 = CARTESIAN_POINT('',(1.07799444766,-1.73856590563,0.490999991093)
  );
#2366 = CARTESIAN_POINT('',(1.07799444766,-1.71423557083,0.490999991093)
  );
#2367 = ORIENTED_EDGE('',*,*,#2368,.T.);
#2368 = EDGE_CURVE('',#2360,#493,#2369,.T.);
#2369 = LINE('',#2370,#2371);
#2370 = CARTESIAN_POINT('',(1.07799444766,-1.71423557083,0.490999991093)
  );
#2371 = VECTOR('',#2372,1.);
#2372 = DIRECTION('',(-0.,-0.,-1.));
#2373 = ORIENTED_EDGE('',*,*,#501,.F.);
#2374 = B_SPLINE_SURFACE_WITH_KNOTS('',3,1,(
    (#2375,#2376)
    ,(#2377,#2378)
    ,(#2379,#2380)
    ,(#2381,#2382
    )),.UNSPECIFIED.,.F.,.F.,.F.,(4,4),(2,2),(10.,11.),(0.,1.),
  .PIECEWISE_BEZIER_KNOTS.);
#2375 = CARTESIAN_POINT('',(1.09795779929,-1.772254061508,0.490999991093
    ));
#2376 = CARTESIAN_POINT('',(1.09795779929,-1.772254061508,0.489999991111
    ));
#2377 = CARTESIAN_POINT('',(1.084648898203,-1.757905402523,
    0.490999991093));
#2378 = CARTESIAN_POINT('',(1.084648898203,-1.757905402523,
    0.489999991111));
#2379 = CARTESIAN_POINT('',(1.07799444766,-1.73856590563,0.490999991093)
  );
#2380 = CARTESIAN_POINT('',(1.07799444766,-1.73856590563,0.489999991111)
  );
#2381 = CARTESIAN_POINT('',(1.07799444766,-1.71423557083,0.490999991093)
  );
#2382 = CARTESIAN_POINT('',(1.07799444766,-1.71423557083,0.489999991111)
  );
#2383 = ADVANCED_FACE('',(#2384),#2403,.F.);
#2384 = FACE_BOUND('',#2385,.F.);
#2385 = EDGE_LOOP('',(#2386,#2387,#2396,#2402));
#2386 = ORIENTED_EDGE('',*,*,#2368,.F.);
#2387 = ORIENTED_EDGE('',*,*,#2388,.T.);
#2388 = EDGE_CURVE('',#2360,#2389,#2391,.T.);
#2389 = VERTEX_POINT('',#2390);
#2390 = CARTESIAN_POINT('',(1.099361472452,-1.65309780646,0.490999991093
    ));
#2391 = B_SPLINE_CURVE_WITH_KNOTS('',3,(#2392,#2393,#2394,#2395),
  .UNSPECIFIED.,.F.,.F.,(4,4),(9.,10.),.PIECEWISE_BEZIER_KNOTS.);
#2392 = CARTESIAN_POINT('',(1.07799444766,-1.71423557083,0.490999991093)
  );
#2393 = CARTESIAN_POINT('',(1.07799444766,-1.688657526553,0.490999991093
    ));
#2394 = CARTESIAN_POINT('',(1.085116789257,-1.668278271763,
    0.490999991093));
#2395 = CARTESIAN_POINT('',(1.099361472452,-1.65309780646,0.490999991093
    ));
#2396 = ORIENTED_EDGE('',*,*,#2397,.T.);
#2397 = EDGE_CURVE('',#2389,#484,#2398,.T.);
#2398 = LINE('',#2399,#2400);
#2399 = CARTESIAN_POINT('',(1.099361472452,-1.65309780646,0.490999991093
    ));
#2400 = VECTOR('',#2401,1.);
#2401 = DIRECTION('',(-0.,-0.,-1.));
#2402 = ORIENTED_EDGE('',*,*,#492,.F.);
#2403 = B_SPLINE_SURFACE_WITH_KNOTS('',3,1,(
    (#2404,#2405)
    ,(#2406,#2407)
    ,(#2408,#2409)
    ,(#2410,#2411
    )),.UNSPECIFIED.,.F.,.F.,.F.,(4,4),(2,2),(9.,10.),(0.,1.),
  .PIECEWISE_BEZIER_KNOTS.);
#2404 = CARTESIAN_POINT('',(1.07799444766,-1.71423557083,0.490999991093)
  );
#2405 = CARTESIAN_POINT('',(1.07799444766,-1.71423557083,0.489999991111)
  );
#2406 = CARTESIAN_POINT('',(1.07799444766,-1.688657526553,0.490999991093
    ));
#2407 = CARTESIAN_POINT('',(1.07799444766,-1.688657526553,0.489999991111
    ));
#2408 = CARTESIAN_POINT('',(1.085116789257,-1.668278271763,
    0.490999991093));
#2409 = CARTESIAN_POINT('',(1.085116789257,-1.668278271763,
    0.489999991111));
#2410 = CARTESIAN_POINT('',(1.099361472452,-1.65309780646,0.490999991093
    ));
#2411 = CARTESIAN_POINT('',(1.099361472452,-1.65309780646,0.489999991111
    ));
#2412 = ADVANCED_FACE('',(#2413),#2432,.F.);
#2413 = FACE_BOUND('',#2414,.F.);
#2414 = EDGE_LOOP('',(#2415,#2416,#2425,#2431));
#2415 = ORIENTED_EDGE('',*,*,#2397,.F.);
#2416 = ORIENTED_EDGE('',*,*,#2417,.T.);
#2417 = EDGE_CURVE('',#2389,#2418,#2420,.T.);
#2418 = VERTEX_POINT('',#2419);
#2419 = CARTESIAN_POINT('',(1.154780568387,-1.630535060086,
    0.490999991093));
#2420 = B_SPLINE_CURVE_WITH_KNOTS('',3,(#2421,#2422,#2423,#2424),
  .UNSPECIFIED.,.F.,.F.,(4,4),(8.,9.),.PIECEWISE_BEZIER_KNOTS.);
#2421 = CARTESIAN_POINT('',(1.099361472452,-1.65309780646,0.490999991093
    ));
#2422 = CARTESIAN_POINT('',(1.113658143542,-1.638021316947,
    0.490999991093));
#2423 = CARTESIAN_POINT('',(1.132113846222,-1.630535060086,
    0.490999991093));
#2424 = CARTESIAN_POINT('',(1.154780568387,-1.630535060086,
    0.490999991093));
#2425 = ORIENTED_EDGE('',*,*,#2426,.T.);
#2426 = EDGE_CURVE('',#2418,#475,#2427,.T.);
#2427 = LINE('',#2428,#2429);
#2428 = CARTESIAN_POINT('',(1.154780568387,-1.630535060086,
    0.490999991093));
#2429 = VECTOR('',#2430,1.);
#2430 = DIRECTION('',(-0.,-0.,-1.));
#2431 = ORIENTED_EDGE('',*,*,#483,.F.);
#2432 = B_SPLINE_SURFACE_WITH_KNOTS('',3,1,(
    (#2433,#2434)
    ,(#2435,#2436)
    ,(#2437,#2438)
    ,(#2439,#2440
    )),.UNSPECIFIED.,.F.,.F.,.F.,(4,4),(2,2),(8.,9.),(0.,1.),
  .PIECEWISE_BEZIER_KNOTS.);
#2433 = CARTESIAN_POINT('',(1.099361472452,-1.65309780646,0.490999991093
    ));
#2434 = CARTESIAN_POINT('',(1.099361472452,-1.65309780646,0.489999991111
    ));
#2435 = CARTESIAN_POINT('',(1.113658143542,-1.638021316947,
    0.490999991093));
#2436 = CARTESIAN_POINT('',(1.113658143542,-1.638021316947,
    0.489999991111));
#2437 = CARTESIAN_POINT('',(1.132113846222,-1.630535060086,
    0.490999991093));
#2438 = CARTESIAN_POINT('',(1.132113846222,-1.630535060086,
    0.489999991111));
#2439 = CARTESIAN_POINT('',(1.154780568387,-1.630535060086,
    0.490999991093));
#2440 = CARTESIAN_POINT('',(1.154780568387,-1.630535060086,
    0.489999991111));
#2441 = ADVANCED_FACE('',(#2442),#2461,.F.);
#2442 = FACE_BOUND('',#2443,.F.);
#2443 = EDGE_LOOP('',(#2444,#2445,#2454,#2460));
#2444 = ORIENTED_EDGE('',*,*,#2426,.F.);
#2445 = ORIENTED_EDGE('',*,*,#2446,.T.);
#2446 = EDGE_CURVE('',#2418,#2447,#2449,.T.);
#2447 = VERTEX_POINT('',#2448);
#2448 = CARTESIAN_POINT('',(1.202713407459,-1.642596251695,
    0.490999991093));
#2449 = B_SPLINE_CURVE_WITH_KNOTS('',3,(#2450,#2451,#2452,#2453),
  .UNSPECIFIED.,.F.,.F.,(4,4),(7.,8.),.PIECEWISE_BEZIER_KNOTS.);
#2450 = CARTESIAN_POINT('',(1.154780568387,-1.630535060086,
    0.490999991093));
#2451 = CARTESIAN_POINT('',(1.172196513168,-1.630535060086,
    0.490999991093));
#2452 = CARTESIAN_POINT('',(1.188156796895,-1.634486140096,
    0.490999991093));
#2453 = CARTESIAN_POINT('',(1.202713407459,-1.642596251695,
    0.490999991093));
#2454 = ORIENTED_EDGE('',*,*,#2455,.T.);
#2455 = EDGE_CURVE('',#2447,#467,#2456,.T.);
#2456 = LINE('',#2457,#2458);
#2457 = CARTESIAN_POINT('',(1.202713407459,-1.642596251695,
    0.490999991093));
#2458 = VECTOR('',#2459,1.);
#2459 = DIRECTION('',(-0.,-0.,-1.));
#2460 = ORIENTED_EDGE('',*,*,#474,.F.);
#2461 = B_SPLINE_SURFACE_WITH_KNOTS('',3,1,(
    (#2462,#2463)
    ,(#2464,#2465)
    ,(#2466,#2467)
    ,(#2468,#2469
    )),.UNSPECIFIED.,.F.,.F.,.F.,(4,4),(2,2),(7.,8.),(0.,1.),
  .PIECEWISE_BEZIER_KNOTS.);
#2462 = CARTESIAN_POINT('',(1.154780568387,-1.630535060086,
    0.490999991093));
#2463 = CARTESIAN_POINT('',(1.154780568387,-1.630535060086,
    0.489999991111));
#2464 = CARTESIAN_POINT('',(1.172196513168,-1.630535060086,
    0.490999991093));
#2465 = CARTESIAN_POINT('',(1.172196513168,-1.630535060086,
    0.489999991111));
#2466 = CARTESIAN_POINT('',(1.188156796895,-1.634486140096,
    0.490999991093));
#2467 = CARTESIAN_POINT('',(1.188156796895,-1.634486140096,
    0.489999991111));
#2468 = CARTESIAN_POINT('',(1.202713407459,-1.642596251695,
    0.490999991093));
#2469 = CARTESIAN_POINT('',(1.202713407459,-1.642596251695,
    0.489999991111));
#2470 = ADVANCED_FACE('',(#2471),#2489,.F.);
#2471 = FACE_BOUND('',#2472,.T.);
#2472 = EDGE_LOOP('',(#2473,#2474,#2482,#2488));
#2473 = ORIENTED_EDGE('',*,*,#466,.T.);
#2474 = ORIENTED_EDGE('',*,*,#2475,.F.);
#2475 = EDGE_CURVE('',#2476,#458,#2478,.T.);
#2476 = VERTEX_POINT('',#2477);
#2477 = CARTESIAN_POINT('',(1.202713407459,-1.615146643203,
    0.490999991093));
#2478 = LINE('',#2479,#2480);
#2479 = CARTESIAN_POINT('',(1.202713407459,-1.615146643203,
    0.490999991093));
#2480 = VECTOR('',#2481,1.);
#2481 = DIRECTION('',(-0.,-0.,-1.));
#2482 = ORIENTED_EDGE('',*,*,#2483,.F.);
#2483 = EDGE_CURVE('',#2447,#2476,#2484,.T.);
#2484 = LINE('',#2485,#2486);
#2485 = CARTESIAN_POINT('',(1.202713407459,-1.615146643203,
    0.490999991093));
#2486 = VECTOR('',#2487,1.);
#2487 = DIRECTION('',(0.,1.,0.));
#2488 = ORIENTED_EDGE('',*,*,#2455,.T.);
#2489 = PLANE('',#2490);
#2490 = AXIS2_PLACEMENT_3D('',#2491,#2492,#2493);
#2491 = CARTESIAN_POINT('',(1.202713407459,-1.615146643203,
    0.490999991093));
#2492 = DIRECTION('',(-1.,0.,0.));
#2493 = DIRECTION('',(0.,0.,1.));
#2494 = ADVANCED_FACE('',(#2495),#2514,.F.);
#2495 = FACE_BOUND('',#2496,.F.);
#2496 = EDGE_LOOP('',(#2497,#2498,#2507,#2513));
#2497 = ORIENTED_EDGE('',*,*,#2475,.F.);
#2498 = ORIENTED_EDGE('',*,*,#2499,.T.);
#2499 = EDGE_CURVE('',#2476,#2500,#2502,.T.);
#2500 = VERTEX_POINT('',#2501);
#2501 = CARTESIAN_POINT('',(1.154520628912,-1.606828580023,
    0.490999991093));
#2502 = B_SPLINE_CURVE_WITH_KNOTS('',3,(#2503,#2504,#2505,#2506),
  .UNSPECIFIED.,.F.,.F.,(4,4),(5.,6.),.PIECEWISE_BEZIER_KNOTS.);
#2503 = CARTESIAN_POINT('',(1.202713407459,-1.615146643203,
    0.490999991093));
#2504 = CARTESIAN_POINT('',(1.19002836111,-1.609635926346,0.490999991093
    ));
#2505 = CARTESIAN_POINT('',(1.173964101594,-1.606828580023,
    0.490999991093));
#2506 = CARTESIAN_POINT('',(1.154520628912,-1.606828580023,
    0.490999991093));
#2507 = ORIENTED_EDGE('',*,*,#2508,.T.);
#2508 = EDGE_CURVE('',#2500,#449,#2509,.T.);
#2509 = LINE('',#2510,#2511);
#2510 = CARTESIAN_POINT('',(1.154520628912,-1.606828580023,
    0.490999991093));
#2511 = VECTOR('',#2512,1.);
#2512 = DIRECTION('',(-0.,-0.,-1.));
#2513 = ORIENTED_EDGE('',*,*,#457,.F.);
#2514 = B_SPLINE_SURFACE_WITH_KNOTS('',3,1,(
    (#2515,#2516)
    ,(#2517,#2518)
    ,(#2519,#2520)
    ,(#2521,#2522
    )),.UNSPECIFIED.,.F.,.F.,.F.,(4,4),(2,2),(5.,6.),(0.,1.),
  .PIECEWISE_BEZIER_KNOTS.);
#2515 = CARTESIAN_POINT('',(1.202713407459,-1.615146643203,
    0.490999991093));
#2516 = CARTESIAN_POINT('',(1.202713407459,-1.615146643203,
    0.489999991111));
#2517 = CARTESIAN_POINT('',(1.19002836111,-1.609635926346,0.490999991093
    ));
#2518 = CARTESIAN_POINT('',(1.19002836111,-1.609635926346,0.489999991111
    ));
#2519 = CARTESIAN_POINT('',(1.173964101594,-1.606828580023,
    0.490999991093));
#2520 = CARTESIAN_POINT('',(1.173964101594,-1.606828580023,
    0.489999991111));
#2521 = CARTESIAN_POINT('',(1.154520628912,-1.606828580023,
    0.490999991093));
#2522 = CARTESIAN_POINT('',(1.154520628912,-1.606828580023,
    0.489999991111));
#2523 = ADVANCED_FACE('',(#2524),#2543,.F.);
#2524 = FACE_BOUND('',#2525,.F.);
#2525 = EDGE_LOOP('',(#2526,#2527,#2536,#2542));
#2526 = ORIENTED_EDGE('',*,*,#2508,.F.);
#2527 = ORIENTED_EDGE('',*,*,#2528,.T.);
#2528 = EDGE_CURVE('',#2500,#2529,#2531,.T.);
#2529 = VERTEX_POINT('',#2530);
#2530 = CARTESIAN_POINT('',(1.07981402398,-1.63677360747,0.490999991093)
  );
#2531 = B_SPLINE_CURVE_WITH_KNOTS('',3,(#2532,#2533,#2534,#2535),
  .UNSPECIFIED.,.F.,.F.,(4,4),(4.,5.),.PIECEWISE_BEZIER_KNOTS.);
#2532 = CARTESIAN_POINT('',(1.154520628912,-1.606828580023,
    0.490999991093));
#2533 = CARTESIAN_POINT('',(1.124315661991,-1.606828580023,
    0.490999991093));
#2534 = CARTESIAN_POINT('',(1.099413460347,-1.616810255838,
    0.490999991093));
#2535 = CARTESIAN_POINT('',(1.07981402398,-1.63677360747,0.490999991093)
  );
#2536 = ORIENTED_EDGE('',*,*,#2537,.T.);
#2537 = EDGE_CURVE('',#2529,#440,#2538,.T.);
#2538 = LINE('',#2539,#2540);
#2539 = CARTESIAN_POINT('',(1.07981402398,-1.63677360747,0.490999991093)
  );
#2540 = VECTOR('',#2541,1.);
#2541 = DIRECTION('',(-0.,-0.,-1.));
#2542 = ORIENTED_EDGE('',*,*,#448,.F.);
#2543 = B_SPLINE_SURFACE_WITH_KNOTS('',3,1,(
    (#2544,#2545)
    ,(#2546,#2547)
    ,(#2548,#2549)
    ,(#2550,#2551
    )),.UNSPECIFIED.,.F.,.F.,.F.,(4,4),(2,2),(4.,5.),(0.,1.),
  .PIECEWISE_BEZIER_KNOTS.);
#2544 = CARTESIAN_POINT('',(1.154520628912,-1.606828580023,
    0.490999991093));
#2545 = CARTESIAN_POINT('',(1.154520628912,-1.606828580023,
    0.489999991111));
#2546 = CARTESIAN_POINT('',(1.124315661991,-1.606828580023,
    0.490999991093));
#2547 = CARTESIAN_POINT('',(1.124315661991,-1.606828580023,
    0.489999991111));
#2548 = CARTESIAN_POINT('',(1.099413460347,-1.616810255838,
    0.490999991093));
#2549 = CARTESIAN_POINT('',(1.099413460347,-1.616810255838,
    0.489999991111));
#2550 = CARTESIAN_POINT('',(1.07981402398,-1.63677360747,0.490999991093)
  );
#2551 = CARTESIAN_POINT('',(1.07981402398,-1.63677360747,0.489999991111)
  );
#2552 = ADVANCED_FACE('',(#2553),#2572,.F.);
#2553 = FACE_BOUND('',#2554,.F.);
#2554 = EDGE_LOOP('',(#2555,#2556,#2565,#2571));
#2555 = ORIENTED_EDGE('',*,*,#2537,.F.);
#2556 = ORIENTED_EDGE('',*,*,#2557,.T.);
#2557 = EDGE_CURVE('',#2529,#2558,#2560,.T.);
#2558 = VERTEX_POINT('',#2559);
#2559 = CARTESIAN_POINT('',(1.050440863377,-1.715795207677,
    0.490999991093));
#2560 = B_SPLINE_CURVE_WITH_KNOTS('',3,(#2561,#2562,#2563,#2564),
  .UNSPECIFIED.,.F.,.F.,(4,4),(3.,4.),.PIECEWISE_BEZIER_KNOTS.);
#2561 = CARTESIAN_POINT('',(1.07981402398,-1.63677360747,0.490999991093)
  );
#2562 = CARTESIAN_POINT('',(1.060214587613,-1.656736959101,
    0.490999991093));
#2563 = CARTESIAN_POINT('',(1.050440863377,-1.683042833907,
    0.490999991093));
#2564 = CARTESIAN_POINT('',(1.050440863377,-1.715795207677,
    0.490999991093));
#2565 = ORIENTED_EDGE('',*,*,#2566,.T.);
#2566 = EDGE_CURVE('',#2558,#431,#2567,.T.);
#2567 = LINE('',#2568,#2569);
#2568 = CARTESIAN_POINT('',(1.050440863377,-1.715795207677,
    0.490999991093));
#2569 = VECTOR('',#2570,1.);
#2570 = DIRECTION('',(-0.,-0.,-1.));
#2571 = ORIENTED_EDGE('',*,*,#439,.F.);
#2572 = B_SPLINE_SURFACE_WITH_KNOTS('',3,1,(
    (#2573,#2574)
    ,(#2575,#2576)
    ,(#2577,#2578)
    ,(#2579,#2580
    )),.UNSPECIFIED.,.F.,.F.,.F.,(4,4),(2,2),(3.,4.),(0.,1.),
  .PIECEWISE_BEZIER_KNOTS.);
#2573 = CARTESIAN_POINT('',(1.07981402398,-1.63677360747,0.490999991093)
  );
#2574 = CARTESIAN_POINT('',(1.07981402398,-1.63677360747,0.489999991111)
  );
#2575 = CARTESIAN_POINT('',(1.060214587613,-1.656736959101,
    0.490999991093));
#2576 = CARTESIAN_POINT('',(1.060214587613,-1.656736959101,
    0.489999991111));
#2577 = CARTESIAN_POINT('',(1.050440863377,-1.683042833907,
    0.490999991093));
#2578 = CARTESIAN_POINT('',(1.050440863377,-1.683042833907,
    0.489999991111));
#2579 = CARTESIAN_POINT('',(1.050440863377,-1.715795207677,
    0.490999991093));
#2580 = CARTESIAN_POINT('',(1.050440863377,-1.715795207677,
    0.489999991111));
#2581 = ADVANCED_FACE('',(#2582),#2601,.F.);
#2582 = FACE_BOUND('',#2583,.F.);
#2583 = EDGE_LOOP('',(#2584,#2585,#2594,#2600));
#2584 = ORIENTED_EDGE('',*,*,#2566,.F.);
#2585 = ORIENTED_EDGE('',*,*,#2586,.T.);
#2586 = EDGE_CURVE('',#2558,#2587,#2589,.T.);
#2587 = VERTEX_POINT('',#2588);
#2588 = CARTESIAN_POINT('',(1.076538786603,-1.789306091027,
    0.490999991093));
#2589 = B_SPLINE_CURVE_WITH_KNOTS('',3,(#2590,#2591,#2592,#2593),
  .UNSPECIFIED.,.F.,.F.,(4,4),(2.,3.),.PIECEWISE_BEZIER_KNOTS.);
#2590 = CARTESIAN_POINT('',(1.050440863377,-1.715795207677,
    0.490999991093));
#2591 = CARTESIAN_POINT('',(1.050440863377,-1.746260114072,
    0.490999991093));
#2592 = CARTESIAN_POINT('',(1.05912284182,-1.770798400452,0.490999991093
    ));
#2593 = CARTESIAN_POINT('',(1.076538786603,-1.789306091027,
    0.490999991093));
#2594 = ORIENTED_EDGE('',*,*,#2595,.T.);
#2595 = EDGE_CURVE('',#2587,#422,#2596,.T.);
#2596 = LINE('',#2597,#2598);
#2597 = CARTESIAN_POINT('',(1.076538786603,-1.789306091027,
    0.490999991093));
#2598 = VECTOR('',#2599,1.);
#2599 = DIRECTION('',(-0.,-0.,-1.));
#2600 = ORIENTED_EDGE('',*,*,#430,.F.);
#2601 = B_SPLINE_SURFACE_WITH_KNOTS('',3,1,(
    (#2602,#2603)
    ,(#2604,#2605)
    ,(#2606,#2607)
    ,(#2608,#2609
    )),.UNSPECIFIED.,.F.,.F.,.F.,(4,4),(2,2),(2.,3.),(0.,1.),
  .PIECEWISE_BEZIER_KNOTS.);
#2602 = CARTESIAN_POINT('',(1.050440863377,-1.715795207677,
    0.490999991093));
#2603 = CARTESIAN_POINT('',(1.050440863377,-1.715795207677,
    0.489999991111));
#2604 = CARTESIAN_POINT('',(1.050440863377,-1.746260114072,
    0.490999991093));
#2605 = CARTESIAN_POINT('',(1.050440863377,-1.746260114072,
    0.489999991111));
#2606 = CARTESIAN_POINT('',(1.05912284182,-1.770798400452,0.490999991093
    ));
#2607 = CARTESIAN_POINT('',(1.05912284182,-1.770798400452,0.489999991111
    ));
#2608 = CARTESIAN_POINT('',(1.076538786603,-1.789306091027,
    0.490999991093));
#2609 = CARTESIAN_POINT('',(1.076538786603,-1.789306091027,
    0.489999991111));
#2610 = ADVANCED_FACE('',(#2611),#2623,.F.);
#2611 = FACE_BOUND('',#2612,.F.);
#2612 = EDGE_LOOP('',(#2613,#2614,#2621,#2622));
#2613 = ORIENTED_EDGE('',*,*,#2595,.F.);
#2614 = ORIENTED_EDGE('',*,*,#2615,.T.);
#2615 = EDGE_CURVE('',#2587,#2241,#2616,.T.);
#2616 = B_SPLINE_CURVE_WITH_KNOTS('',3,(#2617,#2618,#2619,#2620),
  .UNSPECIFIED.,.F.,.F.,(4,4),(1.,2.),.PIECEWISE_BEZIER_KNOTS.);
#2617 = CARTESIAN_POINT('',(1.076538786603,-1.789306091027,
    0.490999991093));
#2618 = CARTESIAN_POINT('',(1.093954731385,-1.807813781601,
    0.490999991093));
#2619 = CARTESIAN_POINT('',(1.117245308288,-1.817067626889,
    0.490999991093));
#2620 = CARTESIAN_POINT('',(1.146410517312,-1.817067626889,
    0.490999991093));
#2621 = ORIENTED_EDGE('',*,*,#2240,.T.);
#2622 = ORIENTED_EDGE('',*,*,#421,.F.);
#2623 = B_SPLINE_SURFACE_WITH_KNOTS('',3,1,(
    (#2624,#2625)
    ,(#2626,#2627)
    ,(#2628,#2629)
    ,(#2630,#2631
    )),.UNSPECIFIED.,.F.,.F.,.F.,(4,4),(2,2),(1.,2.),(0.,1.),
  .PIECEWISE_BEZIER_KNOTS.);
#2624 = CARTESIAN_POINT('',(1.076538786603,-1.789306091027,
    0.490999991093));
#2625 = CARTESIAN_POINT('',(1.076538786603,-1.789306091027,
    0.489999991111));
#2626 = CARTESIAN_POINT('',(1.093954731385,-1.807813781601,
    0.490999991093));
#2627 = CARTESIAN_POINT('',(1.093954731385,-1.807813781601,
    0.489999991111));
#2628 = CARTESIAN_POINT('',(1.117245308288,-1.817067626889,
    0.490999991093));
#2629 = CARTESIAN_POINT('',(1.117245308288,-1.817067626889,
    0.489999991111));
#2630 = CARTESIAN_POINT('',(1.146410517312,-1.817067626889,
    0.490999991093));
#2631 = CARTESIAN_POINT('',(1.146410517312,-1.817067626889,
    0.489999991111));
#2632 = ADVANCED_FACE('',(#2633),#2649,.T.);
#2633 = FACE_BOUND('',#2634,.T.);
#2634 = EDGE_LOOP('',(#2635,#2636,#2637,#2638,#2639,#2640,#2641,#2642,
    #2643,#2644,#2645,#2646,#2647,#2648));
#2635 = ORIENTED_EDGE('',*,*,#2248,.T.);
#2636 = ORIENTED_EDGE('',*,*,#2285,.T.);
#2637 = ORIENTED_EDGE('',*,*,#2301,.T.);
#2638 = ORIENTED_EDGE('',*,*,#2330,.T.);
#2639 = ORIENTED_EDGE('',*,*,#2359,.T.);
#2640 = ORIENTED_EDGE('',*,*,#2388,.T.);
#2641 = ORIENTED_EDGE('',*,*,#2417,.T.);
#2642 = ORIENTED_EDGE('',*,*,#2446,.T.);
#2643 = ORIENTED_EDGE('',*,*,#2483,.T.);
#2644 = ORIENTED_EDGE('',*,*,#2499,.T.);
#2645 = ORIENTED_EDGE('',*,*,#2528,.T.);
#2646 = ORIENTED_EDGE('',*,*,#2557,.T.);
#2647 = ORIENTED_EDGE('',*,*,#2586,.T.);
#2648 = ORIENTED_EDGE('',*,*,#2615,.T.);
#2649 = PLANE('',#2650);
#2650 = AXIS2_PLACEMENT_3D('',#2651,#2652,#2653);
#2651 = CARTESIAN_POINT('',(1.17740829963,-1.814104316881,0.490999991093
    ));
#2652 = DIRECTION('',(0.,0.,1.));
#2653 = DIRECTION('',(1.,0.,-0.));
#2654 = ADVANCED_FACE('',(#2655),#2680,.F.);
#2655 = FACE_BOUND('',#2656,.T.);
#2656 = EDGE_LOOP('',(#2657,#2658,#2666,#2674));
#2657 = ORIENTED_EDGE('',*,*,#620,.T.);
#2658 = ORIENTED_EDGE('',*,*,#2659,.F.);
#2659 = EDGE_CURVE('',#2660,#623,#2662,.T.);
#2660 = VERTEX_POINT('',#2661);
#2661 = CARTESIAN_POINT('',(1.352802459957,-1.790449824714,
    0.490999991093));
#2662 = LINE('',#2663,#2664);
#2663 = CARTESIAN_POINT('',(1.352802459957,-1.790449824714,
    0.490999991093));
#2664 = VECTOR('',#2665,1.);
#2665 = DIRECTION('',(-0.,-0.,-1.));
#2666 = ORIENTED_EDGE('',*,*,#2667,.F.);
#2667 = EDGE_CURVE('',#2668,#2660,#2670,.T.);
#2668 = VERTEX_POINT('',#2669);
#2669 = CARTESIAN_POINT('',(1.352802459957,-1.813636425827,
    0.490999991093));
#2670 = LINE('',#2671,#2672);
#2671 = CARTESIAN_POINT('',(1.352802459957,-1.790449824714,
    0.490999991093));
#2672 = VECTOR('',#2673,1.);
#2673 = DIRECTION('',(0.,1.,0.));
#2674 = ORIENTED_EDGE('',*,*,#2675,.T.);
#2675 = EDGE_CURVE('',#2668,#621,#2676,.T.);
#2676 = LINE('',#2677,#2678);
#2677 = CARTESIAN_POINT('',(1.352802459957,-1.813636425827,
    0.490999991093));
#2678 = VECTOR('',#2679,1.);
#2679 = DIRECTION('',(-0.,-0.,-1.));
#2680 = PLANE('',#2681);
#2681 = AXIS2_PLACEMENT_3D('',#2682,#2683,#2684);
#2682 = CARTESIAN_POINT('',(1.352802459957,-1.790449824714,
    0.490999991093));
#2683 = DIRECTION('',(-1.,0.,0.));
#2684 = DIRECTION('',(0.,0.,1.));
#2685 = ADVANCED_FACE('',(#2686),#2704,.F.);
#2686 = FACE_BOUND('',#2687,.T.);
#2687 = EDGE_LOOP('',(#2688,#2689,#2697,#2703));
#2688 = ORIENTED_EDGE('',*,*,#710,.T.);
#2689 = ORIENTED_EDGE('',*,*,#2690,.F.);
#2690 = EDGE_CURVE('',#2691,#703,#2693,.T.);
#2691 = VERTEX_POINT('',#2692);
#2692 = CARTESIAN_POINT('',(1.269673816055,-1.790449824714,
    0.490999991093));
#2693 = LINE('',#2694,#2695);
#2694 = CARTESIAN_POINT('',(1.269673816055,-1.790449824714,
    0.490999991093));
#2695 = VECTOR('',#2696,1.);
#2696 = DIRECTION('',(-0.,-0.,-1.));
#2697 = ORIENTED_EDGE('',*,*,#2698,.F.);
#2698 = EDGE_CURVE('',#2660,#2691,#2699,.T.);
#2699 = LINE('',#2700,#2701);
#2700 = CARTESIAN_POINT('',(1.269673816055,-1.790449824714,
    0.490999991093));
#2701 = VECTOR('',#2702,1.);
#2702 = DIRECTION('',(-1.,-0.,-0.));
#2703 = ORIENTED_EDGE('',*,*,#2659,.T.);
#2704 = PLANE('',#2705);
#2705 = AXIS2_PLACEMENT_3D('',#2706,#2707,#2708);
#2706 = CARTESIAN_POINT('',(1.269673816055,-1.790449824714,
    0.490999991093));
#2707 = DIRECTION('',(0.,-1.,0.));
#2708 = DIRECTION('',(0.,0.,-1.));
#2709 = ADVANCED_FACE('',(#2710),#2728,.F.);
#2710 = FACE_BOUND('',#2711,.T.);
#2711 = EDGE_LOOP('',(#2712,#2713,#2721,#2727));
#2712 = ORIENTED_EDGE('',*,*,#702,.T.);
#2713 = ORIENTED_EDGE('',*,*,#2714,.F.);
#2714 = EDGE_CURVE('',#2715,#695,#2717,.T.);
#2715 = VERTEX_POINT('',#2716);
#2716 = CARTESIAN_POINT('',(1.269673816055,-1.722033755062,
    0.490999991093));
#2717 = LINE('',#2718,#2719);
#2718 = CARTESIAN_POINT('',(1.269673816055,-1.722033755062,
    0.490999991093));
#2719 = VECTOR('',#2720,1.);
#2720 = DIRECTION('',(-0.,-0.,-1.));
#2721 = ORIENTED_EDGE('',*,*,#2722,.F.);
#2722 = EDGE_CURVE('',#2691,#2715,#2723,.T.);
#2723 = LINE('',#2724,#2725);
#2724 = CARTESIAN_POINT('',(1.269673816055,-1.722033755062,
    0.490999991093));
#2725 = VECTOR('',#2726,1.);
#2726 = DIRECTION('',(0.,1.,0.));
#2727 = ORIENTED_EDGE('',*,*,#2690,.T.);
#2728 = PLANE('',#2729);
#2729 = AXIS2_PLACEMENT_3D('',#2730,#2731,#2732);
#2730 = CARTESIAN_POINT('',(1.269673816055,-1.722033755062,
    0.490999991093));
#2731 = DIRECTION('',(-1.,0.,0.));
#2732 = DIRECTION('',(0.,0.,1.));
#2733 = ADVANCED_FACE('',(#2734),#2752,.F.);
#2734 = FACE_BOUND('',#2735,.T.);
#2735 = EDGE_LOOP('',(#2736,#2737,#2745,#2751));
#2736 = ORIENTED_EDGE('',*,*,#694,.T.);
#2737 = ORIENTED_EDGE('',*,*,#2738,.F.);
#2738 = EDGE_CURVE('',#2739,#687,#2741,.T.);
#2739 = VERTEX_POINT('',#2740);
#2740 = CARTESIAN_POINT('',(1.342404880982,-1.722033755062,
    0.490999991093));
#2741 = LINE('',#2742,#2743);
#2742 = CARTESIAN_POINT('',(1.342404880982,-1.722033755062,
    0.490999991093));
#2743 = VECTOR('',#2744,1.);
#2744 = DIRECTION('',(-0.,-0.,-1.));
#2745 = ORIENTED_EDGE('',*,*,#2746,.F.);
#2746 = EDGE_CURVE('',#2715,#2739,#2747,.T.);
#2747 = LINE('',#2748,#2749);
#2748 = CARTESIAN_POINT('',(1.342404880982,-1.722033755062,
    0.490999991093));
#2749 = VECTOR('',#2750,1.);
#2750 = DIRECTION('',(1.,0.,0.));
#2751 = ORIENTED_EDGE('',*,*,#2714,.T.);
#2752 = PLANE('',#2753);
#2753 = AXIS2_PLACEMENT_3D('',#2754,#2755,#2756);
#2754 = CARTESIAN_POINT('',(1.342404880982,-1.722033755062,
    0.490999991093));
#2755 = DIRECTION('',(0.,1.,0.));
#2756 = DIRECTION('',(0.,-0.,1.));
#2757 = ADVANCED_FACE('',(#2758),#2776,.F.);
#2758 = FACE_BOUND('',#2759,.T.);
#2759 = EDGE_LOOP('',(#2760,#2761,#2769,#2775));
#2760 = ORIENTED_EDGE('',*,*,#686,.T.);
#2761 = ORIENTED_EDGE('',*,*,#2762,.F.);
#2762 = EDGE_CURVE('',#2763,#679,#2765,.T.);
#2763 = VERTEX_POINT('',#2764);
#2764 = CARTESIAN_POINT('',(1.342404880982,-1.698743178159,
    0.490999991093));
#2765 = LINE('',#2766,#2767);
#2766 = CARTESIAN_POINT('',(1.342404880982,-1.698743178159,
    0.490999991093));
#2767 = VECTOR('',#2768,1.);
#2768 = DIRECTION('',(-0.,-0.,-1.));
#2769 = ORIENTED_EDGE('',*,*,#2770,.F.);
#2770 = EDGE_CURVE('',#2739,#2763,#2771,.T.);
#2771 = LINE('',#2772,#2773);
#2772 = CARTESIAN_POINT('',(1.342404880982,-1.698743178159,
    0.490999991093));
#2773 = VECTOR('',#2774,1.);
#2774 = DIRECTION('',(0.,1.,0.));
#2775 = ORIENTED_EDGE('',*,*,#2738,.T.);
#2776 = PLANE('',#2777);
#2777 = AXIS2_PLACEMENT_3D('',#2778,#2779,#2780);
#2778 = CARTESIAN_POINT('',(1.342404880982,-1.698743178159,
    0.490999991093));
#2779 = DIRECTION('',(-1.,0.,0.));
#2780 = DIRECTION('',(0.,0.,1.));
#2781 = ADVANCED_FACE('',(#2782),#2800,.F.);
#2782 = FACE_BOUND('',#2783,.T.);
#2783 = EDGE_LOOP('',(#2784,#2785,#2793,#2799));
#2784 = ORIENTED_EDGE('',*,*,#678,.T.);
#2785 = ORIENTED_EDGE('',*,*,#2786,.F.);
#2786 = EDGE_CURVE('',#2787,#671,#2789,.T.);
#2787 = VERTEX_POINT('',#2788);
#2788 = CARTESIAN_POINT('',(1.269673816055,-1.698743178159,
    0.490999991093));
#2789 = LINE('',#2790,#2791);
#2790 = CARTESIAN_POINT('',(1.269673816055,-1.698743178159,
    0.490999991093));
#2791 = VECTOR('',#2792,1.);
#2792 = DIRECTION('',(-0.,-0.,-1.));
#2793 = ORIENTED_EDGE('',*,*,#2794,.F.);
#2794 = EDGE_CURVE('',#2763,#2787,#2795,.T.);
#2795 = LINE('',#2796,#2797);
#2796 = CARTESIAN_POINT('',(1.269673816055,-1.698743178159,
    0.490999991093));
#2797 = VECTOR('',#2798,1.);
#2798 = DIRECTION('',(-1.,-0.,-0.));
#2799 = ORIENTED_EDGE('',*,*,#2762,.T.);
#2800 = PLANE('',#2801);
#2801 = AXIS2_PLACEMENT_3D('',#2802,#2803,#2804);
#2802 = CARTESIAN_POINT('',(1.269673816055,-1.698743178159,
    0.490999991093));
#2803 = DIRECTION('',(0.,-1.,0.));
#2804 = DIRECTION('',(0.,0.,-1.));
#2805 = ADVANCED_FACE('',(#2806),#2824,.F.);
#2806 = FACE_BOUND('',#2807,.T.);
#2807 = EDGE_LOOP('',(#2808,#2809,#2817,#2823));
#2808 = ORIENTED_EDGE('',*,*,#670,.T.);
#2809 = ORIENTED_EDGE('',*,*,#2810,.F.);
#2810 = EDGE_CURVE('',#2811,#663,#2813,.T.);
#2811 = VERTEX_POINT('',#2812);
#2812 = CARTESIAN_POINT('',(1.269673816055,-1.633654333777,
    0.490999991093));
#2813 = LINE('',#2814,#2815);
#2814 = CARTESIAN_POINT('',(1.269673816055,-1.633654333777,
    0.490999991093));
#2815 = VECTOR('',#2816,1.);
#2816 = DIRECTION('',(-0.,-0.,-1.));
#2817 = ORIENTED_EDGE('',*,*,#2818,.F.);
#2818 = EDGE_CURVE('',#2787,#2811,#2819,.T.);
#2819 = LINE('',#2820,#2821);
#2820 = CARTESIAN_POINT('',(1.269673816055,-1.633654333777,
    0.490999991093));
#2821 = VECTOR('',#2822,1.);
#2822 = DIRECTION('',(0.,1.,0.));
#2823 = ORIENTED_EDGE('',*,*,#2786,.T.);
#2824 = PLANE('',#2825);
#2825 = AXIS2_PLACEMENT_3D('',#2826,#2827,#2828);
#2826 = CARTESIAN_POINT('',(1.269673816055,-1.633654333777,
    0.490999991093));
#2827 = DIRECTION('',(-1.,0.,0.));
#2828 = DIRECTION('',(0.,0.,1.));
#2829 = ADVANCED_FACE('',(#2830),#2848,.F.);
#2830 = FACE_BOUND('',#2831,.T.);
#2831 = EDGE_LOOP('',(#2832,#2833,#2841,#2847));
#2832 = ORIENTED_EDGE('',*,*,#662,.T.);
#2833 = ORIENTED_EDGE('',*,*,#2834,.F.);
#2834 = EDGE_CURVE('',#2835,#655,#2837,.T.);
#2835 = VERTEX_POINT('',#2836);
#2836 = CARTESIAN_POINT('',(1.348175537313,-1.633654333777,
    0.490999991093));
#2837 = LINE('',#2838,#2839);
#2838 = CARTESIAN_POINT('',(1.348175537313,-1.633654333777,
    0.490999991093));
#2839 = VECTOR('',#2840,1.);
#2840 = DIRECTION('',(-0.,-0.,-1.));
#2841 = ORIENTED_EDGE('',*,*,#2842,.F.);
#2842 = EDGE_CURVE('',#2811,#2835,#2843,.T.);
#2843 = LINE('',#2844,#2845);
#2844 = CARTESIAN_POINT('',(1.348175537313,-1.633654333777,
    0.490999991093));
#2845 = VECTOR('',#2846,1.);
#2846 = DIRECTION('',(1.,0.,0.));
#2847 = ORIENTED_EDGE('',*,*,#2810,.T.);
#2848 = PLANE('',#2849);
#2849 = AXIS2_PLACEMENT_3D('',#2850,#2851,#2852);
#2850 = CARTESIAN_POINT('',(1.348175537313,-1.633654333777,
    0.490999991093));
#2851 = DIRECTION('',(0.,1.,0.));
#2852 = DIRECTION('',(0.,-0.,1.));
#2853 = ADVANCED_FACE('',(#2854),#2872,.F.);
#2854 = FACE_BOUND('',#2855,.T.);
#2855 = EDGE_LOOP('',(#2856,#2857,#2865,#2871));
#2856 = ORIENTED_EDGE('',*,*,#654,.T.);
#2857 = ORIENTED_EDGE('',*,*,#2858,.F.);
#2858 = EDGE_CURVE('',#2859,#647,#2861,.T.);
#2859 = VERTEX_POINT('',#2860);
#2860 = CARTESIAN_POINT('',(1.348175537313,-1.610259781085,
    0.490999991093));
#2861 = LINE('',#2862,#2863);
#2862 = CARTESIAN_POINT('',(1.348175537313,-1.610259781085,
    0.490999991093));
#2863 = VECTOR('',#2864,1.);
#2864 = DIRECTION('',(-0.,-0.,-1.));
#2865 = ORIENTED_EDGE('',*,*,#2866,.F.);
#2866 = EDGE_CURVE('',#2835,#2859,#2867,.T.);
#2867 = LINE('',#2868,#2869);
#2868 = CARTESIAN_POINT('',(1.348175537313,-1.610259781085,
    0.490999991093));
#2869 = VECTOR('',#2870,1.);
#2870 = DIRECTION('',(0.,1.,0.));
#2871 = ORIENTED_EDGE('',*,*,#2834,.T.);
#2872 = PLANE('',#2873);
#2873 = AXIS2_PLACEMENT_3D('',#2874,#2875,#2876);
#2874 = CARTESIAN_POINT('',(1.348175537313,-1.610259781085,
    0.490999991093));
#2875 = DIRECTION('',(-1.,0.,0.));
#2876 = DIRECTION('',(0.,0.,1.));
#2877 = ADVANCED_FACE('',(#2878),#2896,.F.);
#2878 = FACE_BOUND('',#2879,.T.);
#2879 = EDGE_LOOP('',(#2880,#2881,#2889,#2895));
#2880 = ORIENTED_EDGE('',*,*,#646,.T.);
#2881 = ORIENTED_EDGE('',*,*,#2882,.F.);
#2882 = EDGE_CURVE('',#2883,#639,#2885,.T.);
#2883 = VERTEX_POINT('',#2884);
#2884 = CARTESIAN_POINT('',(1.243419929145,-1.610259781085,
    0.490999991093));
#2885 = LINE('',#2886,#2887);
#2886 = CARTESIAN_POINT('',(1.243419929145,-1.610259781085,
    0.490999991093));
#2887 = VECTOR('',#2888,1.);
#2888 = DIRECTION('',(-0.,-0.,-1.));
#2889 = ORIENTED_EDGE('',*,*,#2890,.F.);
#2890 = EDGE_CURVE('',#2859,#2883,#2891,.T.);
#2891 = LINE('',#2892,#2893);
#2892 = CARTESIAN_POINT('',(1.243419929145,-1.610259781085,
    0.490999991093));
#2893 = VECTOR('',#2894,1.);
#2894 = DIRECTION('',(-1.,-0.,-0.));
#2895 = ORIENTED_EDGE('',*,*,#2858,.T.);
#2896 = PLANE('',#2897);
#2897 = AXIS2_PLACEMENT_3D('',#2898,#2899,#2900);
#2898 = CARTESIAN_POINT('',(1.243419929145,-1.610259781085,
    0.490999991093));
#2899 = DIRECTION('',(0.,-1.,0.));
#2900 = DIRECTION('',(0.,0.,-1.));
#2901 = ADVANCED_FACE('',(#2902),#2920,.F.);
#2902 = FACE_BOUND('',#2903,.T.);
#2903 = EDGE_LOOP('',(#2904,#2905,#2913,#2919));
#2904 = ORIENTED_EDGE('',*,*,#638,.T.);
#2905 = ORIENTED_EDGE('',*,*,#2906,.F.);
#2906 = EDGE_CURVE('',#2907,#631,#2909,.T.);
#2907 = VERTEX_POINT('',#2908);
#2908 = CARTESIAN_POINT('',(1.243419929145,-1.813636425827,
    0.490999991093));
#2909 = LINE('',#2910,#2911);
#2910 = CARTESIAN_POINT('',(1.243419929145,-1.813636425827,
    0.490999991093));
#2911 = VECTOR('',#2912,1.);
#2912 = DIRECTION('',(-0.,-0.,-1.));
#2913 = ORIENTED_EDGE('',*,*,#2914,.F.);
#2914 = EDGE_CURVE('',#2883,#2907,#2915,.T.);
#2915 = LINE('',#2916,#2917);
#2916 = CARTESIAN_POINT('',(1.243419929145,-1.813636425827,
    0.490999991093));
#2917 = VECTOR('',#2918,1.);
#2918 = DIRECTION('',(-0.,-1.,-0.));
#2919 = ORIENTED_EDGE('',*,*,#2882,.T.);
#2920 = PLANE('',#2921);
#2921 = AXIS2_PLACEMENT_3D('',#2922,#2923,#2924);
#2922 = CARTESIAN_POINT('',(1.243419929145,-1.813636425827,
    0.490999991093));
#2923 = DIRECTION('',(1.,0.,0.));
#2924 = DIRECTION('',(0.,0.,-1.));
#2925 = ADVANCED_FACE('',(#2926),#2937,.F.);
#2926 = FACE_BOUND('',#2927,.T.);
#2927 = EDGE_LOOP('',(#2928,#2929,#2930,#2936));
#2928 = ORIENTED_EDGE('',*,*,#630,.T.);
#2929 = ORIENTED_EDGE('',*,*,#2675,.F.);
#2930 = ORIENTED_EDGE('',*,*,#2931,.F.);
#2931 = EDGE_CURVE('',#2907,#2668,#2932,.T.);
#2932 = LINE('',#2933,#2934);
#2933 = CARTESIAN_POINT('',(1.352802459957,-1.813636425827,
    0.490999991093));
#2934 = VECTOR('',#2935,1.);
#2935 = DIRECTION('',(1.,0.,0.));
#2936 = ORIENTED_EDGE('',*,*,#2906,.T.);
#2937 = PLANE('',#2938);
#2938 = AXIS2_PLACEMENT_3D('',#2939,#2940,#2941);
#2939 = CARTESIAN_POINT('',(1.352802459957,-1.813636425827,
    0.490999991093));
#2940 = DIRECTION('',(0.,1.,0.));
#2941 = DIRECTION('',(0.,-0.,1.));
#2942 = ADVANCED_FACE('',(#2943),#2957,.F.);
#2943 = FACE_BOUND('',#2944,.T.);
#2944 = EDGE_LOOP('',(#2945,#2946,#2947,#2948,#2949,#2950,#2951,#2952,
    #2953,#2954,#2955,#2956));
#2945 = ORIENTED_EDGE('',*,*,#2667,.T.);
#2946 = ORIENTED_EDGE('',*,*,#2698,.T.);
#2947 = ORIENTED_EDGE('',*,*,#2722,.T.);
#2948 = ORIENTED_EDGE('',*,*,#2746,.T.);
#2949 = ORIENTED_EDGE('',*,*,#2770,.T.);
#2950 = ORIENTED_EDGE('',*,*,#2794,.T.);
#2951 = ORIENTED_EDGE('',*,*,#2818,.T.);
#2952 = ORIENTED_EDGE('',*,*,#2842,.T.);
#2953 = ORIENTED_EDGE('',*,*,#2866,.T.);
#2954 = ORIENTED_EDGE('',*,*,#2890,.T.);
#2955 = ORIENTED_EDGE('',*,*,#2914,.T.);
#2956 = ORIENTED_EDGE('',*,*,#2931,.T.);
#2957 = PLANE('',#2958);
#2958 = AXIS2_PLACEMENT_3D('',#2959,#2960,#2961);
#2959 = CARTESIAN_POINT('',(0.,0.,0.490999991093));
#2960 = DIRECTION('',(0.,0.,-1.));
#2961 = DIRECTION('',(-1.,0.,0.));
#2962 = ADVANCED_FACE('',(#2963,#3025),#3087,.T.);
#2963 = FACE_BOUND('',#2964,.T.);
#2964 = EDGE_LOOP('',(#2965,#2975,#2984,#2993,#3002,#3011,#3019));
#2965 = ORIENTED_EDGE('',*,*,#2966,.T.);
#2966 = EDGE_CURVE('',#2967,#2969,#2971,.T.);
#2967 = VERTEX_POINT('',#2968);
#2968 = CARTESIAN_POINT('',(1.391221514268,-1.813636425827,
    0.490999991093));
#2969 = VERTEX_POINT('',#2970);
#2970 = CARTESIAN_POINT('',(1.447160489151,-1.813636425827,
    0.490999991093));
#2971 = LINE('',#2972,#2973);
#2972 = CARTESIAN_POINT('',(1.447160489151,-1.813636425827,
    0.490999991093));
#2973 = VECTOR('',#2974,1.);
#2974 = DIRECTION('',(1.,0.,0.));
#2975 = ORIENTED_EDGE('',*,*,#2976,.T.);
#2976 = EDGE_CURVE('',#2969,#2977,#2979,.T.);
#2977 = VERTEX_POINT('',#2978);
#2978 = CARTESIAN_POINT('',(1.526130101463,-1.785147059437,
    0.490999991093));
#2979 = B_SPLINE_CURVE_WITH_KNOTS('',3,(#2980,#2981,#2982,#2983),
  .UNSPECIFIED.,.F.,.F.,(4,4),(5.,6.),.PIECEWISE_BEZIER_KNOTS.);
#2980 = CARTESIAN_POINT('',(1.447160489151,-1.813636425827,
    0.490999991093));
#2981 = CARTESIAN_POINT('',(1.479340996077,-1.813636425827,
    0.490999991093));
#2982 = CARTESIAN_POINT('',(1.505698858778,-1.80417462896,0.490999991093
    ));
#2983 = CARTESIAN_POINT('',(1.526130101463,-1.785147059437,
    0.490999991093));
#2984 = ORIENTED_EDGE('',*,*,#2985,.T.);
#2985 = EDGE_CURVE('',#2977,#2986,#2988,.T.);
#2986 = VERTEX_POINT('',#2987);
#2987 = CARTESIAN_POINT('',(1.556802959438,-1.709348708712,
    0.490999991093));
#2988 = B_SPLINE_CURVE_WITH_KNOTS('',3,(#2989,#2990,#2991,#2992),
  .UNSPECIFIED.,.F.,.F.,(4,4),(4.,5.),.PIECEWISE_BEZIER_KNOTS.);
#2989 = CARTESIAN_POINT('',(1.526130101463,-1.785147059437,
    0.490999991093));
#2990 = CARTESIAN_POINT('',(1.546561344148,-1.766119489913,
    0.490999991093));
#2991 = CARTESIAN_POINT('',(1.556802959438,-1.740853373005,
    0.490999991093));
#2992 = CARTESIAN_POINT('',(1.556802959438,-1.709348708712,
    0.490999991093));
#2993 = ORIENTED_EDGE('',*,*,#2994,.T.);
#2994 = EDGE_CURVE('',#2986,#2995,#2997,.T.);
#2995 = VERTEX_POINT('',#2996);
#2996 = CARTESIAN_POINT('',(1.526130101463,-1.637189510629,
    0.490999991093));
#2997 = B_SPLINE_CURVE_WITH_KNOTS('',3,(#2998,#2999,#3000,#3001),
  .UNSPECIFIED.,.F.,.F.,(4,4),(3.,4.),.PIECEWISE_BEZIER_KNOTS.);
#2998 = CARTESIAN_POINT('',(1.556802959438,-1.709348708712,
    0.490999991093));
#2999 = CARTESIAN_POINT('',(1.556802959438,-1.679195729687,
    0.490999991093));
#3000 = CARTESIAN_POINT('',(1.546561344148,-1.655177322255,
    0.490999991093));
#3001 = CARTESIAN_POINT('',(1.526130101463,-1.637189510629,
    0.490999991093));
#3002 = ORIENTED_EDGE('',*,*,#3003,.T.);
#3003 = EDGE_CURVE('',#2995,#3004,#3006,.T.);
#3004 = VERTEX_POINT('',#3005);
#3005 = CARTESIAN_POINT('',(1.449240004946,-1.610259781085,
    0.490999991093));
#3006 = B_SPLINE_CURVE_WITH_KNOTS('',3,(#3007,#3008,#3009,#3010),
  .UNSPECIFIED.,.F.,.F.,(4,4),(2.,3.),.PIECEWISE_BEZIER_KNOTS.);
#3007 = CARTESIAN_POINT('',(1.526130101463,-1.637189510629,
    0.490999991093));
#3008 = CARTESIAN_POINT('',(1.505698858778,-1.619201699003,
    0.490999991093));
#3009 = CARTESIAN_POINT('',(1.480068826606,-1.610259781085,
    0.490999991093));
#3010 = CARTESIAN_POINT('',(1.449240004946,-1.610259781085,
    0.490999991093));
#3011 = ORIENTED_EDGE('',*,*,#3012,.T.);
#3012 = EDGE_CURVE('',#3004,#3013,#3015,.T.);
#3013 = VERTEX_POINT('',#3014);
#3014 = CARTESIAN_POINT('',(1.391221514268,-1.610259781085,
    0.490999991093));
#3015 = LINE('',#3016,#3017);
#3016 = CARTESIAN_POINT('',(1.391221514268,-1.610259781085,
    0.490999991093));
#3017 = VECTOR('',#3018,1.);
#3018 = DIRECTION('',(-1.,-0.,-0.));
#3019 = ORIENTED_EDGE('',*,*,#3020,.T.);
#3020 = EDGE_CURVE('',#3013,#2967,#3021,.T.);
#3021 = LINE('',#3022,#3023);
#3022 = CARTESIAN_POINT('',(1.391221514268,-1.813636425827,
    0.490999991093));
#3023 = VECTOR('',#3024,1.);
#3024 = DIRECTION('',(-0.,-1.,-0.));
#3025 = FACE_BOUND('',#3026,.T.);
#3026 = EDGE_LOOP('',(#3027,#3037,#3045,#3054,#3063,#3072,#3081));
#3027 = ORIENTED_EDGE('',*,*,#3028,.F.);
#3028 = EDGE_CURVE('',#3029,#3031,#3033,.T.);
#3029 = VERTEX_POINT('',#3030);
#3030 = CARTESIAN_POINT('',(1.417475401179,-1.633654333777,
    0.490999991093));
#3031 = VERTEX_POINT('',#3032);
#3032 = CARTESIAN_POINT('',(1.417475401179,-1.790449824714,
    0.490999991093));
#3033 = LINE('',#3034,#3035);
#3034 = CARTESIAN_POINT('',(1.417475401179,-1.633654333777,
    0.490999991093));
#3035 = VECTOR('',#3036,1.);
#3036 = DIRECTION('',(0.,-1.,0.));
#3037 = ORIENTED_EDGE('',*,*,#3038,.F.);
#3038 = EDGE_CURVE('',#3039,#3029,#3041,.T.);
#3039 = VERTEX_POINT('',#3040);
#3040 = CARTESIAN_POINT('',(1.448200247047,-1.633654333777,
    0.490999991093));
#3041 = LINE('',#3042,#3043);
#3042 = CARTESIAN_POINT('',(1.448200247047,-1.633654333777,
    0.490999991093));
#3043 = VECTOR('',#3044,1.);
#3044 = DIRECTION('',(-1.,0.,0.));
#3045 = ORIENTED_EDGE('',*,*,#3046,.F.);
#3046 = EDGE_CURVE('',#3047,#3039,#3049,.T.);
#3047 = VERTEX_POINT('',#3048);
#3048 = CARTESIAN_POINT('',(1.50689458036,-1.652785879091,0.490999991093
    ));
#3049 = B_SPLINE_CURVE_WITH_KNOTS('',3,(#3050,#3051,#3052,#3053),
  .UNSPECIFIED.,.F.,.F.,(4,4),(5.,6.),.PIECEWISE_BEZIER_KNOTS.);
#3050 = CARTESIAN_POINT('',(1.50689458036,-1.652785879091,0.490999991093
    ));
#3051 = CARTESIAN_POINT('',(1.492026042425,-1.639996856952,
    0.490999991093));
#3052 = CARTESIAN_POINT('',(1.472426606058,-1.633654333777,
    0.490999991093));
#3053 = CARTESIAN_POINT('',(1.448200247047,-1.633654333777,
    0.490999991093));
#3054 = ORIENTED_EDGE('',*,*,#3055,.F.);
#3055 = EDGE_CURVE('',#3056,#3047,#3058,.T.);
#3056 = VERTEX_POINT('',#3057);
#3057 = CARTESIAN_POINT('',(1.529197387261,-1.710076539241,
    0.490999991093));
#3058 = B_SPLINE_CURVE_WITH_KNOTS('',3,(#3059,#3060,#3061,#3062),
  .UNSPECIFIED.,.F.,.F.,(4,4),(4.,5.),.PIECEWISE_BEZIER_KNOTS.);
#3059 = CARTESIAN_POINT('',(1.529197387261,-1.710076539241,
    0.490999991093));
#3060 = CARTESIAN_POINT('',(1.529197387261,-1.684706446543,
    0.490999991093));
#3061 = CARTESIAN_POINT('',(1.521763118293,-1.665574901229,
    0.490999991093));
#3062 = CARTESIAN_POINT('',(1.50689458036,-1.652785879091,0.490999991093
    ));
#3063 = ORIENTED_EDGE('',*,*,#3064,.F.);
#3064 = EDGE_CURVE('',#3065,#3056,#3067,.T.);
#3065 = VERTEX_POINT('',#3066);
#3066 = CARTESIAN_POINT('',(1.507466447204,-1.769238763606,
    0.490999991093));
#3067 = B_SPLINE_CURVE_WITH_KNOTS('',3,(#3068,#3069,#3070,#3071),
  .UNSPECIFIED.,.F.,.F.,(4,4),(3.,4.),.PIECEWISE_BEZIER_KNOTS.);
#3068 = CARTESIAN_POINT('',(1.507466447204,-1.769238763606,
    0.490999991093));
#3069 = CARTESIAN_POINT('',(1.521971069874,-1.75520203199,0.490999991093
    ));
#3070 = CARTESIAN_POINT('',(1.529197387261,-1.735446631939,
    0.490999991093));
#3071 = CARTESIAN_POINT('',(1.529197387261,-1.710076539241,
    0.490999991093));
#3072 = ORIENTED_EDGE('',*,*,#3073,.F.);
#3073 = EDGE_CURVE('',#3074,#3065,#3076,.T.);
#3074 = VERTEX_POINT('',#3075);
#3075 = CARTESIAN_POINT('',(1.447004525467,-1.790449824714,
    0.490999991093));
#3076 = B_SPLINE_CURVE_WITH_KNOTS('',3,(#3077,#3078,#3079,#3080),
  .UNSPECIFIED.,.F.,.F.,(4,4),(2.,3.),.PIECEWISE_BEZIER_KNOTS.);
#3077 = CARTESIAN_POINT('',(1.447004525467,-1.790449824714,
    0.490999991093));
#3078 = CARTESIAN_POINT('',(1.472842509218,-1.790449824714,
    0.490999991093));
#3079 = CARTESIAN_POINT('',(1.493013812429,-1.783379471011,
    0.490999991093));
#3080 = CARTESIAN_POINT('',(1.507466447204,-1.769238763606,
    0.490999991093));
#3081 = ORIENTED_EDGE('',*,*,#3082,.F.);
#3082 = EDGE_CURVE('',#3031,#3074,#3083,.T.);
#3083 = LINE('',#3084,#3085);
#3084 = CARTESIAN_POINT('',(1.417475401179,-1.790449824714,
    0.490999991093));
#3085 = VECTOR('',#3086,1.);
#3086 = DIRECTION('',(1.,0.,0.));
#3087 = PLANE('',#3088);
#3088 = AXIS2_PLACEMENT_3D('',#3089,#3090,#3091);
#3089 = CARTESIAN_POINT('',(1.49158414532,-1.616979216497,0.490999991093
    ));
#3090 = DIRECTION('',(0.,0.,1.));
#3091 = DIRECTION('',(1.,0.,-0.));
#3092 = ADVANCED_FACE('',(#3093),#3109,.F.);
#3093 = FACE_BOUND('',#3094,.T.);
#3094 = EDGE_LOOP('',(#3095,#3096,#3102,#3103));
#3095 = ORIENTED_EDGE('',*,*,#718,.T.);
#3096 = ORIENTED_EDGE('',*,*,#3097,.F.);
#3097 = EDGE_CURVE('',#2969,#721,#3098,.T.);
#3098 = LINE('',#3099,#3100);
#3099 = CARTESIAN_POINT('',(1.447160489151,-1.813636425827,
    0.490999991093));
#3100 = VECTOR('',#3101,1.);
#3101 = DIRECTION('',(-0.,-0.,-1.));
#3102 = ORIENTED_EDGE('',*,*,#2966,.F.);
#3103 = ORIENTED_EDGE('',*,*,#3104,.T.);
#3104 = EDGE_CURVE('',#2967,#719,#3105,.T.);
#3105 = LINE('',#3106,#3107);
#3106 = CARTESIAN_POINT('',(1.391221514268,-1.813636425827,
    0.490999991093));
#3107 = VECTOR('',#3108,1.);
#3108 = DIRECTION('',(-0.,-0.,-1.));
#3109 = PLANE('',#3110);
#3110 = AXIS2_PLACEMENT_3D('',#3111,#3112,#3113);
#3111 = CARTESIAN_POINT('',(1.447160489151,-1.813636425827,
    0.490999991093));
#3112 = DIRECTION('',(0.,1.,0.));
#3113 = DIRECTION('',(0.,-0.,1.));
#3114 = ADVANCED_FACE('',(#3115),#3126,.F.);
#3115 = FACE_BOUND('',#3116,.F.);
#3116 = EDGE_LOOP('',(#3117,#3118,#3119,#3125));
#3117 = ORIENTED_EDGE('',*,*,#3097,.F.);
#3118 = ORIENTED_EDGE('',*,*,#2976,.T.);
#3119 = ORIENTED_EDGE('',*,*,#3120,.T.);
#3120 = EDGE_CURVE('',#2977,#763,#3121,.T.);
#3121 = LINE('',#3122,#3123);
#3122 = CARTESIAN_POINT('',(1.526130101463,-1.785147059437,
    0.490999991093));
#3123 = VECTOR('',#3124,1.);
#3124 = DIRECTION('',(-0.,-0.,-1.));
#3125 = ORIENTED_EDGE('',*,*,#771,.F.);
#3126 = B_SPLINE_SURFACE_WITH_KNOTS('',3,1,(
    (#3127,#3128)
    ,(#3129,#3130)
    ,(#3131,#3132)
    ,(#3133,#3134
    )),.UNSPECIFIED.,.F.,.F.,.F.,(4,4),(2,2),(5.,6.),(0.,1.),
  .PIECEWISE_BEZIER_KNOTS.);
#3127 = CARTESIAN_POINT('',(1.447160489151,-1.813636425827,
    0.490999991093));
#3128 = CARTESIAN_POINT('',(1.447160489151,-1.813636425827,
    0.489999991111));
#3129 = CARTESIAN_POINT('',(1.479340996077,-1.813636425827,
    0.490999991093));
#3130 = CARTESIAN_POINT('',(1.479340996077,-1.813636425827,
    0.489999991111));
#3131 = CARTESIAN_POINT('',(1.505698858778,-1.80417462896,0.490999991093
    ));
#3132 = CARTESIAN_POINT('',(1.505698858778,-1.80417462896,0.489999991111
    ));
#3133 = CARTESIAN_POINT('',(1.526130101463,-1.785147059437,
    0.490999991093));
#3134 = CARTESIAN_POINT('',(1.526130101463,-1.785147059437,
    0.489999991111));
#3135 = ADVANCED_FACE('',(#3136),#3147,.F.);
#3136 = FACE_BOUND('',#3137,.F.);
#3137 = EDGE_LOOP('',(#3138,#3139,#3140,#3146));
#3138 = ORIENTED_EDGE('',*,*,#3120,.F.);
#3139 = ORIENTED_EDGE('',*,*,#2985,.T.);
#3140 = ORIENTED_EDGE('',*,*,#3141,.T.);
#3141 = EDGE_CURVE('',#2986,#754,#3142,.T.);
#3142 = LINE('',#3143,#3144);
#3143 = CARTESIAN_POINT('',(1.556802959438,-1.709348708712,
    0.490999991093));
#3144 = VECTOR('',#3145,1.);
#3145 = DIRECTION('',(-0.,-0.,-1.));
#3146 = ORIENTED_EDGE('',*,*,#762,.F.);
#3147 = B_SPLINE_SURFACE_WITH_KNOTS('',3,1,(
    (#3148,#3149)
    ,(#3150,#3151)
    ,(#3152,#3153)
    ,(#3154,#3155
    )),.UNSPECIFIED.,.F.,.F.,.F.,(4,4),(2,2),(4.,5.),(0.,1.),
  .PIECEWISE_BEZIER_KNOTS.);
#3148 = CARTESIAN_POINT('',(1.526130101463,-1.785147059437,
    0.490999991093));
#3149 = CARTESIAN_POINT('',(1.526130101463,-1.785147059437,
    0.489999991111));
#3150 = CARTESIAN_POINT('',(1.546561344148,-1.766119489913,
    0.490999991093));
#3151 = CARTESIAN_POINT('',(1.546561344148,-1.766119489913,
    0.489999991111));
#3152 = CARTESIAN_POINT('',(1.556802959438,-1.740853373005,
    0.490999991093));
#3153 = CARTESIAN_POINT('',(1.556802959438,-1.740853373005,
    0.489999991111));
#3154 = CARTESIAN_POINT('',(1.556802959438,-1.709348708712,
    0.490999991093));
#3155 = CARTESIAN_POINT('',(1.556802959438,-1.709348708712,
    0.489999991111));
#3156 = ADVANCED_FACE('',(#3157),#3168,.F.);
#3157 = FACE_BOUND('',#3158,.F.);
#3158 = EDGE_LOOP('',(#3159,#3160,#3161,#3167));
#3159 = ORIENTED_EDGE('',*,*,#3141,.F.);
#3160 = ORIENTED_EDGE('',*,*,#2994,.T.);
#3161 = ORIENTED_EDGE('',*,*,#3162,.T.);
#3162 = EDGE_CURVE('',#2995,#745,#3163,.T.);
#3163 = LINE('',#3164,#3165);
#3164 = CARTESIAN_POINT('',(1.526130101463,-1.637189510629,
    0.490999991093));
#3165 = VECTOR('',#3166,1.);
#3166 = DIRECTION('',(-0.,-0.,-1.));
#3167 = ORIENTED_EDGE('',*,*,#753,.F.);
#3168 = B_SPLINE_SURFACE_WITH_KNOTS('',3,1,(
    (#3169,#3170)
    ,(#3171,#3172)
    ,(#3173,#3174)
    ,(#3175,#3176
    )),.UNSPECIFIED.,.F.,.F.,.F.,(4,4),(2,2),(3.,4.),(0.,1.),
  .PIECEWISE_BEZIER_KNOTS.);
#3169 = CARTESIAN_POINT('',(1.556802959438,-1.709348708712,
    0.490999991093));
#3170 = CARTESIAN_POINT('',(1.556802959438,-1.709348708712,
    0.489999991111));
#3171 = CARTESIAN_POINT('',(1.556802959438,-1.679195729687,
    0.490999991093));
#3172 = CARTESIAN_POINT('',(1.556802959438,-1.679195729687,
    0.489999991111));
#3173 = CARTESIAN_POINT('',(1.546561344148,-1.655177322255,
    0.490999991093));
#3174 = CARTESIAN_POINT('',(1.546561344148,-1.655177322255,
    0.489999991111));
#3175 = CARTESIAN_POINT('',(1.526130101463,-1.637189510629,
    0.490999991093));
#3176 = CARTESIAN_POINT('',(1.526130101463,-1.637189510629,
    0.489999991111));
#3177 = ADVANCED_FACE('',(#3178),#3189,.F.);
#3178 = FACE_BOUND('',#3179,.F.);
#3179 = EDGE_LOOP('',(#3180,#3181,#3182,#3188));
#3180 = ORIENTED_EDGE('',*,*,#3162,.F.);
#3181 = ORIENTED_EDGE('',*,*,#3003,.T.);
#3182 = ORIENTED_EDGE('',*,*,#3183,.T.);
#3183 = EDGE_CURVE('',#3004,#737,#3184,.T.);
#3184 = LINE('',#3185,#3186);
#3185 = CARTESIAN_POINT('',(1.449240004946,-1.610259781085,
    0.490999991093));
#3186 = VECTOR('',#3187,1.);
#3187 = DIRECTION('',(-0.,-0.,-1.));
#3188 = ORIENTED_EDGE('',*,*,#744,.F.);
#3189 = B_SPLINE_SURFACE_WITH_KNOTS('',3,1,(
    (#3190,#3191)
    ,(#3192,#3193)
    ,(#3194,#3195)
    ,(#3196,#3197
    )),.UNSPECIFIED.,.F.,.F.,.F.,(4,4),(2,2),(2.,3.),(0.,1.),
  .PIECEWISE_BEZIER_KNOTS.);
#3190 = CARTESIAN_POINT('',(1.526130101463,-1.637189510629,
    0.490999991093));
#3191 = CARTESIAN_POINT('',(1.526130101463,-1.637189510629,
    0.489999991111));
#3192 = CARTESIAN_POINT('',(1.505698858778,-1.619201699003,
    0.490999991093));
#3193 = CARTESIAN_POINT('',(1.505698858778,-1.619201699003,
    0.489999991111));
#3194 = CARTESIAN_POINT('',(1.480068826606,-1.610259781085,
    0.490999991093));
#3195 = CARTESIAN_POINT('',(1.480068826606,-1.610259781085,
    0.489999991111));
#3196 = CARTESIAN_POINT('',(1.449240004946,-1.610259781085,
    0.490999991093));
#3197 = CARTESIAN_POINT('',(1.449240004946,-1.610259781085,
    0.489999991111));
#3198 = ADVANCED_FACE('',(#3199),#3210,.F.);
#3199 = FACE_BOUND('',#3200,.T.);
#3200 = EDGE_LOOP('',(#3201,#3202,#3208,#3209));
#3201 = ORIENTED_EDGE('',*,*,#736,.T.);
#3202 = ORIENTED_EDGE('',*,*,#3203,.F.);
#3203 = EDGE_CURVE('',#3013,#729,#3204,.T.);
#3204 = LINE('',#3205,#3206);
#3205 = CARTESIAN_POINT('',(1.391221514268,-1.610259781085,
    0.490999991093));
#3206 = VECTOR('',#3207,1.);
#3207 = DIRECTION('',(-0.,-0.,-1.));
#3208 = ORIENTED_EDGE('',*,*,#3012,.F.);
#3209 = ORIENTED_EDGE('',*,*,#3183,.T.);
#3210 = PLANE('',#3211);
#3211 = AXIS2_PLACEMENT_3D('',#3212,#3213,#3214);
#3212 = CARTESIAN_POINT('',(1.391221514268,-1.610259781085,
    0.490999991093));
#3213 = DIRECTION('',(0.,-1.,0.));
#3214 = DIRECTION('',(0.,0.,-1.));
#3215 = ADVANCED_FACE('',(#3216),#3222,.F.);
#3216 = FACE_BOUND('',#3217,.T.);
#3217 = EDGE_LOOP('',(#3218,#3219,#3220,#3221));
#3218 = ORIENTED_EDGE('',*,*,#728,.T.);
#3219 = ORIENTED_EDGE('',*,*,#3104,.F.);
#3220 = ORIENTED_EDGE('',*,*,#3020,.F.);
#3221 = ORIENTED_EDGE('',*,*,#3203,.T.);
#3222 = PLANE('',#3223);
#3223 = AXIS2_PLACEMENT_3D('',#3224,#3225,#3226);
#3224 = CARTESIAN_POINT('',(1.391221514268,-1.813636425827,
    0.490999991093));
#3225 = DIRECTION('',(1.,0.,0.));
#3226 = DIRECTION('',(0.,0.,-1.));
#3227 = ADVANCED_FACE('',(#3228),#3253,.T.);
#3228 = FACE_BOUND('',#3229,.T.);
#3229 = EDGE_LOOP('',(#3230,#3240,#3246,#3247));
#3230 = ORIENTED_EDGE('',*,*,#3231,.F.);
#3231 = EDGE_CURVE('',#3232,#3234,#3236,.T.);
#3232 = VERTEX_POINT('',#3233);
#3233 = CARTESIAN_POINT('',(1.448200247047,-1.633654333777,
    0.489999991111));
#3234 = VERTEX_POINT('',#3235);
#3235 = CARTESIAN_POINT('',(1.417475401179,-1.633654333777,
    0.489999991111));
#3236 = LINE('',#3237,#3238);
#3237 = CARTESIAN_POINT('',(1.448200247047,-1.633654333777,
    0.489999991111));
#3238 = VECTOR('',#3239,1.);
#3239 = DIRECTION('',(-1.,0.,0.));
#3240 = ORIENTED_EDGE('',*,*,#3241,.F.);
#3241 = EDGE_CURVE('',#3039,#3232,#3242,.T.);
#3242 = LINE('',#3243,#3244);
#3243 = CARTESIAN_POINT('',(1.448200247047,-1.633654333777,
    0.490999991093));
#3244 = VECTOR('',#3245,1.);
#3245 = DIRECTION('',(-0.,-0.,-1.));
#3246 = ORIENTED_EDGE('',*,*,#3038,.T.);
#3247 = ORIENTED_EDGE('',*,*,#3248,.T.);
#3248 = EDGE_CURVE('',#3029,#3234,#3249,.T.);
#3249 = LINE('',#3250,#3251);
#3250 = CARTESIAN_POINT('',(1.417475401179,-1.633654333777,
    0.490999991093));
#3251 = VECTOR('',#3252,1.);
#3252 = DIRECTION('',(-0.,-0.,-1.));
#3253 = PLANE('',#3254);
#3254 = AXIS2_PLACEMENT_3D('',#3255,#3256,#3257);
#3255 = CARTESIAN_POINT('',(1.448200247047,-1.633654333777,
    0.490999991093));
#3256 = DIRECTION('',(0.,-1.,0.));
#3257 = DIRECTION('',(0.,0.,-1.));
#3258 = ADVANCED_FACE('',(#3259),#3277,.T.);
#3259 = FACE_BOUND('',#3260,.T.);
#3260 = EDGE_LOOP('',(#3261,#3269,#3270,#3271));
#3261 = ORIENTED_EDGE('',*,*,#3262,.F.);
#3262 = EDGE_CURVE('',#3234,#3263,#3265,.T.);
#3263 = VERTEX_POINT('',#3264);
#3264 = CARTESIAN_POINT('',(1.417475401179,-1.790449824714,
    0.489999991111));
#3265 = LINE('',#3266,#3267);
#3266 = CARTESIAN_POINT('',(1.417475401179,-1.633654333777,
    0.489999991111));
#3267 = VECTOR('',#3268,1.);
#3268 = DIRECTION('',(0.,-1.,0.));
#3269 = ORIENTED_EDGE('',*,*,#3248,.F.);
#3270 = ORIENTED_EDGE('',*,*,#3028,.T.);
#3271 = ORIENTED_EDGE('',*,*,#3272,.T.);
#3272 = EDGE_CURVE('',#3031,#3263,#3273,.T.);
#3273 = LINE('',#3274,#3275);
#3274 = CARTESIAN_POINT('',(1.417475401179,-1.790449824714,
    0.490999991093));
#3275 = VECTOR('',#3276,1.);
#3276 = DIRECTION('',(-0.,-0.,-1.));
#3277 = PLANE('',#3278);
#3278 = AXIS2_PLACEMENT_3D('',#3279,#3280,#3281);
#3279 = CARTESIAN_POINT('',(1.417475401179,-1.633654333777,
    0.490999991093));
#3280 = DIRECTION('',(1.,0.,0.));
#3281 = DIRECTION('',(0.,0.,-1.));
#3282 = ADVANCED_FACE('',(#3283),#3301,.T.);
#3283 = FACE_BOUND('',#3284,.T.);
#3284 = EDGE_LOOP('',(#3285,#3293,#3294,#3295));
#3285 = ORIENTED_EDGE('',*,*,#3286,.F.);
#3286 = EDGE_CURVE('',#3263,#3287,#3289,.T.);
#3287 = VERTEX_POINT('',#3288);
#3288 = CARTESIAN_POINT('',(1.447004525467,-1.790449824714,
    0.489999991111));
#3289 = LINE('',#3290,#3291);
#3290 = CARTESIAN_POINT('',(1.417475401179,-1.790449824714,
    0.489999991111));
#3291 = VECTOR('',#3292,1.);
#3292 = DIRECTION('',(1.,0.,0.));
#3293 = ORIENTED_EDGE('',*,*,#3272,.F.);
#3294 = ORIENTED_EDGE('',*,*,#3082,.T.);
#3295 = ORIENTED_EDGE('',*,*,#3296,.T.);
#3296 = EDGE_CURVE('',#3074,#3287,#3297,.T.);
#3297 = LINE('',#3298,#3299);
#3298 = CARTESIAN_POINT('',(1.447004525467,-1.790449824714,
    0.490999991093));
#3299 = VECTOR('',#3300,1.);
#3300 = DIRECTION('',(-0.,-0.,-1.));
#3301 = PLANE('',#3302);
#3302 = AXIS2_PLACEMENT_3D('',#3303,#3304,#3305);
#3303 = CARTESIAN_POINT('',(1.417475401179,-1.790449824714,
    0.490999991093));
#3304 = DIRECTION('',(0.,1.,0.));
#3305 = DIRECTION('',(0.,-0.,1.));
#3306 = ADVANCED_FACE('',(#3307),#3326,.T.);
#3307 = FACE_BOUND('',#3308,.T.);
#3308 = EDGE_LOOP('',(#3309,#3318,#3319,#3320));
#3309 = ORIENTED_EDGE('',*,*,#3310,.F.);
#3310 = EDGE_CURVE('',#3287,#3311,#3313,.T.);
#3311 = VERTEX_POINT('',#3312);
#3312 = CARTESIAN_POINT('',(1.507466447204,-1.769238763606,
    0.489999991111));
#3313 = B_SPLINE_CURVE_WITH_KNOTS('',3,(#3314,#3315,#3316,#3317),
  .UNSPECIFIED.,.F.,.F.,(4,4),(2.,3.),.PIECEWISE_BEZIER_KNOTS.);
#3314 = CARTESIAN_POINT('',(1.447004525467,-1.790449824714,
    0.489999991111));
#3315 = CARTESIAN_POINT('',(1.472842509218,-1.790449824714,
    0.489999991111));
#3316 = CARTESIAN_POINT('',(1.493013812429,-1.783379471011,
    0.489999991111));
#3317 = CARTESIAN_POINT('',(1.507466447204,-1.769238763606,
    0.489999991111));
#3318 = ORIENTED_EDGE('',*,*,#3296,.F.);
#3319 = ORIENTED_EDGE('',*,*,#3073,.T.);
#3320 = ORIENTED_EDGE('',*,*,#3321,.T.);
#3321 = EDGE_CURVE('',#3065,#3311,#3322,.T.);
#3322 = LINE('',#3323,#3324);
#3323 = CARTESIAN_POINT('',(1.507466447204,-1.769238763606,
    0.490999991093));
#3324 = VECTOR('',#3325,1.);
#3325 = DIRECTION('',(-0.,-0.,-1.));
#3326 = B_SPLINE_SURFACE_WITH_KNOTS('',3,1,(
    (#3327,#3328)
    ,(#3329,#3330)
    ,(#3331,#3332)
    ,(#3333,#3334
    )),.UNSPECIFIED.,.F.,.F.,.F.,(4,4),(2,2),(2.,3.),(0.,1.),
  .PIECEWISE_BEZIER_KNOTS.);
#3327 = CARTESIAN_POINT('',(1.447004525467,-1.790449824714,
    0.490999991093));
#3328 = CARTESIAN_POINT('',(1.447004525467,-1.790449824714,
    0.489999991111));
#3329 = CARTESIAN_POINT('',(1.472842509218,-1.790449824714,
    0.490999991093));
#3330 = CARTESIAN_POINT('',(1.472842509218,-1.790449824714,
    0.489999991111));
#3331 = CARTESIAN_POINT('',(1.493013812429,-1.783379471011,
    0.490999991093));
#3332 = CARTESIAN_POINT('',(1.493013812429,-1.783379471011,
    0.489999991111));
#3333 = CARTESIAN_POINT('',(1.507466447204,-1.769238763606,
    0.490999991093));
#3334 = CARTESIAN_POINT('',(1.507466447204,-1.769238763606,
    0.489999991111));
#3335 = ADVANCED_FACE('',(#3336),#3355,.T.);
#3336 = FACE_BOUND('',#3337,.T.);
#3337 = EDGE_LOOP('',(#3338,#3347,#3348,#3349));
#3338 = ORIENTED_EDGE('',*,*,#3339,.F.);
#3339 = EDGE_CURVE('',#3311,#3340,#3342,.T.);
#3340 = VERTEX_POINT('',#3341);
#3341 = CARTESIAN_POINT('',(1.529197387261,-1.710076539241,
    0.489999991111));
#3342 = B_SPLINE_CURVE_WITH_KNOTS('',3,(#3343,#3344,#3345,#3346),
  .UNSPECIFIED.,.F.,.F.,(4,4),(3.,4.),.PIECEWISE_BEZIER_KNOTS.);
#3343 = CARTESIAN_POINT('',(1.507466447204,-1.769238763606,
    0.489999991111));
#3344 = CARTESIAN_POINT('',(1.521971069874,-1.75520203199,0.489999991111
    ));
#3345 = CARTESIAN_POINT('',(1.529197387261,-1.735446631939,
    0.489999991111));
#3346 = CARTESIAN_POINT('',(1.529197387261,-1.710076539241,
    0.489999991111));
#3347 = ORIENTED_EDGE('',*,*,#3321,.F.);
#3348 = ORIENTED_EDGE('',*,*,#3064,.T.);
#3349 = ORIENTED_EDGE('',*,*,#3350,.T.);
#3350 = EDGE_CURVE('',#3056,#3340,#3351,.T.);
#3351 = LINE('',#3352,#3353);
#3352 = CARTESIAN_POINT('',(1.529197387261,-1.710076539241,
    0.490999991093));
#3353 = VECTOR('',#3354,1.);
#3354 = DIRECTION('',(-0.,-0.,-1.));
#3355 = B_SPLINE_SURFACE_WITH_KNOTS('',3,1,(
    (#3356,#3357)
    ,(#3358,#3359)
    ,(#3360,#3361)
    ,(#3362,#3363
    )),.UNSPECIFIED.,.F.,.F.,.F.,(4,4),(2,2),(3.,4.),(0.,1.),
  .PIECEWISE_BEZIER_KNOTS.);
#3356 = CARTESIAN_POINT('',(1.507466447204,-1.769238763606,
    0.490999991093));
#3357 = CARTESIAN_POINT('',(1.507466447204,-1.769238763606,
    0.489999991111));
#3358 = CARTESIAN_POINT('',(1.521971069874,-1.75520203199,0.490999991093
    ));
#3359 = CARTESIAN_POINT('',(1.521971069874,-1.75520203199,0.489999991111
    ));
#3360 = CARTESIAN_POINT('',(1.529197387261,-1.735446631939,
    0.490999991093));
#3361 = CARTESIAN_POINT('',(1.529197387261,-1.735446631939,
    0.489999991111));
#3362 = CARTESIAN_POINT('',(1.529197387261,-1.710076539241,
    0.490999991093));
#3363 = CARTESIAN_POINT('',(1.529197387261,-1.710076539241,
    0.489999991111));
#3364 = ADVANCED_FACE('',(#3365),#3384,.T.);
#3365 = FACE_BOUND('',#3366,.T.);
#3366 = EDGE_LOOP('',(#3367,#3376,#3377,#3378));
#3367 = ORIENTED_EDGE('',*,*,#3368,.F.);
#3368 = EDGE_CURVE('',#3340,#3369,#3371,.T.);
#3369 = VERTEX_POINT('',#3370);
#3370 = CARTESIAN_POINT('',(1.50689458036,-1.652785879091,0.489999991111
    ));
#3371 = B_SPLINE_CURVE_WITH_KNOTS('',3,(#3372,#3373,#3374,#3375),
  .UNSPECIFIED.,.F.,.F.,(4,4),(4.,5.),.PIECEWISE_BEZIER_KNOTS.);
#3372 = CARTESIAN_POINT('',(1.529197387261,-1.710076539241,
    0.489999991111));
#3373 = CARTESIAN_POINT('',(1.529197387261,-1.684706446543,
    0.489999991111));
#3374 = CARTESIAN_POINT('',(1.521763118293,-1.665574901229,
    0.489999991111));
#3375 = CARTESIAN_POINT('',(1.50689458036,-1.652785879091,0.489999991111
    ));
#3376 = ORIENTED_EDGE('',*,*,#3350,.F.);
#3377 = ORIENTED_EDGE('',*,*,#3055,.T.);
#3378 = ORIENTED_EDGE('',*,*,#3379,.T.);
#3379 = EDGE_CURVE('',#3047,#3369,#3380,.T.);
#3380 = LINE('',#3381,#3382);
#3381 = CARTESIAN_POINT('',(1.50689458036,-1.652785879091,0.490999991093
    ));
#3382 = VECTOR('',#3383,1.);
#3383 = DIRECTION('',(-0.,-0.,-1.));
#3384 = B_SPLINE_SURFACE_WITH_KNOTS('',3,1,(
    (#3385,#3386)
    ,(#3387,#3388)
    ,(#3389,#3390)
    ,(#3391,#3392
    )),.UNSPECIFIED.,.F.,.F.,.F.,(4,4),(2,2),(4.,5.),(0.,1.),
  .PIECEWISE_BEZIER_KNOTS.);
#3385 = CARTESIAN_POINT('',(1.529197387261,-1.710076539241,
    0.490999991093));
#3386 = CARTESIAN_POINT('',(1.529197387261,-1.710076539241,
    0.489999991111));
#3387 = CARTESIAN_POINT('',(1.529197387261,-1.684706446543,
    0.490999991093));
#3388 = CARTESIAN_POINT('',(1.529197387261,-1.684706446543,
    0.489999991111));
#3389 = CARTESIAN_POINT('',(1.521763118293,-1.665574901229,
    0.490999991093));
#3390 = CARTESIAN_POINT('',(1.521763118293,-1.665574901229,
    0.489999991111));
#3391 = CARTESIAN_POINT('',(1.50689458036,-1.652785879091,0.490999991093
    ));
#3392 = CARTESIAN_POINT('',(1.50689458036,-1.652785879091,0.489999991111
    ));
#3393 = ADVANCED_FACE('',(#3394),#3406,.T.);
#3394 = FACE_BOUND('',#3395,.T.);
#3395 = EDGE_LOOP('',(#3396,#3403,#3404,#3405));
#3396 = ORIENTED_EDGE('',*,*,#3397,.F.);
#3397 = EDGE_CURVE('',#3369,#3232,#3398,.T.);
#3398 = B_SPLINE_CURVE_WITH_KNOTS('',3,(#3399,#3400,#3401,#3402),
  .UNSPECIFIED.,.F.,.F.,(4,4),(5.,6.),.PIECEWISE_BEZIER_KNOTS.);
#3399 = CARTESIAN_POINT('',(1.50689458036,-1.652785879091,0.489999991111
    ));
#3400 = CARTESIAN_POINT('',(1.492026042425,-1.639996856952,
    0.489999991111));
#3401 = CARTESIAN_POINT('',(1.472426606058,-1.633654333777,
    0.489999991111));
#3402 = CARTESIAN_POINT('',(1.448200247047,-1.633654333777,
    0.489999991111));
#3403 = ORIENTED_EDGE('',*,*,#3379,.F.);
#3404 = ORIENTED_EDGE('',*,*,#3046,.T.);
#3405 = ORIENTED_EDGE('',*,*,#3241,.T.);
#3406 = B_SPLINE_SURFACE_WITH_KNOTS('',3,1,(
    (#3407,#3408)
    ,(#3409,#3410)
    ,(#3411,#3412)
    ,(#3413,#3414
    )),.UNSPECIFIED.,.F.,.F.,.F.,(4,4),(2,2),(5.,6.),(0.,1.),
  .PIECEWISE_BEZIER_KNOTS.);
#3407 = CARTESIAN_POINT('',(1.50689458036,-1.652785879091,0.490999991093
    ));
#3408 = CARTESIAN_POINT('',(1.50689458036,-1.652785879091,0.489999991111
    ));
#3409 = CARTESIAN_POINT('',(1.492026042425,-1.639996856952,
    0.490999991093));
#3410 = CARTESIAN_POINT('',(1.492026042425,-1.639996856952,
    0.489999991111));
#3411 = CARTESIAN_POINT('',(1.472426606058,-1.633654333777,
    0.490999991093));
#3412 = CARTESIAN_POINT('',(1.472426606058,-1.633654333777,
    0.489999991111));
#3413 = CARTESIAN_POINT('',(1.448200247047,-1.633654333777,
    0.490999991093));
#3414 = CARTESIAN_POINT('',(1.448200247047,-1.633654333777,
    0.489999991111));
#3415 = ADVANCED_FACE('',(#3416),#3425,.F.);
#3416 = FACE_BOUND('',#3417,.T.);
#3417 = EDGE_LOOP('',(#3418,#3419,#3420,#3421,#3422,#3423,#3424));
#3418 = ORIENTED_EDGE('',*,*,#3397,.T.);
#3419 = ORIENTED_EDGE('',*,*,#3231,.T.);
#3420 = ORIENTED_EDGE('',*,*,#3262,.T.);
#3421 = ORIENTED_EDGE('',*,*,#3286,.T.);
#3422 = ORIENTED_EDGE('',*,*,#3310,.T.);
#3423 = ORIENTED_EDGE('',*,*,#3339,.T.);
#3424 = ORIENTED_EDGE('',*,*,#3368,.T.);
#3425 = PLANE('',#3426);
#3426 = AXIS2_PLACEMENT_3D('',#3427,#3428,#3429);
#3427 = CARTESIAN_POINT('',(0.,0.,0.489999991111));
#3428 = DIRECTION('',(0.,0.,-1.));
#3429 = DIRECTION('',(-1.,0.,0.));
#3430 = ADVANCED_FACE('',(#3431,#3497),#3549,.F.);
#3431 = FACE_BOUND('',#3432,.T.);
#3432 = EDGE_LOOP('',(#3433,#3443,#3451,#3459,#3467,#3475,#3483,#3491));
#3433 = ORIENTED_EDGE('',*,*,#3434,.T.);
#3434 = EDGE_CURVE('',#3435,#3437,#3439,.T.);
#3435 = VERTEX_POINT('',#3436);
#3436 = CARTESIAN_POINT('',(1.751081722578,-1.813636425827,
    0.490999991093));
#3437 = VERTEX_POINT('',#3438);
#3438 = CARTESIAN_POINT('',(1.673619759217,-1.610259781085,
    0.490999991093));
#3439 = LINE('',#3440,#3441);
#3440 = CARTESIAN_POINT('',(1.673619759217,-1.610259781085,
    0.490999991093));
#3441 = VECTOR('',#3442,1.);
#3442 = DIRECTION('',(-0.35593572437,0.934510438742,0.));
#3443 = ORIENTED_EDGE('',*,*,#3444,.T.);
#3444 = EDGE_CURVE('',#3437,#3445,#3447,.T.);
#3445 = VERTEX_POINT('',#3446);
#3446 = CARTESIAN_POINT('',(1.645546295985,-1.610259781085,
    0.490999991093));
#3447 = LINE('',#3448,#3449);
#3448 = CARTESIAN_POINT('',(1.645546295985,-1.610259781085,
    0.490999991093));
#3449 = VECTOR('',#3450,1.);
#3450 = DIRECTION('',(-1.,-0.,-0.));
#3451 = ORIENTED_EDGE('',*,*,#3452,.T.);
#3452 = EDGE_CURVE('',#3445,#3453,#3455,.T.);
#3453 = VERTEX_POINT('',#3454);
#3454 = CARTESIAN_POINT('',(1.568084332626,-1.813636425827,
    0.490999991093));
#3455 = LINE('',#3456,#3457);
#3456 = CARTESIAN_POINT('',(1.568084332626,-1.813636425827,
    0.490999991093));
#3457 = VECTOR('',#3458,1.);
#3458 = DIRECTION('',(-0.355935724364,-0.934510438744,-0.));
#3459 = ORIENTED_EDGE('',*,*,#3460,.T.);
#3460 = EDGE_CURVE('',#3453,#3461,#3463,.T.);
#3461 = VERTEX_POINT('',#3462);
#3462 = CARTESIAN_POINT('',(1.597093577964,-1.813636425827,
    0.490999991093));
#3463 = LINE('',#3464,#3465);
#3464 = CARTESIAN_POINT('',(1.597093577964,-1.813636425827,
    0.490999991093));
#3465 = VECTOR('',#3466,1.);
#3466 = DIRECTION('',(1.,0.,0.));
#3467 = ORIENTED_EDGE('',*,*,#3468,.T.);
#3468 = EDGE_CURVE('',#3461,#3469,#3471,.T.);
#3469 = VERTEX_POINT('',#3470);
#3470 = CARTESIAN_POINT('',(1.616641026436,-1.758009378313,
    0.490999991093));
#3471 = LINE('',#3472,#3473);
#3472 = CARTESIAN_POINT('',(1.616641026436,-1.758009378313,
    0.490999991093));
#3473 = VECTOR('',#3474,1.);
#3474 = DIRECTION('',(0.33152841835,0.943445233083,0.));
#3475 = ORIENTED_EDGE('',*,*,#3476,.T.);
#3476 = EDGE_CURVE('',#3469,#3477,#3479,.T.);
#3477 = VERTEX_POINT('',#3478);
#3478 = CARTESIAN_POINT('',(1.701329307184,-1.758009378313,
    0.490999991093));
#3479 = LINE('',#3480,#3481);
#3480 = CARTESIAN_POINT('',(1.701329307184,-1.758009378313,
    0.490999991093));
#3481 = VECTOR('',#3482,1.);
#3482 = DIRECTION('',(1.,0.,0.));
#3483 = ORIENTED_EDGE('',*,*,#3484,.T.);
#3484 = EDGE_CURVE('',#3477,#3485,#3487,.T.);
#3485 = VERTEX_POINT('',#3486);
#3486 = CARTESIAN_POINT('',(1.722072477238,-1.813636425827,
    0.490999991093));
#3487 = LINE('',#3488,#3489);
#3488 = CARTESIAN_POINT('',(1.722072477238,-1.813636425827,
    0.490999991093));
#3489 = VECTOR('',#3490,1.);
#3490 = DIRECTION('',(0.349395479469,-0.936975345954,0.));
#3491 = ORIENTED_EDGE('',*,*,#3492,.T.);
#3492 = EDGE_CURVE('',#3485,#3435,#3493,.T.);
#3493 = LINE('',#3494,#3495);
#3494 = CARTESIAN_POINT('',(1.751081722578,-1.813636425827,
    0.490999991093));
#3495 = VECTOR('',#3496,1.);
#3496 = DIRECTION('',(1.,0.,0.));
#3497 = FACE_BOUND('',#3498,.T.);
#3498 = EDGE_LOOP('',(#3499,#3509,#3517,#3526,#3534,#3543));
#3499 = ORIENTED_EDGE('',*,*,#3500,.F.);
#3500 = EDGE_CURVE('',#3501,#3503,#3505,.T.);
#3501 = VERTEX_POINT('',#3502);
#3502 = CARTESIAN_POINT('',(1.624959089616,-1.735030728779,
    0.490999991093));
#3503 = VERTEX_POINT('',#3504);
#3504 = CARTESIAN_POINT('',(1.693219195584,-1.735030728779,
    0.490999991093));
#3505 = LINE('',#3506,#3507);
#3506 = CARTESIAN_POINT('',(1.624959089616,-1.735030728779,
    0.490999991093));
#3507 = VECTOR('',#3508,1.);
#3508 = DIRECTION('',(1.,0.,0.));
#3509 = ORIENTED_EDGE('',*,*,#3510,.F.);
#3510 = EDGE_CURVE('',#3511,#3501,#3513,.T.);
#3511 = VERTEX_POINT('',#3512);
#3512 = CARTESIAN_POINT('',(1.655372008116,-1.650498411716,
    0.490999991093));
#3513 = LINE('',#3514,#3515);
#3514 = CARTESIAN_POINT('',(1.655372008116,-1.650498411716,
    0.490999991093));
#3515 = VECTOR('',#3516,1.);
#3516 = DIRECTION('',(-0.338535034314,-0.940953787676,0.));
#3517 = ORIENTED_EDGE('',*,*,#3518,.F.);
#3518 = EDGE_CURVE('',#3519,#3511,#3521,.T.);
#3519 = VERTEX_POINT('',#3520);
#3520 = CARTESIAN_POINT('',(1.658699233389,-1.636253728521,
    0.490999991093));
#3521 = B_SPLINE_CURVE_WITH_KNOTS('',3,(#3522,#3523,#3524,#3525),
  .UNSPECIFIED.,.F.,.F.,(4,4),(3.,4.),.PIECEWISE_BEZIER_KNOTS.);
#3522 = CARTESIAN_POINT('',(1.658699233389,-1.636253728521,
    0.490999991093));
#3523 = CARTESIAN_POINT('',(1.657711463386,-1.642388300116,
    0.490999991093));
#3524 = CARTESIAN_POINT('',(1.656619717593,-1.647171186444,
    0.490999991093));
#3525 = CARTESIAN_POINT('',(1.655372008116,-1.650498411716,
    0.490999991093));
#3526 = ORIENTED_EDGE('',*,*,#3527,.F.);
#3527 = EDGE_CURVE('',#3528,#3519,#3530,.T.);
#3528 = VERTEX_POINT('',#3529);
#3529 = CARTESIAN_POINT('',(1.659323088126,-1.636253728521,
    0.490999991093));
#3530 = LINE('',#3531,#3532);
#3531 = CARTESIAN_POINT('',(1.659323088126,-1.636253728521,
    0.490999991093));
#3532 = VECTOR('',#3533,1.);
#3533 = DIRECTION('',(-1.,0.,0.));
#3534 = ORIENTED_EDGE('',*,*,#3535,.F.);
#3535 = EDGE_CURVE('',#3536,#3528,#3538,.T.);
#3536 = VERTEX_POINT('',#3537);
#3537 = CARTESIAN_POINT('',(1.662494349714,-1.650498411716,
    0.490999991093));
#3538 = B_SPLINE_CURVE_WITH_KNOTS('',3,(#3539,#3540,#3541,#3542),
  .UNSPECIFIED.,.F.,.F.,(4,4),(1.,2.),.PIECEWISE_BEZIER_KNOTS.);
#3539 = CARTESIAN_POINT('',(1.662494349714,-1.650498411716,
    0.490999991093));
#3540 = CARTESIAN_POINT('',(1.661506579711,-1.647691065394,
    0.490999991093));
#3541 = CARTESIAN_POINT('',(1.660466821814,-1.643012154855,
    0.490999991093));
#3542 = CARTESIAN_POINT('',(1.659323088126,-1.636253728521,
    0.490999991093));
#3543 = ORIENTED_EDGE('',*,*,#3544,.F.);
#3544 = EDGE_CURVE('',#3503,#3536,#3545,.T.);
#3545 = LINE('',#3546,#3547);
#3546 = CARTESIAN_POINT('',(1.693219195584,-1.735030728779,
    0.490999991093));
#3547 = VECTOR('',#3548,1.);
#3548 = DIRECTION('',(-0.341603830682,0.939844041777,0.));
#3549 = PLANE('',#3550);
#3550 = AXIS2_PLACEMENT_3D('',#3551,#3552,#3553);
#3551 = CARTESIAN_POINT('',(0.,0.,0.490999991093));
#3552 = DIRECTION('',(0.,0.,-1.));
#3553 = DIRECTION('',(-1.,0.,0.));
#3554 = ADVANCED_FACE('',(#3555),#3571,.F.);
#3555 = FACE_BOUND('',#3556,.T.);
#3556 = EDGE_LOOP('',(#3557,#3558,#3564,#3565));
#3557 = ORIENTED_EDGE('',*,*,#780,.T.);
#3558 = ORIENTED_EDGE('',*,*,#3559,.F.);
#3559 = EDGE_CURVE('',#3437,#783,#3560,.T.);
#3560 = LINE('',#3561,#3562);
#3561 = CARTESIAN_POINT('',(1.673619759217,-1.610259781085,
    0.490999991093));
#3562 = VECTOR('',#3563,1.);
#3563 = DIRECTION('',(-0.,-0.,-1.));
#3564 = ORIENTED_EDGE('',*,*,#3434,.F.);
#3565 = ORIENTED_EDGE('',*,*,#3566,.T.);
#3566 = EDGE_CURVE('',#3435,#781,#3567,.T.);
#3567 = LINE('',#3568,#3569);
#3568 = CARTESIAN_POINT('',(1.751081722578,-1.813636425827,
    0.490999991093));
#3569 = VECTOR('',#3570,1.);
#3570 = DIRECTION('',(-0.,-0.,-1.));
#3571 = PLANE('',#3572);
#3572 = AXIS2_PLACEMENT_3D('',#3573,#3574,#3575);
#3573 = CARTESIAN_POINT('',(1.673619759217,-1.610259781085,
    0.490999991093));
#3574 = DIRECTION('',(-0.934510438742,-0.35593572437,0.));
#3575 = DIRECTION('',(0.35593572437,-0.934510438742,0.));
#3576 = ADVANCED_FACE('',(#3577),#3588,.F.);
#3577 = FACE_BOUND('',#3578,.T.);
#3578 = EDGE_LOOP('',(#3579,#3580,#3586,#3587));
#3579 = ORIENTED_EDGE('',*,*,#838,.T.);
#3580 = ORIENTED_EDGE('',*,*,#3581,.F.);
#3581 = EDGE_CURVE('',#3445,#831,#3582,.T.);
#3582 = LINE('',#3583,#3584);
#3583 = CARTESIAN_POINT('',(1.645546295985,-1.610259781085,
    0.490999991093));
#3584 = VECTOR('',#3585,1.);
#3585 = DIRECTION('',(-0.,-0.,-1.));
#3586 = ORIENTED_EDGE('',*,*,#3444,.F.);
#3587 = ORIENTED_EDGE('',*,*,#3559,.T.);
#3588 = PLANE('',#3589);
#3589 = AXIS2_PLACEMENT_3D('',#3590,#3591,#3592);
#3590 = CARTESIAN_POINT('',(1.645546295985,-1.610259781085,
    0.490999991093));
#3591 = DIRECTION('',(0.,-1.,0.));
#3592 = DIRECTION('',(0.,0.,-1.));
#3593 = ADVANCED_FACE('',(#3594),#3605,.F.);
#3594 = FACE_BOUND('',#3595,.T.);
#3595 = EDGE_LOOP('',(#3596,#3597,#3603,#3604));
#3596 = ORIENTED_EDGE('',*,*,#830,.T.);
#3597 = ORIENTED_EDGE('',*,*,#3598,.F.);
#3598 = EDGE_CURVE('',#3453,#823,#3599,.T.);
#3599 = LINE('',#3600,#3601);
#3600 = CARTESIAN_POINT('',(1.568084332626,-1.813636425827,
    0.490999991093));
#3601 = VECTOR('',#3602,1.);
#3602 = DIRECTION('',(-0.,-0.,-1.));
#3603 = ORIENTED_EDGE('',*,*,#3452,.F.);
#3604 = ORIENTED_EDGE('',*,*,#3581,.T.);
#3605 = PLANE('',#3606);
#3606 = AXIS2_PLACEMENT_3D('',#3607,#3608,#3609);
#3607 = CARTESIAN_POINT('',(1.568084332626,-1.813636425827,
    0.490999991093));
#3608 = DIRECTION('',(0.934510438744,-0.355935724364,0.));
#3609 = DIRECTION('',(0.355935724364,0.934510438744,0.));
#3610 = ADVANCED_FACE('',(#3611),#3622,.F.);
#3611 = FACE_BOUND('',#3612,.T.);
#3612 = EDGE_LOOP('',(#3613,#3614,#3620,#3621));
#3613 = ORIENTED_EDGE('',*,*,#822,.T.);
#3614 = ORIENTED_EDGE('',*,*,#3615,.F.);
#3615 = EDGE_CURVE('',#3461,#815,#3616,.T.);
#3616 = LINE('',#3617,#3618);
#3617 = CARTESIAN_POINT('',(1.597093577964,-1.813636425827,
    0.490999991093));
#3618 = VECTOR('',#3619,1.);
#3619 = DIRECTION('',(-0.,-0.,-1.));
#3620 = ORIENTED_EDGE('',*,*,#3460,.F.);
#3621 = ORIENTED_EDGE('',*,*,#3598,.T.);
#3622 = PLANE('',#3623);
#3623 = AXIS2_PLACEMENT_3D('',#3624,#3625,#3626);
#3624 = CARTESIAN_POINT('',(1.597093577964,-1.813636425827,
    0.490999991093));
#3625 = DIRECTION('',(0.,1.,0.));
#3626 = DIRECTION('',(0.,-0.,1.));
#3627 = ADVANCED_FACE('',(#3628),#3639,.F.);
#3628 = FACE_BOUND('',#3629,.T.);
#3629 = EDGE_LOOP('',(#3630,#3631,#3637,#3638));
#3630 = ORIENTED_EDGE('',*,*,#814,.T.);
#3631 = ORIENTED_EDGE('',*,*,#3632,.F.);
#3632 = EDGE_CURVE('',#3469,#807,#3633,.T.);
#3633 = LINE('',#3634,#3635);
#3634 = CARTESIAN_POINT('',(1.616641026436,-1.758009378313,
    0.490999991093));
#3635 = VECTOR('',#3636,1.);
#3636 = DIRECTION('',(-0.,-0.,-1.));
#3637 = ORIENTED_EDGE('',*,*,#3468,.F.);
#3638 = ORIENTED_EDGE('',*,*,#3615,.T.);
#3639 = PLANE('',#3640);
#3640 = AXIS2_PLACEMENT_3D('',#3641,#3642,#3643);
#3641 = CARTESIAN_POINT('',(1.616641026436,-1.758009378313,
    0.490999991093));
#3642 = DIRECTION('',(-0.943445233083,0.33152841835,0.));
#3643 = DIRECTION('',(-0.33152841835,-0.943445233083,0.));
#3644 = ADVANCED_FACE('',(#3645),#3656,.F.);
#3645 = FACE_BOUND('',#3646,.T.);
#3646 = EDGE_LOOP('',(#3647,#3648,#3654,#3655));
#3647 = ORIENTED_EDGE('',*,*,#806,.T.);
#3648 = ORIENTED_EDGE('',*,*,#3649,.F.);
#3649 = EDGE_CURVE('',#3477,#799,#3650,.T.);
#3650 = LINE('',#3651,#3652);
#3651 = CARTESIAN_POINT('',(1.701329307184,-1.758009378313,
    0.490999991093));
#3652 = VECTOR('',#3653,1.);
#3653 = DIRECTION('',(-0.,-0.,-1.));
#3654 = ORIENTED_EDGE('',*,*,#3476,.F.);
#3655 = ORIENTED_EDGE('',*,*,#3632,.T.);
#3656 = PLANE('',#3657);
#3657 = AXIS2_PLACEMENT_3D('',#3658,#3659,#3660);
#3658 = CARTESIAN_POINT('',(1.701329307184,-1.758009378313,
    0.490999991093));
#3659 = DIRECTION('',(0.,1.,0.));
#3660 = DIRECTION('',(0.,-0.,1.));
#3661 = ADVANCED_FACE('',(#3662),#3673,.F.);
#3662 = FACE_BOUND('',#3663,.T.);
#3663 = EDGE_LOOP('',(#3664,#3665,#3671,#3672));
#3664 = ORIENTED_EDGE('',*,*,#798,.T.);
#3665 = ORIENTED_EDGE('',*,*,#3666,.F.);
#3666 = EDGE_CURVE('',#3485,#791,#3667,.T.);
#3667 = LINE('',#3668,#3669);
#3668 = CARTESIAN_POINT('',(1.722072477238,-1.813636425827,
    0.490999991093));
#3669 = VECTOR('',#3670,1.);
#3670 = DIRECTION('',(-0.,-0.,-1.));
#3671 = ORIENTED_EDGE('',*,*,#3484,.F.);
#3672 = ORIENTED_EDGE('',*,*,#3649,.T.);
#3673 = PLANE('',#3674);
#3674 = AXIS2_PLACEMENT_3D('',#3675,#3676,#3677);
#3675 = CARTESIAN_POINT('',(1.722072477238,-1.813636425827,
    0.490999991093));
#3676 = DIRECTION('',(0.936975345954,0.349395479469,0.));
#3677 = DIRECTION('',(-0.349395479469,0.936975345954,0.));
#3678 = ADVANCED_FACE('',(#3679),#3685,.F.);
#3679 = FACE_BOUND('',#3680,.T.);
#3680 = EDGE_LOOP('',(#3681,#3682,#3683,#3684));
#3681 = ORIENTED_EDGE('',*,*,#790,.T.);
#3682 = ORIENTED_EDGE('',*,*,#3566,.F.);
#3683 = ORIENTED_EDGE('',*,*,#3492,.F.);
#3684 = ORIENTED_EDGE('',*,*,#3666,.T.);
#3685 = PLANE('',#3686);
#3686 = AXIS2_PLACEMENT_3D('',#3687,#3688,#3689);
#3687 = CARTESIAN_POINT('',(1.751081722578,-1.813636425827,
    0.490999991093));
#3688 = DIRECTION('',(0.,1.,0.));
#3689 = DIRECTION('',(0.,-0.,1.));
#3690 = ADVANCED_FACE('',(#3691),#3716,.T.);
#3691 = FACE_BOUND('',#3692,.T.);
#3692 = EDGE_LOOP('',(#3693,#3703,#3709,#3710));
#3693 = ORIENTED_EDGE('',*,*,#3694,.F.);
#3694 = EDGE_CURVE('',#3695,#3697,#3699,.T.);
#3695 = VERTEX_POINT('',#3696);
#3696 = CARTESIAN_POINT('',(1.624959089616,-1.735030728779,
    0.489999991111));
#3697 = VERTEX_POINT('',#3698);
#3698 = CARTESIAN_POINT('',(1.693219195584,-1.735030728779,
    0.489999991111));
#3699 = LINE('',#3700,#3701);
#3700 = CARTESIAN_POINT('',(1.624959089616,-1.735030728779,
    0.489999991111));
#3701 = VECTOR('',#3702,1.);
#3702 = DIRECTION('',(1.,0.,0.));
#3703 = ORIENTED_EDGE('',*,*,#3704,.F.);
#3704 = EDGE_CURVE('',#3501,#3695,#3705,.T.);
#3705 = LINE('',#3706,#3707);
#3706 = CARTESIAN_POINT('',(1.624959089616,-1.735030728779,
    0.490999991093));
#3707 = VECTOR('',#3708,1.);
#3708 = DIRECTION('',(-0.,-0.,-1.));
#3709 = ORIENTED_EDGE('',*,*,#3500,.T.);
#3710 = ORIENTED_EDGE('',*,*,#3711,.T.);
#3711 = EDGE_CURVE('',#3503,#3697,#3712,.T.);
#3712 = LINE('',#3713,#3714);
#3713 = CARTESIAN_POINT('',(1.693219195584,-1.735030728779,
    0.490999991093));
#3714 = VECTOR('',#3715,1.);
#3715 = DIRECTION('',(-0.,-0.,-1.));
#3716 = PLANE('',#3717);
#3717 = AXIS2_PLACEMENT_3D('',#3718,#3719,#3720);
#3718 = CARTESIAN_POINT('',(1.624959089616,-1.735030728779,
    0.490999991093));
#3719 = DIRECTION('',(0.,1.,0.));
#3720 = DIRECTION('',(0.,-0.,1.));
#3721 = ADVANCED_FACE('',(#3722),#3740,.T.);
#3722 = FACE_BOUND('',#3723,.T.);
#3723 = EDGE_LOOP('',(#3724,#3732,#3733,#3734));
#3724 = ORIENTED_EDGE('',*,*,#3725,.F.);
#3725 = EDGE_CURVE('',#3697,#3726,#3728,.T.);
#3726 = VERTEX_POINT('',#3727);
#3727 = CARTESIAN_POINT('',(1.662494349714,-1.650498411716,
    0.489999991111));
#3728 = LINE('',#3729,#3730);
#3729 = CARTESIAN_POINT('',(1.693219195584,-1.735030728779,
    0.489999991111));
#3730 = VECTOR('',#3731,1.);
#3731 = DIRECTION('',(-0.341603830682,0.939844041777,0.));
#3732 = ORIENTED_EDGE('',*,*,#3711,.F.);
#3733 = ORIENTED_EDGE('',*,*,#3544,.T.);
#3734 = ORIENTED_EDGE('',*,*,#3735,.T.);
#3735 = EDGE_CURVE('',#3536,#3726,#3736,.T.);
#3736 = LINE('',#3737,#3738);
#3737 = CARTESIAN_POINT('',(1.662494349714,-1.650498411716,
    0.490999991093));
#3738 = VECTOR('',#3739,1.);
#3739 = DIRECTION('',(-0.,-0.,-1.));
#3740 = PLANE('',#3741);
#3741 = AXIS2_PLACEMENT_3D('',#3742,#3743,#3744);
#3742 = CARTESIAN_POINT('',(1.693219195584,-1.735030728779,
    0.490999991093));
#3743 = DIRECTION('',(-0.939844041777,-0.341603830682,0.));
#3744 = DIRECTION('',(0.341603830682,-0.939844041777,0.));
#3745 = ADVANCED_FACE('',(#3746),#3765,.T.);
#3746 = FACE_BOUND('',#3747,.T.);
#3747 = EDGE_LOOP('',(#3748,#3757,#3758,#3759));
#3748 = ORIENTED_EDGE('',*,*,#3749,.F.);
#3749 = EDGE_CURVE('',#3726,#3750,#3752,.T.);
#3750 = VERTEX_POINT('',#3751);
#3751 = CARTESIAN_POINT('',(1.659323088126,-1.636253728521,
    0.489999991111));
#3752 = B_SPLINE_CURVE_WITH_KNOTS('',3,(#3753,#3754,#3755,#3756),
  .UNSPECIFIED.,.F.,.F.,(4,4),(1.,2.),.PIECEWISE_BEZIER_KNOTS.);
#3753 = CARTESIAN_POINT('',(1.662494349714,-1.650498411716,
    0.489999991111));
#3754 = CARTESIAN_POINT('',(1.661506579711,-1.647691065394,
    0.489999991111));
#3755 = CARTESIAN_POINT('',(1.660466821814,-1.643012154855,
    0.489999991111));
#3756 = CARTESIAN_POINT('',(1.659323088126,-1.636253728521,
    0.489999991111));
#3757 = ORIENTED_EDGE('',*,*,#3735,.F.);
#3758 = ORIENTED_EDGE('',*,*,#3535,.T.);
#3759 = ORIENTED_EDGE('',*,*,#3760,.T.);
#3760 = EDGE_CURVE('',#3528,#3750,#3761,.T.);
#3761 = LINE('',#3762,#3763);
#3762 = CARTESIAN_POINT('',(1.659323088126,-1.636253728521,
    0.490999991093));
#3763 = VECTOR('',#3764,1.);
#3764 = DIRECTION('',(-0.,-0.,-1.));
#3765 = B_SPLINE_SURFACE_WITH_KNOTS('',3,1,(
    (#3766,#3767)
    ,(#3768,#3769)
    ,(#3770,#3771)
    ,(#3772,#3773
    )),.UNSPECIFIED.,.F.,.F.,.F.,(4,4),(2,2),(1.,2.),(0.,1.),
  .PIECEWISE_BEZIER_KNOTS.);
#3766 = CARTESIAN_POINT('',(1.662494349714,-1.650498411716,
    0.490999991093));
#3767 = CARTESIAN_POINT('',(1.662494349714,-1.650498411716,
    0.489999991111));
#3768 = CARTESIAN_POINT('',(1.661506579711,-1.647691065394,
    0.490999991093));
#3769 = CARTESIAN_POINT('',(1.661506579711,-1.647691065394,
    0.489999991111));
#3770 = CARTESIAN_POINT('',(1.660466821814,-1.643012154855,
    0.490999991093));
#3771 = CARTESIAN_POINT('',(1.660466821814,-1.643012154855,
    0.489999991111));
#3772 = CARTESIAN_POINT('',(1.659323088126,-1.636253728521,
    0.490999991093));
#3773 = CARTESIAN_POINT('',(1.659323088126,-1.636253728521,
    0.489999991111));
#3774 = ADVANCED_FACE('',(#3775),#3793,.T.);
#3775 = FACE_BOUND('',#3776,.T.);
#3776 = EDGE_LOOP('',(#3777,#3785,#3786,#3787));
#3777 = ORIENTED_EDGE('',*,*,#3778,.F.);
#3778 = EDGE_CURVE('',#3750,#3779,#3781,.T.);
#3779 = VERTEX_POINT('',#3780);
#3780 = CARTESIAN_POINT('',(1.658699233389,-1.636253728521,
    0.489999991111));
#3781 = LINE('',#3782,#3783);
#3782 = CARTESIAN_POINT('',(1.659323088126,-1.636253728521,
    0.489999991111));
#3783 = VECTOR('',#3784,1.);
#3784 = DIRECTION('',(-1.,0.,0.));
#3785 = ORIENTED_EDGE('',*,*,#3760,.F.);
#3786 = ORIENTED_EDGE('',*,*,#3527,.T.);
#3787 = ORIENTED_EDGE('',*,*,#3788,.T.);
#3788 = EDGE_CURVE('',#3519,#3779,#3789,.T.);
#3789 = LINE('',#3790,#3791);
#3790 = CARTESIAN_POINT('',(1.658699233389,-1.636253728521,
    0.490999991093));
#3791 = VECTOR('',#3792,1.);
#3792 = DIRECTION('',(-0.,-0.,-1.));
#3793 = PLANE('',#3794);
#3794 = AXIS2_PLACEMENT_3D('',#3795,#3796,#3797);
#3795 = CARTESIAN_POINT('',(1.659323088126,-1.636253728521,
    0.490999991093));
#3796 = DIRECTION('',(0.,-1.,0.));
#3797 = DIRECTION('',(0.,0.,-1.));
#3798 = ADVANCED_FACE('',(#3799),#3818,.T.);
#3799 = FACE_BOUND('',#3800,.T.);
#3800 = EDGE_LOOP('',(#3801,#3810,#3811,#3812));
#3801 = ORIENTED_EDGE('',*,*,#3802,.F.);
#3802 = EDGE_CURVE('',#3779,#3803,#3805,.T.);
#3803 = VERTEX_POINT('',#3804);
#3804 = CARTESIAN_POINT('',(1.655372008116,-1.650498411716,
    0.489999991111));
#3805 = B_SPLINE_CURVE_WITH_KNOTS('',3,(#3806,#3807,#3808,#3809),
  .UNSPECIFIED.,.F.,.F.,(4,4),(3.,4.),.PIECEWISE_BEZIER_KNOTS.);
#3806 = CARTESIAN_POINT('',(1.658699233389,-1.636253728521,
    0.489999991111));
#3807 = CARTESIAN_POINT('',(1.657711463386,-1.642388300116,
    0.489999991111));
#3808 = CARTESIAN_POINT('',(1.656619717593,-1.647171186444,
    0.489999991111));
#3809 = CARTESIAN_POINT('',(1.655372008116,-1.650498411716,
    0.489999991111));
#3810 = ORIENTED_EDGE('',*,*,#3788,.F.);
#3811 = ORIENTED_EDGE('',*,*,#3518,.T.);
#3812 = ORIENTED_EDGE('',*,*,#3813,.T.);
#3813 = EDGE_CURVE('',#3511,#3803,#3814,.T.);
#3814 = LINE('',#3815,#3816);
#3815 = CARTESIAN_POINT('',(1.655372008116,-1.650498411716,
    0.490999991093));
#3816 = VECTOR('',#3817,1.);
#3817 = DIRECTION('',(-0.,-0.,-1.));
#3818 = B_SPLINE_SURFACE_WITH_KNOTS('',3,1,(
    (#3819,#3820)
    ,(#3821,#3822)
    ,(#3823,#3824)
    ,(#3825,#3826
    )),.UNSPECIFIED.,.F.,.F.,.F.,(4,4),(2,2),(3.,4.),(0.,1.),
  .PIECEWISE_BEZIER_KNOTS.);
#3819 = CARTESIAN_POINT('',(1.658699233389,-1.636253728521,
    0.490999991093));
#3820 = CARTESIAN_POINT('',(1.658699233389,-1.636253728521,
    0.489999991111));
#3821 = CARTESIAN_POINT('',(1.657711463386,-1.642388300116,
    0.490999991093));
#3822 = CARTESIAN_POINT('',(1.657711463386,-1.642388300116,
    0.489999991111));
#3823 = CARTESIAN_POINT('',(1.656619717593,-1.647171186444,
    0.490999991093));
#3824 = CARTESIAN_POINT('',(1.656619717593,-1.647171186444,
    0.489999991111));
#3825 = CARTESIAN_POINT('',(1.655372008116,-1.650498411716,
    0.490999991093));
#3826 = CARTESIAN_POINT('',(1.655372008116,-1.650498411716,
    0.489999991111));
#3827 = ADVANCED_FACE('',(#3828),#3839,.T.);
#3828 = FACE_BOUND('',#3829,.T.);
#3829 = EDGE_LOOP('',(#3830,#3836,#3837,#3838));
#3830 = ORIENTED_EDGE('',*,*,#3831,.F.);
#3831 = EDGE_CURVE('',#3803,#3695,#3832,.T.);
#3832 = LINE('',#3833,#3834);
#3833 = CARTESIAN_POINT('',(1.655372008116,-1.650498411716,
    0.489999991111));
#3834 = VECTOR('',#3835,1.);
#3835 = DIRECTION('',(-0.338535034314,-0.940953787676,0.));
#3836 = ORIENTED_EDGE('',*,*,#3813,.F.);
#3837 = ORIENTED_EDGE('',*,*,#3510,.T.);
#3838 = ORIENTED_EDGE('',*,*,#3704,.T.);
#3839 = PLANE('',#3840);
#3840 = AXIS2_PLACEMENT_3D('',#3841,#3842,#3843);
#3841 = CARTESIAN_POINT('',(1.655372008116,-1.650498411716,
    0.490999991093));
#3842 = DIRECTION('',(0.940953787676,-0.338535034314,0.));
#3843 = DIRECTION('',(0.338535034314,0.940953787676,0.));
#3844 = ADVANCED_FACE('',(#3845),#3853,.F.);
#3845 = FACE_BOUND('',#3846,.T.);
#3846 = EDGE_LOOP('',(#3847,#3848,#3849,#3850,#3851,#3852));
#3847 = ORIENTED_EDGE('',*,*,#3831,.T.);
#3848 = ORIENTED_EDGE('',*,*,#3694,.T.);
#3849 = ORIENTED_EDGE('',*,*,#3725,.T.);
#3850 = ORIENTED_EDGE('',*,*,#3749,.T.);
#3851 = ORIENTED_EDGE('',*,*,#3778,.T.);
#3852 = ORIENTED_EDGE('',*,*,#3802,.T.);
#3853 = PLANE('',#3854);
#3854 = AXIS2_PLACEMENT_3D('',#3855,#3856,#3857);
#3855 = CARTESIAN_POINT('',(0.,0.,0.489999991111));
#3856 = DIRECTION('',(0.,0.,-1.));
#3857 = DIRECTION('',(-1.,0.,0.));
#3858 = ADVANCED_FACE('',(#3859),#3884,.F.);
#3859 = FACE_BOUND('',#3860,.T.);
#3860 = EDGE_LOOP('',(#3861,#3862,#3870,#3878));
#3861 = ORIENTED_EDGE('',*,*,#312,.T.);
#3862 = ORIENTED_EDGE('',*,*,#3863,.F.);
#3863 = EDGE_CURVE('',#3864,#315,#3866,.T.);
#3864 = VERTEX_POINT('',#3865);
#3865 = CARTESIAN_POINT('',(1.044254303887,-2.113086700294,
    0.490999991093));
#3866 = LINE('',#3867,#3868);
#3867 = CARTESIAN_POINT('',(1.044254303887,-2.113086700294,
    0.490999991093));
#3868 = VECTOR('',#3869,1.);
#3869 = DIRECTION('',(-0.,-0.,-1.));
#3870 = ORIENTED_EDGE('',*,*,#3871,.F.);
#3871 = EDGE_CURVE('',#3872,#3864,#3874,.T.);
#3872 = VERTEX_POINT('',#3873);
#3873 = CARTESIAN_POINT('',(1.044254303887,-2.136273301407,
    0.490999991093));
#3874 = LINE('',#3875,#3876);
#3875 = CARTESIAN_POINT('',(1.044254303887,-2.113086700294,
    0.490999991093));
#3876 = VECTOR('',#3877,1.);
#3877 = DIRECTION('',(0.,1.,0.));
#3878 = ORIENTED_EDGE('',*,*,#3879,.T.);
#3879 = EDGE_CURVE('',#3872,#313,#3880,.T.);
#3880 = LINE('',#3881,#3882);
#3881 = CARTESIAN_POINT('',(1.044254303887,-2.136273301407,
    0.490999991093));
#3882 = VECTOR('',#3883,1.);
#3883 = DIRECTION('',(-0.,-0.,-1.));
#3884 = PLANE('',#3885);
#3885 = AXIS2_PLACEMENT_3D('',#3886,#3887,#3888);
#3886 = CARTESIAN_POINT('',(1.044254303887,-2.113086700294,
    0.490999991093));
#3887 = DIRECTION('',(-1.,0.,0.));
#3888 = DIRECTION('',(0.,0.,1.));
#3889 = ADVANCED_FACE('',(#3890),#3908,.F.);
#3890 = FACE_BOUND('',#3891,.T.);
#3891 = EDGE_LOOP('',(#3892,#3893,#3901,#3907));
#3892 = ORIENTED_EDGE('',*,*,#402,.T.);
#3893 = ORIENTED_EDGE('',*,*,#3894,.F.);
#3894 = EDGE_CURVE('',#3895,#395,#3897,.T.);
#3895 = VERTEX_POINT('',#3896);
#3896 = CARTESIAN_POINT('',(0.961125659985,-2.113086700294,
    0.490999991093));
#3897 = LINE('',#3898,#3899);
#3898 = CARTESIAN_POINT('',(0.961125659985,-2.113086700294,
    0.490999991093));
#3899 = VECTOR('',#3900,1.);
#3900 = DIRECTION('',(-0.,-0.,-1.));
#3901 = ORIENTED_EDGE('',*,*,#3902,.F.);
#3902 = EDGE_CURVE('',#3864,#3895,#3903,.T.);
#3903 = LINE('',#3904,#3905);
#3904 = CARTESIAN_POINT('',(0.961125659985,-2.113086700294,
    0.490999991093));
#3905 = VECTOR('',#3906,1.);
#3906 = DIRECTION('',(-1.,-0.,-0.));
#3907 = ORIENTED_EDGE('',*,*,#3863,.T.);
#3908 = PLANE('',#3909);
#3909 = AXIS2_PLACEMENT_3D('',#3910,#3911,#3912);
#3910 = CARTESIAN_POINT('',(0.961125659985,-2.113086700294,
    0.490999991093));
#3911 = DIRECTION('',(0.,-1.,0.));
#3912 = DIRECTION('',(0.,0.,-1.));
#3913 = ADVANCED_FACE('',(#3914),#3932,.F.);
#3914 = FACE_BOUND('',#3915,.T.);
#3915 = EDGE_LOOP('',(#3916,#3917,#3925,#3931));
#3916 = ORIENTED_EDGE('',*,*,#394,.T.);
#3917 = ORIENTED_EDGE('',*,*,#3918,.F.);
#3918 = EDGE_CURVE('',#3919,#387,#3921,.T.);
#3919 = VERTEX_POINT('',#3920);
#3920 = CARTESIAN_POINT('',(0.961125659985,-2.044670630642,
    0.490999991093));
#3921 = LINE('',#3922,#3923);
#3922 = CARTESIAN_POINT('',(0.961125659985,-2.044670630642,
    0.490999991093));
#3923 = VECTOR('',#3924,1.);
#3924 = DIRECTION('',(-0.,-0.,-1.));
#3925 = ORIENTED_EDGE('',*,*,#3926,.F.);
#3926 = EDGE_CURVE('',#3895,#3919,#3927,.T.);
#3927 = LINE('',#3928,#3929);
#3928 = CARTESIAN_POINT('',(0.961125659985,-2.044670630642,
    0.490999991093));
#3929 = VECTOR('',#3930,1.);
#3930 = DIRECTION('',(0.,1.,0.));
#3931 = ORIENTED_EDGE('',*,*,#3894,.T.);
#3932 = PLANE('',#3933);
#3933 = AXIS2_PLACEMENT_3D('',#3934,#3935,#3936);
#3934 = CARTESIAN_POINT('',(0.961125659985,-2.044670630642,
    0.490999991093));
#3935 = DIRECTION('',(-1.,0.,0.));
#3936 = DIRECTION('',(0.,0.,1.));
#3937 = ADVANCED_FACE('',(#3938),#3956,.F.);
#3938 = FACE_BOUND('',#3939,.T.);
#3939 = EDGE_LOOP('',(#3940,#3941,#3949,#3955));
#3940 = ORIENTED_EDGE('',*,*,#386,.T.);
#3941 = ORIENTED_EDGE('',*,*,#3942,.F.);
#3942 = EDGE_CURVE('',#3943,#379,#3945,.T.);
#3943 = VERTEX_POINT('',#3944);
#3944 = CARTESIAN_POINT('',(1.033856724912,-2.044670630642,
    0.490999991093));
#3945 = LINE('',#3946,#3947);
#3946 = CARTESIAN_POINT('',(1.033856724912,-2.044670630642,
    0.490999991093));
#3947 = VECTOR('',#3948,1.);
#3948 = DIRECTION('',(-0.,-0.,-1.));
#3949 = ORIENTED_EDGE('',*,*,#3950,.F.);
#3950 = EDGE_CURVE('',#3919,#3943,#3951,.T.);
#3951 = LINE('',#3952,#3953);
#3952 = CARTESIAN_POINT('',(1.033856724912,-2.044670630642,
    0.490999991093));
#3953 = VECTOR('',#3954,1.);
#3954 = DIRECTION('',(1.,0.,0.));
#3955 = ORIENTED_EDGE('',*,*,#3918,.T.);
#3956 = PLANE('',#3957);
#3957 = AXIS2_PLACEMENT_3D('',#3958,#3959,#3960);
#3958 = CARTESIAN_POINT('',(1.033856724912,-2.044670630642,
    0.490999991093));
#3959 = DIRECTION('',(0.,1.,0.));
#3960 = DIRECTION('',(0.,-0.,1.));
#3961 = ADVANCED_FACE('',(#3962),#3980,.F.);
#3962 = FACE_BOUND('',#3963,.T.);
#3963 = EDGE_LOOP('',(#3964,#3965,#3973,#3979));
#3964 = ORIENTED_EDGE('',*,*,#378,.T.);
#3965 = ORIENTED_EDGE('',*,*,#3966,.F.);
#3966 = EDGE_CURVE('',#3967,#371,#3969,.T.);
#3967 = VERTEX_POINT('',#3968);
#3968 = CARTESIAN_POINT('',(1.033856724912,-2.021380053739,
    0.490999991093));
#3969 = LINE('',#3970,#3971);
#3970 = CARTESIAN_POINT('',(1.033856724912,-2.021380053739,
    0.490999991093));
#3971 = VECTOR('',#3972,1.);
#3972 = DIRECTION('',(-0.,-0.,-1.));
#3973 = ORIENTED_EDGE('',*,*,#3974,.F.);
#3974 = EDGE_CURVE('',#3943,#3967,#3975,.T.);
#3975 = LINE('',#3976,#3977);
#3976 = CARTESIAN_POINT('',(1.033856724912,-2.021380053739,
    0.490999991093));
#3977 = VECTOR('',#3978,1.);
#3978 = DIRECTION('',(0.,1.,0.));
#3979 = ORIENTED_EDGE('',*,*,#3942,.T.);
#3980 = PLANE('',#3981);
#3981 = AXIS2_PLACEMENT_3D('',#3982,#3983,#3984);
#3982 = CARTESIAN_POINT('',(1.033856724912,-2.021380053739,
    0.490999991093));
#3983 = DIRECTION('',(-1.,0.,0.));
#3984 = DIRECTION('',(0.,0.,1.));
#3985 = ADVANCED_FACE('',(#3986),#4004,.F.);
#3986 = FACE_BOUND('',#3987,.T.);
#3987 = EDGE_LOOP('',(#3988,#3989,#3997,#4003));
#3988 = ORIENTED_EDGE('',*,*,#370,.T.);
#3989 = ORIENTED_EDGE('',*,*,#3990,.F.);
#3990 = EDGE_CURVE('',#3991,#363,#3993,.T.);
#3991 = VERTEX_POINT('',#3992);
#3992 = CARTESIAN_POINT('',(0.961125659985,-2.021380053739,
    0.490999991093));
#3993 = LINE('',#3994,#3995);
#3994 = CARTESIAN_POINT('',(0.961125659985,-2.021380053739,
    0.490999991093));
#3995 = VECTOR('',#3996,1.);
#3996 = DIRECTION('',(-0.,-0.,-1.));
#3997 = ORIENTED_EDGE('',*,*,#3998,.F.);
#3998 = EDGE_CURVE('',#3967,#3991,#3999,.T.);
#3999 = LINE('',#4000,#4001);
#4000 = CARTESIAN_POINT('',(0.961125659985,-2.021380053739,
    0.490999991093));
#4001 = VECTOR('',#4002,1.);
#4002 = DIRECTION('',(-1.,-0.,-0.));
#4003 = ORIENTED_EDGE('',*,*,#3966,.T.);
#4004 = PLANE('',#4005);
#4005 = AXIS2_PLACEMENT_3D('',#4006,#4007,#4008);
#4006 = CARTESIAN_POINT('',(0.961125659985,-2.021380053739,
    0.490999991093));
#4007 = DIRECTION('',(0.,-1.,0.));
#4008 = DIRECTION('',(0.,0.,-1.));
#4009 = ADVANCED_FACE('',(#4010),#4028,.F.);
#4010 = FACE_BOUND('',#4011,.T.);
#4011 = EDGE_LOOP('',(#4012,#4013,#4021,#4027));
#4012 = ORIENTED_EDGE('',*,*,#362,.T.);
#4013 = ORIENTED_EDGE('',*,*,#4014,.F.);
#4014 = EDGE_CURVE('',#4015,#355,#4017,.T.);
#4015 = VERTEX_POINT('',#4016);
#4016 = CARTESIAN_POINT('',(0.961125659985,-1.956291209357,
    0.490999991093));
#4017 = LINE('',#4018,#4019);
#4018 = CARTESIAN_POINT('',(0.961125659985,-1.956291209357,
    0.490999991093));
#4019 = VECTOR('',#4020,1.);
#4020 = DIRECTION('',(-0.,-0.,-1.));
#4021 = ORIENTED_EDGE('',*,*,#4022,.F.);
#4022 = EDGE_CURVE('',#3991,#4015,#4023,.T.);
#4023 = LINE('',#4024,#4025);
#4024 = CARTESIAN_POINT('',(0.961125659985,-1.956291209357,
    0.490999991093));
#4025 = VECTOR('',#4026,1.);
#4026 = DIRECTION('',(0.,1.,0.));
#4027 = ORIENTED_EDGE('',*,*,#3990,.T.);
#4028 = PLANE('',#4029);
#4029 = AXIS2_PLACEMENT_3D('',#4030,#4031,#4032);
#4030 = CARTESIAN_POINT('',(0.961125659985,-1.956291209357,
    0.490999991093));
#4031 = DIRECTION('',(-1.,0.,0.));
#4032 = DIRECTION('',(0.,0.,1.));
#4033 = ADVANCED_FACE('',(#4034),#4052,.F.);
#4034 = FACE_BOUND('',#4035,.T.);
#4035 = EDGE_LOOP('',(#4036,#4037,#4045,#4051));
#4036 = ORIENTED_EDGE('',*,*,#354,.T.);
#4037 = ORIENTED_EDGE('',*,*,#4038,.F.);
#4038 = EDGE_CURVE('',#4039,#347,#4041,.T.);
#4039 = VERTEX_POINT('',#4040);
#4040 = CARTESIAN_POINT('',(1.039627381243,-1.956291209357,
    0.490999991093));
#4041 = LINE('',#4042,#4043);
#4042 = CARTESIAN_POINT('',(1.039627381243,-1.956291209357,
    0.490999991093));
#4043 = VECTOR('',#4044,1.);
#4044 = DIRECTION('',(-0.,-0.,-1.));
#4045 = ORIENTED_EDGE('',*,*,#4046,.F.);
#4046 = EDGE_CURVE('',#4015,#4039,#4047,.T.);
#4047 = LINE('',#4048,#4049);
#4048 = CARTESIAN_POINT('',(1.039627381243,-1.956291209357,
    0.490999991093));
#4049 = VECTOR('',#4050,1.);
#4050 = DIRECTION('',(1.,0.,0.));
#4051 = ORIENTED_EDGE('',*,*,#4014,.T.);
#4052 = PLANE('',#4053);
#4053 = AXIS2_PLACEMENT_3D('',#4054,#4055,#4056);
#4054 = CARTESIAN_POINT('',(1.039627381243,-1.956291209357,
    0.490999991093));
#4055 = DIRECTION('',(0.,1.,0.));
#4056 = DIRECTION('',(0.,-0.,1.));
#4057 = ADVANCED_FACE('',(#4058),#4076,.F.);
#4058 = FACE_BOUND('',#4059,.T.);
#4059 = EDGE_LOOP('',(#4060,#4061,#4069,#4075));
#4060 = ORIENTED_EDGE('',*,*,#346,.T.);
#4061 = ORIENTED_EDGE('',*,*,#4062,.F.);
#4062 = EDGE_CURVE('',#4063,#339,#4065,.T.);
#4063 = VERTEX_POINT('',#4064);
#4064 = CARTESIAN_POINT('',(1.039627381243,-1.932896656665,
    0.490999991093));
#4065 = LINE('',#4066,#4067);
#4066 = CARTESIAN_POINT('',(1.039627381243,-1.932896656665,
    0.490999991093));
#4067 = VECTOR('',#4068,1.);
#4068 = DIRECTION('',(-0.,-0.,-1.));
#4069 = ORIENTED_EDGE('',*,*,#4070,.F.);
#4070 = EDGE_CURVE('',#4039,#4063,#4071,.T.);
#4071 = LINE('',#4072,#4073);
#4072 = CARTESIAN_POINT('',(1.039627381243,-1.932896656665,
    0.490999991093));
#4073 = VECTOR('',#4074,1.);
#4074 = DIRECTION('',(0.,1.,0.));
#4075 = ORIENTED_EDGE('',*,*,#4038,.T.);
#4076 = PLANE('',#4077);
#4077 = AXIS2_PLACEMENT_3D('',#4078,#4079,#4080);
#4078 = CARTESIAN_POINT('',(1.039627381243,-1.932896656665,
    0.490999991093));
#4079 = DIRECTION('',(-1.,0.,0.));
#4080 = DIRECTION('',(0.,0.,1.));
#4081 = ADVANCED_FACE('',(#4082),#4100,.F.);
#4082 = FACE_BOUND('',#4083,.T.);
#4083 = EDGE_LOOP('',(#4084,#4085,#4093,#4099));
#4084 = ORIENTED_EDGE('',*,*,#338,.T.);
#4085 = ORIENTED_EDGE('',*,*,#4086,.F.);
#4086 = EDGE_CURVE('',#4087,#331,#4089,.T.);
#4087 = VERTEX_POINT('',#4088);
#4088 = CARTESIAN_POINT('',(0.934871773074,-1.932896656665,
    0.490999991093));
#4089 = LINE('',#4090,#4091);
#4090 = CARTESIAN_POINT('',(0.934871773074,-1.932896656665,
    0.490999991093));
#4091 = VECTOR('',#4092,1.);
#4092 = DIRECTION('',(-0.,-0.,-1.));
#4093 = ORIENTED_EDGE('',*,*,#4094,.F.);
#4094 = EDGE_CURVE('',#4063,#4087,#4095,.T.);
#4095 = LINE('',#4096,#4097);
#4096 = CARTESIAN_POINT('',(0.934871773074,-1.932896656665,
    0.490999991093));
#4097 = VECTOR('',#4098,1.);
#4098 = DIRECTION('',(-1.,-0.,-0.));
#4099 = ORIENTED_EDGE('',*,*,#4062,.T.);
#4100 = PLANE('',#4101);
#4101 = AXIS2_PLACEMENT_3D('',#4102,#4103,#4104);
#4102 = CARTESIAN_POINT('',(0.934871773074,-1.932896656665,
    0.490999991093));
#4103 = DIRECTION('',(0.,-1.,0.));
#4104 = DIRECTION('',(0.,0.,-1.));
#4105 = ADVANCED_FACE('',(#4106),#4124,.F.);
#4106 = FACE_BOUND('',#4107,.T.);
#4107 = EDGE_LOOP('',(#4108,#4109,#4117,#4123));
#4108 = ORIENTED_EDGE('',*,*,#330,.T.);
#4109 = ORIENTED_EDGE('',*,*,#4110,.F.);
#4110 = EDGE_CURVE('',#4111,#323,#4113,.T.);
#4111 = VERTEX_POINT('',#4112);
#4112 = CARTESIAN_POINT('',(0.934871773074,-2.136273301407,
    0.490999991093));
#4113 = LINE('',#4114,#4115);
#4114 = CARTESIAN_POINT('',(0.934871773074,-2.136273301407,
    0.490999991093));
#4115 = VECTOR('',#4116,1.);
#4116 = DIRECTION('',(-0.,-0.,-1.));
#4117 = ORIENTED_EDGE('',*,*,#4118,.F.);
#4118 = EDGE_CURVE('',#4087,#4111,#4119,.T.);
#4119 = LINE('',#4120,#4121);
#4120 = CARTESIAN_POINT('',(0.934871773074,-2.136273301407,
    0.490999991093));
#4121 = VECTOR('',#4122,1.);
#4122 = DIRECTION('',(-0.,-1.,-0.));
#4123 = ORIENTED_EDGE('',*,*,#4086,.T.);
#4124 = PLANE('',#4125);
#4125 = AXIS2_PLACEMENT_3D('',#4126,#4127,#4128);
#4126 = CARTESIAN_POINT('',(0.934871773074,-2.136273301407,
    0.490999991093));
#4127 = DIRECTION('',(1.,0.,0.));
#4128 = DIRECTION('',(0.,0.,-1.));
#4129 = ADVANCED_FACE('',(#4130),#4141,.F.);
#4130 = FACE_BOUND('',#4131,.T.);
#4131 = EDGE_LOOP('',(#4132,#4133,#4134,#4140));
#4132 = ORIENTED_EDGE('',*,*,#322,.T.);
#4133 = ORIENTED_EDGE('',*,*,#3879,.F.);
#4134 = ORIENTED_EDGE('',*,*,#4135,.F.);
#4135 = EDGE_CURVE('',#4111,#3872,#4136,.T.);
#4136 = LINE('',#4137,#4138);
#4137 = CARTESIAN_POINT('',(1.044254303887,-2.136273301407,
    0.490999991093));
#4138 = VECTOR('',#4139,1.);
#4139 = DIRECTION('',(1.,0.,0.));
#4140 = ORIENTED_EDGE('',*,*,#4110,.T.);
#4141 = PLANE('',#4142);
#4142 = AXIS2_PLACEMENT_3D('',#4143,#4144,#4145);
#4143 = CARTESIAN_POINT('',(1.044254303887,-2.136273301407,
    0.490999991093));
#4144 = DIRECTION('',(0.,1.,0.));
#4145 = DIRECTION('',(0.,-0.,1.));
#4146 = ADVANCED_FACE('',(#4147),#4161,.F.);
#4147 = FACE_BOUND('',#4148,.T.);
#4148 = EDGE_LOOP('',(#4149,#4150,#4151,#4152,#4153,#4154,#4155,#4156,
    #4157,#4158,#4159,#4160));
#4149 = ORIENTED_EDGE('',*,*,#3871,.T.);
#4150 = ORIENTED_EDGE('',*,*,#3902,.T.);
#4151 = ORIENTED_EDGE('',*,*,#3926,.T.);
#4152 = ORIENTED_EDGE('',*,*,#3950,.T.);
#4153 = ORIENTED_EDGE('',*,*,#3974,.T.);
#4154 = ORIENTED_EDGE('',*,*,#3998,.T.);
#4155 = ORIENTED_EDGE('',*,*,#4022,.T.);
#4156 = ORIENTED_EDGE('',*,*,#4046,.T.);
#4157 = ORIENTED_EDGE('',*,*,#4070,.T.);
#4158 = ORIENTED_EDGE('',*,*,#4094,.T.);
#4159 = ORIENTED_EDGE('',*,*,#4118,.T.);
#4160 = ORIENTED_EDGE('',*,*,#4135,.T.);
#4161 = PLANE('',#4162);
#4162 = AXIS2_PLACEMENT_3D('',#4163,#4164,#4165);
#4163 = CARTESIAN_POINT('',(0.,0.,0.490999991093));
#4164 = DIRECTION('',(0.,0.,-1.));
#4165 = DIRECTION('',(-1.,0.,0.));
#4166 = ADVANCED_FACE('',(#4167,#4289),#4361,.T.);
#4167 = FACE_BOUND('',#4168,.T.);
#4168 = EDGE_LOOP('',(#4169,#4180,#4188,#4197,#4206,#4214,#4223,#4232,
    #4241,#4250,#4258,#4266,#4274,#4282));
#4169 = ORIENTED_EDGE('',*,*,#4170,.T.);
#4170 = EDGE_CURVE('',#4171,#4173,#4175,.T.);
#4171 = VERTEX_POINT('',#4172);
#4172 = CARTESIAN_POINT('',(1.13284167675,-1.987691897861,0.490999991093
    ));
#4173 = VERTEX_POINT('',#4174);
#4174 = CARTESIAN_POINT('',(1.082829321882,-2.001208750528,
    0.490999991093));
#4175 = B_SPLINE_CURVE_WITH_KNOTS('',3,(#4176,#4177,#4178,#4179),
  .UNSPECIFIED.,.F.,.F.,(4,4),(0.,1.),.PIECEWISE_BEZIER_KNOTS.);
#4176 = CARTESIAN_POINT('',(1.13284167675,-1.987691897861,0.490999991093
    ));
#4177 = CARTESIAN_POINT('',(1.113918083017,-1.987691897861,
    0.490999991093));
#4178 = CARTESIAN_POINT('',(1.097229968762,-1.99216285682,0.490999991093
    ));
#4179 = CARTESIAN_POINT('',(1.082829321882,-2.001208750528,
    0.490999991093));
#4180 = ORIENTED_EDGE('',*,*,#4181,.T.);
#4181 = EDGE_CURVE('',#4173,#4182,#4184,.T.);
#4182 = VERTEX_POINT('',#4183);
#4183 = CARTESIAN_POINT('',(1.082829321882,-2.025954988488,
    0.490999991093));
#4184 = LINE('',#4185,#4186);
#4185 = CARTESIAN_POINT('',(1.082829321882,-2.025954988488,
    0.490999991093));
#4186 = VECTOR('',#4187,1.);
#4187 = DIRECTION('',(-0.,-1.,-0.));
#4188 = ORIENTED_EDGE('',*,*,#4189,.T.);
#4189 = EDGE_CURVE('',#4182,#4190,#4192,.T.);
#4190 = VERTEX_POINT('',#4191);
#4191 = CARTESIAN_POINT('',(1.130450233586,-2.00838308002,0.490999991093
    ));
#4192 = B_SPLINE_CURVE_WITH_KNOTS('',3,(#4193,#4194,#4195,#4196),
  .UNSPECIFIED.,.F.,.F.,(4,4),(12.,13.),.PIECEWISE_BEZIER_KNOTS.);
#4193 = CARTESIAN_POINT('',(1.082829321882,-2.025954988488,
    0.490999991093));
#4194 = CARTESIAN_POINT('',(1.097177980867,-2.014309700036,
    0.490999991093));
#4195 = CARTESIAN_POINT('',(1.113034288803,-2.00838308002,0.490999991093
    ));
#4196 = CARTESIAN_POINT('',(1.130450233586,-2.00838308002,0.490999991093
    ));
#4197 = ORIENTED_EDGE('',*,*,#4198,.T.);
#4198 = EDGE_CURVE('',#4190,#4199,#4201,.T.);
#4199 = VERTEX_POINT('',#4200);
#4200 = CARTESIAN_POINT('',(1.159875382084,-2.043942800113,
    0.490999991093));
#4201 = B_SPLINE_CURVE_WITH_KNOTS('',3,(#4202,#4203,#4204,#4205),
  .UNSPECIFIED.,.F.,.F.,(4,4),(11.,12.),.PIECEWISE_BEZIER_KNOTS.);
#4202 = CARTESIAN_POINT('',(1.130450233586,-2.00838308002,0.490999991093
    ));
#4203 = CARTESIAN_POINT('',(1.150049669953,-2.00838308002,0.490999991093
    ));
#4204 = CARTESIAN_POINT('',(1.159875382084,-2.020236320052,
    0.490999991093));
#4205 = CARTESIAN_POINT('',(1.159875382084,-2.043942800113,
    0.490999991093));
#4206 = ORIENTED_EDGE('',*,*,#4207,.T.);
#4207 = EDGE_CURVE('',#4199,#4208,#4210,.T.);
#4208 = VERTEX_POINT('',#4209);
#4209 = CARTESIAN_POINT('',(1.116829405129,-2.049973395918,
    0.490999991093));
#4210 = LINE('',#4211,#4212);
#4211 = CARTESIAN_POINT('',(1.116829405129,-2.049973395918,
    0.490999991093));
#4212 = VECTOR('',#4213,1.);
#4213 = DIRECTION('',(-0.990328603988,-0.138741688482,-0.));
#4214 = ORIENTED_EDGE('',*,*,#4215,.T.);
#4215 = EDGE_CURVE('',#4208,#4216,#4218,.T.);
#4216 = VERTEX_POINT('',#4217);
#4217 = CARTESIAN_POINT('',(1.068636626582,-2.097386356042,
    0.490999991093));
#4218 = B_SPLINE_CURVE_WITH_KNOTS('',3,(#4219,#4220,#4221,#4222),
  .UNSPECIFIED.,.F.,.F.,(4,4),(9.,10.),.PIECEWISE_BEZIER_KNOTS.);
#4219 = CARTESIAN_POINT('',(1.116829405129,-2.049973395918,
    0.490999991093));
#4220 = CARTESIAN_POINT('',(1.084700886098,-2.054444354878,
    0.490999991093));
#4221 = CARTESIAN_POINT('',(1.068636626582,-2.070248674919,
    0.490999991093));
#4222 = CARTESIAN_POINT('',(1.068636626582,-2.097386356042,
    0.490999991093));
#4223 = ORIENTED_EDGE('',*,*,#4224,.T.);
#4224 = EDGE_CURVE('',#4216,#4225,#4227,.T.);
#4225 = VERTEX_POINT('',#4226);
#4226 = CARTESIAN_POINT('',(1.081113721352,-2.128267165597,
    0.490999991093));
#4227 = B_SPLINE_CURVE_WITH_KNOTS('',3,(#4228,#4229,#4230,#4231),
  .UNSPECIFIED.,.F.,.F.,(4,4),(8.,9.),.PIECEWISE_BEZIER_KNOTS.);
#4228 = CARTESIAN_POINT('',(1.068636626582,-2.097386356042,
    0.490999991093));
#4229 = CARTESIAN_POINT('',(1.068636626582,-2.110383329761,
    0.490999991093));
#4230 = CARTESIAN_POINT('',(1.072795658172,-2.120676932946,
    0.490999991093));
#4231 = CARTESIAN_POINT('',(1.081113721352,-2.128267165597,
    0.490999991093));
#4232 = ORIENTED_EDGE('',*,*,#4233,.T.);
#4233 = EDGE_CURVE('',#4225,#4234,#4236,.T.);
#4234 = VERTEX_POINT('',#4235);
#4235 = CARTESIAN_POINT('',(1.11469790144,-2.139704502469,0.490999991093
    ));
#4236 = B_SPLINE_CURVE_WITH_KNOTS('',3,(#4237,#4238,#4239,#4240),
  .UNSPECIFIED.,.F.,.F.,(4,4),(7.,8.),.PIECEWISE_BEZIER_KNOTS.);
#4237 = CARTESIAN_POINT('',(1.081113721352,-2.128267165597,
    0.490999991093));
#4238 = CARTESIAN_POINT('',(1.089431784531,-2.135857398249,
    0.490999991093));
#4239 = CARTESIAN_POINT('',(1.100609181929,-2.139704502469,
    0.490999991093));
#4240 = CARTESIAN_POINT('',(1.11469790144,-2.139704502469,0.490999991093
    ));
#4241 = ORIENTED_EDGE('',*,*,#4242,.T.);
#4242 = EDGE_CURVE('',#4234,#4243,#4245,.T.);
#4243 = VERTEX_POINT('',#4244);
#4244 = CARTESIAN_POINT('',(1.159199539451,-2.113814530823,
    0.490999991093));
#4245 = B_SPLINE_CURVE_WITH_KNOTS('',3,(#4246,#4247,#4248,#4249),
  .UNSPECIFIED.,.F.,.F.,(4,4),(6.,7.),.PIECEWISE_BEZIER_KNOTS.);
#4246 = CARTESIAN_POINT('',(1.11469790144,-2.139704502469,0.490999991093
    ));
#4247 = CARTESIAN_POINT('',(1.134297337806,-2.139704502469,
    0.490999991093));
#4248 = CARTESIAN_POINT('',(1.14916587574,-2.13107451192,0.490999991093)
  );
#4249 = CARTESIAN_POINT('',(1.159199539451,-2.113814530823,
    0.490999991093));
#4250 = ORIENTED_EDGE('',*,*,#4251,.T.);
#4251 = EDGE_CURVE('',#4243,#4252,#4254,.T.);
#4252 = VERTEX_POINT('',#4253);
#4253 = CARTESIAN_POINT('',(1.159875382084,-2.113814530823,
    0.490999991093));
#4254 = LINE('',#4255,#4256);
#4255 = CARTESIAN_POINT('',(1.159875382084,-2.113814530823,
    0.490999991093));
#4256 = VECTOR('',#4257,1.);
#4257 = DIRECTION('',(1.,0.,0.));
#4258 = ORIENTED_EDGE('',*,*,#4259,.T.);
#4259 = EDGE_CURVE('',#4252,#4260,#4262,.T.);
#4260 = VERTEX_POINT('',#4261);
#4261 = CARTESIAN_POINT('',(1.159875382084,-2.136273301407,
    0.490999991093));
#4262 = LINE('',#4263,#4264);
#4263 = CARTESIAN_POINT('',(1.159875382084,-2.136273301407,
    0.490999991093));
#4264 = VECTOR('',#4265,1.);
#4265 = DIRECTION('',(-0.,-1.,-0.));
#4266 = ORIENTED_EDGE('',*,*,#4267,.T.);
#4267 = EDGE_CURVE('',#4260,#4268,#4270,.T.);
#4268 = VERTEX_POINT('',#4269);
#4269 = CARTESIAN_POINT('',(1.185349450572,-2.136273301407,
    0.490999991093));
#4270 = LINE('',#4271,#4272);
#4271 = CARTESIAN_POINT('',(1.185349450572,-2.136273301407,
    0.490999991093));
#4272 = VECTOR('',#4273,1.);
#4273 = DIRECTION('',(1.,0.,0.));
#4274 = ORIENTED_EDGE('',*,*,#4275,.T.);
#4275 = EDGE_CURVE('',#4268,#4276,#4278,.T.);
#4276 = VERTEX_POINT('',#4277);
#4277 = CARTESIAN_POINT('',(1.185349450572,-2.042799066427,
    0.490999991093));
#4278 = LINE('',#4279,#4280);
#4279 = CARTESIAN_POINT('',(1.185349450572,-2.042799066427,
    0.490999991093));
#4280 = VECTOR('',#4281,1.);
#4281 = DIRECTION('',(0.,1.,0.));
#4282 = ORIENTED_EDGE('',*,*,#4283,.T.);
#4283 = EDGE_CURVE('',#4276,#4171,#4284,.T.);
#4284 = B_SPLINE_CURVE_WITH_KNOTS('',3,(#4285,#4286,#4287,#4288),
  .UNSPECIFIED.,.F.,.F.,(4,4),(1.,2.),.PIECEWISE_BEZIER_KNOTS.);
#4285 = CARTESIAN_POINT('',(1.185349450572,-2.042799066427,
    0.490999991093));
#4286 = CARTESIAN_POINT('',(1.185349450572,-2.005991636856,
    0.490999991093));
#4287 = CARTESIAN_POINT('',(1.167829529999,-1.987691897861,
    0.490999991093));
#4288 = CARTESIAN_POINT('',(1.13284167675,-1.987691897861,0.490999991093
    ));
#4289 = FACE_BOUND('',#4290,.T.);
#4290 = EDGE_LOOP('',(#4291,#4302,#4311,#4319,#4327,#4336,#4345,#4354));
#4291 = ORIENTED_EDGE('',*,*,#4292,.F.);
#4292 = EDGE_CURVE('',#4293,#4295,#4297,.T.);
#4293 = VERTEX_POINT('',#4294);
#4294 = CARTESIAN_POINT('',(1.101233036668,-2.076903125463,
    0.490999991093));
#4295 = VERTEX_POINT('',#4296);
#4296 = CARTESIAN_POINT('',(1.094474610334,-2.095306840248,
    0.490999991093));
#4297 = B_SPLINE_CURVE_WITH_KNOTS('',3,(#4298,#4299,#4300,#4301),
  .UNSPECIFIED.,.F.,.F.,(4,4),(1.,2.),.PIECEWISE_BEZIER_KNOTS.);
#4298 = CARTESIAN_POINT('',(1.101233036668,-2.076903125463,
    0.490999991093));
#4299 = CARTESIAN_POINT('',(1.096762077708,-2.081270108632,
    0.490999991093));
#4300 = CARTESIAN_POINT('',(1.094474610334,-2.087404680227,
    0.490999991093));
#4301 = CARTESIAN_POINT('',(1.094474610334,-2.095306840248,
    0.490999991093));
#4302 = ORIENTED_EDGE('',*,*,#4303,.F.);
#4303 = EDGE_CURVE('',#4304,#4293,#4306,.T.);
#4304 = VERTEX_POINT('',#4305);
#4305 = CARTESIAN_POINT('',(1.125875298837,-2.067961207544,
    0.490999991093));
#4306 = B_SPLINE_CURVE_WITH_KNOTS('',3,(#4307,#4308,#4309,#4310),
  .UNSPECIFIED.,.F.,.F.,(4,4),(0.,1.),.PIECEWISE_BEZIER_KNOTS.);
#4307 = CARTESIAN_POINT('',(1.125875298837,-2.067961207544,
    0.490999991093));
#4308 = CARTESIAN_POINT('',(1.113970070912,-2.069624820181,
    0.490999991093));
#4309 = CARTESIAN_POINT('',(1.105755983521,-2.072536142294,
    0.490999991093));
#4310 = CARTESIAN_POINT('',(1.101233036668,-2.076903125463,
    0.490999991093));
#4311 = ORIENTED_EDGE('',*,*,#4312,.F.);
#4312 = EDGE_CURVE('',#4313,#4304,#4315,.T.);
#4313 = VERTEX_POINT('',#4314);
#4314 = CARTESIAN_POINT('',(1.159875382084,-2.063386272795,
    0.490999991093));
#4315 = LINE('',#4316,#4317);
#4316 = CARTESIAN_POINT('',(1.159875382084,-2.063386272795,
    0.490999991093));
#4317 = VECTOR('',#4318,1.);
#4318 = DIRECTION('',(-0.9910683663,-0.133354764894,0.));
#4319 = ORIENTED_EDGE('',*,*,#4320,.F.);
#4320 = EDGE_CURVE('',#4321,#4313,#4323,.T.);
#4321 = VERTEX_POINT('',#4322);
#4322 = CARTESIAN_POINT('',(1.159875382084,-2.077319028622,
    0.490999991093));
#4323 = LINE('',#4324,#4325);
#4324 = CARTESIAN_POINT('',(1.159875382084,-2.077319028622,
    0.490999991093));
#4325 = VECTOR('',#4326,1.);
#4326 = DIRECTION('',(0.,1.,0.));
#4327 = ORIENTED_EDGE('',*,*,#4328,.F.);
#4328 = EDGE_CURVE('',#4329,#4321,#4331,.T.);
#4329 = VERTEX_POINT('',#4330);
#4330 = CARTESIAN_POINT('',(1.148957924161,-2.106952128699,
    0.490999991093));
#4331 = B_SPLINE_CURVE_WITH_KNOTS('',3,(#4332,#4333,#4334,#4335),
  .UNSPECIFIED.,.F.,.F.,(4,4),(5.,6.),.PIECEWISE_BEZIER_KNOTS.);
#4332 = CARTESIAN_POINT('',(1.148957924161,-2.106952128699,
    0.490999991093));
#4333 = CARTESIAN_POINT('',(1.156236229443,-2.099153944469,
    0.490999991093));
#4334 = CARTESIAN_POINT('',(1.159875382084,-2.089276244443,
    0.490999991093));
#4335 = CARTESIAN_POINT('',(1.159875382084,-2.077319028622,
    0.490999991093));
#4336 = ORIENTED_EDGE('',*,*,#4337,.F.);
#4337 = EDGE_CURVE('',#4338,#4329,#4340,.T.);
#4338 = VERTEX_POINT('',#4339);
#4339 = CARTESIAN_POINT('',(1.121300364089,-2.11880536873,0.490999991093
    ));
#4340 = B_SPLINE_CURVE_WITH_KNOTS('',3,(#4341,#4342,#4343,#4344),
  .UNSPECIFIED.,.F.,.F.,(4,4),(4.,5.),.PIECEWISE_BEZIER_KNOTS.);
#4341 = CARTESIAN_POINT('',(1.121300364089,-2.11880536873,0.490999991093
    ));
#4342 = CARTESIAN_POINT('',(1.132477761486,-2.11880536873,0.490999991093
    ));
#4343 = CARTESIAN_POINT('',(1.141731606773,-2.11485428872,0.490999991093
    ));
#4344 = CARTESIAN_POINT('',(1.148957924161,-2.106952128699,
    0.490999991093));
#4345 = ORIENTED_EDGE('',*,*,#4346,.F.);
#4346 = EDGE_CURVE('',#4347,#4338,#4349,.T.);
#4347 = VERTEX_POINT('',#4348);
#4348 = CARTESIAN_POINT('',(1.101856891406,-2.112254893977,
    0.490999991093));
#4349 = B_SPLINE_CURVE_WITH_KNOTS('',3,(#4350,#4351,#4352,#4353),
  .UNSPECIFIED.,.F.,.F.,(4,4),(3.,4.),.PIECEWISE_BEZIER_KNOTS.);
#4350 = CARTESIAN_POINT('',(1.101856891406,-2.112254893977,
    0.490999991093));
#4351 = CARTESIAN_POINT('',(1.106743753524,-2.116621877145,
    0.490999991093));
#4352 = CARTESIAN_POINT('',(1.113242240383,-2.11880536873,0.490999991093
    ));
#4353 = CARTESIAN_POINT('',(1.121300364089,-2.11880536873,0.490999991093
    ));
#4354 = ORIENTED_EDGE('',*,*,#4355,.F.);
#4355 = EDGE_CURVE('',#4295,#4347,#4356,.T.);
#4356 = B_SPLINE_CURVE_WITH_KNOTS('',3,(#4357,#4358,#4359,#4360),
  .UNSPECIFIED.,.F.,.F.,(4,4),(2.,3.),.PIECEWISE_BEZIER_KNOTS.);
#4357 = CARTESIAN_POINT('',(1.094474610334,-2.095306840248,
    0.490999991093));
#4358 = CARTESIAN_POINT('',(1.094474610334,-2.10227321816,0.490999991093
    ));
#4359 = CARTESIAN_POINT('',(1.096918041393,-2.107887910807,
    0.490999991093));
#4360 = CARTESIAN_POINT('',(1.101856891406,-2.112254893977,
    0.490999991093));
#4361 = PLANE('',#4362);
#4362 = AXIS2_PLACEMENT_3D('',#4363,#4364,#4365);
#4363 = CARTESIAN_POINT('',(1.106139394246,-1.991058114054,
    0.490999991093));
#4364 = DIRECTION('',(0.,0.,1.));
#4365 = DIRECTION('',(1.,0.,-0.));
#4366 = ADVANCED_FACE('',(#4367),#4383,.F.);
#4367 = FACE_BOUND('',#4368,.F.);
#4368 = EDGE_LOOP('',(#4369,#4375,#4376,#4382));
#4369 = ORIENTED_EDGE('',*,*,#4370,.F.);
#4370 = EDGE_CURVE('',#4171,#191,#4371,.T.);
#4371 = LINE('',#4372,#4373);
#4372 = CARTESIAN_POINT('',(1.13284167675,-1.987691897861,0.490999991093
    ));
#4373 = VECTOR('',#4374,1.);
#4374 = DIRECTION('',(-0.,-0.,-1.));
#4375 = ORIENTED_EDGE('',*,*,#4170,.T.);
#4376 = ORIENTED_EDGE('',*,*,#4377,.T.);
#4377 = EDGE_CURVE('',#4173,#193,#4378,.T.);
#4378 = LINE('',#4379,#4380);
#4379 = CARTESIAN_POINT('',(1.082829321882,-2.001208750528,
    0.490999991093));
#4380 = VECTOR('',#4381,1.);
#4381 = DIRECTION('',(-0.,-0.,-1.));
#4382 = ORIENTED_EDGE('',*,*,#190,.F.);
#4383 = B_SPLINE_SURFACE_WITH_KNOTS('',3,1,(
    (#4384,#4385)
    ,(#4386,#4387)
    ,(#4388,#4389)
    ,(#4390,#4391
    )),.UNSPECIFIED.,.F.,.F.,.F.,(4,4),(2,2),(0.,1.),(0.,1.),
  .PIECEWISE_BEZIER_KNOTS.);
#4384 = CARTESIAN_POINT('',(1.13284167675,-1.987691897861,0.490999991093
    ));
#4385 = CARTESIAN_POINT('',(1.13284167675,-1.987691897861,0.489999991111
    ));
#4386 = CARTESIAN_POINT('',(1.113918083017,-1.987691897861,
    0.490999991093));
#4387 = CARTESIAN_POINT('',(1.113918083017,-1.987691897861,
    0.489999991111));
#4388 = CARTESIAN_POINT('',(1.097229968762,-1.99216285682,0.490999991093
    ));
#4389 = CARTESIAN_POINT('',(1.097229968762,-1.99216285682,0.489999991111
    ));
#4390 = CARTESIAN_POINT('',(1.082829321882,-2.001208750528,
    0.490999991093));
#4391 = CARTESIAN_POINT('',(1.082829321882,-2.001208750528,
    0.489999991111));
#4392 = ADVANCED_FACE('',(#4393),#4404,.F.);
#4393 = FACE_BOUND('',#4394,.T.);
#4394 = EDGE_LOOP('',(#4395,#4396,#4402,#4403));
#4395 = ORIENTED_EDGE('',*,*,#304,.T.);
#4396 = ORIENTED_EDGE('',*,*,#4397,.F.);
#4397 = EDGE_CURVE('',#4182,#296,#4398,.T.);
#4398 = LINE('',#4399,#4400);
#4399 = CARTESIAN_POINT('',(1.082829321882,-2.025954988488,
    0.490999991093));
#4400 = VECTOR('',#4401,1.);
#4401 = DIRECTION('',(-0.,-0.,-1.));
#4402 = ORIENTED_EDGE('',*,*,#4181,.F.);
#4403 = ORIENTED_EDGE('',*,*,#4377,.T.);
#4404 = PLANE('',#4405);
#4405 = AXIS2_PLACEMENT_3D('',#4406,#4407,#4408);
#4406 = CARTESIAN_POINT('',(1.082829321882,-2.025954988488,
    0.490999991093));
#4407 = DIRECTION('',(1.,0.,0.));
#4408 = DIRECTION('',(0.,0.,-1.));
#4409 = ADVANCED_FACE('',(#4410),#4421,.F.);
#4410 = FACE_BOUND('',#4411,.F.);
#4411 = EDGE_LOOP('',(#4412,#4413,#4414,#4420));
#4412 = ORIENTED_EDGE('',*,*,#4397,.F.);
#4413 = ORIENTED_EDGE('',*,*,#4189,.T.);
#4414 = ORIENTED_EDGE('',*,*,#4415,.T.);
#4415 = EDGE_CURVE('',#4190,#287,#4416,.T.);
#4416 = LINE('',#4417,#4418);
#4417 = CARTESIAN_POINT('',(1.130450233586,-2.00838308002,0.490999991093
    ));
#4418 = VECTOR('',#4419,1.);
#4419 = DIRECTION('',(-0.,-0.,-1.));
#4420 = ORIENTED_EDGE('',*,*,#295,.F.);
#4421 = B_SPLINE_SURFACE_WITH_KNOTS('',3,1,(
    (#4422,#4423)
    ,(#4424,#4425)
    ,(#4426,#4427)
    ,(#4428,#4429
    )),.UNSPECIFIED.,.F.,.F.,.F.,(4,4),(2,2),(12.,13.),(0.,1.),
  .PIECEWISE_BEZIER_KNOTS.);
#4422 = CARTESIAN_POINT('',(1.082829321882,-2.025954988488,
    0.490999991093));
#4423 = CARTESIAN_POINT('',(1.082829321882,-2.025954988488,
    0.489999991111));
#4424 = CARTESIAN_POINT('',(1.097177980867,-2.014309700036,
    0.490999991093));
#4425 = CARTESIAN_POINT('',(1.097177980867,-2.014309700036,
    0.489999991111));
#4426 = CARTESIAN_POINT('',(1.113034288803,-2.00838308002,0.490999991093
    ));
#4427 = CARTESIAN_POINT('',(1.113034288803,-2.00838308002,0.489999991111
    ));
#4428 = CARTESIAN_POINT('',(1.130450233586,-2.00838308002,0.490999991093
    ));
#4429 = CARTESIAN_POINT('',(1.130450233586,-2.00838308002,0.489999991111
    ));
#4430 = ADVANCED_FACE('',(#4431),#4442,.F.);
#4431 = FACE_BOUND('',#4432,.F.);
#4432 = EDGE_LOOP('',(#4433,#4434,#4435,#4441));
#4433 = ORIENTED_EDGE('',*,*,#4415,.F.);
#4434 = ORIENTED_EDGE('',*,*,#4198,.T.);
#4435 = ORIENTED_EDGE('',*,*,#4436,.T.);
#4436 = EDGE_CURVE('',#4199,#279,#4437,.T.);
#4437 = LINE('',#4438,#4439);
#4438 = CARTESIAN_POINT('',(1.159875382084,-2.043942800113,
    0.490999991093));
#4439 = VECTOR('',#4440,1.);
#4440 = DIRECTION('',(-0.,-0.,-1.));
#4441 = ORIENTED_EDGE('',*,*,#286,.F.);
#4442 = B_SPLINE_SURFACE_WITH_KNOTS('',3,1,(
    (#4443,#4444)
    ,(#4445,#4446)
    ,(#4447,#4448)
    ,(#4449,#4450
    )),.UNSPECIFIED.,.F.,.F.,.F.,(4,4),(2,2),(11.,12.),(0.,1.),
  .PIECEWISE_BEZIER_KNOTS.);
#4443 = CARTESIAN_POINT('',(1.130450233586,-2.00838308002,0.490999991093
    ));
#4444 = CARTESIAN_POINT('',(1.130450233586,-2.00838308002,0.489999991111
    ));
#4445 = CARTESIAN_POINT('',(1.150049669953,-2.00838308002,0.490999991093
    ));
#4446 = CARTESIAN_POINT('',(1.150049669953,-2.00838308002,0.489999991111
    ));
#4447 = CARTESIAN_POINT('',(1.159875382084,-2.020236320052,
    0.490999991093));
#4448 = CARTESIAN_POINT('',(1.159875382084,-2.020236320052,
    0.489999991111));
#4449 = CARTESIAN_POINT('',(1.159875382084,-2.043942800113,
    0.490999991093));
#4450 = CARTESIAN_POINT('',(1.159875382084,-2.043942800113,
    0.489999991111));
#4451 = ADVANCED_FACE('',(#4452),#4463,.F.);
#4452 = FACE_BOUND('',#4453,.T.);
#4453 = EDGE_LOOP('',(#4454,#4455,#4461,#4462));
#4454 = ORIENTED_EDGE('',*,*,#278,.T.);
#4455 = ORIENTED_EDGE('',*,*,#4456,.F.);
#4456 = EDGE_CURVE('',#4208,#270,#4457,.T.);
#4457 = LINE('',#4458,#4459);
#4458 = CARTESIAN_POINT('',(1.116829405129,-2.049973395918,
    0.490999991093));
#4459 = VECTOR('',#4460,1.);
#4460 = DIRECTION('',(-0.,-0.,-1.));
#4461 = ORIENTED_EDGE('',*,*,#4207,.F.);
#4462 = ORIENTED_EDGE('',*,*,#4436,.T.);
#4463 = PLANE('',#4464);
#4464 = AXIS2_PLACEMENT_3D('',#4465,#4466,#4467);
#4465 = CARTESIAN_POINT('',(1.116829405129,-2.049973395918,
    0.490999991093));
#4466 = DIRECTION('',(0.138741688482,-0.990328603988,0.));
#4467 = DIRECTION('',(0.990328603988,0.138741688482,0.));
#4468 = ADVANCED_FACE('',(#4469),#4480,.F.);
#4469 = FACE_BOUND('',#4470,.F.);
#4470 = EDGE_LOOP('',(#4471,#4472,#4473,#4479));
#4471 = ORIENTED_EDGE('',*,*,#4456,.F.);
#4472 = ORIENTED_EDGE('',*,*,#4215,.T.);
#4473 = ORIENTED_EDGE('',*,*,#4474,.T.);
#4474 = EDGE_CURVE('',#4216,#261,#4475,.T.);
#4475 = LINE('',#4476,#4477);
#4476 = CARTESIAN_POINT('',(1.068636626582,-2.097386356042,
    0.490999991093));
#4477 = VECTOR('',#4478,1.);
#4478 = DIRECTION('',(-0.,-0.,-1.));
#4479 = ORIENTED_EDGE('',*,*,#269,.F.);
#4480 = B_SPLINE_SURFACE_WITH_KNOTS('',3,1,(
    (#4481,#4482)
    ,(#4483,#4484)
    ,(#4485,#4486)
    ,(#4487,#4488
    )),.UNSPECIFIED.,.F.,.F.,.F.,(4,4),(2,2),(9.,10.),(0.,1.),
  .PIECEWISE_BEZIER_KNOTS.);
#4481 = CARTESIAN_POINT('',(1.116829405129,-2.049973395918,
    0.490999991093));
#4482 = CARTESIAN_POINT('',(1.116829405129,-2.049973395918,
    0.489999991111));
#4483 = CARTESIAN_POINT('',(1.084700886098,-2.054444354878,
    0.490999991093));
#4484 = CARTESIAN_POINT('',(1.084700886098,-2.054444354878,
    0.489999991111));
#4485 = CARTESIAN_POINT('',(1.068636626582,-2.070248674919,
    0.490999991093));
#4486 = CARTESIAN_POINT('',(1.068636626582,-2.070248674919,
    0.489999991111));
#4487 = CARTESIAN_POINT('',(1.068636626582,-2.097386356042,
    0.490999991093));
#4488 = CARTESIAN_POINT('',(1.068636626582,-2.097386356042,
    0.489999991111));
#4489 = ADVANCED_FACE('',(#4490),#4501,.F.);
#4490 = FACE_BOUND('',#4491,.F.);
#4491 = EDGE_LOOP('',(#4492,#4493,#4494,#4500));
#4492 = ORIENTED_EDGE('',*,*,#4474,.F.);
#4493 = ORIENTED_EDGE('',*,*,#4224,.T.);
#4494 = ORIENTED_EDGE('',*,*,#4495,.T.);
#4495 = EDGE_CURVE('',#4225,#252,#4496,.T.);
#4496 = LINE('',#4497,#4498);
#4497 = CARTESIAN_POINT('',(1.081113721352,-2.128267165597,
    0.490999991093));
#4498 = VECTOR('',#4499,1.);
#4499 = DIRECTION('',(-0.,-0.,-1.));
#4500 = ORIENTED_EDGE('',*,*,#260,.F.);
#4501 = B_SPLINE_SURFACE_WITH_KNOTS('',3,1,(
    (#4502,#4503)
    ,(#4504,#4505)
    ,(#4506,#4507)
    ,(#4508,#4509
    )),.UNSPECIFIED.,.F.,.F.,.F.,(4,4),(2,2),(8.,9.),(0.,1.),
  .PIECEWISE_BEZIER_KNOTS.);
#4502 = CARTESIAN_POINT('',(1.068636626582,-2.097386356042,
    0.490999991093));
#4503 = CARTESIAN_POINT('',(1.068636626582,-2.097386356042,
    0.489999991111));
#4504 = CARTESIAN_POINT('',(1.068636626582,-2.110383329761,
    0.490999991093));
#4505 = CARTESIAN_POINT('',(1.068636626582,-2.110383329761,
    0.489999991111));
#4506 = CARTESIAN_POINT('',(1.072795658172,-2.120676932946,
    0.490999991093));
#4507 = CARTESIAN_POINT('',(1.072795658172,-2.120676932946,
    0.489999991111));
#4508 = CARTESIAN_POINT('',(1.081113721352,-2.128267165597,
    0.490999991093));
#4509 = CARTESIAN_POINT('',(1.081113721352,-2.128267165597,
    0.489999991111));
#4510 = ADVANCED_FACE('',(#4511),#4522,.F.);
#4511 = FACE_BOUND('',#4512,.F.);
#4512 = EDGE_LOOP('',(#4513,#4514,#4515,#4521));
#4513 = ORIENTED_EDGE('',*,*,#4495,.F.);
#4514 = ORIENTED_EDGE('',*,*,#4233,.T.);
#4515 = ORIENTED_EDGE('',*,*,#4516,.T.);
#4516 = EDGE_CURVE('',#4234,#243,#4517,.T.);
#4517 = LINE('',#4518,#4519);
#4518 = CARTESIAN_POINT('',(1.11469790144,-2.139704502469,0.490999991093
    ));
#4519 = VECTOR('',#4520,1.);
#4520 = DIRECTION('',(-0.,-0.,-1.));
#4521 = ORIENTED_EDGE('',*,*,#251,.F.);
#4522 = B_SPLINE_SURFACE_WITH_KNOTS('',3,1,(
    (#4523,#4524)
    ,(#4525,#4526)
    ,(#4527,#4528)
    ,(#4529,#4530
    )),.UNSPECIFIED.,.F.,.F.,.F.,(4,4),(2,2),(7.,8.),(0.,1.),
  .PIECEWISE_BEZIER_KNOTS.);
#4523 = CARTESIAN_POINT('',(1.081113721352,-2.128267165597,
    0.490999991093));
#4524 = CARTESIAN_POINT('',(1.081113721352,-2.128267165597,
    0.489999991111));
#4525 = CARTESIAN_POINT('',(1.089431784531,-2.135857398249,
    0.490999991093));
#4526 = CARTESIAN_POINT('',(1.089431784531,-2.135857398249,
    0.489999991111));
#4527 = CARTESIAN_POINT('',(1.100609181929,-2.139704502469,
    0.490999991093));
#4528 = CARTESIAN_POINT('',(1.100609181929,-2.139704502469,
    0.489999991111));
#4529 = CARTESIAN_POINT('',(1.11469790144,-2.139704502469,0.490999991093
    ));
#4530 = CARTESIAN_POINT('',(1.11469790144,-2.139704502469,0.489999991111
    ));
#4531 = ADVANCED_FACE('',(#4532),#4543,.F.);
#4532 = FACE_BOUND('',#4533,.F.);
#4533 = EDGE_LOOP('',(#4534,#4535,#4536,#4542));
#4534 = ORIENTED_EDGE('',*,*,#4516,.F.);
#4535 = ORIENTED_EDGE('',*,*,#4242,.T.);
#4536 = ORIENTED_EDGE('',*,*,#4537,.T.);
#4537 = EDGE_CURVE('',#4243,#235,#4538,.T.);
#4538 = LINE('',#4539,#4540);
#4539 = CARTESIAN_POINT('',(1.159199539451,-2.113814530823,
    0.490999991093));
#4540 = VECTOR('',#4541,1.);
#4541 = DIRECTION('',(-0.,-0.,-1.));
#4542 = ORIENTED_EDGE('',*,*,#242,.F.);
#4543 = B_SPLINE_SURFACE_WITH_KNOTS('',3,1,(
    (#4544,#4545)
    ,(#4546,#4547)
    ,(#4548,#4549)
    ,(#4550,#4551
    )),.UNSPECIFIED.,.F.,.F.,.F.,(4,4),(2,2),(6.,7.),(0.,1.),
  .PIECEWISE_BEZIER_KNOTS.);
#4544 = CARTESIAN_POINT('',(1.11469790144,-2.139704502469,0.490999991093
    ));
#4545 = CARTESIAN_POINT('',(1.11469790144,-2.139704502469,0.489999991111
    ));
#4546 = CARTESIAN_POINT('',(1.134297337806,-2.139704502469,
    0.490999991093));
#4547 = CARTESIAN_POINT('',(1.134297337806,-2.139704502469,
    0.489999991111));
#4548 = CARTESIAN_POINT('',(1.14916587574,-2.13107451192,0.490999991093)
  );
#4549 = CARTESIAN_POINT('',(1.14916587574,-2.13107451192,0.489999991111)
  );
#4550 = CARTESIAN_POINT('',(1.159199539451,-2.113814530823,
    0.490999991093));
#4551 = CARTESIAN_POINT('',(1.159199539451,-2.113814530823,
    0.489999991111));
#4552 = ADVANCED_FACE('',(#4553),#4564,.F.);
#4553 = FACE_BOUND('',#4554,.T.);
#4554 = EDGE_LOOP('',(#4555,#4556,#4562,#4563));
#4555 = ORIENTED_EDGE('',*,*,#234,.T.);
#4556 = ORIENTED_EDGE('',*,*,#4557,.F.);
#4557 = EDGE_CURVE('',#4252,#227,#4558,.T.);
#4558 = LINE('',#4559,#4560);
#4559 = CARTESIAN_POINT('',(1.159875382084,-2.113814530823,
    0.490999991093));
#4560 = VECTOR('',#4561,1.);
#4561 = DIRECTION('',(-0.,-0.,-1.));
#4562 = ORIENTED_EDGE('',*,*,#4251,.F.);
#4563 = ORIENTED_EDGE('',*,*,#4537,.T.);
#4564 = PLANE('',#4565);
#4565 = AXIS2_PLACEMENT_3D('',#4566,#4567,#4568);
#4566 = CARTESIAN_POINT('',(1.159875382084,-2.113814530823,
    0.490999991093));
#4567 = DIRECTION('',(0.,1.,0.));
#4568 = DIRECTION('',(0.,-0.,1.));
#4569 = ADVANCED_FACE('',(#4570),#4581,.F.);
#4570 = FACE_BOUND('',#4571,.T.);
#4571 = EDGE_LOOP('',(#4572,#4573,#4579,#4580));
#4572 = ORIENTED_EDGE('',*,*,#226,.T.);
#4573 = ORIENTED_EDGE('',*,*,#4574,.F.);
#4574 = EDGE_CURVE('',#4260,#219,#4575,.T.);
#4575 = LINE('',#4576,#4577);
#4576 = CARTESIAN_POINT('',(1.159875382084,-2.136273301407,
    0.490999991093));
#4577 = VECTOR('',#4578,1.);
#4578 = DIRECTION('',(-0.,-0.,-1.));
#4579 = ORIENTED_EDGE('',*,*,#4259,.F.);
#4580 = ORIENTED_EDGE('',*,*,#4557,.T.);
#4581 = PLANE('',#4582);
#4582 = AXIS2_PLACEMENT_3D('',#4583,#4584,#4585);
#4583 = CARTESIAN_POINT('',(1.159875382084,-2.136273301407,
    0.490999991093));
#4584 = DIRECTION('',(1.,0.,0.));
#4585 = DIRECTION('',(0.,0.,-1.));
#4586 = ADVANCED_FACE('',(#4587),#4598,.F.);
#4587 = FACE_BOUND('',#4588,.T.);
#4588 = EDGE_LOOP('',(#4589,#4590,#4596,#4597));
#4589 = ORIENTED_EDGE('',*,*,#218,.T.);
#4590 = ORIENTED_EDGE('',*,*,#4591,.F.);
#4591 = EDGE_CURVE('',#4268,#211,#4592,.T.);
#4592 = LINE('',#4593,#4594);
#4593 = CARTESIAN_POINT('',(1.185349450572,-2.136273301407,
    0.490999991093));
#4594 = VECTOR('',#4595,1.);
#4595 = DIRECTION('',(-0.,-0.,-1.));
#4596 = ORIENTED_EDGE('',*,*,#4267,.F.);
#4597 = ORIENTED_EDGE('',*,*,#4574,.T.);
#4598 = PLANE('',#4599);
#4599 = AXIS2_PLACEMENT_3D('',#4600,#4601,#4602);
#4600 = CARTESIAN_POINT('',(1.185349450572,-2.136273301407,
    0.490999991093));
#4601 = DIRECTION('',(0.,1.,0.));
#4602 = DIRECTION('',(0.,-0.,1.));
#4603 = ADVANCED_FACE('',(#4604),#4615,.F.);
#4604 = FACE_BOUND('',#4605,.T.);
#4605 = EDGE_LOOP('',(#4606,#4607,#4613,#4614));
#4606 = ORIENTED_EDGE('',*,*,#210,.T.);
#4607 = ORIENTED_EDGE('',*,*,#4608,.F.);
#4608 = EDGE_CURVE('',#4276,#202,#4609,.T.);
#4609 = LINE('',#4610,#4611);
#4610 = CARTESIAN_POINT('',(1.185349450572,-2.042799066427,
    0.490999991093));
#4611 = VECTOR('',#4612,1.);
#4612 = DIRECTION('',(-0.,-0.,-1.));
#4613 = ORIENTED_EDGE('',*,*,#4275,.F.);
#4614 = ORIENTED_EDGE('',*,*,#4591,.T.);
#4615 = PLANE('',#4616);
#4616 = AXIS2_PLACEMENT_3D('',#4617,#4618,#4619);
#4617 = CARTESIAN_POINT('',(1.185349450572,-2.042799066427,
    0.490999991093));
#4618 = DIRECTION('',(-1.,0.,0.));
#4619 = DIRECTION('',(0.,0.,1.));
#4620 = ADVANCED_FACE('',(#4621),#4627,.F.);
#4621 = FACE_BOUND('',#4622,.F.);
#4622 = EDGE_LOOP('',(#4623,#4624,#4625,#4626));
#4623 = ORIENTED_EDGE('',*,*,#4608,.F.);
#4624 = ORIENTED_EDGE('',*,*,#4283,.T.);
#4625 = ORIENTED_EDGE('',*,*,#4370,.T.);
#4626 = ORIENTED_EDGE('',*,*,#201,.F.);
#4627 = B_SPLINE_SURFACE_WITH_KNOTS('',3,1,(
    (#4628,#4629)
    ,(#4630,#4631)
    ,(#4632,#4633)
    ,(#4634,#4635
    )),.UNSPECIFIED.,.F.,.F.,.F.,(4,4),(2,2),(1.,2.),(0.,1.),
  .PIECEWISE_BEZIER_KNOTS.);
#4628 = CARTESIAN_POINT('',(1.185349450572,-2.042799066427,
    0.490999991093));
#4629 = CARTESIAN_POINT('',(1.185349450572,-2.042799066427,
    0.489999991111));
#4630 = CARTESIAN_POINT('',(1.185349450572,-2.005991636856,
    0.490999991093));
#4631 = CARTESIAN_POINT('',(1.185349450572,-2.005991636856,
    0.489999991111));
#4632 = CARTESIAN_POINT('',(1.167829529999,-1.987691897861,
    0.490999991093));
#4633 = CARTESIAN_POINT('',(1.167829529999,-1.987691897861,
    0.489999991111));
#4634 = CARTESIAN_POINT('',(1.13284167675,-1.987691897861,0.490999991093
    ));
#4635 = CARTESIAN_POINT('',(1.13284167675,-1.987691897861,0.489999991111
    ));
#4636 = ADVANCED_FACE('',(#4637),#4663,.T.);
#4637 = FACE_BOUND('',#4638,.T.);
#4638 = EDGE_LOOP('',(#4639,#4650,#4656,#4657));
#4639 = ORIENTED_EDGE('',*,*,#4640,.F.);
#4640 = EDGE_CURVE('',#4641,#4643,#4645,.T.);
#4641 = VERTEX_POINT('',#4642);
#4642 = CARTESIAN_POINT('',(1.125875298837,-2.067961207544,
    0.489999991111));
#4643 = VERTEX_POINT('',#4644);
#4644 = CARTESIAN_POINT('',(1.101233036668,-2.076903125463,
    0.489999991111));
#4645 = B_SPLINE_CURVE_WITH_KNOTS('',3,(#4646,#4647,#4648,#4649),
  .UNSPECIFIED.,.F.,.F.,(4,4),(0.,1.),.PIECEWISE_BEZIER_KNOTS.);
#4646 = CARTESIAN_POINT('',(1.125875298837,-2.067961207544,
    0.489999991111));
#4647 = CARTESIAN_POINT('',(1.113970070912,-2.069624820181,
    0.489999991111));
#4648 = CARTESIAN_POINT('',(1.105755983521,-2.072536142294,
    0.489999991111));
#4649 = CARTESIAN_POINT('',(1.101233036668,-2.076903125463,
    0.489999991111));
#4650 = ORIENTED_EDGE('',*,*,#4651,.F.);
#4651 = EDGE_CURVE('',#4304,#4641,#4652,.T.);
#4652 = LINE('',#4653,#4654);
#4653 = CARTESIAN_POINT('',(1.125875298837,-2.067961207544,
    0.490999991093));
#4654 = VECTOR('',#4655,1.);
#4655 = DIRECTION('',(-0.,-0.,-1.));
#4656 = ORIENTED_EDGE('',*,*,#4303,.T.);
#4657 = ORIENTED_EDGE('',*,*,#4658,.T.);
#4658 = EDGE_CURVE('',#4293,#4643,#4659,.T.);
#4659 = LINE('',#4660,#4661);
#4660 = CARTESIAN_POINT('',(1.101233036668,-2.076903125463,
    0.490999991093));
#4661 = VECTOR('',#4662,1.);
#4662 = DIRECTION('',(-0.,-0.,-1.));
#4663 = B_SPLINE_SURFACE_WITH_KNOTS('',3,1,(
    (#4664,#4665)
    ,(#4666,#4667)
    ,(#4668,#4669)
    ,(#4670,#4671
    )),.UNSPECIFIED.,.F.,.F.,.F.,(4,4),(2,2),(0.,1.),(0.,1.),
  .PIECEWISE_BEZIER_KNOTS.);
#4664 = CARTESIAN_POINT('',(1.125875298837,-2.067961207544,
    0.490999991093));
#4665 = CARTESIAN_POINT('',(1.125875298837,-2.067961207544,
    0.489999991111));
#4666 = CARTESIAN_POINT('',(1.113970070912,-2.069624820181,
    0.490999991093));
#4667 = CARTESIAN_POINT('',(1.113970070912,-2.069624820181,
    0.489999991111));
#4668 = CARTESIAN_POINT('',(1.105755983521,-2.072536142294,
    0.490999991093));
#4669 = CARTESIAN_POINT('',(1.105755983521,-2.072536142294,
    0.489999991111));
#4670 = CARTESIAN_POINT('',(1.101233036668,-2.076903125463,
    0.490999991093));
#4671 = CARTESIAN_POINT('',(1.101233036668,-2.076903125463,
    0.489999991111));
#4672 = ADVANCED_FACE('',(#4673),#4692,.T.);
#4673 = FACE_BOUND('',#4674,.T.);
#4674 = EDGE_LOOP('',(#4675,#4684,#4685,#4686));
#4675 = ORIENTED_EDGE('',*,*,#4676,.F.);
#4676 = EDGE_CURVE('',#4643,#4677,#4679,.T.);
#4677 = VERTEX_POINT('',#4678);
#4678 = CARTESIAN_POINT('',(1.094474610334,-2.095306840248,
    0.489999991111));
#4679 = B_SPLINE_CURVE_WITH_KNOTS('',3,(#4680,#4681,#4682,#4683),
  .UNSPECIFIED.,.F.,.F.,(4,4),(1.,2.),.PIECEWISE_BEZIER_KNOTS.);
#4680 = CARTESIAN_POINT('',(1.101233036668,-2.076903125463,
    0.489999991111));
#4681 = CARTESIAN_POINT('',(1.096762077708,-2.081270108632,
    0.489999991111));
#4682 = CARTESIAN_POINT('',(1.094474610334,-2.087404680227,
    0.489999991111));
#4683 = CARTESIAN_POINT('',(1.094474610334,-2.095306840248,
    0.489999991111));
#4684 = ORIENTED_EDGE('',*,*,#4658,.F.);
#4685 = ORIENTED_EDGE('',*,*,#4292,.T.);
#4686 = ORIENTED_EDGE('',*,*,#4687,.T.);
#4687 = EDGE_CURVE('',#4295,#4677,#4688,.T.);
#4688 = LINE('',#4689,#4690);
#4689 = CARTESIAN_POINT('',(1.094474610334,-2.095306840248,
    0.490999991093));
#4690 = VECTOR('',#4691,1.);
#4691 = DIRECTION('',(-0.,-0.,-1.));
#4692 = B_SPLINE_SURFACE_WITH_KNOTS('',3,1,(
    (#4693,#4694)
    ,(#4695,#4696)
    ,(#4697,#4698)
    ,(#4699,#4700
    )),.UNSPECIFIED.,.F.,.F.,.F.,(4,4),(2,2),(1.,2.),(0.,1.),
  .PIECEWISE_BEZIER_KNOTS.);
#4693 = CARTESIAN_POINT('',(1.101233036668,-2.076903125463,
    0.490999991093));
#4694 = CARTESIAN_POINT('',(1.101233036668,-2.076903125463,
    0.489999991111));
#4695 = CARTESIAN_POINT('',(1.096762077708,-2.081270108632,
    0.490999991093));
#4696 = CARTESIAN_POINT('',(1.096762077708,-2.081270108632,
    0.489999991111));
#4697 = CARTESIAN_POINT('',(1.094474610334,-2.087404680227,
    0.490999991093));
#4698 = CARTESIAN_POINT('',(1.094474610334,-2.087404680227,
    0.489999991111));
#4699 = CARTESIAN_POINT('',(1.094474610334,-2.095306840248,
    0.490999991093));
#4700 = CARTESIAN_POINT('',(1.094474610334,-2.095306840248,
    0.489999991111));
#4701 = ADVANCED_FACE('',(#4702),#4721,.T.);
#4702 = FACE_BOUND('',#4703,.T.);
#4703 = EDGE_LOOP('',(#4704,#4713,#4714,#4715));
#4704 = ORIENTED_EDGE('',*,*,#4705,.F.);
#4705 = EDGE_CURVE('',#4677,#4706,#4708,.T.);
#4706 = VERTEX_POINT('',#4707);
#4707 = CARTESIAN_POINT('',(1.101856891406,-2.112254893977,
    0.489999991111));
#4708 = B_SPLINE_CURVE_WITH_KNOTS('',3,(#4709,#4710,#4711,#4712),
  .UNSPECIFIED.,.F.,.F.,(4,4),(2.,3.),.PIECEWISE_BEZIER_KNOTS.);
#4709 = CARTESIAN_POINT('',(1.094474610334,-2.095306840248,
    0.489999991111));
#4710 = CARTESIAN_POINT('',(1.094474610334,-2.10227321816,0.489999991111
    ));
#4711 = CARTESIAN_POINT('',(1.096918041393,-2.107887910807,
    0.489999991111));
#4712 = CARTESIAN_POINT('',(1.101856891406,-2.112254893977,
    0.489999991111));
#4713 = ORIENTED_EDGE('',*,*,#4687,.F.);
#4714 = ORIENTED_EDGE('',*,*,#4355,.T.);
#4715 = ORIENTED_EDGE('',*,*,#4716,.T.);
#4716 = EDGE_CURVE('',#4347,#4706,#4717,.T.);
#4717 = LINE('',#4718,#4719);
#4718 = CARTESIAN_POINT('',(1.101856891406,-2.112254893977,
    0.490999991093));
#4719 = VECTOR('',#4720,1.);
#4720 = DIRECTION('',(-0.,-0.,-1.));
#4721 = B_SPLINE_SURFACE_WITH_KNOTS('',3,1,(
    (#4722,#4723)
    ,(#4724,#4725)
    ,(#4726,#4727)
    ,(#4728,#4729
    )),.UNSPECIFIED.,.F.,.F.,.F.,(4,4),(2,2),(2.,3.),(0.,1.),
  .PIECEWISE_BEZIER_KNOTS.);
#4722 = CARTESIAN_POINT('',(1.094474610334,-2.095306840248,
    0.490999991093));
#4723 = CARTESIAN_POINT('',(1.094474610334,-2.095306840248,
    0.489999991111));
#4724 = CARTESIAN_POINT('',(1.094474610334,-2.10227321816,0.490999991093
    ));
#4725 = CARTESIAN_POINT('',(1.094474610334,-2.10227321816,0.489999991111
    ));
#4726 = CARTESIAN_POINT('',(1.096918041393,-2.107887910807,
    0.490999991093));
#4727 = CARTESIAN_POINT('',(1.096918041393,-2.107887910807,
    0.489999991111));
#4728 = CARTESIAN_POINT('',(1.101856891406,-2.112254893977,
    0.490999991093));
#4729 = CARTESIAN_POINT('',(1.101856891406,-2.112254893977,
    0.489999991111));
#4730 = ADVANCED_FACE('',(#4731),#4750,.T.);
#4731 = FACE_BOUND('',#4732,.T.);
#4732 = EDGE_LOOP('',(#4733,#4742,#4743,#4744));
#4733 = ORIENTED_EDGE('',*,*,#4734,.F.);
#4734 = EDGE_CURVE('',#4706,#4735,#4737,.T.);
#4735 = VERTEX_POINT('',#4736);
#4736 = CARTESIAN_POINT('',(1.121300364089,-2.11880536873,0.489999991111
    ));
#4737 = B_SPLINE_CURVE_WITH_KNOTS('',3,(#4738,#4739,#4740,#4741),
  .UNSPECIFIED.,.F.,.F.,(4,4),(3.,4.),.PIECEWISE_BEZIER_KNOTS.);
#4738 = CARTESIAN_POINT('',(1.101856891406,-2.112254893977,
    0.489999991111));
#4739 = CARTESIAN_POINT('',(1.106743753524,-2.116621877145,
    0.489999991111));
#4740 = CARTESIAN_POINT('',(1.113242240383,-2.11880536873,0.489999991111
    ));
#4741 = CARTESIAN_POINT('',(1.121300364089,-2.11880536873,0.489999991111
    ));
#4742 = ORIENTED_EDGE('',*,*,#4716,.F.);
#4743 = ORIENTED_EDGE('',*,*,#4346,.T.);
#4744 = ORIENTED_EDGE('',*,*,#4745,.T.);
#4745 = EDGE_CURVE('',#4338,#4735,#4746,.T.);
#4746 = LINE('',#4747,#4748);
#4747 = CARTESIAN_POINT('',(1.121300364089,-2.11880536873,0.490999991093
    ));
#4748 = VECTOR('',#4749,1.);
#4749 = DIRECTION('',(-0.,-0.,-1.));
#4750 = B_SPLINE_SURFACE_WITH_KNOTS('',3,1,(
    (#4751,#4752)
    ,(#4753,#4754)
    ,(#4755,#4756)
    ,(#4757,#4758
    )),.UNSPECIFIED.,.F.,.F.,.F.,(4,4),(2,2),(3.,4.),(0.,1.),
  .PIECEWISE_BEZIER_KNOTS.);
#4751 = CARTESIAN_POINT('',(1.101856891406,-2.112254893977,
    0.490999991093));
#4752 = CARTESIAN_POINT('',(1.101856891406,-2.112254893977,
    0.489999991111));
#4753 = CARTESIAN_POINT('',(1.106743753524,-2.116621877145,
    0.490999991093));
#4754 = CARTESIAN_POINT('',(1.106743753524,-2.116621877145,
    0.489999991111));
#4755 = CARTESIAN_POINT('',(1.113242240383,-2.11880536873,0.490999991093
    ));
#4756 = CARTESIAN_POINT('',(1.113242240383,-2.11880536873,0.489999991111
    ));
#4757 = CARTESIAN_POINT('',(1.121300364089,-2.11880536873,0.490999991093
    ));
#4758 = CARTESIAN_POINT('',(1.121300364089,-2.11880536873,0.489999991111
    ));
#4759 = ADVANCED_FACE('',(#4760),#4779,.T.);
#4760 = FACE_BOUND('',#4761,.T.);
#4761 = EDGE_LOOP('',(#4762,#4771,#4772,#4773));
#4762 = ORIENTED_EDGE('',*,*,#4763,.F.);
#4763 = EDGE_CURVE('',#4735,#4764,#4766,.T.);
#4764 = VERTEX_POINT('',#4765);
#4765 = CARTESIAN_POINT('',(1.148957924161,-2.106952128699,
    0.489999991111));
#4766 = B_SPLINE_CURVE_WITH_KNOTS('',3,(#4767,#4768,#4769,#4770),
  .UNSPECIFIED.,.F.,.F.,(4,4),(4.,5.),.PIECEWISE_BEZIER_KNOTS.);
#4767 = CARTESIAN_POINT('',(1.121300364089,-2.11880536873,0.489999991111
    ));
#4768 = CARTESIAN_POINT('',(1.132477761486,-2.11880536873,0.489999991111
    ));
#4769 = CARTESIAN_POINT('',(1.141731606773,-2.11485428872,0.489999991111
    ));
#4770 = CARTESIAN_POINT('',(1.148957924161,-2.106952128699,
    0.489999991111));
#4771 = ORIENTED_EDGE('',*,*,#4745,.F.);
#4772 = ORIENTED_EDGE('',*,*,#4337,.T.);
#4773 = ORIENTED_EDGE('',*,*,#4774,.T.);
#4774 = EDGE_CURVE('',#4329,#4764,#4775,.T.);
#4775 = LINE('',#4776,#4777);
#4776 = CARTESIAN_POINT('',(1.148957924161,-2.106952128699,
    0.490999991093));
#4777 = VECTOR('',#4778,1.);
#4778 = DIRECTION('',(-0.,-0.,-1.));
#4779 = B_SPLINE_SURFACE_WITH_KNOTS('',3,1,(
    (#4780,#4781)
    ,(#4782,#4783)
    ,(#4784,#4785)
    ,(#4786,#4787
    )),.UNSPECIFIED.,.F.,.F.,.F.,(4,4),(2,2),(4.,5.),(0.,1.),
  .PIECEWISE_BEZIER_KNOTS.);
#4780 = CARTESIAN_POINT('',(1.121300364089,-2.11880536873,0.490999991093
    ));
#4781 = CARTESIAN_POINT('',(1.121300364089,-2.11880536873,0.489999991111
    ));
#4782 = CARTESIAN_POINT('',(1.132477761486,-2.11880536873,0.490999991093
    ));
#4783 = CARTESIAN_POINT('',(1.132477761486,-2.11880536873,0.489999991111
    ));
#4784 = CARTESIAN_POINT('',(1.141731606773,-2.11485428872,0.490999991093
    ));
#4785 = CARTESIAN_POINT('',(1.141731606773,-2.11485428872,0.489999991111
    ));
#4786 = CARTESIAN_POINT('',(1.148957924161,-2.106952128699,
    0.490999991093));
#4787 = CARTESIAN_POINT('',(1.148957924161,-2.106952128699,
    0.489999991111));
#4788 = ADVANCED_FACE('',(#4789),#4808,.T.);
#4789 = FACE_BOUND('',#4790,.T.);
#4790 = EDGE_LOOP('',(#4791,#4800,#4801,#4802));
#4791 = ORIENTED_EDGE('',*,*,#4792,.F.);
#4792 = EDGE_CURVE('',#4764,#4793,#4795,.T.);
#4793 = VERTEX_POINT('',#4794);
#4794 = CARTESIAN_POINT('',(1.159875382084,-2.077319028622,
    0.489999991111));
#4795 = B_SPLINE_CURVE_WITH_KNOTS('',3,(#4796,#4797,#4798,#4799),
  .UNSPECIFIED.,.F.,.F.,(4,4),(5.,6.),.PIECEWISE_BEZIER_KNOTS.);
#4796 = CARTESIAN_POINT('',(1.148957924161,-2.106952128699,
    0.489999991111));
#4797 = CARTESIAN_POINT('',(1.156236229443,-2.099153944469,
    0.489999991111));
#4798 = CARTESIAN_POINT('',(1.159875382084,-2.089276244443,
    0.489999991111));
#4799 = CARTESIAN_POINT('',(1.159875382084,-2.077319028622,
    0.489999991111));
#4800 = ORIENTED_EDGE('',*,*,#4774,.F.);
#4801 = ORIENTED_EDGE('',*,*,#4328,.T.);
#4802 = ORIENTED_EDGE('',*,*,#4803,.T.);
#4803 = EDGE_CURVE('',#4321,#4793,#4804,.T.);
#4804 = LINE('',#4805,#4806);
#4805 = CARTESIAN_POINT('',(1.159875382084,-2.077319028622,
    0.490999991093));
#4806 = VECTOR('',#4807,1.);
#4807 = DIRECTION('',(-0.,-0.,-1.));
#4808 = B_SPLINE_SURFACE_WITH_KNOTS('',3,1,(
    (#4809,#4810)
    ,(#4811,#4812)
    ,(#4813,#4814)
    ,(#4815,#4816
    )),.UNSPECIFIED.,.F.,.F.,.F.,(4,4),(2,2),(5.,6.),(0.,1.),
  .PIECEWISE_BEZIER_KNOTS.);
#4809 = CARTESIAN_POINT('',(1.148957924161,-2.106952128699,
    0.490999991093));
#4810 = CARTESIAN_POINT('',(1.148957924161,-2.106952128699,
    0.489999991111));
#4811 = CARTESIAN_POINT('',(1.156236229443,-2.099153944469,
    0.490999991093));
#4812 = CARTESIAN_POINT('',(1.156236229443,-2.099153944469,
    0.489999991111));
#4813 = CARTESIAN_POINT('',(1.159875382084,-2.089276244443,
    0.490999991093));
#4814 = CARTESIAN_POINT('',(1.159875382084,-2.089276244443,
    0.489999991111));
#4815 = CARTESIAN_POINT('',(1.159875382084,-2.077319028622,
    0.490999991093));
#4816 = CARTESIAN_POINT('',(1.159875382084,-2.077319028622,
    0.489999991111));
#4817 = ADVANCED_FACE('',(#4818),#4836,.T.);
#4818 = FACE_BOUND('',#4819,.T.);
#4819 = EDGE_LOOP('',(#4820,#4828,#4829,#4830));
#4820 = ORIENTED_EDGE('',*,*,#4821,.F.);
#4821 = EDGE_CURVE('',#4793,#4822,#4824,.T.);
#4822 = VERTEX_POINT('',#4823);
#4823 = CARTESIAN_POINT('',(1.159875382084,-2.063386272795,
    0.489999991111));
#4824 = LINE('',#4825,#4826);
#4825 = CARTESIAN_POINT('',(1.159875382084,-2.077319028622,
    0.489999991111));
#4826 = VECTOR('',#4827,1.);
#4827 = DIRECTION('',(0.,1.,0.));
#4828 = ORIENTED_EDGE('',*,*,#4803,.F.);
#4829 = ORIENTED_EDGE('',*,*,#4320,.T.);
#4830 = ORIENTED_EDGE('',*,*,#4831,.T.);
#4831 = EDGE_CURVE('',#4313,#4822,#4832,.T.);
#4832 = LINE('',#4833,#4834);
#4833 = CARTESIAN_POINT('',(1.159875382084,-2.063386272795,
    0.490999991093));
#4834 = VECTOR('',#4835,1.);
#4835 = DIRECTION('',(-0.,-0.,-1.));
#4836 = PLANE('',#4837);
#4837 = AXIS2_PLACEMENT_3D('',#4838,#4839,#4840);
#4838 = CARTESIAN_POINT('',(1.159875382084,-2.077319028622,
    0.490999991093));
#4839 = DIRECTION('',(-1.,0.,0.));
#4840 = DIRECTION('',(0.,0.,1.));
#4841 = ADVANCED_FACE('',(#4842),#4853,.T.);
#4842 = FACE_BOUND('',#4843,.T.);
#4843 = EDGE_LOOP('',(#4844,#4850,#4851,#4852));
#4844 = ORIENTED_EDGE('',*,*,#4845,.F.);
#4845 = EDGE_CURVE('',#4822,#4641,#4846,.T.);
#4846 = LINE('',#4847,#4848);
#4847 = CARTESIAN_POINT('',(1.159875382084,-2.063386272795,
    0.489999991111));
#4848 = VECTOR('',#4849,1.);
#4849 = DIRECTION('',(-0.9910683663,-0.133354764894,0.));
#4850 = ORIENTED_EDGE('',*,*,#4831,.F.);
#4851 = ORIENTED_EDGE('',*,*,#4312,.T.);
#4852 = ORIENTED_EDGE('',*,*,#4651,.T.);
#4853 = PLANE('',#4854);
#4854 = AXIS2_PLACEMENT_3D('',#4855,#4856,#4857);
#4855 = CARTESIAN_POINT('',(1.159875382084,-2.063386272795,
    0.490999991093));
#4856 = DIRECTION('',(0.133354764894,-0.9910683663,0.));
#4857 = DIRECTION('',(0.9910683663,0.133354764894,0.));
#4858 = ADVANCED_FACE('',(#4859),#4869,.F.);
#4859 = FACE_BOUND('',#4860,.T.);
#4860 = EDGE_LOOP('',(#4861,#4862,#4863,#4864,#4865,#4866,#4867,#4868));
#4861 = ORIENTED_EDGE('',*,*,#4845,.T.);
#4862 = ORIENTED_EDGE('',*,*,#4640,.T.);
#4863 = ORIENTED_EDGE('',*,*,#4676,.T.);
#4864 = ORIENTED_EDGE('',*,*,#4705,.T.);
#4865 = ORIENTED_EDGE('',*,*,#4734,.T.);
#4866 = ORIENTED_EDGE('',*,*,#4763,.T.);
#4867 = ORIENTED_EDGE('',*,*,#4792,.T.);
#4868 = ORIENTED_EDGE('',*,*,#4821,.T.);
#4869 = PLANE('',#4870);
#4870 = AXIS2_PLACEMENT_3D('',#4871,#4872,#4873);
#4871 = CARTESIAN_POINT('',(0.,0.,0.489999991111));
#4872 = DIRECTION('',(0.,0.,-1.));
#4873 = DIRECTION('',(-1.,0.,0.));
#4874 = ADVANCED_FACE('',(#4875),#4901,.F.);
#4875 = FACE_BOUND('',#4876,.F.);
#4876 = EDGE_LOOP('',(#4877,#4885,#4894,#4900));
#4877 = ORIENTED_EDGE('',*,*,#4878,.F.);
#4878 = EDGE_CURVE('',#4879,#847,#4881,.T.);
#4879 = VERTEX_POINT('',#4880);
#4880 = CARTESIAN_POINT('',(1.261771656035,-2.11890934452,0.490999991093
    ));
#4881 = LINE('',#4882,#4883);
#4882 = CARTESIAN_POINT('',(1.261771656035,-2.11890934452,0.490999991093
    ));
#4883 = VECTOR('',#4884,1.);
#4884 = DIRECTION('',(-0.,-0.,-1.));
#4885 = ORIENTED_EDGE('',*,*,#4886,.T.);
#4886 = EDGE_CURVE('',#4879,#4887,#4889,.T.);
#4887 = VERTEX_POINT('',#4888);
#4888 = CARTESIAN_POINT('',(1.219869412767,-2.104872612905,
    0.490999991093));
#4889 = B_SPLINE_CURVE_WITH_KNOTS('',3,(#4890,#4891,#4892,#4893),
  .UNSPECIFIED.,.F.,.F.,(4,4),(0.,1.),.PIECEWISE_BEZIER_KNOTS.);
#4890 = CARTESIAN_POINT('',(1.261771656035,-2.11890934452,0.490999991093
    ));
#4891 = CARTESIAN_POINT('',(1.246799142311,-2.11890934452,0.490999991093
    ));
#4892 = CARTESIAN_POINT('',(1.232866386485,-2.114230433981,
    0.490999991093));
#4893 = CARTESIAN_POINT('',(1.219869412767,-2.104872612905,
    0.490999991093));
#4894 = ORIENTED_EDGE('',*,*,#4895,.T.);
#4895 = EDGE_CURVE('',#4887,#849,#4896,.T.);
#4896 = LINE('',#4897,#4898);
#4897 = CARTESIAN_POINT('',(1.219869412767,-2.104872612905,
    0.490999991093));
#4898 = VECTOR('',#4899,1.);
#4899 = DIRECTION('',(-0.,-0.,-1.));
#4900 = ORIENTED_EDGE('',*,*,#846,.F.);
#4901 = B_SPLINE_SURFACE_WITH_KNOTS('',3,1,(
    (#4902,#4903)
    ,(#4904,#4905)
    ,(#4906,#4907)
    ,(#4908,#4909
    )),.UNSPECIFIED.,.F.,.F.,.F.,(4,4),(2,2),(0.,1.),(0.,1.),
  .PIECEWISE_BEZIER_KNOTS.);
#4902 = CARTESIAN_POINT('',(1.261771656035,-2.11890934452,0.490999991093
    ));
#4903 = CARTESIAN_POINT('',(1.261771656035,-2.11890934452,0.489999991111
    ));
#4904 = CARTESIAN_POINT('',(1.246799142311,-2.11890934452,0.490999991093
    ));
#4905 = CARTESIAN_POINT('',(1.246799142311,-2.11890934452,0.489999991111
    ));
#4906 = CARTESIAN_POINT('',(1.232866386485,-2.114230433981,
    0.490999991093));
#4907 = CARTESIAN_POINT('',(1.232866386485,-2.114230433981,
    0.489999991111));
#4908 = CARTESIAN_POINT('',(1.219869412767,-2.104872612905,
    0.490999991093));
#4909 = CARTESIAN_POINT('',(1.219869412767,-2.104872612905,
    0.489999991111));
#4910 = ADVANCED_FACE('',(#4911),#4929,.F.);
#4911 = FACE_BOUND('',#4912,.T.);
#4912 = EDGE_LOOP('',(#4913,#4914,#4922,#4928));
#4913 = ORIENTED_EDGE('',*,*,#1027,.T.);
#4914 = ORIENTED_EDGE('',*,*,#4915,.F.);
#4915 = EDGE_CURVE('',#4916,#1019,#4918,.T.);
#4916 = VERTEX_POINT('',#4917);
#4917 = CARTESIAN_POINT('',(1.219869412767,-2.13117848771,0.490999991093
    ));
#4918 = LINE('',#4919,#4920);
#4919 = CARTESIAN_POINT('',(1.219869412767,-2.13117848771,0.490999991093
    ));
#4920 = VECTOR('',#4921,1.);
#4921 = DIRECTION('',(-0.,-0.,-1.));
#4922 = ORIENTED_EDGE('',*,*,#4923,.F.);
#4923 = EDGE_CURVE('',#4887,#4916,#4924,.T.);
#4924 = LINE('',#4925,#4926);
#4925 = CARTESIAN_POINT('',(1.219869412767,-2.13117848771,0.490999991093
    ));
#4926 = VECTOR('',#4927,1.);
#4927 = DIRECTION('',(-0.,-1.,-0.));
#4928 = ORIENTED_EDGE('',*,*,#4895,.T.);
#4929 = PLANE('',#4930);
#4930 = AXIS2_PLACEMENT_3D('',#4931,#4932,#4933);
#4931 = CARTESIAN_POINT('',(1.219869412767,-2.13117848771,0.490999991093
    ));
#4932 = DIRECTION('',(1.,0.,0.));
#4933 = DIRECTION('',(0.,0.,-1.));
#4934 = ADVANCED_FACE('',(#4935),#4954,.F.);
#4935 = FACE_BOUND('',#4936,.F.);
#4936 = EDGE_LOOP('',(#4937,#4938,#4947,#4953));
#4937 = ORIENTED_EDGE('',*,*,#4915,.F.);
#4938 = ORIENTED_EDGE('',*,*,#4939,.T.);
#4939 = EDGE_CURVE('',#4916,#4940,#4942,.T.);
#4940 = VERTEX_POINT('',#4941);
#4941 = CARTESIAN_POINT('',(1.259276237081,-2.139704502469,
    0.490999991093));
#4942 = B_SPLINE_CURVE_WITH_KNOTS('',3,(#4943,#4944,#4945,#4946),
  .UNSPECIFIED.,.F.,.F.,(4,4),(19.,20.),.PIECEWISE_BEZIER_KNOTS.);
#4943 = CARTESIAN_POINT('',(1.219869412767,-2.13117848771,0.490999991093
    ));
#4944 = CARTESIAN_POINT('',(1.231098798059,-2.136793180357,
    0.490999991093));
#4945 = CARTESIAN_POINT('',(1.244199747568,-2.139704502469,
    0.490999991093));
#4946 = CARTESIAN_POINT('',(1.259276237081,-2.139704502469,
    0.490999991093));
#4947 = ORIENTED_EDGE('',*,*,#4948,.T.);
#4948 = EDGE_CURVE('',#4940,#1010,#4949,.T.);
#4949 = LINE('',#4950,#4951);
#4950 = CARTESIAN_POINT('',(1.259276237081,-2.139704502469,
    0.490999991093));
#4951 = VECTOR('',#4952,1.);
#4952 = DIRECTION('',(-0.,-0.,-1.));
#4953 = ORIENTED_EDGE('',*,*,#1018,.F.);
#4954 = B_SPLINE_SURFACE_WITH_KNOTS('',3,1,(
    (#4955,#4956)
    ,(#4957,#4958)
    ,(#4959,#4960)
    ,(#4961,#4962
    )),.UNSPECIFIED.,.F.,.F.,.F.,(4,4),(2,2),(19.,20.),(0.,1.),
  .PIECEWISE_BEZIER_KNOTS.);
#4955 = CARTESIAN_POINT('',(1.219869412767,-2.13117848771,0.490999991093
    ));
#4956 = CARTESIAN_POINT('',(1.219869412767,-2.13117848771,0.489999991111
    ));
#4957 = CARTESIAN_POINT('',(1.231098798059,-2.136793180357,
    0.490999991093));
#4958 = CARTESIAN_POINT('',(1.231098798059,-2.136793180357,
    0.489999991111));
#4959 = CARTESIAN_POINT('',(1.244199747568,-2.139704502469,
    0.490999991093));
#4960 = CARTESIAN_POINT('',(1.244199747568,-2.139704502469,
    0.489999991111));
#4961 = CARTESIAN_POINT('',(1.259276237081,-2.139704502469,
    0.490999991093));
#4962 = CARTESIAN_POINT('',(1.259276237081,-2.139704502469,
    0.489999991111));
#4963 = ADVANCED_FACE('',(#4964),#4983,.F.);
#4964 = FACE_BOUND('',#4965,.F.);
#4965 = EDGE_LOOP('',(#4966,#4967,#4976,#4982));
#4966 = ORIENTED_EDGE('',*,*,#4948,.F.);
#4967 = ORIENTED_EDGE('',*,*,#4968,.T.);
#4968 = EDGE_CURVE('',#4940,#4969,#4971,.T.);
#4969 = VERTEX_POINT('',#4970);
#4970 = CARTESIAN_POINT('',(1.301594383507,-2.128163189808,
    0.490999991093));
#4971 = B_SPLINE_CURVE_WITH_KNOTS('',3,(#4972,#4973,#4974,#4975),
  .UNSPECIFIED.,.F.,.F.,(4,4),(18.,19.),.PIECEWISE_BEZIER_KNOTS.);
#4972 = CARTESIAN_POINT('',(1.259276237081,-2.139704502469,
    0.490999991093));
#4973 = CARTESIAN_POINT('',(1.276588206073,-2.139704502469,
    0.490999991093));
#4974 = CARTESIAN_POINT('',(1.290728913478,-2.135857398249,
    0.490999991093));
#4975 = CARTESIAN_POINT('',(1.301594383507,-2.128163189808,
    0.490999991093));
#4976 = ORIENTED_EDGE('',*,*,#4977,.T.);
#4977 = EDGE_CURVE('',#4969,#1001,#4978,.T.);
#4978 = LINE('',#4979,#4980);
#4979 = CARTESIAN_POINT('',(1.301594383507,-2.128163189808,
    0.490999991093));
#4980 = VECTOR('',#4981,1.);
#4981 = DIRECTION('',(-0.,-0.,-1.));
#4982 = ORIENTED_EDGE('',*,*,#1009,.F.);
#4983 = B_SPLINE_SURFACE_WITH_KNOTS('',3,1,(
    (#4984,#4985)
    ,(#4986,#4987)
    ,(#4988,#4989)
    ,(#4990,#4991
    )),.UNSPECIFIED.,.F.,.F.,.F.,(4,4),(2,2),(18.,19.),(0.,1.),
  .PIECEWISE_BEZIER_KNOTS.);
#4984 = CARTESIAN_POINT('',(1.259276237081,-2.139704502469,
    0.490999991093));
#4985 = CARTESIAN_POINT('',(1.259276237081,-2.139704502469,
    0.489999991111));
#4986 = CARTESIAN_POINT('',(1.276588206073,-2.139704502469,
    0.490999991093));
#4987 = CARTESIAN_POINT('',(1.276588206073,-2.139704502469,
    0.489999991111));
#4988 = CARTESIAN_POINT('',(1.290728913478,-2.135857398249,
    0.490999991093));
#4989 = CARTESIAN_POINT('',(1.290728913478,-2.135857398249,
    0.489999991111));
#4990 = CARTESIAN_POINT('',(1.301594383507,-2.128163189808,
    0.490999991093));
#4991 = CARTESIAN_POINT('',(1.301594383507,-2.128163189808,
    0.489999991111));
#4992 = ADVANCED_FACE('',(#4993),#5012,.F.);
#4993 = FACE_BOUND('',#4994,.F.);
#4994 = EDGE_LOOP('',(#4995,#4996,#5005,#5011));
#4995 = ORIENTED_EDGE('',*,*,#4977,.F.);
#4996 = ORIENTED_EDGE('',*,*,#4997,.T.);
#4997 = EDGE_CURVE('',#4969,#4998,#5000,.T.);
#4998 = VERTEX_POINT('',#4999);
#4999 = CARTESIAN_POINT('',(1.317970570392,-2.096762501304,
    0.490999991093));
#5000 = B_SPLINE_CURVE_WITH_KNOTS('',3,(#5001,#5002,#5003,#5004),
  .UNSPECIFIED.,.F.,.F.,(4,4),(17.,18.),.PIECEWISE_BEZIER_KNOTS.);
#5001 = CARTESIAN_POINT('',(1.301594383507,-2.128163189808,
    0.490999991093));
#5002 = CARTESIAN_POINT('',(1.31251184143,-2.120572957155,0.490999991093
    ));
#5003 = CARTESIAN_POINT('',(1.317970570392,-2.110071402392,
    0.490999991093));
#5004 = CARTESIAN_POINT('',(1.317970570392,-2.096762501304,
    0.490999991093));
#5005 = ORIENTED_EDGE('',*,*,#5006,.T.);
#5006 = EDGE_CURVE('',#4998,#992,#5007,.T.);
#5007 = LINE('',#5008,#5009);
#5008 = CARTESIAN_POINT('',(1.317970570392,-2.096762501304,
    0.490999991093));
#5009 = VECTOR('',#5010,1.);
#5010 = DIRECTION('',(-0.,-0.,-1.));
#5011 = ORIENTED_EDGE('',*,*,#1000,.F.);
#5012 = B_SPLINE_SURFACE_WITH_KNOTS('',3,1,(
    (#5013,#5014)
    ,(#5015,#5016)
    ,(#5017,#5018)
    ,(#5019,#5020
    )),.UNSPECIFIED.,.F.,.F.,.F.,(4,4),(2,2),(17.,18.),(0.,1.),
  .PIECEWISE_BEZIER_KNOTS.);
#5013 = CARTESIAN_POINT('',(1.301594383507,-2.128163189808,
    0.490999991093));
#5014 = CARTESIAN_POINT('',(1.301594383507,-2.128163189808,
    0.489999991111));
#5015 = CARTESIAN_POINT('',(1.31251184143,-2.120572957155,0.490999991093
    ));
#5016 = CARTESIAN_POINT('',(1.31251184143,-2.120572957155,0.489999991111
    ));
#5017 = CARTESIAN_POINT('',(1.317970570392,-2.110071402392,
    0.490999991093));
#5018 = CARTESIAN_POINT('',(1.317970570392,-2.110071402392,
    0.489999991111));
#5019 = CARTESIAN_POINT('',(1.317970570392,-2.096762501304,
    0.490999991093));
#5020 = CARTESIAN_POINT('',(1.317970570392,-2.096762501304,
    0.489999991111));
#5021 = ADVANCED_FACE('',(#5022),#5041,.F.);
#5022 = FACE_BOUND('',#5023,.F.);
#5023 = EDGE_LOOP('',(#5024,#5025,#5034,#5040));
#5024 = ORIENTED_EDGE('',*,*,#5006,.F.);
#5025 = ORIENTED_EDGE('',*,*,#5026,.T.);
#5026 = EDGE_CURVE('',#4998,#5027,#5029,.T.);
#5027 = VERTEX_POINT('',#5028);
#5028 = CARTESIAN_POINT('',(1.309444555633,-2.072744093873,
    0.490999991093));
#5029 = B_SPLINE_CURVE_WITH_KNOTS('',3,(#5030,#5031,#5032,#5033),
  .UNSPECIFIED.,.F.,.F.,(4,4),(16.,17.),.PIECEWISE_BEZIER_KNOTS.);
#5030 = CARTESIAN_POINT('',(1.317970570392,-2.096762501304,
    0.490999991093));
#5031 = CARTESIAN_POINT('',(1.317970570392,-2.087196728648,
    0.490999991093));
#5032 = CARTESIAN_POINT('',(1.315111236174,-2.079190592837,
    0.490999991093));
#5033 = CARTESIAN_POINT('',(1.309444555633,-2.072744093873,
    0.490999991093));
#5034 = ORIENTED_EDGE('',*,*,#5035,.T.);
#5035 = EDGE_CURVE('',#5027,#983,#5036,.T.);
#5036 = LINE('',#5037,#5038);
#5037 = CARTESIAN_POINT('',(1.309444555633,-2.072744093873,
    0.490999991093));
#5038 = VECTOR('',#5039,1.);
#5039 = DIRECTION('',(-0.,-0.,-1.));
#5040 = ORIENTED_EDGE('',*,*,#991,.F.);
#5041 = B_SPLINE_SURFACE_WITH_KNOTS('',3,1,(
    (#5042,#5043)
    ,(#5044,#5045)
    ,(#5046,#5047)
    ,(#5048,#5049
    )),.UNSPECIFIED.,.F.,.F.,.F.,(4,4),(2,2),(16.,17.),(0.,1.),
  .PIECEWISE_BEZIER_KNOTS.);
#5042 = CARTESIAN_POINT('',(1.317970570392,-2.096762501304,
    0.490999991093));
#5043 = CARTESIAN_POINT('',(1.317970570392,-2.096762501304,
    0.489999991111));
#5044 = CARTESIAN_POINT('',(1.317970570392,-2.087196728648,
    0.490999991093));
#5045 = CARTESIAN_POINT('',(1.317970570392,-2.087196728648,
    0.489999991111));
#5046 = CARTESIAN_POINT('',(1.315111236174,-2.079190592837,
    0.490999991093));
#5047 = CARTESIAN_POINT('',(1.315111236174,-2.079190592837,
    0.489999991111));
#5048 = CARTESIAN_POINT('',(1.309444555633,-2.072744093873,
    0.490999991093));
#5049 = CARTESIAN_POINT('',(1.309444555633,-2.072744093873,
    0.489999991111));
#5050 = ADVANCED_FACE('',(#5051),#5070,.F.);
#5051 = FACE_BOUND('',#5052,.F.);
#5052 = EDGE_LOOP('',(#5053,#5054,#5063,#5069));
#5053 = ORIENTED_EDGE('',*,*,#5035,.F.);
#5054 = ORIENTED_EDGE('',*,*,#5055,.T.);
#5055 = EDGE_CURVE('',#5027,#5056,#5058,.T.);
#5056 = VERTEX_POINT('',#5057);
#5057 = CARTESIAN_POINT('',(1.276588206073,-2.05392447593,0.490999991093
    ));
#5058 = B_SPLINE_CURVE_WITH_KNOTS('',3,(#5059,#5060,#5061,#5062),
  .UNSPECIFIED.,.F.,.F.,(4,4),(15.,16.),.PIECEWISE_BEZIER_KNOTS.);
#5059 = CARTESIAN_POINT('',(1.309444555633,-2.072744093873,
    0.490999991093));
#5060 = CARTESIAN_POINT('',(1.303725887197,-2.066297594909,
    0.490999991093));
#5061 = CARTESIAN_POINT('',(1.292808429274,-2.059955071735,
    0.490999991093));
#5062 = CARTESIAN_POINT('',(1.276588206073,-2.05392447593,0.490999991093
    ));
#5063 = ORIENTED_EDGE('',*,*,#5064,.T.);
#5064 = EDGE_CURVE('',#5056,#974,#5065,.T.);
#5065 = LINE('',#5066,#5067);
#5066 = CARTESIAN_POINT('',(1.276588206073,-2.05392447593,0.490999991093
    ));
#5067 = VECTOR('',#5068,1.);
#5068 = DIRECTION('',(-0.,-0.,-1.));
#5069 = ORIENTED_EDGE('',*,*,#982,.F.);
#5070 = B_SPLINE_SURFACE_WITH_KNOTS('',3,1,(
    (#5071,#5072)
    ,(#5073,#5074)
    ,(#5075,#5076)
    ,(#5077,#5078
    )),.UNSPECIFIED.,.F.,.F.,.F.,(4,4),(2,2),(15.,16.),(0.,1.),
  .PIECEWISE_BEZIER_KNOTS.);
#5071 = CARTESIAN_POINT('',(1.309444555633,-2.072744093873,
    0.490999991093));
#5072 = CARTESIAN_POINT('',(1.309444555633,-2.072744093873,
    0.489999991111));
#5073 = CARTESIAN_POINT('',(1.303725887197,-2.066297594909,
    0.490999991093));
#5074 = CARTESIAN_POINT('',(1.303725887197,-2.066297594909,
    0.489999991111));
#5075 = CARTESIAN_POINT('',(1.292808429274,-2.059955071735,
    0.490999991093));
#5076 = CARTESIAN_POINT('',(1.292808429274,-2.059955071735,
    0.489999991111));
#5077 = CARTESIAN_POINT('',(1.276588206073,-2.05392447593,0.490999991093
    ));
#5078 = CARTESIAN_POINT('',(1.276588206073,-2.05392447593,0.489999991111
    ));
#5079 = ADVANCED_FACE('',(#5080),#5099,.F.);
#5080 = FACE_BOUND('',#5081,.F.);
#5081 = EDGE_LOOP('',(#5082,#5083,#5092,#5098));
#5082 = ORIENTED_EDGE('',*,*,#5064,.F.);
#5083 = ORIENTED_EDGE('',*,*,#5084,.T.);
#5084 = EDGE_CURVE('',#5056,#5085,#5087,.T.);
#5085 = VERTEX_POINT('',#5086);
#5086 = CARTESIAN_POINT('',(1.251841968114,-2.041447381159,
    0.490999991093));
#5087 = B_SPLINE_CURVE_WITH_KNOTS('',3,(#5088,#5089,#5090,#5091),
  .UNSPECIFIED.,.F.,.F.,(4,4),(14.,15.),.PIECEWISE_BEZIER_KNOTS.);
#5088 = CARTESIAN_POINT('',(1.276588206073,-2.05392447593,0.490999991093
    ));
#5089 = CARTESIAN_POINT('',(1.263799183935,-2.048933638022,
    0.490999991093));
#5090 = CARTESIAN_POINT('',(1.255585096545,-2.044774606431,
    0.490999991093));
#5091 = CARTESIAN_POINT('',(1.251841968114,-2.041447381159,
    0.490999991093));
#5092 = ORIENTED_EDGE('',*,*,#5093,.T.);
#5093 = EDGE_CURVE('',#5085,#965,#5094,.T.);
#5094 = LINE('',#5095,#5096);
#5095 = CARTESIAN_POINT('',(1.251841968114,-2.041447381159,
    0.490999991093));
#5096 = VECTOR('',#5097,1.);
#5097 = DIRECTION('',(-0.,-0.,-1.));
#5098 = ORIENTED_EDGE('',*,*,#973,.F.);
#5099 = B_SPLINE_SURFACE_WITH_KNOTS('',3,1,(
    (#5100,#5101)
    ,(#5102,#5103)
    ,(#5104,#5105)
    ,(#5106,#5107
    )),.UNSPECIFIED.,.F.,.F.,.F.,(4,4),(2,2),(14.,15.),(0.,1.),
  .PIECEWISE_BEZIER_KNOTS.);
#5100 = CARTESIAN_POINT('',(1.276588206073,-2.05392447593,0.490999991093
    ));
#5101 = CARTESIAN_POINT('',(1.276588206073,-2.05392447593,0.489999991111
    ));
#5102 = CARTESIAN_POINT('',(1.263799183935,-2.048933638022,
    0.490999991093));
#5103 = CARTESIAN_POINT('',(1.263799183935,-2.048933638022,
    0.489999991111));
#5104 = CARTESIAN_POINT('',(1.255585096545,-2.044774606431,
    0.490999991093));
#5105 = CARTESIAN_POINT('',(1.255585096545,-2.044774606431,
    0.489999991111));
#5106 = CARTESIAN_POINT('',(1.251841968114,-2.041447381159,
    0.490999991093));
#5107 = CARTESIAN_POINT('',(1.251841968114,-2.041447381159,
    0.489999991111));
#5108 = ADVANCED_FACE('',(#5109),#5128,.F.);
#5109 = FACE_BOUND('',#5110,.F.);
#5110 = EDGE_LOOP('',(#5111,#5112,#5121,#5127));
#5111 = ORIENTED_EDGE('',*,*,#5093,.F.);
#5112 = ORIENTED_EDGE('',*,*,#5113,.T.);
#5113 = EDGE_CURVE('',#5085,#5114,#5116,.T.);
#5114 = VERTEX_POINT('',#5115);
#5115 = CARTESIAN_POINT('',(1.246279263362,-2.027930528492,
    0.490999991093));
#5116 = B_SPLINE_CURVE_WITH_KNOTS('',3,(#5117,#5118,#5119,#5120),
  .UNSPECIFIED.,.F.,.F.,(4,4),(13.,14.),.PIECEWISE_BEZIER_KNOTS.);
#5117 = CARTESIAN_POINT('',(1.251841968114,-2.041447381159,
    0.490999991093));
#5118 = CARTESIAN_POINT('',(1.248150827578,-2.038224131678,
    0.490999991093));
#5119 = CARTESIAN_POINT('',(1.246279263362,-2.033753172718,
    0.490999991093));
#5120 = CARTESIAN_POINT('',(1.246279263362,-2.027930528492,
    0.490999991093));
#5121 = ORIENTED_EDGE('',*,*,#5122,.T.);
#5122 = EDGE_CURVE('',#5114,#956,#5123,.T.);
#5123 = LINE('',#5124,#5125);
#5124 = CARTESIAN_POINT('',(1.246279263362,-2.027930528492,
    0.490999991093));
#5125 = VECTOR('',#5126,1.);
#5126 = DIRECTION('',(-0.,-0.,-1.));
#5127 = ORIENTED_EDGE('',*,*,#964,.F.);
#5128 = B_SPLINE_SURFACE_WITH_KNOTS('',3,1,(
    (#5129,#5130)
    ,(#5131,#5132)
    ,(#5133,#5134)
    ,(#5135,#5136
    )),.UNSPECIFIED.,.F.,.F.,.F.,(4,4),(2,2),(13.,14.),(0.,1.),
  .PIECEWISE_BEZIER_KNOTS.);
#5129 = CARTESIAN_POINT('',(1.251841968114,-2.041447381159,
    0.490999991093));
#5130 = CARTESIAN_POINT('',(1.251841968114,-2.041447381159,
    0.489999991111));
#5131 = CARTESIAN_POINT('',(1.248150827578,-2.038224131678,
    0.490999991093));
#5132 = CARTESIAN_POINT('',(1.248150827578,-2.038224131678,
    0.489999991111));
#5133 = CARTESIAN_POINT('',(1.246279263362,-2.033753172718,
    0.490999991093));
#5134 = CARTESIAN_POINT('',(1.246279263362,-2.033753172718,
    0.489999991111));
#5135 = CARTESIAN_POINT('',(1.246279263362,-2.027930528492,
    0.490999991093));
#5136 = CARTESIAN_POINT('',(1.246279263362,-2.027930528492,
    0.489999991111));
#5137 = ADVANCED_FACE('',(#5138),#5157,.F.);
#5138 = FACE_BOUND('',#5139,.F.);
#5139 = EDGE_LOOP('',(#5140,#5141,#5150,#5156));
#5140 = ORIENTED_EDGE('',*,*,#5122,.F.);
#5141 = ORIENTED_EDGE('',*,*,#5142,.T.);
#5142 = EDGE_CURVE('',#5114,#5143,#5145,.T.);
#5143 = VERTEX_POINT('',#5144);
#5144 = CARTESIAN_POINT('',(1.254025459699,-2.013789821088,
    0.490999991093));
#5145 = B_SPLINE_CURVE_WITH_KNOTS('',3,(#5146,#5147,#5148,#5149),
  .UNSPECIFIED.,.F.,.F.,(4,4),(12.,13.),.PIECEWISE_BEZIER_KNOTS.);
#5146 = CARTESIAN_POINT('',(1.246279263362,-2.027930528492,
    0.490999991093));
#5147 = CARTESIAN_POINT('',(1.246279263362,-2.022107884268,
    0.490999991093));
#5148 = CARTESIAN_POINT('',(1.248878658106,-2.017324997939,
    0.490999991093));
#5149 = CARTESIAN_POINT('',(1.254025459699,-2.013789821088,
    0.490999991093));
#5150 = ORIENTED_EDGE('',*,*,#5151,.T.);
#5151 = EDGE_CURVE('',#5143,#947,#5152,.T.);
#5152 = LINE('',#5153,#5154);
#5153 = CARTESIAN_POINT('',(1.254025459699,-2.013789821088,
    0.490999991093));
#5154 = VECTOR('',#5155,1.);
#5155 = DIRECTION('',(-0.,-0.,-1.));
#5156 = ORIENTED_EDGE('',*,*,#955,.F.);
#5157 = B_SPLINE_SURFACE_WITH_KNOTS('',3,1,(
    (#5158,#5159)
    ,(#5160,#5161)
    ,(#5162,#5163)
    ,(#5164,#5165
    )),.UNSPECIFIED.,.F.,.F.,.F.,(4,4),(2,2),(12.,13.),(0.,1.),
  .PIECEWISE_BEZIER_KNOTS.);
#5158 = CARTESIAN_POINT('',(1.246279263362,-2.027930528492,
    0.490999991093));
#5159 = CARTESIAN_POINT('',(1.246279263362,-2.027930528492,
    0.489999991111));
#5160 = CARTESIAN_POINT('',(1.246279263362,-2.022107884268,
    0.490999991093));
#5161 = CARTESIAN_POINT('',(1.246279263362,-2.022107884268,
    0.489999991111));
#5162 = CARTESIAN_POINT('',(1.248878658106,-2.017324997939,
    0.490999991093));
#5163 = CARTESIAN_POINT('',(1.248878658106,-2.017324997939,
    0.489999991111));
#5164 = CARTESIAN_POINT('',(1.254025459699,-2.013789821088,
    0.490999991093));
#5165 = CARTESIAN_POINT('',(1.254025459699,-2.013789821088,
    0.489999991111));
#5166 = ADVANCED_FACE('',(#5167),#5186,.F.);
#5167 = FACE_BOUND('',#5168,.F.);
#5168 = EDGE_LOOP('',(#5169,#5170,#5179,#5185));
#5169 = ORIENTED_EDGE('',*,*,#5151,.F.);
#5170 = ORIENTED_EDGE('',*,*,#5171,.T.);
#5171 = EDGE_CURVE('',#5143,#5172,#5174,.T.);
#5172 = VERTEX_POINT('',#5173);
#5173 = CARTESIAN_POINT('',(1.274092787119,-2.00838308002,0.490999991093
    ));
#5174 = B_SPLINE_CURVE_WITH_KNOTS('',3,(#5175,#5176,#5177,#5178),
  .UNSPECIFIED.,.F.,.F.,(4,4),(11.,12.),.PIECEWISE_BEZIER_KNOTS.);
#5175 = CARTESIAN_POINT('',(1.254025459699,-2.013789821088,
    0.490999991093));
#5176 = CARTESIAN_POINT('',(1.259172261291,-2.010150668447,
    0.490999991093));
#5177 = CARTESIAN_POINT('',(1.26587869973,-2.00838308002,0.490999991093)
  );
#5178 = CARTESIAN_POINT('',(1.274092787119,-2.00838308002,0.490999991093
    ));
#5179 = ORIENTED_EDGE('',*,*,#5180,.T.);
#5180 = EDGE_CURVE('',#5172,#938,#5181,.T.);
#5181 = LINE('',#5182,#5183);
#5182 = CARTESIAN_POINT('',(1.274092787119,-2.00838308002,0.490999991093
    ));
#5183 = VECTOR('',#5184,1.);
#5184 = DIRECTION('',(-0.,-0.,-1.));
#5185 = ORIENTED_EDGE('',*,*,#946,.F.);
#5186 = B_SPLINE_SURFACE_WITH_KNOTS('',3,1,(
    (#5187,#5188)
    ,(#5189,#5190)
    ,(#5191,#5192)
    ,(#5193,#5194
    )),.UNSPECIFIED.,.F.,.F.,.F.,(4,4),(2,2),(11.,12.),(0.,1.),
  .PIECEWISE_BEZIER_KNOTS.);
#5187 = CARTESIAN_POINT('',(1.254025459699,-2.013789821088,
    0.490999991093));
#5188 = CARTESIAN_POINT('',(1.254025459699,-2.013789821088,
    0.489999991111));
#5189 = CARTESIAN_POINT('',(1.259172261291,-2.010150668447,
    0.490999991093));
#5190 = CARTESIAN_POINT('',(1.259172261291,-2.010150668447,
    0.489999991111));
#5191 = CARTESIAN_POINT('',(1.26587869973,-2.00838308002,0.490999991093)
  );
#5192 = CARTESIAN_POINT('',(1.26587869973,-2.00838308002,0.489999991111)
  );
#5193 = CARTESIAN_POINT('',(1.274092787119,-2.00838308002,0.490999991093
    ));
#5194 = CARTESIAN_POINT('',(1.274092787119,-2.00838308002,0.489999991111
    ));
#5195 = ADVANCED_FACE('',(#5196),#5215,.F.);
#5196 = FACE_BOUND('',#5197,.F.);
#5197 = EDGE_LOOP('',(#5198,#5199,#5208,#5214));
#5198 = ORIENTED_EDGE('',*,*,#5180,.F.);
#5199 = ORIENTED_EDGE('',*,*,#5200,.T.);
#5200 = EDGE_CURVE('',#5172,#5201,#5203,.T.);
#5201 = VERTEX_POINT('',#5202);
#5202 = CARTESIAN_POINT('',(1.311004192479,-2.018884634785,
    0.490999991093));
#5203 = B_SPLINE_CURVE_WITH_KNOTS('',3,(#5204,#5205,#5206,#5207),
  .UNSPECIFIED.,.F.,.F.,(4,4),(10.,11.),.PIECEWISE_BEZIER_KNOTS.);
#5204 = CARTESIAN_POINT('',(1.274092787119,-2.00838308002,0.490999991093
    ));
#5205 = CARTESIAN_POINT('',(1.287869579261,-2.00838308002,0.490999991093
    ));
#5206 = CARTESIAN_POINT('',(1.300138722451,-2.011918256872,
    0.490999991093));
#5207 = CARTESIAN_POINT('',(1.311004192479,-2.018884634785,
    0.490999991093));
#5208 = ORIENTED_EDGE('',*,*,#5209,.T.);
#5209 = EDGE_CURVE('',#5201,#930,#5210,.T.);
#5210 = LINE('',#5211,#5212);
#5211 = CARTESIAN_POINT('',(1.311004192479,-2.018884634785,
    0.490999991093));
#5212 = VECTOR('',#5213,1.);
#5213 = DIRECTION('',(-0.,-0.,-1.));
#5214 = ORIENTED_EDGE('',*,*,#937,.F.);
#5215 = B_SPLINE_SURFACE_WITH_KNOTS('',3,1,(
    (#5216,#5217)
    ,(#5218,#5219)
    ,(#5220,#5221)
    ,(#5222,#5223
    )),.UNSPECIFIED.,.F.,.F.,.F.,(4,4),(2,2),(10.,11.),(0.,1.),
  .PIECEWISE_BEZIER_KNOTS.);
#5216 = CARTESIAN_POINT('',(1.274092787119,-2.00838308002,0.490999991093
    ));
#5217 = CARTESIAN_POINT('',(1.274092787119,-2.00838308002,0.489999991111
    ));
#5218 = CARTESIAN_POINT('',(1.287869579261,-2.00838308002,0.490999991093
    ));
#5219 = CARTESIAN_POINT('',(1.287869579261,-2.00838308002,0.489999991111
    ));
#5220 = CARTESIAN_POINT('',(1.300138722451,-2.011918256872,
    0.490999991093));
#5221 = CARTESIAN_POINT('',(1.300138722451,-2.011918256872,
    0.489999991111));
#5222 = CARTESIAN_POINT('',(1.311004192479,-2.018884634785,
    0.490999991093));
#5223 = CARTESIAN_POINT('',(1.311004192479,-2.018884634785,
    0.489999991111));
#5224 = ADVANCED_FACE('',(#5225),#5243,.F.);
#5225 = FACE_BOUND('',#5226,.T.);
#5226 = EDGE_LOOP('',(#5227,#5228,#5236,#5242));
#5227 = ORIENTED_EDGE('',*,*,#929,.T.);
#5228 = ORIENTED_EDGE('',*,*,#5229,.F.);
#5229 = EDGE_CURVE('',#5230,#921,#5232,.T.);
#5230 = VERTEX_POINT('',#5231);
#5231 = CARTESIAN_POINT('',(1.311004192479,-1.994138396826,
    0.490999991093));
#5232 = LINE('',#5233,#5234);
#5233 = CARTESIAN_POINT('',(1.311004192479,-1.994138396826,
    0.490999991093));
#5234 = VECTOR('',#5235,1.);
#5235 = DIRECTION('',(-0.,-0.,-1.));
#5236 = ORIENTED_EDGE('',*,*,#5237,.F.);
#5237 = EDGE_CURVE('',#5201,#5230,#5238,.T.);
#5238 = LINE('',#5239,#5240);
#5239 = CARTESIAN_POINT('',(1.311004192479,-1.994138396826,
    0.490999991093));
#5240 = VECTOR('',#5241,1.);
#5241 = DIRECTION('',(0.,1.,0.));
#5242 = ORIENTED_EDGE('',*,*,#5209,.T.);
#5243 = PLANE('',#5244);
#5244 = AXIS2_PLACEMENT_3D('',#5245,#5246,#5247);
#5245 = CARTESIAN_POINT('',(1.311004192479,-1.994138396826,
    0.490999991093));
#5246 = DIRECTION('',(-1.,0.,0.));
#5247 = DIRECTION('',(0.,0.,1.));
#5248 = ADVANCED_FACE('',(#5249),#5268,.F.);
#5249 = FACE_BOUND('',#5250,.F.);
#5250 = EDGE_LOOP('',(#5251,#5252,#5261,#5267));
#5251 = ORIENTED_EDGE('',*,*,#5229,.F.);
#5252 = ORIENTED_EDGE('',*,*,#5253,.T.);
#5253 = EDGE_CURVE('',#5230,#5254,#5256,.T.);
#5254 = VERTEX_POINT('',#5255);
#5255 = CARTESIAN_POINT('',(1.276588206073,-1.987691897861,
    0.490999991093));
#5256 = B_SPLINE_CURVE_WITH_KNOTS('',3,(#5257,#5258,#5259,#5260),
  .UNSPECIFIED.,.F.,.F.,(4,4),(8.,9.),.PIECEWISE_BEZIER_KNOTS.);
#5257 = CARTESIAN_POINT('',(1.311004192479,-1.994138396826,
    0.490999991093));
#5258 = CARTESIAN_POINT('',(1.300398661925,-1.989771413656,
    0.490999991093));
#5259 = CARTESIAN_POINT('',(1.288961325053,-1.987691897861,
    0.490999991093));
#5260 = CARTESIAN_POINT('',(1.276588206073,-1.987691897861,
    0.490999991093));
#5261 = ORIENTED_EDGE('',*,*,#5262,.T.);
#5262 = EDGE_CURVE('',#5254,#912,#5263,.T.);
#5263 = LINE('',#5264,#5265);
#5264 = CARTESIAN_POINT('',(1.276588206073,-1.987691897861,
    0.490999991093));
#5265 = VECTOR('',#5266,1.);
#5266 = DIRECTION('',(-0.,-0.,-1.));
#5267 = ORIENTED_EDGE('',*,*,#920,.F.);
#5268 = B_SPLINE_SURFACE_WITH_KNOTS('',3,1,(
    (#5269,#5270)
    ,(#5271,#5272)
    ,(#5273,#5274)
    ,(#5275,#5276
    )),.UNSPECIFIED.,.F.,.F.,.F.,(4,4),(2,2),(8.,9.),(0.,1.),
  .PIECEWISE_BEZIER_KNOTS.);
#5269 = CARTESIAN_POINT('',(1.311004192479,-1.994138396826,
    0.490999991093));
#5270 = CARTESIAN_POINT('',(1.311004192479,-1.994138396826,
    0.489999991111));
#5271 = CARTESIAN_POINT('',(1.300398661925,-1.989771413656,
    0.490999991093));
#5272 = CARTESIAN_POINT('',(1.300398661925,-1.989771413656,
    0.489999991111));
#5273 = CARTESIAN_POINT('',(1.288961325053,-1.987691897861,
    0.490999991093));
#5274 = CARTESIAN_POINT('',(1.288961325053,-1.987691897861,
    0.489999991111));
#5275 = CARTESIAN_POINT('',(1.276588206073,-1.987691897861,
    0.490999991093));
#5276 = CARTESIAN_POINT('',(1.276588206073,-1.987691897861,
    0.489999991111));
#5277 = ADVANCED_FACE('',(#5278),#5297,.F.);
#5278 = FACE_BOUND('',#5279,.F.);
#5279 = EDGE_LOOP('',(#5280,#5281,#5290,#5296));
#5280 = ORIENTED_EDGE('',*,*,#5262,.F.);
#5281 = ORIENTED_EDGE('',*,*,#5282,.T.);
#5282 = EDGE_CURVE('',#5254,#5283,#5285,.T.);
#5283 = VERTEX_POINT('',#5284);
#5284 = CARTESIAN_POINT('',(1.236349575442,-1.999233210523,
    0.490999991093));
#5285 = B_SPLINE_CURVE_WITH_KNOTS('',3,(#5286,#5287,#5288,#5289),
  .UNSPECIFIED.,.F.,.F.,(4,4),(7.,8.),.PIECEWISE_BEZIER_KNOTS.);
#5286 = CARTESIAN_POINT('',(1.276588206073,-1.987691897861,
    0.490999991093));
#5287 = CARTESIAN_POINT('',(1.260679910242,-1.987691897861,
    0.490999991093));
#5288 = CARTESIAN_POINT('',(1.247267033365,-1.991539002081,
    0.490999991093));
#5289 = CARTESIAN_POINT('',(1.236349575442,-1.999233210523,
    0.490999991093));
#5290 = ORIENTED_EDGE('',*,*,#5291,.T.);
#5291 = EDGE_CURVE('',#5283,#903,#5292,.T.);
#5292 = LINE('',#5293,#5294);
#5293 = CARTESIAN_POINT('',(1.236349575442,-1.999233210523,
    0.490999991093));
#5294 = VECTOR('',#5295,1.);
#5295 = DIRECTION('',(-0.,-0.,-1.));
#5296 = ORIENTED_EDGE('',*,*,#911,.F.);
#5297 = B_SPLINE_SURFACE_WITH_KNOTS('',3,1,(
    (#5298,#5299)
    ,(#5300,#5301)
    ,(#5302,#5303)
    ,(#5304,#5305
    )),.UNSPECIFIED.,.F.,.F.,.F.,(4,4),(2,2),(7.,8.),(0.,1.),
  .PIECEWISE_BEZIER_KNOTS.);
#5298 = CARTESIAN_POINT('',(1.276588206073,-1.987691897861,
    0.490999991093));
#5299 = CARTESIAN_POINT('',(1.276588206073,-1.987691897861,
    0.489999991111));
#5300 = CARTESIAN_POINT('',(1.260679910242,-1.987691897861,
    0.490999991093));
#5301 = CARTESIAN_POINT('',(1.260679910242,-1.987691897861,
    0.489999991111));
#5302 = CARTESIAN_POINT('',(1.247267033365,-1.991539002081,
    0.490999991093));
#5303 = CARTESIAN_POINT('',(1.247267033365,-1.991539002081,
    0.489999991111));
#5304 = CARTESIAN_POINT('',(1.236349575442,-1.999233210523,
    0.490999991093));
#5305 = CARTESIAN_POINT('',(1.236349575442,-1.999233210523,
    0.489999991111));
#5306 = ADVANCED_FACE('',(#5307),#5326,.F.);
#5307 = FACE_BOUND('',#5308,.F.);
#5308 = EDGE_LOOP('',(#5309,#5310,#5319,#5325));
#5309 = ORIENTED_EDGE('',*,*,#5291,.F.);
#5310 = ORIENTED_EDGE('',*,*,#5311,.T.);
#5311 = EDGE_CURVE('',#5283,#5312,#5314,.T.);
#5312 = VERTEX_POINT('',#5313);
#5313 = CARTESIAN_POINT('',(1.220025376452,-2.030217995867,
    0.490999991093));
#5314 = B_SPLINE_CURVE_WITH_KNOTS('',3,(#5315,#5316,#5317,#5318),
  .UNSPECIFIED.,.F.,.F.,(4,4),(6.,7.),.PIECEWISE_BEZIER_KNOTS.);
#5315 = CARTESIAN_POINT('',(1.236349575442,-1.999233210523,
    0.490999991093));
#5316 = CARTESIAN_POINT('',(1.225484105413,-2.007031394754,
    0.490999991093));
#5317 = CARTESIAN_POINT('',(1.220025376452,-2.017324997939,
    0.490999991093));
#5318 = CARTESIAN_POINT('',(1.220025376452,-2.030217995867,
    0.490999991093));
#5319 = ORIENTED_EDGE('',*,*,#5320,.T.);
#5320 = EDGE_CURVE('',#5312,#894,#5321,.T.);
#5321 = LINE('',#5322,#5323);
#5322 = CARTESIAN_POINT('',(1.220025376452,-2.030217995867,
    0.490999991093));
#5323 = VECTOR('',#5324,1.);
#5324 = DIRECTION('',(-0.,-0.,-1.));
#5325 = ORIENTED_EDGE('',*,*,#902,.F.);
#5326 = B_SPLINE_SURFACE_WITH_KNOTS('',3,1,(
    (#5327,#5328)
    ,(#5329,#5330)
    ,(#5331,#5332)
    ,(#5333,#5334
    )),.UNSPECIFIED.,.F.,.F.,.F.,(4,4),(2,2),(6.,7.),(0.,1.),
  .PIECEWISE_BEZIER_KNOTS.);
#5327 = CARTESIAN_POINT('',(1.236349575442,-1.999233210523,
    0.490999991093));
#5328 = CARTESIAN_POINT('',(1.236349575442,-1.999233210523,
    0.489999991111));
#5329 = CARTESIAN_POINT('',(1.225484105413,-2.007031394754,
    0.490999991093));
#5330 = CARTESIAN_POINT('',(1.225484105413,-2.007031394754,
    0.489999991111));
#5331 = CARTESIAN_POINT('',(1.220025376452,-2.017324997939,
    0.490999991093));
#5332 = CARTESIAN_POINT('',(1.220025376452,-2.017324997939,
    0.489999991111));
#5333 = CARTESIAN_POINT('',(1.220025376452,-2.030217995867,
    0.490999991093));
#5334 = CARTESIAN_POINT('',(1.220025376452,-2.030217995867,
    0.489999991111));
#5335 = ADVANCED_FACE('',(#5336),#5355,.F.);
#5336 = FACE_BOUND('',#5337,.F.);
#5337 = EDGE_LOOP('',(#5338,#5339,#5348,#5354));
#5338 = ORIENTED_EDGE('',*,*,#5320,.F.);
#5339 = ORIENTED_EDGE('',*,*,#5340,.T.);
#5340 = EDGE_CURVE('',#5312,#5341,#5343,.T.);
#5341 = VERTEX_POINT('',#5342);
#5342 = CARTESIAN_POINT('',(1.227251693839,-2.053196645401,
    0.490999991093));
#5343 = B_SPLINE_CURVE_WITH_KNOTS('',3,(#5344,#5345,#5346,#5347),
  .UNSPECIFIED.,.F.,.F.,(4,4),(5.,6.),.PIECEWISE_BEZIER_KNOTS.);
#5344 = CARTESIAN_POINT('',(1.220025376452,-2.030217995867,
    0.490999991093));
#5345 = CARTESIAN_POINT('',(1.220025376452,-2.039159913786,
    0.490999991093));
#5346 = CARTESIAN_POINT('',(1.222416819616,-2.046854122227,
    0.490999991093));
#5347 = CARTESIAN_POINT('',(1.227251693839,-2.053196645401,
    0.490999991093));
#5348 = ORIENTED_EDGE('',*,*,#5349,.T.);
#5349 = EDGE_CURVE('',#5341,#885,#5350,.T.);
#5350 = LINE('',#5351,#5352);
#5351 = CARTESIAN_POINT('',(1.227251693839,-2.053196645401,
    0.490999991093));
#5352 = VECTOR('',#5353,1.);
#5353 = DIRECTION('',(-0.,-0.,-1.));
#5354 = ORIENTED_EDGE('',*,*,#893,.F.);
#5355 = B_SPLINE_SURFACE_WITH_KNOTS('',3,1,(
    (#5356,#5357)
    ,(#5358,#5359)
    ,(#5360,#5361)
    ,(#5362,#5363
    )),.UNSPECIFIED.,.F.,.F.,.F.,(4,4),(2,2),(5.,6.),(0.,1.),
  .PIECEWISE_BEZIER_KNOTS.);
#5356 = CARTESIAN_POINT('',(1.220025376452,-2.030217995867,
    0.490999991093));
#5357 = CARTESIAN_POINT('',(1.220025376452,-2.030217995867,
    0.489999991111));
#5358 = CARTESIAN_POINT('',(1.220025376452,-2.039159913786,
    0.490999991093));
#5359 = CARTESIAN_POINT('',(1.220025376452,-2.039159913786,
    0.489999991111));
#5360 = CARTESIAN_POINT('',(1.222416819616,-2.046854122227,
    0.490999991093));
#5361 = CARTESIAN_POINT('',(1.222416819616,-2.046854122227,
    0.489999991111));
#5362 = CARTESIAN_POINT('',(1.227251693839,-2.053196645401,
    0.490999991093));
#5363 = CARTESIAN_POINT('',(1.227251693839,-2.053196645401,
    0.489999991111));
#5364 = ADVANCED_FACE('',(#5365),#5384,.F.);
#5365 = FACE_BOUND('',#5366,.F.);
#5366 = EDGE_LOOP('',(#5367,#5368,#5377,#5383));
#5367 = ORIENTED_EDGE('',*,*,#5349,.F.);
#5368 = ORIENTED_EDGE('',*,*,#5369,.T.);
#5369 = EDGE_CURVE('',#5341,#5370,#5372,.T.);
#5370 = VERTEX_POINT('',#5371);
#5371 = CARTESIAN_POINT('',(1.258600394448,-2.072432166504,
    0.490999991093));
#5372 = B_SPLINE_CURVE_WITH_KNOTS('',3,(#5373,#5374,#5375,#5376),
  .UNSPECIFIED.,.F.,.F.,(4,4),(4.,5.),.PIECEWISE_BEZIER_KNOTS.);
#5373 = CARTESIAN_POINT('',(1.227251693839,-2.053196645401,
    0.490999991093));
#5374 = CARTESIAN_POINT('',(1.232034580167,-2.059539168575,
    0.490999991093));
#5375 = CARTESIAN_POINT('',(1.242536134932,-2.06598566754,0.490999991093
    ));
#5376 = CARTESIAN_POINT('',(1.258600394448,-2.072432166504,
    0.490999991093));
#5377 = ORIENTED_EDGE('',*,*,#5378,.T.);
#5378 = EDGE_CURVE('',#5370,#876,#5379,.T.);
#5379 = LINE('',#5380,#5381);
#5380 = CARTESIAN_POINT('',(1.258600394448,-2.072432166504,
    0.490999991093));
#5381 = VECTOR('',#5382,1.);
#5382 = DIRECTION('',(-0.,-0.,-1.));
#5383 = ORIENTED_EDGE('',*,*,#884,.F.);
#5384 = B_SPLINE_SURFACE_WITH_KNOTS('',3,1,(
    (#5385,#5386)
    ,(#5387,#5388)
    ,(#5389,#5390)
    ,(#5391,#5392
    )),.UNSPECIFIED.,.F.,.F.,.F.,(4,4),(2,2),(4.,5.),(0.,1.),
  .PIECEWISE_BEZIER_KNOTS.);
#5385 = CARTESIAN_POINT('',(1.227251693839,-2.053196645401,
    0.490999991093));
#5386 = CARTESIAN_POINT('',(1.227251693839,-2.053196645401,
    0.489999991111));
#5387 = CARTESIAN_POINT('',(1.232034580167,-2.059539168575,
    0.490999991093));
#5388 = CARTESIAN_POINT('',(1.232034580167,-2.059539168575,
    0.489999991111));
#5389 = CARTESIAN_POINT('',(1.242536134932,-2.06598566754,0.490999991093
    ));
#5390 = CARTESIAN_POINT('',(1.242536134932,-2.06598566754,0.489999991111
    ));
#5391 = CARTESIAN_POINT('',(1.258600394448,-2.072432166504,
    0.490999991093));
#5392 = CARTESIAN_POINT('',(1.258600394448,-2.072432166504,
    0.489999991111));
#5393 = ADVANCED_FACE('',(#5394),#5413,.F.);
#5394 = FACE_BOUND('',#5395,.F.);
#5395 = EDGE_LOOP('',(#5396,#5397,#5406,#5412));
#5396 = ORIENTED_EDGE('',*,*,#5378,.F.);
#5397 = ORIENTED_EDGE('',*,*,#5398,.T.);
#5398 = EDGE_CURVE('',#5370,#5399,#5401,.T.);
#5399 = VERTEX_POINT('',#5400);
#5400 = CARTESIAN_POINT('',(1.285270184517,-2.085429140223,
    0.490999991093));
#5401 = B_SPLINE_CURVE_WITH_KNOTS('',3,(#5402,#5403,#5404,#5405),
  .UNSPECIFIED.,.F.,.F.,(4,4),(3.,4.),.PIECEWISE_BEZIER_KNOTS.);
#5402 = CARTESIAN_POINT('',(1.258600394448,-2.072432166504,
    0.490999991093));
#5403 = CARTESIAN_POINT('',(1.272013271325,-2.077423004412,
    0.490999991093));
#5404 = CARTESIAN_POINT('',(1.280903201348,-2.081789987581,
    0.490999991093));
#5405 = CARTESIAN_POINT('',(1.285270184517,-2.085429140223,
    0.490999991093));
#5406 = ORIENTED_EDGE('',*,*,#5407,.T.);
#5407 = EDGE_CURVE('',#5399,#867,#5408,.T.);
#5408 = LINE('',#5409,#5410);
#5409 = CARTESIAN_POINT('',(1.285270184517,-2.085429140223,
    0.490999991093));
#5410 = VECTOR('',#5411,1.);
#5411 = DIRECTION('',(-0.,-0.,-1.));
#5412 = ORIENTED_EDGE('',*,*,#875,.F.);
#5413 = B_SPLINE_SURFACE_WITH_KNOTS('',3,1,(
    (#5414,#5415)
    ,(#5416,#5417)
    ,(#5418,#5419)
    ,(#5420,#5421
    )),.UNSPECIFIED.,.F.,.F.,.F.,(4,4),(2,2),(3.,4.),(0.,1.),
  .PIECEWISE_BEZIER_KNOTS.);
#5414 = CARTESIAN_POINT('',(1.258600394448,-2.072432166504,
    0.490999991093));
#5415 = CARTESIAN_POINT('',(1.258600394448,-2.072432166504,
    0.489999991111));
#5416 = CARTESIAN_POINT('',(1.272013271325,-2.077423004412,
    0.490999991093));
#5417 = CARTESIAN_POINT('',(1.272013271325,-2.077423004412,
    0.489999991111));
#5418 = CARTESIAN_POINT('',(1.280903201348,-2.081789987581,
    0.490999991093));
#5419 = CARTESIAN_POINT('',(1.280903201348,-2.081789987581,
    0.489999991111));
#5420 = CARTESIAN_POINT('',(1.285270184517,-2.085429140223,
    0.490999991093));
#5421 = CARTESIAN_POINT('',(1.285270184517,-2.085429140223,
    0.489999991111));
#5422 = ADVANCED_FACE('',(#5423),#5442,.F.);
#5423 = FACE_BOUND('',#5424,.F.);
#5424 = EDGE_LOOP('',(#5425,#5426,#5435,#5441));
#5425 = ORIENTED_EDGE('',*,*,#5407,.F.);
#5426 = ORIENTED_EDGE('',*,*,#5427,.T.);
#5427 = EDGE_CURVE('',#5399,#5428,#5430,.T.);
#5428 = VERTEX_POINT('',#5429);
#5429 = CARTESIAN_POINT('',(1.291820659271,-2.099257920258,
    0.490999991093));
#5430 = B_SPLINE_CURVE_WITH_KNOTS('',3,(#5431,#5432,#5433,#5434),
  .UNSPECIFIED.,.F.,.F.,(4,4),(2.,3.),.PIECEWISE_BEZIER_KNOTS.);
#5431 = CARTESIAN_POINT('',(1.285270184517,-2.085429140223,
    0.490999991093));
#5432 = CARTESIAN_POINT('',(1.289637167687,-2.089068292864,
    0.490999991093));
#5433 = CARTESIAN_POINT('',(1.291820659271,-2.093643227611,
    0.490999991093));
#5434 = CARTESIAN_POINT('',(1.291820659271,-2.099257920258,
    0.490999991093));
#5435 = ORIENTED_EDGE('',*,*,#5436,.T.);
#5436 = EDGE_CURVE('',#5428,#858,#5437,.T.);
#5437 = LINE('',#5438,#5439);
#5438 = CARTESIAN_POINT('',(1.291820659271,-2.099257920258,
    0.490999991093));
#5439 = VECTOR('',#5440,1.);
#5440 = DIRECTION('',(-0.,-0.,-1.));
#5441 = ORIENTED_EDGE('',*,*,#866,.F.);
#5442 = B_SPLINE_SURFACE_WITH_KNOTS('',3,1,(
    (#5443,#5444)
    ,(#5445,#5446)
    ,(#5447,#5448)
    ,(#5449,#5450
    )),.UNSPECIFIED.,.F.,.F.,.F.,(4,4),(2,2),(2.,3.),(0.,1.),
  .PIECEWISE_BEZIER_KNOTS.);
#5443 = CARTESIAN_POINT('',(1.285270184517,-2.085429140223,
    0.490999991093));
#5444 = CARTESIAN_POINT('',(1.285270184517,-2.085429140223,
    0.489999991111));
#5445 = CARTESIAN_POINT('',(1.289637167687,-2.089068292864,
    0.490999991093));
#5446 = CARTESIAN_POINT('',(1.289637167687,-2.089068292864,
    0.489999991111));
#5447 = CARTESIAN_POINT('',(1.291820659271,-2.093643227611,
    0.490999991093));
#5448 = CARTESIAN_POINT('',(1.291820659271,-2.093643227611,
    0.489999991111));
#5449 = CARTESIAN_POINT('',(1.291820659271,-2.099257920258,
    0.490999991093));
#5450 = CARTESIAN_POINT('',(1.291820659271,-2.099257920258,
    0.489999991111));
#5451 = ADVANCED_FACE('',(#5452),#5464,.F.);
#5452 = FACE_BOUND('',#5453,.F.);
#5453 = EDGE_LOOP('',(#5454,#5455,#5462,#5463));
#5454 = ORIENTED_EDGE('',*,*,#5436,.F.);
#5455 = ORIENTED_EDGE('',*,*,#5456,.T.);
#5456 = EDGE_CURVE('',#5428,#4879,#5457,.T.);
#5457 = B_SPLINE_CURVE_WITH_KNOTS('',3,(#5458,#5459,#5460,#5461),
  .UNSPECIFIED.,.F.,.F.,(4,4),(1.,2.),.PIECEWISE_BEZIER_KNOTS.);
#5458 = CARTESIAN_POINT('',(1.291820659271,-2.099257920258,
    0.490999991093));
#5459 = CARTESIAN_POINT('',(1.291820659271,-2.112358869766,
    0.490999991093));
#5460 = CARTESIAN_POINT('',(1.281786995561,-2.11890934452,0.490999991093
    ));
#5461 = CARTESIAN_POINT('',(1.261771656035,-2.11890934452,0.490999991093
    ));
#5462 = ORIENTED_EDGE('',*,*,#4878,.T.);
#5463 = ORIENTED_EDGE('',*,*,#857,.F.);
#5464 = B_SPLINE_SURFACE_WITH_KNOTS('',3,1,(
    (#5465,#5466)
    ,(#5467,#5468)
    ,(#5469,#5470)
    ,(#5471,#5472
    )),.UNSPECIFIED.,.F.,.F.,.F.,(4,4),(2,2),(1.,2.),(0.,1.),
  .PIECEWISE_BEZIER_KNOTS.);
#5465 = CARTESIAN_POINT('',(1.291820659271,-2.099257920258,
    0.490999991093));
#5466 = CARTESIAN_POINT('',(1.291820659271,-2.099257920258,
    0.489999991111));
#5467 = CARTESIAN_POINT('',(1.291820659271,-2.112358869766,
    0.490999991093));
#5468 = CARTESIAN_POINT('',(1.291820659271,-2.112358869766,
    0.489999991111));
#5469 = CARTESIAN_POINT('',(1.281786995561,-2.11890934452,0.490999991093
    ));
#5470 = CARTESIAN_POINT('',(1.281786995561,-2.11890934452,0.489999991111
    ));
#5471 = CARTESIAN_POINT('',(1.261771656035,-2.11890934452,0.490999991093
    ));
#5472 = CARTESIAN_POINT('',(1.261771656035,-2.11890934452,0.489999991111
    ));
#5473 = ADVANCED_FACE('',(#5474),#5497,.F.);
#5474 = FACE_BOUND('',#5475,.T.);
#5475 = EDGE_LOOP('',(#5476,#5477,#5478,#5479,#5480,#5481,#5482,#5483,
    #5484,#5485,#5486,#5487,#5488,#5489,#5490,#5491,#5492,#5493,#5494,
    #5495,#5496));
#5476 = ORIENTED_EDGE('',*,*,#4886,.T.);
#5477 = ORIENTED_EDGE('',*,*,#4923,.T.);
#5478 = ORIENTED_EDGE('',*,*,#4939,.T.);
#5479 = ORIENTED_EDGE('',*,*,#4968,.T.);
#5480 = ORIENTED_EDGE('',*,*,#4997,.T.);
#5481 = ORIENTED_EDGE('',*,*,#5026,.T.);
#5482 = ORIENTED_EDGE('',*,*,#5055,.T.);
#5483 = ORIENTED_EDGE('',*,*,#5084,.T.);
#5484 = ORIENTED_EDGE('',*,*,#5113,.T.);
#5485 = ORIENTED_EDGE('',*,*,#5142,.T.);
#5486 = ORIENTED_EDGE('',*,*,#5171,.T.);
#5487 = ORIENTED_EDGE('',*,*,#5200,.T.);
#5488 = ORIENTED_EDGE('',*,*,#5237,.T.);
#5489 = ORIENTED_EDGE('',*,*,#5253,.T.);
#5490 = ORIENTED_EDGE('',*,*,#5282,.T.);
#5491 = ORIENTED_EDGE('',*,*,#5311,.T.);
#5492 = ORIENTED_EDGE('',*,*,#5340,.T.);
#5493 = ORIENTED_EDGE('',*,*,#5369,.T.);
#5494 = ORIENTED_EDGE('',*,*,#5398,.T.);
#5495 = ORIENTED_EDGE('',*,*,#5427,.T.);
#5496 = ORIENTED_EDGE('',*,*,#5456,.T.);
#5497 = PLANE('',#5498);
#5498 = AXIS2_PLACEMENT_3D('',#5499,#5500,#5501);
#5499 = CARTESIAN_POINT('',(1.240079706899,-2.115400161616,
    0.490999991093));
#5500 = DIRECTION('',(0.,0.,-1.));
#5501 = DIRECTION('',(-1.,0.,0.));
#5502 = ADVANCED_FACE('',(#5503),#5528,.F.);
#5503 = FACE_BOUND('',#5504,.T.);
#5504 = EDGE_LOOP('',(#5505,#5506,#5514,#5522));
#5505 = ORIENTED_EDGE('',*,*,#63,.T.);
#5506 = ORIENTED_EDGE('',*,*,#5507,.F.);
#5507 = EDGE_CURVE('',#5508,#66,#5510,.T.);
#5508 = VERTEX_POINT('',#5509);
#5509 = CARTESIAN_POINT('',(1.444249167039,-1.991019123133,
    0.490999991093));
#5510 = LINE('',#5511,#5512);
#5511 = CARTESIAN_POINT('',(1.444249167039,-1.991019123133,
    0.490999991093));
#5512 = VECTOR('',#5513,1.);
#5513 = DIRECTION('',(-0.,-0.,-1.));
#5514 = ORIENTED_EDGE('',*,*,#5515,.F.);
#5515 = EDGE_CURVE('',#5516,#5508,#5518,.T.);
#5516 = VERTEX_POINT('',#5517);
#5517 = CARTESIAN_POINT('',(1.470659017633,-1.991019123133,
    0.490999991093));
#5518 = LINE('',#5519,#5520);
#5519 = CARTESIAN_POINT('',(1.444249167039,-1.991019123133,
    0.490999991093));
#5520 = VECTOR('',#5521,1.);
#5521 = DIRECTION('',(-1.,-0.,-0.));
#5522 = ORIENTED_EDGE('',*,*,#5523,.T.);
#5523 = EDGE_CURVE('',#5516,#64,#5524,.T.);
#5524 = LINE('',#5525,#5526);
#5525 = CARTESIAN_POINT('',(1.470659017633,-1.991019123133,
    0.490999991093));
#5526 = VECTOR('',#5527,1.);
#5527 = DIRECTION('',(-0.,-0.,-1.));
#5528 = PLANE('',#5529);
#5529 = AXIS2_PLACEMENT_3D('',#5530,#5531,#5532);
#5530 = CARTESIAN_POINT('',(1.444249167039,-1.991019123133,
    0.490999991093));
#5531 = DIRECTION('',(0.,-1.,0.));
#5532 = DIRECTION('',(0.,0.,-1.));
#5533 = ADVANCED_FACE('',(#5534),#5552,.F.);
#5534 = FACE_BOUND('',#5535,.T.);
#5535 = EDGE_LOOP('',(#5536,#5537,#5545,#5551));
#5536 = ORIENTED_EDGE('',*,*,#182,.T.);
#5537 = ORIENTED_EDGE('',*,*,#5538,.F.);
#5538 = EDGE_CURVE('',#5539,#174,#5541,.T.);
#5539 = VERTEX_POINT('',#5540);
#5540 = CARTESIAN_POINT('',(1.40458240325,-2.100401653945,0.490999991093
    ));
#5541 = LINE('',#5542,#5543);
#5542 = CARTESIAN_POINT('',(1.40458240325,-2.100401653945,0.490999991093
    ));
#5543 = VECTOR('',#5544,1.);
#5544 = DIRECTION('',(-0.,-0.,-1.));
#5545 = ORIENTED_EDGE('',*,*,#5546,.F.);
#5546 = EDGE_CURVE('',#5508,#5539,#5547,.T.);
#5547 = LINE('',#5548,#5549);
#5548 = CARTESIAN_POINT('',(1.40458240325,-2.100401653945,0.490999991093
    ));
#5549 = VECTOR('',#5550,1.);
#5550 = DIRECTION('',(-0.340917796219,-0.9400931104,-0.));
#5551 = ORIENTED_EDGE('',*,*,#5507,.T.);
#5552 = PLANE('',#5553);
#5553 = AXIS2_PLACEMENT_3D('',#5554,#5555,#5556);
#5554 = CARTESIAN_POINT('',(1.40458240325,-2.100401653945,0.490999991093
    ));
#5555 = DIRECTION('',(0.9400931104,-0.340917796219,0.));
#5556 = DIRECTION('',(0.340917796219,0.9400931104,0.));
#5557 = ADVANCED_FACE('',(#5558),#5577,.F.);
#5558 = FACE_BOUND('',#5559,.F.);
#5559 = EDGE_LOOP('',(#5560,#5561,#5570,#5576));
#5560 = ORIENTED_EDGE('',*,*,#5538,.F.);
#5561 = ORIENTED_EDGE('',*,*,#5562,.T.);
#5562 = EDGE_CURVE('',#5539,#5563,#5565,.T.);
#5563 = VERTEX_POINT('',#5564);
#5564 = CARTESIAN_POINT('',(1.401463129557,-2.112150918187,
    0.490999991093));
#5565 = B_SPLINE_CURVE_WITH_KNOTS('',3,(#5566,#5567,#5568,#5569),
  .UNSPECIFIED.,.F.,.F.,(4,4),(12.,13.),.PIECEWISE_BEZIER_KNOTS.);
#5566 = CARTESIAN_POINT('',(1.40458240325,-2.100401653945,0.490999991093
    ));
#5567 = CARTESIAN_POINT('',(1.403022766405,-2.105496467643,
    0.490999991093));
#5568 = CARTESIAN_POINT('',(1.401983008506,-2.109447547653,
    0.490999991093));
#5569 = CARTESIAN_POINT('',(1.401463129557,-2.112150918187,
    0.490999991093));
#5570 = ORIENTED_EDGE('',*,*,#5571,.T.);
#5571 = EDGE_CURVE('',#5563,#166,#5572,.T.);
#5572 = LINE('',#5573,#5574);
#5573 = CARTESIAN_POINT('',(1.401463129557,-2.112150918187,
    0.490999991093));
#5574 = VECTOR('',#5575,1.);
#5575 = DIRECTION('',(-0.,-0.,-1.));
#5576 = ORIENTED_EDGE('',*,*,#173,.F.);
#5577 = B_SPLINE_SURFACE_WITH_KNOTS('',3,1,(
    (#5578,#5579)
    ,(#5580,#5581)
    ,(#5582,#5583)
    ,(#5584,#5585
    )),.UNSPECIFIED.,.F.,.F.,.F.,(4,4),(2,2),(12.,13.),(0.,1.),
  .PIECEWISE_BEZIER_KNOTS.);
#5578 = CARTESIAN_POINT('',(1.40458240325,-2.100401653945,0.490999991093
    ));
#5579 = CARTESIAN_POINT('',(1.40458240325,-2.100401653945,0.489999991111
    ));
#5580 = CARTESIAN_POINT('',(1.403022766405,-2.105496467643,
    0.490999991093));
#5581 = CARTESIAN_POINT('',(1.403022766405,-2.105496467643,
    0.489999991111));
#5582 = CARTESIAN_POINT('',(1.401983008506,-2.109447547653,
    0.490999991093));
#5583 = CARTESIAN_POINT('',(1.401983008506,-2.109447547653,
    0.489999991111));
#5584 = CARTESIAN_POINT('',(1.401463129557,-2.112150918187,
    0.490999991093));
#5585 = CARTESIAN_POINT('',(1.401463129557,-2.112150918187,
    0.489999991111));
#5586 = ADVANCED_FACE('',(#5587),#5605,.F.);
#5587 = FACE_BOUND('',#5588,.T.);
#5588 = EDGE_LOOP('',(#5589,#5590,#5598,#5604));
#5589 = ORIENTED_EDGE('',*,*,#165,.T.);
#5590 = ORIENTED_EDGE('',*,*,#5591,.F.);
#5591 = EDGE_CURVE('',#5592,#158,#5594,.T.);
#5592 = VERTEX_POINT('',#5593);
#5593 = CARTESIAN_POINT('',(1.400787286925,-2.112150918187,
    0.490999991093));
#5594 = LINE('',#5595,#5596);
#5595 = CARTESIAN_POINT('',(1.400787286925,-2.112150918187,
    0.490999991093));
#5596 = VECTOR('',#5597,1.);
#5597 = DIRECTION('',(-0.,-0.,-1.));
#5598 = ORIENTED_EDGE('',*,*,#5599,.F.);
#5599 = EDGE_CURVE('',#5563,#5592,#5600,.T.);
#5600 = LINE('',#5601,#5602);
#5601 = CARTESIAN_POINT('',(1.400787286925,-2.112150918187,
    0.490999991093));
#5602 = VECTOR('',#5603,1.);
#5603 = DIRECTION('',(-1.,-0.,-0.));
#5604 = ORIENTED_EDGE('',*,*,#5571,.T.);
#5605 = PLANE('',#5606);
#5606 = AXIS2_PLACEMENT_3D('',#5607,#5608,#5609);
#5607 = CARTESIAN_POINT('',(1.400787286925,-2.112150918187,
    0.490999991093));
#5608 = DIRECTION('',(0.,-1.,0.));
#5609 = DIRECTION('',(0.,0.,-1.));
#5610 = ADVANCED_FACE('',(#5611),#5629,.F.);
#5611 = FACE_BOUND('',#5612,.T.);
#5612 = EDGE_LOOP('',(#5613,#5614,#5622,#5628));
#5613 = ORIENTED_EDGE('',*,*,#157,.T.);
#5614 = ORIENTED_EDGE('',*,*,#5615,.F.);
#5615 = EDGE_CURVE('',#5616,#150,#5618,.T.);
#5616 = VERTEX_POINT('',#5617);
#5617 = CARTESIAN_POINT('',(1.397668013232,-2.100193702366,
    0.490999991093));
#5618 = LINE('',#5619,#5620);
#5619 = CARTESIAN_POINT('',(1.397668013232,-2.100193702366,
    0.490999991093));
#5620 = VECTOR('',#5621,1.);
#5621 = DIRECTION('',(-0.,-0.,-1.));
#5622 = ORIENTED_EDGE('',*,*,#5623,.F.);
#5623 = EDGE_CURVE('',#5592,#5616,#5624,.T.);
#5624 = LINE('',#5625,#5626);
#5625 = CARTESIAN_POINT('',(1.397668013232,-2.100193702366,
    0.490999991093));
#5626 = VECTOR('',#5627,1.);
#5627 = DIRECTION('',(-0.252421897188,0.967617272386,0.));
#5628 = ORIENTED_EDGE('',*,*,#5591,.T.);
#5629 = PLANE('',#5630);
#5630 = AXIS2_PLACEMENT_3D('',#5631,#5632,#5633);
#5631 = CARTESIAN_POINT('',(1.397668013232,-2.100193702366,
    0.490999991093));
#5632 = DIRECTION('',(-0.967617272386,-0.252421897188,0.));
#5633 = DIRECTION('',(0.252421897188,-0.967617272386,0.));
#5634 = ADVANCED_FACE('',(#5635),#5653,.F.);
#5635 = FACE_BOUND('',#5636,.T.);
#5636 = EDGE_LOOP('',(#5637,#5638,#5646,#5652));
#5637 = ORIENTED_EDGE('',*,*,#149,.T.);
#5638 = ORIENTED_EDGE('',*,*,#5639,.F.);
#5639 = EDGE_CURVE('',#5640,#142,#5642,.T.);
#5640 = VERTEX_POINT('',#5641);
#5641 = CARTESIAN_POINT('',(1.359716849975,-1.991019123133,
    0.490999991093));
#5642 = LINE('',#5643,#5644);
#5643 = CARTESIAN_POINT('',(1.359716849975,-1.991019123133,
    0.490999991093));
#5644 = VECTOR('',#5645,1.);
#5645 = DIRECTION('',(-0.,-0.,-1.));
#5646 = ORIENTED_EDGE('',*,*,#5647,.F.);
#5647 = EDGE_CURVE('',#5616,#5640,#5648,.T.);
#5648 = LINE('',#5649,#5650);
#5649 = CARTESIAN_POINT('',(1.359716849975,-1.991019123133,
    0.490999991093));
#5650 = VECTOR('',#5651,1.);
#5651 = DIRECTION('',(-0.328346164813,0.944557460429,0.));
#5652 = ORIENTED_EDGE('',*,*,#5615,.T.);
#5653 = PLANE('',#5654);
#5654 = AXIS2_PLACEMENT_3D('',#5655,#5656,#5657);
#5655 = CARTESIAN_POINT('',(1.359716849975,-1.991019123133,
    0.490999991093));
#5656 = DIRECTION('',(-0.944557460429,-0.328346164813,0.));
#5657 = DIRECTION('',(0.328346164813,-0.944557460429,0.));
#5658 = ADVANCED_FACE('',(#5659),#5677,.F.);
#5659 = FACE_BOUND('',#5660,.T.);
#5660 = EDGE_LOOP('',(#5661,#5662,#5670,#5676));
#5661 = ORIENTED_EDGE('',*,*,#141,.T.);
#5662 = ORIENTED_EDGE('',*,*,#5663,.F.);
#5663 = EDGE_CURVE('',#5664,#134,#5666,.T.);
#5664 = VERTEX_POINT('',#5665);
#5665 = CARTESIAN_POINT('',(1.331227483585,-1.991019123133,
    0.490999991093));
#5666 = LINE('',#5667,#5668);
#5667 = CARTESIAN_POINT('',(1.331227483585,-1.991019123133,
    0.490999991093));
#5668 = VECTOR('',#5669,1.);
#5669 = DIRECTION('',(-0.,-0.,-1.));
#5670 = ORIENTED_EDGE('',*,*,#5671,.F.);
#5671 = EDGE_CURVE('',#5640,#5664,#5672,.T.);
#5672 = LINE('',#5673,#5674);
#5673 = CARTESIAN_POINT('',(1.331227483585,-1.991019123133,
    0.490999991093));
#5674 = VECTOR('',#5675,1.);
#5675 = DIRECTION('',(-1.,-0.,-0.));
#5676 = ORIENTED_EDGE('',*,*,#5639,.T.);
#5677 = PLANE('',#5678);
#5678 = AXIS2_PLACEMENT_3D('',#5679,#5680,#5681);
#5679 = CARTESIAN_POINT('',(1.331227483585,-1.991019123133,
    0.490999991093));
#5680 = DIRECTION('',(0.,-1.,0.));
#5681 = DIRECTION('',(0.,0.,-1.));
#5682 = ADVANCED_FACE('',(#5683),#5701,.F.);
#5683 = FACE_BOUND('',#5684,.T.);
#5684 = EDGE_LOOP('',(#5685,#5686,#5694,#5700));
#5685 = ORIENTED_EDGE('',*,*,#133,.T.);
#5686 = ORIENTED_EDGE('',*,*,#5687,.F.);
#5687 = EDGE_CURVE('',#5688,#126,#5690,.T.);
#5688 = VERTEX_POINT('',#5689);
#5689 = CARTESIAN_POINT('',(1.388206216365,-2.135961374038,
    0.490999991093));
#5690 = LINE('',#5691,#5692);
#5691 = CARTESIAN_POINT('',(1.388206216365,-2.135961374038,
    0.490999991093));
#5692 = VECTOR('',#5693,1.);
#5693 = DIRECTION('',(-0.,-0.,-1.));
#5694 = ORIENTED_EDGE('',*,*,#5695,.F.);
#5695 = EDGE_CURVE('',#5664,#5688,#5696,.T.);
#5696 = LINE('',#5697,#5698);
#5697 = CARTESIAN_POINT('',(1.388206216365,-2.135961374038,
    0.490999991093));
#5698 = VECTOR('',#5699,1.);
#5699 = DIRECTION('',(0.365858921669,-0.930670322636,0.));
#5700 = ORIENTED_EDGE('',*,*,#5663,.T.);
#5701 = PLANE('',#5702);
#5702 = AXIS2_PLACEMENT_3D('',#5703,#5704,#5705);
#5703 = CARTESIAN_POINT('',(1.388206216365,-2.135961374038,
    0.490999991093));
#5704 = DIRECTION('',(0.930670322636,0.365858921669,0.));
#5705 = DIRECTION('',(-0.365858921669,0.930670322636,0.));
#5706 = ADVANCED_FACE('',(#5707),#5725,.F.);
#5707 = FACE_BOUND('',#5708,.T.);
#5708 = EDGE_LOOP('',(#5709,#5710,#5718,#5724));
#5709 = ORIENTED_EDGE('',*,*,#125,.T.);
#5710 = ORIENTED_EDGE('',*,*,#5711,.F.);
#5711 = EDGE_CURVE('',#5712,#117,#5714,.T.);
#5712 = VERTEX_POINT('',#5713);
#5713 = CARTESIAN_POINT('',(1.377028818967,-2.162371224634,
    0.490999991093));
#5714 = LINE('',#5715,#5716);
#5715 = CARTESIAN_POINT('',(1.377028818967,-2.162371224634,
    0.490999991093));
#5716 = VECTOR('',#5717,1.);
#5717 = DIRECTION('',(-0.,-0.,-1.));
#5718 = ORIENTED_EDGE('',*,*,#5719,.F.);
#5719 = EDGE_CURVE('',#5688,#5712,#5720,.T.);
#5720 = LINE('',#5721,#5722);
#5721 = CARTESIAN_POINT('',(1.377028818967,-2.162371224634,
    0.490999991093));
#5722 = VECTOR('',#5723,1.);
#5723 = DIRECTION('',(-0.389758265065,-0.920917203017,-0.));
#5724 = ORIENTED_EDGE('',*,*,#5687,.T.);
#5725 = PLANE('',#5726);
#5726 = AXIS2_PLACEMENT_3D('',#5727,#5728,#5729);
#5727 = CARTESIAN_POINT('',(1.377028818967,-2.162371224634,
    0.490999991093));
#5728 = DIRECTION('',(0.920917203017,-0.389758265065,0.));
#5729 = DIRECTION('',(0.389758265065,0.920917203017,0.));
#5730 = ADVANCED_FACE('',(#5731),#5750,.F.);
#5731 = FACE_BOUND('',#5732,.F.);
#5732 = EDGE_LOOP('',(#5733,#5734,#5743,#5749));
#5733 = ORIENTED_EDGE('',*,*,#5711,.F.);
#5734 = ORIENTED_EDGE('',*,*,#5735,.T.);
#5735 = EDGE_CURVE('',#5712,#5736,#5738,.T.);
#5736 = VERTEX_POINT('',#5737);
#5737 = CARTESIAN_POINT('',(1.350930895741,-2.182854455214,
    0.490999991093));
#5738 = B_SPLINE_CURVE_WITH_KNOTS('',3,(#5739,#5740,#5741,#5742),
  .UNSPECIFIED.,.F.,.F.,(4,4),(5.,6.),.PIECEWISE_BEZIER_KNOTS.);
#5739 = CARTESIAN_POINT('',(1.377028818967,-2.162371224634,
    0.490999991093));
#5740 = CARTESIAN_POINT('',(1.371258162637,-2.17609602888,0.490999991093
    ));
#5741 = CARTESIAN_POINT('',(1.362576184193,-2.182854455214,
    0.490999991093));
#5742 = CARTESIAN_POINT('',(1.350930895741,-2.182854455214,
    0.490999991093));
#5743 = ORIENTED_EDGE('',*,*,#5744,.T.);
#5744 = EDGE_CURVE('',#5736,#108,#5745,.T.);
#5745 = LINE('',#5746,#5747);
#5746 = CARTESIAN_POINT('',(1.350930895741,-2.182854455214,
    0.490999991093));
#5747 = VECTOR('',#5748,1.);
#5748 = DIRECTION('',(-0.,-0.,-1.));
#5749 = ORIENTED_EDGE('',*,*,#116,.F.);
#5750 = B_SPLINE_SURFACE_WITH_KNOTS('',3,1,(
    (#5751,#5752)
    ,(#5753,#5754)
    ,(#5755,#5756)
    ,(#5757,#5758
    )),.UNSPECIFIED.,.F.,.F.,.F.,(4,4),(2,2),(5.,6.),(0.,1.),
  .PIECEWISE_BEZIER_KNOTS.);
#5751 = CARTESIAN_POINT('',(1.377028818967,-2.162371224634,
    0.490999991093));
#5752 = CARTESIAN_POINT('',(1.377028818967,-2.162371224634,
    0.489999991111));
#5753 = CARTESIAN_POINT('',(1.371258162637,-2.17609602888,0.490999991093
    ));
#5754 = CARTESIAN_POINT('',(1.371258162637,-2.17609602888,0.489999991111
    ));
#5755 = CARTESIAN_POINT('',(1.362576184193,-2.182854455214,
    0.490999991093));
#5756 = CARTESIAN_POINT('',(1.362576184193,-2.182854455214,
    0.489999991111));
#5757 = CARTESIAN_POINT('',(1.350930895741,-2.182854455214,
    0.490999991093));
#5758 = CARTESIAN_POINT('',(1.350930895741,-2.182854455214,
    0.489999991111));
#5759 = ADVANCED_FACE('',(#5760),#5779,.F.);
#5760 = FACE_BOUND('',#5761,.F.);
#5761 = EDGE_LOOP('',(#5762,#5763,#5772,#5778));
#5762 = ORIENTED_EDGE('',*,*,#5744,.F.);
#5763 = ORIENTED_EDGE('',*,*,#5764,.T.);
#5764 = EDGE_CURVE('',#5736,#5765,#5767,.T.);
#5765 = VERTEX_POINT('',#5766);
#5766 = CARTESIAN_POINT('',(1.336478260967,-2.1799431331,0.490999991093)
  );
#5767 = B_SPLINE_CURVE_WITH_KNOTS('',3,(#5768,#5769,#5770,#5771),
  .UNSPECIFIED.,.F.,.F.,(4,4),(4.,5.),.PIECEWISE_BEZIER_KNOTS.);
#5768 = CARTESIAN_POINT('',(1.350930895741,-2.182854455214,
    0.490999991093));
#5769 = CARTESIAN_POINT('',(1.346251985203,-2.182854455214,
    0.490999991093));
#5770 = CARTESIAN_POINT('',(1.341469098875,-2.181918673106,
    0.490999991093));
#5771 = CARTESIAN_POINT('',(1.336478260967,-2.1799431331,0.490999991093)
  );
#5772 = ORIENTED_EDGE('',*,*,#5773,.T.);
#5773 = EDGE_CURVE('',#5765,#100,#5774,.T.);
#5774 = LINE('',#5775,#5776);
#5775 = CARTESIAN_POINT('',(1.336478260967,-2.1799431331,0.490999991093)
  );
#5776 = VECTOR('',#5777,1.);
#5777 = DIRECTION('',(-0.,-0.,-1.));
#5778 = ORIENTED_EDGE('',*,*,#107,.F.);
#5779 = B_SPLINE_SURFACE_WITH_KNOTS('',3,1,(
    (#5780,#5781)
    ,(#5782,#5783)
    ,(#5784,#5785)
    ,(#5786,#5787
    )),.UNSPECIFIED.,.F.,.F.,.F.,(4,4),(2,2),(4.,5.),(0.,1.),
  .PIECEWISE_BEZIER_KNOTS.);
#5780 = CARTESIAN_POINT('',(1.350930895741,-2.182854455214,
    0.490999991093));
#5781 = CARTESIAN_POINT('',(1.350930895741,-2.182854455214,
    0.489999991111));
#5782 = CARTESIAN_POINT('',(1.346251985203,-2.182854455214,
    0.490999991093));
#5783 = CARTESIAN_POINT('',(1.346251985203,-2.182854455214,
    0.489999991111));
#5784 = CARTESIAN_POINT('',(1.341469098875,-2.181918673106,
    0.490999991093));
#5785 = CARTESIAN_POINT('',(1.341469098875,-2.181918673106,
    0.489999991111));
#5786 = CARTESIAN_POINT('',(1.336478260967,-2.1799431331,0.490999991093)
  );
#5787 = CARTESIAN_POINT('',(1.336478260967,-2.1799431331,0.489999991111)
  );
#5788 = ADVANCED_FACE('',(#5789),#5807,.F.);
#5789 = FACE_BOUND('',#5790,.T.);
#5790 = EDGE_LOOP('',(#5791,#5792,#5800,#5806));
#5791 = ORIENTED_EDGE('',*,*,#99,.T.);
#5792 = ORIENTED_EDGE('',*,*,#5793,.F.);
#5793 = EDGE_CURVE('',#5794,#91,#5796,.T.);
#5794 = VERTEX_POINT('',#5795);
#5795 = CARTESIAN_POINT('',(1.336478260967,-2.202609855265,
    0.490999991093));
#5796 = LINE('',#5797,#5798);
#5797 = CARTESIAN_POINT('',(1.336478260967,-2.202609855265,
    0.490999991093));
#5798 = VECTOR('',#5799,1.);
#5799 = DIRECTION('',(-0.,-0.,-1.));
#5800 = ORIENTED_EDGE('',*,*,#5801,.F.);
#5801 = EDGE_CURVE('',#5765,#5794,#5802,.T.);
#5802 = LINE('',#5803,#5804);
#5803 = CARTESIAN_POINT('',(1.336478260967,-2.202609855265,
    0.490999991093));
#5804 = VECTOR('',#5805,1.);
#5805 = DIRECTION('',(-0.,-1.,-0.));
#5806 = ORIENTED_EDGE('',*,*,#5773,.T.);
#5807 = PLANE('',#5808);
#5808 = AXIS2_PLACEMENT_3D('',#5809,#5810,#5811);
#5809 = CARTESIAN_POINT('',(1.336478260967,-2.202609855265,
    0.490999991093));
#5810 = DIRECTION('',(1.,0.,0.));
#5811 = DIRECTION('',(0.,0.,-1.));
#5812 = ADVANCED_FACE('',(#5813),#5832,.F.);
#5813 = FACE_BOUND('',#5814,.F.);
#5814 = EDGE_LOOP('',(#5815,#5816,#5825,#5831));
#5815 = ORIENTED_EDGE('',*,*,#5793,.F.);
#5816 = ORIENTED_EDGE('',*,*,#5817,.T.);
#5817 = EDGE_CURVE('',#5794,#5818,#5820,.T.);
#5818 = VERTEX_POINT('',#5819);
#5819 = CARTESIAN_POINT('',(1.352906435747,-2.204689371061,
    0.490999991093));
#5820 = B_SPLINE_CURVE_WITH_KNOTS('',3,(#5821,#5822,#5823,#5824),
  .UNSPECIFIED.,.F.,.F.,(4,4),(2.,3.),.PIECEWISE_BEZIER_KNOTS.);
#5821 = CARTESIAN_POINT('',(1.336478260967,-2.202609855265,
    0.490999991093));
#5822 = CARTESIAN_POINT('',(1.341001207821,-2.203961540532,
    0.490999991093));
#5823 = CARTESIAN_POINT('',(1.346511924677,-2.204689371061,
    0.490999991093));
#5824 = CARTESIAN_POINT('',(1.352906435747,-2.204689371061,
    0.490999991093));
#5825 = ORIENTED_EDGE('',*,*,#5826,.T.);
#5826 = EDGE_CURVE('',#5818,#82,#5827,.T.);
#5827 = LINE('',#5828,#5829);
#5828 = CARTESIAN_POINT('',(1.352906435747,-2.204689371061,
    0.490999991093));
#5829 = VECTOR('',#5830,1.);
#5830 = DIRECTION('',(-0.,-0.,-1.));
#5831 = ORIENTED_EDGE('',*,*,#90,.F.);
#5832 = B_SPLINE_SURFACE_WITH_KNOTS('',3,1,(
    (#5833,#5834)
    ,(#5835,#5836)
    ,(#5837,#5838)
    ,(#5839,#5840
    )),.UNSPECIFIED.,.F.,.F.,.F.,(4,4),(2,2),(2.,3.),(0.,1.),
  .PIECEWISE_BEZIER_KNOTS.);
#5833 = CARTESIAN_POINT('',(1.336478260967,-2.202609855265,
    0.490999991093));
#5834 = CARTESIAN_POINT('',(1.336478260967,-2.202609855265,
    0.489999991111));
#5835 = CARTESIAN_POINT('',(1.341001207821,-2.203961540532,
    0.490999991093));
#5836 = CARTESIAN_POINT('',(1.341001207821,-2.203961540532,
    0.489999991111));
#5837 = CARTESIAN_POINT('',(1.346511924677,-2.204689371061,
    0.490999991093));
#5838 = CARTESIAN_POINT('',(1.346511924677,-2.204689371061,
    0.489999991111));
#5839 = CARTESIAN_POINT('',(1.352906435747,-2.204689371061,
    0.490999991093));
#5840 = CARTESIAN_POINT('',(1.352906435747,-2.204689371061,
    0.489999991111));
#5841 = ADVANCED_FACE('',(#5842),#5861,.F.);
#5842 = FACE_BOUND('',#5843,.F.);
#5843 = EDGE_LOOP('',(#5844,#5845,#5854,#5860));
#5844 = ORIENTED_EDGE('',*,*,#5826,.F.);
#5845 = ORIENTED_EDGE('',*,*,#5846,.T.);
#5846 = EDGE_CURVE('',#5818,#5847,#5849,.T.);
#5847 = VERTEX_POINT('',#5848);
#5848 = CARTESIAN_POINT('',(1.404738366935,-2.158212193043,
    0.490999991093));
#5849 = B_SPLINE_CURVE_WITH_KNOTS('',3,(#5850,#5851,#5852,#5853),
  .UNSPECIFIED.,.F.,.F.,(4,4),(1.,2.),.PIECEWISE_BEZIER_KNOTS.);
#5850 = CARTESIAN_POINT('',(1.352906435747,-2.204689371061,
    0.490999991093));
#5851 = CARTESIAN_POINT('',(1.375209242647,-2.204689371061,
    0.490999991093));
#5852 = CARTESIAN_POINT('',(1.392469223745,-2.189196978388,
    0.490999991093));
#5853 = CARTESIAN_POINT('',(1.404738366935,-2.158212193043,
    0.490999991093));
#5854 = ORIENTED_EDGE('',*,*,#5855,.T.);
#5855 = EDGE_CURVE('',#5847,#74,#5856,.T.);
#5856 = LINE('',#5857,#5858);
#5857 = CARTESIAN_POINT('',(1.404738366935,-2.158212193043,
    0.490999991093));
#5858 = VECTOR('',#5859,1.);
#5859 = DIRECTION('',(-0.,-0.,-1.));
#5860 = ORIENTED_EDGE('',*,*,#81,.F.);
#5861 = B_SPLINE_SURFACE_WITH_KNOTS('',3,1,(
    (#5862,#5863)
    ,(#5864,#5865)
    ,(#5866,#5867)
    ,(#5868,#5869
    )),.UNSPECIFIED.,.F.,.F.,.F.,(4,4),(2,2),(1.,2.),(0.,1.),
  .PIECEWISE_BEZIER_KNOTS.);
#5862 = CARTESIAN_POINT('',(1.352906435747,-2.204689371061,
    0.490999991093));
#5863 = CARTESIAN_POINT('',(1.352906435747,-2.204689371061,
    0.489999991111));
#5864 = CARTESIAN_POINT('',(1.375209242647,-2.204689371061,
    0.490999991093));
#5865 = CARTESIAN_POINT('',(1.375209242647,-2.204689371061,
    0.489999991111));
#5866 = CARTESIAN_POINT('',(1.392469223745,-2.189196978388,
    0.490999991093));
#5867 = CARTESIAN_POINT('',(1.392469223745,-2.189196978388,
    0.489999991111));
#5868 = CARTESIAN_POINT('',(1.404738366935,-2.158212193043,
    0.490999991093));
#5869 = CARTESIAN_POINT('',(1.404738366935,-2.158212193043,
    0.489999991111));
#5870 = ADVANCED_FACE('',(#5871),#5882,.F.);
#5871 = FACE_BOUND('',#5872,.T.);
#5872 = EDGE_LOOP('',(#5873,#5874,#5875,#5881));
#5873 = ORIENTED_EDGE('',*,*,#73,.T.);
#5874 = ORIENTED_EDGE('',*,*,#5523,.F.);
#5875 = ORIENTED_EDGE('',*,*,#5876,.F.);
#5876 = EDGE_CURVE('',#5847,#5516,#5877,.T.);
#5877 = LINE('',#5878,#5879);
#5878 = CARTESIAN_POINT('',(1.470659017633,-1.991019123133,
    0.490999991093));
#5879 = VECTOR('',#5880,1.);
#5880 = DIRECTION('',(0.366797678951,0.930300737781,0.));
#5881 = ORIENTED_EDGE('',*,*,#5855,.T.);
#5882 = PLANE('',#5883);
#5883 = AXIS2_PLACEMENT_3D('',#5884,#5885,#5886);
#5884 = CARTESIAN_POINT('',(1.470659017633,-1.991019123133,
    0.490999991093));
#5885 = DIRECTION('',(-0.930300737781,0.366797678951,0.));
#5886 = DIRECTION('',(-0.366797678951,-0.930300737781,0.));
#5887 = ADVANCED_FACE('',(#5888),#5905,.T.);
#5888 = FACE_BOUND('',#5889,.T.);
#5889 = EDGE_LOOP('',(#5890,#5891,#5892,#5893,#5894,#5895,#5896,#5897,
    #5898,#5899,#5900,#5901,#5902,#5903,#5904));
#5890 = ORIENTED_EDGE('',*,*,#5515,.T.);
#5891 = ORIENTED_EDGE('',*,*,#5546,.T.);
#5892 = ORIENTED_EDGE('',*,*,#5562,.T.);
#5893 = ORIENTED_EDGE('',*,*,#5599,.T.);
#5894 = ORIENTED_EDGE('',*,*,#5623,.T.);
#5895 = ORIENTED_EDGE('',*,*,#5647,.T.);
#5896 = ORIENTED_EDGE('',*,*,#5671,.T.);
#5897 = ORIENTED_EDGE('',*,*,#5695,.T.);
#5898 = ORIENTED_EDGE('',*,*,#5719,.T.);
#5899 = ORIENTED_EDGE('',*,*,#5735,.T.);
#5900 = ORIENTED_EDGE('',*,*,#5764,.T.);
#5901 = ORIENTED_EDGE('',*,*,#5801,.T.);
#5902 = ORIENTED_EDGE('',*,*,#5817,.T.);
#5903 = ORIENTED_EDGE('',*,*,#5846,.T.);
#5904 = ORIENTED_EDGE('',*,*,#5876,.T.);
#5905 = PLANE('',#5906);
#5906 = AXIS2_PLACEMENT_3D('',#5907,#5908,#5909);
#5907 = CARTESIAN_POINT('',(1.382585025232,-2.193070076556,
    0.490999991093));
#5908 = DIRECTION('',(0.,0.,1.));
#5909 = DIRECTION('',(1.,0.,-0.));
#5910 = ADVANCED_FACE('',(#5911),#5936,.F.);
#5911 = FACE_BOUND('',#5912,.T.);
#5912 = EDGE_LOOP('',(#5913,#5914,#5922,#5930));
#5913 = ORIENTED_EDGE('',*,*,#1035,.T.);
#5914 = ORIENTED_EDGE('',*,*,#5915,.F.);
#5915 = EDGE_CURVE('',#5916,#1038,#5918,.T.);
#5916 = VERTEX_POINT('',#5917);
#5917 = CARTESIAN_POINT('',(1.607491156939,-2.113086700294,
    0.490999991093));
#5918 = LINE('',#5919,#5920);
#5919 = CARTESIAN_POINT('',(1.607491156939,-2.113086700294,
    0.490999991093));
#5920 = VECTOR('',#5921,1.);
#5921 = DIRECTION('',(-0.,-0.,-1.));
#5922 = ORIENTED_EDGE('',*,*,#5923,.F.);
#5923 = EDGE_CURVE('',#5924,#5916,#5926,.T.);
#5924 = VERTEX_POINT('',#5925);
#5925 = CARTESIAN_POINT('',(1.607491156939,-2.136273301407,
    0.490999991093));
#5926 = LINE('',#5927,#5928);
#5927 = CARTESIAN_POINT('',(1.607491156939,-2.113086700294,
    0.490999991093));
#5928 = VECTOR('',#5929,1.);
#5929 = DIRECTION('',(0.,1.,0.));
#5930 = ORIENTED_EDGE('',*,*,#5931,.T.);
#5931 = EDGE_CURVE('',#5924,#1036,#5932,.T.);
#5932 = LINE('',#5933,#5934);
#5933 = CARTESIAN_POINT('',(1.607491156939,-2.136273301407,
    0.490999991093));
#5934 = VECTOR('',#5935,1.);
#5935 = DIRECTION('',(-0.,-0.,-1.));
#5936 = PLANE('',#5937);
#5937 = AXIS2_PLACEMENT_3D('',#5938,#5939,#5940);
#5938 = CARTESIAN_POINT('',(1.607491156939,-2.113086700294,
    0.490999991093));
#5939 = DIRECTION('',(-1.,0.,0.));
#5940 = DIRECTION('',(0.,0.,1.));
#5941 = ADVANCED_FACE('',(#5942),#5960,.F.);
#5942 = FACE_BOUND('',#5943,.T.);
#5943 = EDGE_LOOP('',(#5944,#5945,#5953,#5959));
#5944 = ORIENTED_EDGE('',*,*,#1125,.T.);
#5945 = ORIENTED_EDGE('',*,*,#5946,.F.);
#5946 = EDGE_CURVE('',#5947,#1118,#5949,.T.);
#5947 = VERTEX_POINT('',#5948);
#5948 = CARTESIAN_POINT('',(1.524362513038,-2.113086700294,
    0.490999991093));
#5949 = LINE('',#5950,#5951);
#5950 = CARTESIAN_POINT('',(1.524362513038,-2.113086700294,
    0.490999991093));
#5951 = VECTOR('',#5952,1.);
#5952 = DIRECTION('',(-0.,-0.,-1.));
#5953 = ORIENTED_EDGE('',*,*,#5954,.F.);
#5954 = EDGE_CURVE('',#5916,#5947,#5955,.T.);
#5955 = LINE('',#5956,#5957);
#5956 = CARTESIAN_POINT('',(1.524362513038,-2.113086700294,
    0.490999991093));
#5957 = VECTOR('',#5958,1.);
#5958 = DIRECTION('',(-1.,-0.,-0.));
#5959 = ORIENTED_EDGE('',*,*,#5915,.T.);
#5960 = PLANE('',#5961);
#5961 = AXIS2_PLACEMENT_3D('',#5962,#5963,#5964);
#5962 = CARTESIAN_POINT('',(1.524362513038,-2.113086700294,
    0.490999991093));
#5963 = DIRECTION('',(0.,-1.,0.));
#5964 = DIRECTION('',(0.,0.,-1.));
#5965 = ADVANCED_FACE('',(#5966),#5984,.F.);
#5966 = FACE_BOUND('',#5967,.T.);
#5967 = EDGE_LOOP('',(#5968,#5969,#5977,#5983));
#5968 = ORIENTED_EDGE('',*,*,#1117,.T.);
#5969 = ORIENTED_EDGE('',*,*,#5970,.F.);
#5970 = EDGE_CURVE('',#5971,#1110,#5973,.T.);
#5971 = VERTEX_POINT('',#5972);
#5972 = CARTESIAN_POINT('',(1.524362513038,-2.044670630642,
    0.490999991093));
#5973 = LINE('',#5974,#5975);
#5974 = CARTESIAN_POINT('',(1.524362513038,-2.044670630642,
    0.490999991093));
#5975 = VECTOR('',#5976,1.);
#5976 = DIRECTION('',(-0.,-0.,-1.));
#5977 = ORIENTED_EDGE('',*,*,#5978,.F.);
#5978 = EDGE_CURVE('',#5947,#5971,#5979,.T.);
#5979 = LINE('',#5980,#5981);
#5980 = CARTESIAN_POINT('',(1.524362513038,-2.044670630642,
    0.490999991093));
#5981 = VECTOR('',#5982,1.);
#5982 = DIRECTION('',(0.,1.,0.));
#5983 = ORIENTED_EDGE('',*,*,#5946,.T.);
#5984 = PLANE('',#5985);
#5985 = AXIS2_PLACEMENT_3D('',#5986,#5987,#5988);
#5986 = CARTESIAN_POINT('',(1.524362513038,-2.044670630642,
    0.490999991093));
#5987 = DIRECTION('',(-1.,0.,0.));
#5988 = DIRECTION('',(0.,0.,1.));
#5989 = ADVANCED_FACE('',(#5990),#6008,.F.);
#5990 = FACE_BOUND('',#5991,.T.);
#5991 = EDGE_LOOP('',(#5992,#5993,#6001,#6007));
#5992 = ORIENTED_EDGE('',*,*,#1109,.T.);
#5993 = ORIENTED_EDGE('',*,*,#5994,.F.);
#5994 = EDGE_CURVE('',#5995,#1102,#5997,.T.);
#5995 = VERTEX_POINT('',#5996);
#5996 = CARTESIAN_POINT('',(1.597093577964,-2.044670630642,
    0.490999991093));
#5997 = LINE('',#5998,#5999);
#5998 = CARTESIAN_POINT('',(1.597093577964,-2.044670630642,
    0.490999991093));
#5999 = VECTOR('',#6000,1.);
#6000 = DIRECTION('',(-0.,-0.,-1.));
#6001 = ORIENTED_EDGE('',*,*,#6002,.F.);
#6002 = EDGE_CURVE('',#5971,#5995,#6003,.T.);
#6003 = LINE('',#6004,#6005);
#6004 = CARTESIAN_POINT('',(1.597093577964,-2.044670630642,
    0.490999991093));
#6005 = VECTOR('',#6006,1.);
#6006 = DIRECTION('',(1.,0.,0.));
#6007 = ORIENTED_EDGE('',*,*,#5970,.T.);
#6008 = PLANE('',#6009);
#6009 = AXIS2_PLACEMENT_3D('',#6010,#6011,#6012);
#6010 = CARTESIAN_POINT('',(1.597093577964,-2.044670630642,
    0.490999991093));
#6011 = DIRECTION('',(0.,1.,0.));
#6012 = DIRECTION('',(0.,-0.,1.));
#6013 = ADVANCED_FACE('',(#6014),#6032,.F.);
#6014 = FACE_BOUND('',#6015,.T.);
#6015 = EDGE_LOOP('',(#6016,#6017,#6025,#6031));
#6016 = ORIENTED_EDGE('',*,*,#1101,.T.);
#6017 = ORIENTED_EDGE('',*,*,#6018,.F.);
#6018 = EDGE_CURVE('',#6019,#1094,#6021,.T.);
#6019 = VERTEX_POINT('',#6020);
#6020 = CARTESIAN_POINT('',(1.597093577964,-2.021380053739,
    0.490999991093));
#6021 = LINE('',#6022,#6023);
#6022 = CARTESIAN_POINT('',(1.597093577964,-2.021380053739,
    0.490999991093));
#6023 = VECTOR('',#6024,1.);
#6024 = DIRECTION('',(-0.,-0.,-1.));
#6025 = ORIENTED_EDGE('',*,*,#6026,.F.);
#6026 = EDGE_CURVE('',#5995,#6019,#6027,.T.);
#6027 = LINE('',#6028,#6029);
#6028 = CARTESIAN_POINT('',(1.597093577964,-2.021380053739,
    0.490999991093));
#6029 = VECTOR('',#6030,1.);
#6030 = DIRECTION('',(0.,1.,0.));
#6031 = ORIENTED_EDGE('',*,*,#5994,.T.);
#6032 = PLANE('',#6033);
#6033 = AXIS2_PLACEMENT_3D('',#6034,#6035,#6036);
#6034 = CARTESIAN_POINT('',(1.597093577964,-2.021380053739,
    0.490999991093));
#6035 = DIRECTION('',(-1.,0.,0.));
#6036 = DIRECTION('',(0.,0.,1.));
#6037 = ADVANCED_FACE('',(#6038),#6056,.F.);
#6038 = FACE_BOUND('',#6039,.T.);
#6039 = EDGE_LOOP('',(#6040,#6041,#6049,#6055));
#6040 = ORIENTED_EDGE('',*,*,#1093,.T.);
#6041 = ORIENTED_EDGE('',*,*,#6042,.F.);
#6042 = EDGE_CURVE('',#6043,#1086,#6045,.T.);
#6043 = VERTEX_POINT('',#6044);
#6044 = CARTESIAN_POINT('',(1.524362513038,-2.021380053739,
    0.490999991093));
#6045 = LINE('',#6046,#6047);
#6046 = CARTESIAN_POINT('',(1.524362513038,-2.021380053739,
    0.490999991093));
#6047 = VECTOR('',#6048,1.);
#6048 = DIRECTION('',(-0.,-0.,-1.));
#6049 = ORIENTED_EDGE('',*,*,#6050,.F.);
#6050 = EDGE_CURVE('',#6019,#6043,#6051,.T.);
#6051 = LINE('',#6052,#6053);
#6052 = CARTESIAN_POINT('',(1.524362513038,-2.021380053739,
    0.490999991093));
#6053 = VECTOR('',#6054,1.);
#6054 = DIRECTION('',(-1.,-0.,-0.));
#6055 = ORIENTED_EDGE('',*,*,#6018,.T.);
#6056 = PLANE('',#6057);
#6057 = AXIS2_PLACEMENT_3D('',#6058,#6059,#6060);
#6058 = CARTESIAN_POINT('',(1.524362513038,-2.021380053739,
    0.490999991093));
#6059 = DIRECTION('',(0.,-1.,0.));
#6060 = DIRECTION('',(0.,0.,-1.));
#6061 = ADVANCED_FACE('',(#6062),#6080,.F.);
#6062 = FACE_BOUND('',#6063,.T.);
#6063 = EDGE_LOOP('',(#6064,#6065,#6073,#6079));
#6064 = ORIENTED_EDGE('',*,*,#1085,.T.);
#6065 = ORIENTED_EDGE('',*,*,#6066,.F.);
#6066 = EDGE_CURVE('',#6067,#1078,#6069,.T.);
#6067 = VERTEX_POINT('',#6068);
#6068 = CARTESIAN_POINT('',(1.524362513038,-1.956291209357,
    0.490999991093));
#6069 = LINE('',#6070,#6071);
#6070 = CARTESIAN_POINT('',(1.524362513038,-1.956291209357,
    0.490999991093));
#6071 = VECTOR('',#6072,1.);
#6072 = DIRECTION('',(-0.,-0.,-1.));
#6073 = ORIENTED_EDGE('',*,*,#6074,.F.);
#6074 = EDGE_CURVE('',#6043,#6067,#6075,.T.);
#6075 = LINE('',#6076,#6077);
#6076 = CARTESIAN_POINT('',(1.524362513038,-1.956291209357,
    0.490999991093));
#6077 = VECTOR('',#6078,1.);
#6078 = DIRECTION('',(0.,1.,0.));
#6079 = ORIENTED_EDGE('',*,*,#6042,.T.);
#6080 = PLANE('',#6081);
#6081 = AXIS2_PLACEMENT_3D('',#6082,#6083,#6084);
#6082 = CARTESIAN_POINT('',(1.524362513038,-1.956291209357,
    0.490999991093));
#6083 = DIRECTION('',(-1.,0.,0.));
#6084 = DIRECTION('',(0.,0.,1.));
#6085 = ADVANCED_FACE('',(#6086),#6104,.F.);
#6086 = FACE_BOUND('',#6087,.T.);
#6087 = EDGE_LOOP('',(#6088,#6089,#6097,#6103));
#6088 = ORIENTED_EDGE('',*,*,#1077,.T.);
#6089 = ORIENTED_EDGE('',*,*,#6090,.F.);
#6090 = EDGE_CURVE('',#6091,#1070,#6093,.T.);
#6091 = VERTEX_POINT('',#6092);
#6092 = CARTESIAN_POINT('',(1.602864234295,-1.956291209357,
    0.490999991093));
#6093 = LINE('',#6094,#6095);
#6094 = CARTESIAN_POINT('',(1.602864234295,-1.956291209357,
    0.490999991093));
#6095 = VECTOR('',#6096,1.);
#6096 = DIRECTION('',(-0.,-0.,-1.));
#6097 = ORIENTED_EDGE('',*,*,#6098,.F.);
#6098 = EDGE_CURVE('',#6067,#6091,#6099,.T.);
#6099 = LINE('',#6100,#6101);
#6100 = CARTESIAN_POINT('',(1.602864234295,-1.956291209357,
    0.490999991093));
#6101 = VECTOR('',#6102,1.);
#6102 = DIRECTION('',(1.,0.,0.));
#6103 = ORIENTED_EDGE('',*,*,#6066,.T.);
#6104 = PLANE('',#6105);
#6105 = AXIS2_PLACEMENT_3D('',#6106,#6107,#6108);
#6106 = CARTESIAN_POINT('',(1.602864234295,-1.956291209357,
    0.490999991093));
#6107 = DIRECTION('',(0.,1.,0.));
#6108 = DIRECTION('',(0.,-0.,1.));
#6109 = ADVANCED_FACE('',(#6110),#6128,.F.);
#6110 = FACE_BOUND('',#6111,.T.);
#6111 = EDGE_LOOP('',(#6112,#6113,#6121,#6127));
#6112 = ORIENTED_EDGE('',*,*,#1069,.T.);
#6113 = ORIENTED_EDGE('',*,*,#6114,.F.);
#6114 = EDGE_CURVE('',#6115,#1062,#6117,.T.);
#6115 = VERTEX_POINT('',#6116);
#6116 = CARTESIAN_POINT('',(1.602864234295,-1.932896656665,
    0.490999991093));
#6117 = LINE('',#6118,#6119);
#6118 = CARTESIAN_POINT('',(1.602864234295,-1.932896656665,
    0.490999991093));
#6119 = VECTOR('',#6120,1.);
#6120 = DIRECTION('',(-0.,-0.,-1.));
#6121 = ORIENTED_EDGE('',*,*,#6122,.F.);
#6122 = EDGE_CURVE('',#6091,#6115,#6123,.T.);
#6123 = LINE('',#6124,#6125);
#6124 = CARTESIAN_POINT('',(1.602864234295,-1.932896656665,
    0.490999991093));
#6125 = VECTOR('',#6126,1.);
#6126 = DIRECTION('',(0.,1.,0.));
#6127 = ORIENTED_EDGE('',*,*,#6090,.T.);
#6128 = PLANE('',#6129);
#6129 = AXIS2_PLACEMENT_3D('',#6130,#6131,#6132);
#6130 = CARTESIAN_POINT('',(1.602864234295,-1.932896656665,
    0.490999991093));
#6131 = DIRECTION('',(-1.,0.,0.));
#6132 = DIRECTION('',(0.,0.,1.));
#6133 = ADVANCED_FACE('',(#6134),#6152,.F.);
#6134 = FACE_BOUND('',#6135,.T.);
#6135 = EDGE_LOOP('',(#6136,#6137,#6145,#6151));
#6136 = ORIENTED_EDGE('',*,*,#1061,.T.);
#6137 = ORIENTED_EDGE('',*,*,#6138,.F.);
#6138 = EDGE_CURVE('',#6139,#1054,#6141,.T.);
#6139 = VERTEX_POINT('',#6140);
#6140 = CARTESIAN_POINT('',(1.498108626127,-1.932896656665,
    0.490999991093));
#6141 = LINE('',#6142,#6143);
#6142 = CARTESIAN_POINT('',(1.498108626127,-1.932896656665,
    0.490999991093));
#6143 = VECTOR('',#6144,1.);
#6144 = DIRECTION('',(-0.,-0.,-1.));
#6145 = ORIENTED_EDGE('',*,*,#6146,.F.);
#6146 = EDGE_CURVE('',#6115,#6139,#6147,.T.);
#6147 = LINE('',#6148,#6149);
#6148 = CARTESIAN_POINT('',(1.498108626127,-1.932896656665,
    0.490999991093));
#6149 = VECTOR('',#6150,1.);
#6150 = DIRECTION('',(-1.,-0.,-0.));
#6151 = ORIENTED_EDGE('',*,*,#6114,.T.);
#6152 = PLANE('',#6153);
#6153 = AXIS2_PLACEMENT_3D('',#6154,#6155,#6156);
#6154 = CARTESIAN_POINT('',(1.498108626127,-1.932896656665,
    0.490999991093));
#6155 = DIRECTION('',(0.,-1.,0.));
#6156 = DIRECTION('',(0.,0.,-1.));
#6157 = ADVANCED_FACE('',(#6158),#6176,.F.);
#6158 = FACE_BOUND('',#6159,.T.);
#6159 = EDGE_LOOP('',(#6160,#6161,#6169,#6175));
#6160 = ORIENTED_EDGE('',*,*,#1053,.T.);
#6161 = ORIENTED_EDGE('',*,*,#6162,.F.);
#6162 = EDGE_CURVE('',#6163,#1046,#6165,.T.);
#6163 = VERTEX_POINT('',#6164);
#6164 = CARTESIAN_POINT('',(1.498108626127,-2.136273301407,
    0.490999991093));
#6165 = LINE('',#6166,#6167);
#6166 = CARTESIAN_POINT('',(1.498108626127,-2.136273301407,
    0.490999991093));
#6167 = VECTOR('',#6168,1.);
#6168 = DIRECTION('',(-0.,-0.,-1.));
#6169 = ORIENTED_EDGE('',*,*,#6170,.F.);
#6170 = EDGE_CURVE('',#6139,#6163,#6171,.T.);
#6171 = LINE('',#6172,#6173);
#6172 = CARTESIAN_POINT('',(1.498108626127,-2.136273301407,
    0.490999991093));
#6173 = VECTOR('',#6174,1.);
#6174 = DIRECTION('',(-0.,-1.,-0.));
#6175 = ORIENTED_EDGE('',*,*,#6138,.T.);
#6176 = PLANE('',#6177);
#6177 = AXIS2_PLACEMENT_3D('',#6178,#6179,#6180);
#6178 = CARTESIAN_POINT('',(1.498108626127,-2.136273301407,
    0.490999991093));
#6179 = DIRECTION('',(1.,0.,0.));
#6180 = DIRECTION('',(0.,0.,-1.));
#6181 = ADVANCED_FACE('',(#6182),#6193,.F.);
#6182 = FACE_BOUND('',#6183,.T.);
#6183 = EDGE_LOOP('',(#6184,#6185,#6186,#6192));
#6184 = ORIENTED_EDGE('',*,*,#1045,.T.);
#6185 = ORIENTED_EDGE('',*,*,#5931,.F.);
#6186 = ORIENTED_EDGE('',*,*,#6187,.F.);
#6187 = EDGE_CURVE('',#6163,#5924,#6188,.T.);
#6188 = LINE('',#6189,#6190);
#6189 = CARTESIAN_POINT('',(1.607491156939,-2.136273301407,
    0.490999991093));
#6190 = VECTOR('',#6191,1.);
#6191 = DIRECTION('',(1.,0.,0.));
#6192 = ORIENTED_EDGE('',*,*,#6162,.T.);
#6193 = PLANE('',#6194);
#6194 = AXIS2_PLACEMENT_3D('',#6195,#6196,#6197);
#6195 = CARTESIAN_POINT('',(1.607491156939,-2.136273301407,
    0.490999991093));
#6196 = DIRECTION('',(0.,1.,0.));
#6197 = DIRECTION('',(0.,-0.,1.));
#6198 = ADVANCED_FACE('',(#6199),#6213,.F.);
#6199 = FACE_BOUND('',#6200,.T.);
#6200 = EDGE_LOOP('',(#6201,#6202,#6203,#6204,#6205,#6206,#6207,#6208,
    #6209,#6210,#6211,#6212));
#6201 = ORIENTED_EDGE('',*,*,#5923,.T.);
#6202 = ORIENTED_EDGE('',*,*,#5954,.T.);
#6203 = ORIENTED_EDGE('',*,*,#5978,.T.);
#6204 = ORIENTED_EDGE('',*,*,#6002,.T.);
#6205 = ORIENTED_EDGE('',*,*,#6026,.T.);
#6206 = ORIENTED_EDGE('',*,*,#6050,.T.);
#6207 = ORIENTED_EDGE('',*,*,#6074,.T.);
#6208 = ORIENTED_EDGE('',*,*,#6098,.T.);
#6209 = ORIENTED_EDGE('',*,*,#6122,.T.);
#6210 = ORIENTED_EDGE('',*,*,#6146,.T.);
#6211 = ORIENTED_EDGE('',*,*,#6170,.T.);
#6212 = ORIENTED_EDGE('',*,*,#6187,.T.);
#6213 = PLANE('',#6214);
#6214 = AXIS2_PLACEMENT_3D('',#6215,#6216,#6217);
#6215 = CARTESIAN_POINT('',(0.,0.,0.490999991093));
#6216 = DIRECTION('',(0.,0.,-1.));
#6217 = DIRECTION('',(-1.,0.,0.));
#6218 = ADVANCED_FACE('',(#6219,#6281),#6343,.T.);
#6219 = FACE_BOUND('',#6220,.T.);
#6220 = EDGE_LOOP('',(#6221,#6231,#6240,#6249,#6258,#6267,#6275));
#6221 = ORIENTED_EDGE('',*,*,#6222,.T.);
#6222 = EDGE_CURVE('',#6223,#6225,#6227,.T.);
#6223 = VERTEX_POINT('',#6224);
#6224 = CARTESIAN_POINT('',(1.645910211251,-2.136273301407,
    0.490999991093));
#6225 = VERTEX_POINT('',#6226);
#6226 = CARTESIAN_POINT('',(1.701849186134,-2.136273301407,
    0.490999991093));
#6227 = LINE('',#6228,#6229);
#6228 = CARTESIAN_POINT('',(1.701849186134,-2.136273301407,
    0.490999991093));
#6229 = VECTOR('',#6230,1.);
#6230 = DIRECTION('',(1.,0.,0.));
#6231 = ORIENTED_EDGE('',*,*,#6232,.T.);
#6232 = EDGE_CURVE('',#6225,#6233,#6235,.T.);
#6233 = VERTEX_POINT('',#6234);
#6234 = CARTESIAN_POINT('',(1.780818798444,-2.107783935017,
    0.490999991093));
#6235 = B_SPLINE_CURVE_WITH_KNOTS('',3,(#6236,#6237,#6238,#6239),
  .UNSPECIFIED.,.F.,.F.,(4,4),(5.,6.),.PIECEWISE_BEZIER_KNOTS.);
#6236 = CARTESIAN_POINT('',(1.701849186134,-2.136273301407,
    0.490999991093));
#6237 = CARTESIAN_POINT('',(1.734029693059,-2.136273301407,
    0.490999991093));
#6238 = CARTESIAN_POINT('',(1.76038755576,-2.126811504541,0.490999991093
    ));
#6239 = CARTESIAN_POINT('',(1.780818798444,-2.107783935017,
    0.490999991093));
#6240 = ORIENTED_EDGE('',*,*,#6241,.T.);
#6241 = EDGE_CURVE('',#6233,#6242,#6244,.T.);
#6242 = VERTEX_POINT('',#6243);
#6243 = CARTESIAN_POINT('',(1.81149165642,-2.031985584293,0.490999991093
    ));
#6244 = B_SPLINE_CURVE_WITH_KNOTS('',3,(#6245,#6246,#6247,#6248),
  .UNSPECIFIED.,.F.,.F.,(4,4),(4.,5.),.PIECEWISE_BEZIER_KNOTS.);
#6245 = CARTESIAN_POINT('',(1.780818798444,-2.107783935017,
    0.490999991093));
#6246 = CARTESIAN_POINT('',(1.801250041129,-2.088756365493,
    0.490999991093));
#6247 = CARTESIAN_POINT('',(1.81149165642,-2.063490248586,0.490999991093
    ));
#6248 = CARTESIAN_POINT('',(1.81149165642,-2.031985584293,0.490999991093
    ));
#6249 = ORIENTED_EDGE('',*,*,#6250,.T.);
#6250 = EDGE_CURVE('',#6242,#6251,#6253,.T.);
#6251 = VERTEX_POINT('',#6252);
#6252 = CARTESIAN_POINT('',(1.780818798444,-1.959826386209,
    0.490999991093));
#6253 = B_SPLINE_CURVE_WITH_KNOTS('',3,(#6254,#6255,#6256,#6257),
  .UNSPECIFIED.,.F.,.F.,(4,4),(3.,4.),.PIECEWISE_BEZIER_KNOTS.);
#6254 = CARTESIAN_POINT('',(1.81149165642,-2.031985584293,0.490999991093
    ));
#6255 = CARTESIAN_POINT('',(1.81149165642,-2.001832605267,0.490999991093
    ));
#6256 = CARTESIAN_POINT('',(1.801250041129,-1.977814197835,
    0.490999991093));
#6257 = CARTESIAN_POINT('',(1.780818798444,-1.959826386209,
    0.490999991093));
#6258 = ORIENTED_EDGE('',*,*,#6259,.T.);
#6259 = EDGE_CURVE('',#6251,#6260,#6262,.T.);
#6260 = VERTEX_POINT('',#6261);
#6261 = CARTESIAN_POINT('',(1.703928701928,-1.932896656665,
    0.490999991093));
#6262 = B_SPLINE_CURVE_WITH_KNOTS('',3,(#6263,#6264,#6265,#6266),
  .UNSPECIFIED.,.F.,.F.,(4,4),(2.,3.),.PIECEWISE_BEZIER_KNOTS.);
#6263 = CARTESIAN_POINT('',(1.780818798444,-1.959826386209,
    0.490999991093));
#6264 = CARTESIAN_POINT('',(1.76038755576,-1.941838574584,0.490999991093
    ));
#6265 = CARTESIAN_POINT('',(1.734757523587,-1.932896656665,
    0.490999991093));
#6266 = CARTESIAN_POINT('',(1.703928701928,-1.932896656665,
    0.490999991093));
#6267 = ORIENTED_EDGE('',*,*,#6268,.T.);
#6268 = EDGE_CURVE('',#6260,#6269,#6271,.T.);
#6269 = VERTEX_POINT('',#6270);
#6270 = CARTESIAN_POINT('',(1.645910211251,-1.932896656665,
    0.490999991093));
#6271 = LINE('',#6272,#6273);
#6272 = CARTESIAN_POINT('',(1.645910211251,-1.932896656665,
    0.490999991093));
#6273 = VECTOR('',#6274,1.);
#6274 = DIRECTION('',(-1.,-0.,-0.));
#6275 = ORIENTED_EDGE('',*,*,#6276,.T.);
#6276 = EDGE_CURVE('',#6269,#6223,#6277,.T.);
#6277 = LINE('',#6278,#6279);
#6278 = CARTESIAN_POINT('',(1.645910211251,-2.136273301407,
    0.490999991093));
#6279 = VECTOR('',#6280,1.);
#6280 = DIRECTION('',(-0.,-1.,-0.));
#6281 = FACE_BOUND('',#6282,.T.);
#6282 = EDGE_LOOP('',(#6283,#6293,#6301,#6310,#6319,#6328,#6337));
#6283 = ORIENTED_EDGE('',*,*,#6284,.F.);
#6284 = EDGE_CURVE('',#6285,#6287,#6289,.T.);
#6285 = VERTEX_POINT('',#6286);
#6286 = CARTESIAN_POINT('',(1.67216409816,-1.956291209357,0.490999991093
    ));
#6287 = VERTEX_POINT('',#6288);
#6288 = CARTESIAN_POINT('',(1.67216409816,-2.113086700294,0.490999991093
    ));
#6289 = LINE('',#6290,#6291);
#6290 = CARTESIAN_POINT('',(1.67216409816,-1.956291209357,0.490999991093
    ));
#6291 = VECTOR('',#6292,1.);
#6292 = DIRECTION('',(0.,-1.,0.));
#6293 = ORIENTED_EDGE('',*,*,#6294,.F.);
#6294 = EDGE_CURVE('',#6295,#6285,#6297,.T.);
#6295 = VERTEX_POINT('',#6296);
#6296 = CARTESIAN_POINT('',(1.70288894403,-1.956291209357,0.490999991093
    ));
#6297 = LINE('',#6298,#6299);
#6298 = CARTESIAN_POINT('',(1.70288894403,-1.956291209357,0.490999991093
    ));
#6299 = VECTOR('',#6300,1.);
#6300 = DIRECTION('',(-1.,0.,0.));
#6301 = ORIENTED_EDGE('',*,*,#6302,.F.);
#6302 = EDGE_CURVE('',#6303,#6295,#6305,.T.);
#6303 = VERTEX_POINT('',#6304);
#6304 = CARTESIAN_POINT('',(1.761583277341,-1.975422754671,
    0.490999991093));
#6305 = B_SPLINE_CURVE_WITH_KNOTS('',3,(#6306,#6307,#6308,#6309),
  .UNSPECIFIED.,.F.,.F.,(4,4),(5.,6.),.PIECEWISE_BEZIER_KNOTS.);
#6306 = CARTESIAN_POINT('',(1.761583277341,-1.975422754671,
    0.490999991093));
#6307 = CARTESIAN_POINT('',(1.746714739408,-1.962633732533,
    0.490999991093));
#6308 = CARTESIAN_POINT('',(1.727115303041,-1.956291209357,
    0.490999991093));
#6309 = CARTESIAN_POINT('',(1.70288894403,-1.956291209357,0.490999991093
    ));
#6310 = ORIENTED_EDGE('',*,*,#6311,.F.);
#6311 = EDGE_CURVE('',#6312,#6303,#6314,.T.);
#6312 = VERTEX_POINT('',#6313);
#6313 = CARTESIAN_POINT('',(1.783886084241,-2.032713414821,
    0.490999991093));
#6314 = B_SPLINE_CURVE_WITH_KNOTS('',3,(#6315,#6316,#6317,#6318),
  .UNSPECIFIED.,.F.,.F.,(4,4),(4.,5.),.PIECEWISE_BEZIER_KNOTS.);
#6315 = CARTESIAN_POINT('',(1.783886084241,-2.032713414821,
    0.490999991093));
#6316 = CARTESIAN_POINT('',(1.783886084241,-2.007343322123,
    0.490999991093));
#6317 = CARTESIAN_POINT('',(1.776451815274,-1.98821177681,0.490999991093
    ));
#6318 = CARTESIAN_POINT('',(1.761583277341,-1.975422754671,
    0.490999991093));
#6319 = ORIENTED_EDGE('',*,*,#6320,.F.);
#6320 = EDGE_CURVE('',#6321,#6312,#6323,.T.);
#6321 = VERTEX_POINT('',#6322);
#6322 = CARTESIAN_POINT('',(1.762155144185,-2.091875639186,
    0.490999991093));
#6323 = B_SPLINE_CURVE_WITH_KNOTS('',3,(#6324,#6325,#6326,#6327),
  .UNSPECIFIED.,.F.,.F.,(4,4),(3.,4.),.PIECEWISE_BEZIER_KNOTS.);
#6324 = CARTESIAN_POINT('',(1.762155144185,-2.091875639186,
    0.490999991093));
#6325 = CARTESIAN_POINT('',(1.776659766855,-2.07783890757,0.490999991093
    ));
#6326 = CARTESIAN_POINT('',(1.783886084241,-2.058083507519,
    0.490999991093));
#6327 = CARTESIAN_POINT('',(1.783886084241,-2.032713414821,
    0.490999991093));
#6328 = ORIENTED_EDGE('',*,*,#6329,.F.);
#6329 = EDGE_CURVE('',#6330,#6321,#6332,.T.);
#6330 = VERTEX_POINT('',#6331);
#6331 = CARTESIAN_POINT('',(1.701693222448,-2.113086700294,
    0.490999991093));
#6332 = B_SPLINE_CURVE_WITH_KNOTS('',3,(#6333,#6334,#6335,#6336),
  .UNSPECIFIED.,.F.,.F.,(4,4),(2.,3.),.PIECEWISE_BEZIER_KNOTS.);
#6333 = CARTESIAN_POINT('',(1.701693222448,-2.113086700294,
    0.490999991093));
#6334 = CARTESIAN_POINT('',(1.727531206199,-2.113086700294,
    0.490999991093));
#6335 = CARTESIAN_POINT('',(1.74770250941,-2.106016346592,0.490999991093
    ));
#6336 = CARTESIAN_POINT('',(1.762155144185,-2.091875639186,
    0.490999991093));
#6337 = ORIENTED_EDGE('',*,*,#6338,.F.);
#6338 = EDGE_CURVE('',#6287,#6330,#6339,.T.);
#6339 = LINE('',#6340,#6341);
#6340 = CARTESIAN_POINT('',(1.67216409816,-2.113086700294,0.490999991093
    ));
#6341 = VECTOR('',#6342,1.);
#6342 = DIRECTION('',(1.,0.,0.));
#6343 = PLANE('',#6344);
#6344 = AXIS2_PLACEMENT_3D('',#6345,#6346,#6347);
#6345 = CARTESIAN_POINT('',(1.746272842302,-1.939616092078,
    0.490999991093));
#6346 = DIRECTION('',(0.,0.,1.));
#6347 = DIRECTION('',(1.,0.,-0.));
#6348 = ADVANCED_FACE('',(#6349),#6365,.F.);
#6349 = FACE_BOUND('',#6350,.T.);
#6350 = EDGE_LOOP('',(#6351,#6352,#6358,#6359));
#6351 = ORIENTED_EDGE('',*,*,#1133,.T.);
#6352 = ORIENTED_EDGE('',*,*,#6353,.F.);
#6353 = EDGE_CURVE('',#6225,#1136,#6354,.T.);
#6354 = LINE('',#6355,#6356);
#6355 = CARTESIAN_POINT('',(1.701849186134,-2.136273301407,
    0.490999991093));
#6356 = VECTOR('',#6357,1.);
#6357 = DIRECTION('',(-0.,-0.,-1.));
#6358 = ORIENTED_EDGE('',*,*,#6222,.F.);
#6359 = ORIENTED_EDGE('',*,*,#6360,.T.);
#6360 = EDGE_CURVE('',#6223,#1134,#6361,.T.);
#6361 = LINE('',#6362,#6363);
#6362 = CARTESIAN_POINT('',(1.645910211251,-2.136273301407,
    0.490999991093));
#6363 = VECTOR('',#6364,1.);
#6364 = DIRECTION('',(-0.,-0.,-1.));
#6365 = PLANE('',#6366);
#6366 = AXIS2_PLACEMENT_3D('',#6367,#6368,#6369);
#6367 = CARTESIAN_POINT('',(1.701849186134,-2.136273301407,
    0.490999991093));
#6368 = DIRECTION('',(0.,1.,0.));
#6369 = DIRECTION('',(0.,-0.,1.));
#6370 = ADVANCED_FACE('',(#6371),#6382,.F.);
#6371 = FACE_BOUND('',#6372,.F.);
#6372 = EDGE_LOOP('',(#6373,#6374,#6375,#6381));
#6373 = ORIENTED_EDGE('',*,*,#6353,.F.);
#6374 = ORIENTED_EDGE('',*,*,#6232,.T.);
#6375 = ORIENTED_EDGE('',*,*,#6376,.T.);
#6376 = EDGE_CURVE('',#6233,#1178,#6377,.T.);
#6377 = LINE('',#6378,#6379);
#6378 = CARTESIAN_POINT('',(1.780818798444,-2.107783935017,
    0.490999991093));
#6379 = VECTOR('',#6380,1.);
#6380 = DIRECTION('',(-0.,-0.,-1.));
#6381 = ORIENTED_EDGE('',*,*,#1186,.F.);
#6382 = B_SPLINE_SURFACE_WITH_KNOTS('',3,1,(
    (#6383,#6384)
    ,(#6385,#6386)
    ,(#6387,#6388)
    ,(#6389,#6390
    )),.UNSPECIFIED.,.F.,.F.,.F.,(4,4),(2,2),(5.,6.),(0.,1.),
  .PIECEWISE_BEZIER_KNOTS.);
#6383 = CARTESIAN_POINT('',(1.701849186134,-2.136273301407,
    0.490999991093));
#6384 = CARTESIAN_POINT('',(1.701849186134,-2.136273301407,
    0.489999991111));
#6385 = CARTESIAN_POINT('',(1.734029693059,-2.136273301407,
    0.490999991093));
#6386 = CARTESIAN_POINT('',(1.734029693059,-2.136273301407,
    0.489999991111));
#6387 = CARTESIAN_POINT('',(1.76038755576,-2.126811504541,0.490999991093
    ));
#6388 = CARTESIAN_POINT('',(1.76038755576,-2.126811504541,0.489999991111
    ));
#6389 = CARTESIAN_POINT('',(1.780818798444,-2.107783935017,
    0.490999991093));
#6390 = CARTESIAN_POINT('',(1.780818798444,-2.107783935017,
    0.489999991111));
#6391 = ADVANCED_FACE('',(#6392),#6403,.F.);
#6392 = FACE_BOUND('',#6393,.F.);
#6393 = EDGE_LOOP('',(#6394,#6395,#6396,#6402));
#6394 = ORIENTED_EDGE('',*,*,#6376,.F.);
#6395 = ORIENTED_EDGE('',*,*,#6241,.T.);
#6396 = ORIENTED_EDGE('',*,*,#6397,.T.);
#6397 = EDGE_CURVE('',#6242,#1169,#6398,.T.);
#6398 = LINE('',#6399,#6400);
#6399 = CARTESIAN_POINT('',(1.81149165642,-2.031985584293,0.490999991093
    ));
#6400 = VECTOR('',#6401,1.);
#6401 = DIRECTION('',(-0.,-0.,-1.));
#6402 = ORIENTED_EDGE('',*,*,#1177,.F.);
#6403 = B_SPLINE_SURFACE_WITH_KNOTS('',3,1,(
    (#6404,#6405)
    ,(#6406,#6407)
    ,(#6408,#6409)
    ,(#6410,#6411
    )),.UNSPECIFIED.,.F.,.F.,.F.,(4,4),(2,2),(4.,5.),(0.,1.),
  .PIECEWISE_BEZIER_KNOTS.);
#6404 = CARTESIAN_POINT('',(1.780818798444,-2.107783935017,
    0.490999991093));
#6405 = CARTESIAN_POINT('',(1.780818798444,-2.107783935017,
    0.489999991111));
#6406 = CARTESIAN_POINT('',(1.801250041129,-2.088756365493,
    0.490999991093));
#6407 = CARTESIAN_POINT('',(1.801250041129,-2.088756365493,
    0.489999991111));
#6408 = CARTESIAN_POINT('',(1.81149165642,-2.063490248586,0.490999991093
    ));
#6409 = CARTESIAN_POINT('',(1.81149165642,-2.063490248586,0.489999991111
    ));
#6410 = CARTESIAN_POINT('',(1.81149165642,-2.031985584293,0.490999991093
    ));
#6411 = CARTESIAN_POINT('',(1.81149165642,-2.031985584293,0.489999991111
    ));
#6412 = ADVANCED_FACE('',(#6413),#6424,.F.);
#6413 = FACE_BOUND('',#6414,.F.);
#6414 = EDGE_LOOP('',(#6415,#6416,#6417,#6423));
#6415 = ORIENTED_EDGE('',*,*,#6397,.F.);
#6416 = ORIENTED_EDGE('',*,*,#6250,.T.);
#6417 = ORIENTED_EDGE('',*,*,#6418,.T.);
#6418 = EDGE_CURVE('',#6251,#1160,#6419,.T.);
#6419 = LINE('',#6420,#6421);
#6420 = CARTESIAN_POINT('',(1.780818798444,-1.959826386209,
    0.490999991093));
#6421 = VECTOR('',#6422,1.);
#6422 = DIRECTION('',(-0.,-0.,-1.));
#6423 = ORIENTED_EDGE('',*,*,#1168,.F.);
#6424 = B_SPLINE_SURFACE_WITH_KNOTS('',3,1,(
    (#6425,#6426)
    ,(#6427,#6428)
    ,(#6429,#6430)
    ,(#6431,#6432
    )),.UNSPECIFIED.,.F.,.F.,.F.,(4,4),(2,2),(3.,4.),(0.,1.),
  .PIECEWISE_BEZIER_KNOTS.);
#6425 = CARTESIAN_POINT('',(1.81149165642,-2.031985584293,0.490999991093
    ));
#6426 = CARTESIAN_POINT('',(1.81149165642,-2.031985584293,0.489999991111
    ));
#6427 = CARTESIAN_POINT('',(1.81149165642,-2.001832605267,0.490999991093
    ));
#6428 = CARTESIAN_POINT('',(1.81149165642,-2.001832605267,0.489999991111
    ));
#6429 = CARTESIAN_POINT('',(1.801250041129,-1.977814197835,
    0.490999991093));
#6430 = CARTESIAN_POINT('',(1.801250041129,-1.977814197835,
    0.489999991111));
#6431 = CARTESIAN_POINT('',(1.780818798444,-1.959826386209,
    0.490999991093));
#6432 = CARTESIAN_POINT('',(1.780818798444,-1.959826386209,
    0.489999991111));
#6433 = ADVANCED_FACE('',(#6434),#6445,.F.);
#6434 = FACE_BOUND('',#6435,.F.);
#6435 = EDGE_LOOP('',(#6436,#6437,#6438,#6444));
#6436 = ORIENTED_EDGE('',*,*,#6418,.F.);
#6437 = ORIENTED_EDGE('',*,*,#6259,.T.);
#6438 = ORIENTED_EDGE('',*,*,#6439,.T.);
#6439 = EDGE_CURVE('',#6260,#1152,#6440,.T.);
#6440 = LINE('',#6441,#6442);
#6441 = CARTESIAN_POINT('',(1.703928701928,-1.932896656665,
    0.490999991093));
#6442 = VECTOR('',#6443,1.);
#6443 = DIRECTION('',(-0.,-0.,-1.));
#6444 = ORIENTED_EDGE('',*,*,#1159,.F.);
#6445 = B_SPLINE_SURFACE_WITH_KNOTS('',3,1,(
    (#6446,#6447)
    ,(#6448,#6449)
    ,(#6450,#6451)
    ,(#6452,#6453
    )),.UNSPECIFIED.,.F.,.F.,.F.,(4,4),(2,2),(2.,3.),(0.,1.),
  .PIECEWISE_BEZIER_KNOTS.);
#6446 = CARTESIAN_POINT('',(1.780818798444,-1.959826386209,
    0.490999991093));
#6447 = CARTESIAN_POINT('',(1.780818798444,-1.959826386209,
    0.489999991111));
#6448 = CARTESIAN_POINT('',(1.76038755576,-1.941838574584,0.490999991093
    ));
#6449 = CARTESIAN_POINT('',(1.76038755576,-1.941838574584,0.489999991111
    ));
#6450 = CARTESIAN_POINT('',(1.734757523587,-1.932896656665,
    0.490999991093));
#6451 = CARTESIAN_POINT('',(1.734757523587,-1.932896656665,
    0.489999991111));
#6452 = CARTESIAN_POINT('',(1.703928701928,-1.932896656665,
    0.490999991093));
#6453 = CARTESIAN_POINT('',(1.703928701928,-1.932896656665,
    0.489999991111));
#6454 = ADVANCED_FACE('',(#6455),#6466,.F.);
#6455 = FACE_BOUND('',#6456,.T.);
#6456 = EDGE_LOOP('',(#6457,#6458,#6464,#6465));
#6457 = ORIENTED_EDGE('',*,*,#1151,.T.);
#6458 = ORIENTED_EDGE('',*,*,#6459,.F.);
#6459 = EDGE_CURVE('',#6269,#1144,#6460,.T.);
#6460 = LINE('',#6461,#6462);
#6461 = CARTESIAN_POINT('',(1.645910211251,-1.932896656665,
    0.490999991093));
#6462 = VECTOR('',#6463,1.);
#6463 = DIRECTION('',(-0.,-0.,-1.));
#6464 = ORIENTED_EDGE('',*,*,#6268,.F.);
#6465 = ORIENTED_EDGE('',*,*,#6439,.T.);
#6466 = PLANE('',#6467);
#6467 = AXIS2_PLACEMENT_3D('',#6468,#6469,#6470);
#6468 = CARTESIAN_POINT('',(1.645910211251,-1.932896656665,
    0.490999991093));
#6469 = DIRECTION('',(0.,-1.,0.));
#6470 = DIRECTION('',(0.,0.,-1.));
#6471 = ADVANCED_FACE('',(#6472),#6478,.F.);
#6472 = FACE_BOUND('',#6473,.T.);
#6473 = EDGE_LOOP('',(#6474,#6475,#6476,#6477));
#6474 = ORIENTED_EDGE('',*,*,#1143,.T.);
#6475 = ORIENTED_EDGE('',*,*,#6360,.F.);
#6476 = ORIENTED_EDGE('',*,*,#6276,.F.);
#6477 = ORIENTED_EDGE('',*,*,#6459,.T.);
#6478 = PLANE('',#6479);
#6479 = AXIS2_PLACEMENT_3D('',#6480,#6481,#6482);
#6480 = CARTESIAN_POINT('',(1.645910211251,-2.136273301407,
    0.490999991093));
#6481 = DIRECTION('',(1.,0.,0.));
#6482 = DIRECTION('',(0.,0.,-1.));
#6483 = ADVANCED_FACE('',(#6484),#6509,.T.);
#6484 = FACE_BOUND('',#6485,.T.);
#6485 = EDGE_LOOP('',(#6486,#6496,#6502,#6503));
#6486 = ORIENTED_EDGE('',*,*,#6487,.F.);
#6487 = EDGE_CURVE('',#6488,#6490,#6492,.T.);
#6488 = VERTEX_POINT('',#6489);
#6489 = CARTESIAN_POINT('',(1.70288894403,-1.956291209357,0.489999991111
    ));
#6490 = VERTEX_POINT('',#6491);
#6491 = CARTESIAN_POINT('',(1.67216409816,-1.956291209357,0.489999991111
    ));
#6492 = LINE('',#6493,#6494);
#6493 = CARTESIAN_POINT('',(1.70288894403,-1.956291209357,0.489999991111
    ));
#6494 = VECTOR('',#6495,1.);
#6495 = DIRECTION('',(-1.,0.,0.));
#6496 = ORIENTED_EDGE('',*,*,#6497,.F.);
#6497 = EDGE_CURVE('',#6295,#6488,#6498,.T.);
#6498 = LINE('',#6499,#6500);
#6499 = CARTESIAN_POINT('',(1.70288894403,-1.956291209357,0.490999991093
    ));
#6500 = VECTOR('',#6501,1.);
#6501 = DIRECTION('',(-0.,-0.,-1.));
#6502 = ORIENTED_EDGE('',*,*,#6294,.T.);
#6503 = ORIENTED_EDGE('',*,*,#6504,.T.);
#6504 = EDGE_CURVE('',#6285,#6490,#6505,.T.);
#6505 = LINE('',#6506,#6507);
#6506 = CARTESIAN_POINT('',(1.67216409816,-1.956291209357,0.490999991093
    ));
#6507 = VECTOR('',#6508,1.);
#6508 = DIRECTION('',(-0.,-0.,-1.));
#6509 = PLANE('',#6510);
#6510 = AXIS2_PLACEMENT_3D('',#6511,#6512,#6513);
#6511 = CARTESIAN_POINT('',(1.70288894403,-1.956291209357,0.490999991093
    ));
#6512 = DIRECTION('',(0.,-1.,0.));
#6513 = DIRECTION('',(0.,0.,-1.));
#6514 = ADVANCED_FACE('',(#6515),#6533,.T.);
#6515 = FACE_BOUND('',#6516,.T.);
#6516 = EDGE_LOOP('',(#6517,#6525,#6526,#6527));
#6517 = ORIENTED_EDGE('',*,*,#6518,.F.);
#6518 = EDGE_CURVE('',#6490,#6519,#6521,.T.);
#6519 = VERTEX_POINT('',#6520);
#6520 = CARTESIAN_POINT('',(1.67216409816,-2.113086700294,0.489999991111
    ));
#6521 = LINE('',#6522,#6523);
#6522 = CARTESIAN_POINT('',(1.67216409816,-1.956291209357,0.489999991111
    ));
#6523 = VECTOR('',#6524,1.);
#6524 = DIRECTION('',(0.,-1.,0.));
#6525 = ORIENTED_EDGE('',*,*,#6504,.F.);
#6526 = ORIENTED_EDGE('',*,*,#6284,.T.);
#6527 = ORIENTED_EDGE('',*,*,#6528,.T.);
#6528 = EDGE_CURVE('',#6287,#6519,#6529,.T.);
#6529 = LINE('',#6530,#6531);
#6530 = CARTESIAN_POINT('',(1.67216409816,-2.113086700294,0.490999991093
    ));
#6531 = VECTOR('',#6532,1.);
#6532 = DIRECTION('',(-0.,-0.,-1.));
#6533 = PLANE('',#6534);
#6534 = AXIS2_PLACEMENT_3D('',#6535,#6536,#6537);
#6535 = CARTESIAN_POINT('',(1.67216409816,-1.956291209357,0.490999991093
    ));
#6536 = DIRECTION('',(1.,0.,0.));
#6537 = DIRECTION('',(0.,0.,-1.));
#6538 = ADVANCED_FACE('',(#6539),#6557,.T.);
#6539 = FACE_BOUND('',#6540,.T.);
#6540 = EDGE_LOOP('',(#6541,#6549,#6550,#6551));
#6541 = ORIENTED_EDGE('',*,*,#6542,.F.);
#6542 = EDGE_CURVE('',#6519,#6543,#6545,.T.);
#6543 = VERTEX_POINT('',#6544);
#6544 = CARTESIAN_POINT('',(1.701693222448,-2.113086700294,
    0.489999991111));
#6545 = LINE('',#6546,#6547);
#6546 = CARTESIAN_POINT('',(1.67216409816,-2.113086700294,0.489999991111
    ));
#6547 = VECTOR('',#6548,1.);
#6548 = DIRECTION('',(1.,0.,0.));
#6549 = ORIENTED_EDGE('',*,*,#6528,.F.);
#6550 = ORIENTED_EDGE('',*,*,#6338,.T.);
#6551 = ORIENTED_EDGE('',*,*,#6552,.T.);
#6552 = EDGE_CURVE('',#6330,#6543,#6553,.T.);
#6553 = LINE('',#6554,#6555);
#6554 = CARTESIAN_POINT('',(1.701693222448,-2.113086700294,
    0.490999991093));
#6555 = VECTOR('',#6556,1.);
#6556 = DIRECTION('',(-0.,-0.,-1.));
#6557 = PLANE('',#6558);
#6558 = AXIS2_PLACEMENT_3D('',#6559,#6560,#6561);
#6559 = CARTESIAN_POINT('',(1.67216409816,-2.113086700294,0.490999991093
    ));
#6560 = DIRECTION('',(0.,1.,0.));
#6561 = DIRECTION('',(0.,-0.,1.));
#6562 = ADVANCED_FACE('',(#6563),#6582,.T.);
#6563 = FACE_BOUND('',#6564,.T.);
#6564 = EDGE_LOOP('',(#6565,#6574,#6575,#6576));
#6565 = ORIENTED_EDGE('',*,*,#6566,.F.);
#6566 = EDGE_CURVE('',#6543,#6567,#6569,.T.);
#6567 = VERTEX_POINT('',#6568);
#6568 = CARTESIAN_POINT('',(1.762155144185,-2.091875639186,
    0.489999991111));
#6569 = B_SPLINE_CURVE_WITH_KNOTS('',3,(#6570,#6571,#6572,#6573),
  .UNSPECIFIED.,.F.,.F.,(4,4),(2.,3.),.PIECEWISE_BEZIER_KNOTS.);
#6570 = CARTESIAN_POINT('',(1.701693222448,-2.113086700294,
    0.489999991111));
#6571 = CARTESIAN_POINT('',(1.727531206199,-2.113086700294,
    0.489999991111));
#6572 = CARTESIAN_POINT('',(1.74770250941,-2.106016346592,0.489999991111
    ));
#6573 = CARTESIAN_POINT('',(1.762155144185,-2.091875639186,
    0.489999991111));
#6574 = ORIENTED_EDGE('',*,*,#6552,.F.);
#6575 = ORIENTED_EDGE('',*,*,#6329,.T.);
#6576 = ORIENTED_EDGE('',*,*,#6577,.T.);
#6577 = EDGE_CURVE('',#6321,#6567,#6578,.T.);
#6578 = LINE('',#6579,#6580);
#6579 = CARTESIAN_POINT('',(1.762155144185,-2.091875639186,
    0.490999991093));
#6580 = VECTOR('',#6581,1.);
#6581 = DIRECTION('',(-0.,-0.,-1.));
#6582 = B_SPLINE_SURFACE_WITH_KNOTS('',3,1,(
    (#6583,#6584)
    ,(#6585,#6586)
    ,(#6587,#6588)
    ,(#6589,#6590
    )),.UNSPECIFIED.,.F.,.F.,.F.,(4,4),(2,2),(2.,3.),(0.,1.),
  .PIECEWISE_BEZIER_KNOTS.);
#6583 = CARTESIAN_POINT('',(1.701693222448,-2.113086700294,
    0.490999991093));
#6584 = CARTESIAN_POINT('',(1.701693222448,-2.113086700294,
    0.489999991111));
#6585 = CARTESIAN_POINT('',(1.727531206199,-2.113086700294,
    0.490999991093));
#6586 = CARTESIAN_POINT('',(1.727531206199,-2.113086700294,
    0.489999991111));
#6587 = CARTESIAN_POINT('',(1.74770250941,-2.106016346592,0.490999991093
    ));
#6588 = CARTESIAN_POINT('',(1.74770250941,-2.106016346592,0.489999991111
    ));
#6589 = CARTESIAN_POINT('',(1.762155144185,-2.091875639186,
    0.490999991093));
#6590 = CARTESIAN_POINT('',(1.762155144185,-2.091875639186,
    0.489999991111));
#6591 = ADVANCED_FACE('',(#6592),#6611,.T.);
#6592 = FACE_BOUND('',#6593,.T.);
#6593 = EDGE_LOOP('',(#6594,#6603,#6604,#6605));
#6594 = ORIENTED_EDGE('',*,*,#6595,.F.);
#6595 = EDGE_CURVE('',#6567,#6596,#6598,.T.);
#6596 = VERTEX_POINT('',#6597);
#6597 = CARTESIAN_POINT('',(1.783886084241,-2.032713414821,
    0.489999991111));
#6598 = B_SPLINE_CURVE_WITH_KNOTS('',3,(#6599,#6600,#6601,#6602),
  .UNSPECIFIED.,.F.,.F.,(4,4),(3.,4.),.PIECEWISE_BEZIER_KNOTS.);
#6599 = CARTESIAN_POINT('',(1.762155144185,-2.091875639186,
    0.489999991111));
#6600 = CARTESIAN_POINT('',(1.776659766855,-2.07783890757,0.489999991111
    ));
#6601 = CARTESIAN_POINT('',(1.783886084241,-2.058083507519,
    0.489999991111));
#6602 = CARTESIAN_POINT('',(1.783886084241,-2.032713414821,
    0.489999991111));
#6603 = ORIENTED_EDGE('',*,*,#6577,.F.);
#6604 = ORIENTED_EDGE('',*,*,#6320,.T.);
#6605 = ORIENTED_EDGE('',*,*,#6606,.T.);
#6606 = EDGE_CURVE('',#6312,#6596,#6607,.T.);
#6607 = LINE('',#6608,#6609);
#6608 = CARTESIAN_POINT('',(1.783886084241,-2.032713414821,
    0.490999991093));
#6609 = VECTOR('',#6610,1.);
#6610 = DIRECTION('',(-0.,-0.,-1.));
#6611 = B_SPLINE_SURFACE_WITH_KNOTS('',3,1,(
    (#6612,#6613)
    ,(#6614,#6615)
    ,(#6616,#6617)
    ,(#6618,#6619
    )),.UNSPECIFIED.,.F.,.F.,.F.,(4,4),(2,2),(3.,4.),(0.,1.),
  .PIECEWISE_BEZIER_KNOTS.);
#6612 = CARTESIAN_POINT('',(1.762155144185,-2.091875639186,
    0.490999991093));
#6613 = CARTESIAN_POINT('',(1.762155144185,-2.091875639186,
    0.489999991111));
#6614 = CARTESIAN_POINT('',(1.776659766855,-2.07783890757,0.490999991093
    ));
#6615 = CARTESIAN_POINT('',(1.776659766855,-2.07783890757,0.489999991111
    ));
#6616 = CARTESIAN_POINT('',(1.783886084241,-2.058083507519,
    0.490999991093));
#6617 = CARTESIAN_POINT('',(1.783886084241,-2.058083507519,
    0.489999991111));
#6618 = CARTESIAN_POINT('',(1.783886084241,-2.032713414821,
    0.490999991093));
#6619 = CARTESIAN_POINT('',(1.783886084241,-2.032713414821,
    0.489999991111));
#6620 = ADVANCED_FACE('',(#6621),#6640,.T.);
#6621 = FACE_BOUND('',#6622,.T.);
#6622 = EDGE_LOOP('',(#6623,#6632,#6633,#6634));
#6623 = ORIENTED_EDGE('',*,*,#6624,.F.);
#6624 = EDGE_CURVE('',#6596,#6625,#6627,.T.);
#6625 = VERTEX_POINT('',#6626);
#6626 = CARTESIAN_POINT('',(1.761583277341,-1.975422754671,
    0.489999991111));
#6627 = B_SPLINE_CURVE_WITH_KNOTS('',3,(#6628,#6629,#6630,#6631),
  .UNSPECIFIED.,.F.,.F.,(4,4),(4.,5.),.PIECEWISE_BEZIER_KNOTS.);
#6628 = CARTESIAN_POINT('',(1.783886084241,-2.032713414821,
    0.489999991111));
#6629 = CARTESIAN_POINT('',(1.783886084241,-2.007343322123,
    0.489999991111));
#6630 = CARTESIAN_POINT('',(1.776451815274,-1.98821177681,0.489999991111
    ));
#6631 = CARTESIAN_POINT('',(1.761583277341,-1.975422754671,
    0.489999991111));
#6632 = ORIENTED_EDGE('',*,*,#6606,.F.);
#6633 = ORIENTED_EDGE('',*,*,#6311,.T.);
#6634 = ORIENTED_EDGE('',*,*,#6635,.T.);
#6635 = EDGE_CURVE('',#6303,#6625,#6636,.T.);
#6636 = LINE('',#6637,#6638);
#6637 = CARTESIAN_POINT('',(1.761583277341,-1.975422754671,
    0.490999991093));
#6638 = VECTOR('',#6639,1.);
#6639 = DIRECTION('',(-0.,-0.,-1.));
#6640 = B_SPLINE_SURFACE_WITH_KNOTS('',3,1,(
    (#6641,#6642)
    ,(#6643,#6644)
    ,(#6645,#6646)
    ,(#6647,#6648
    )),.UNSPECIFIED.,.F.,.F.,.F.,(4,4),(2,2),(4.,5.),(0.,1.),
  .PIECEWISE_BEZIER_KNOTS.);
#6641 = CARTESIAN_POINT('',(1.783886084241,-2.032713414821,
    0.490999991093));
#6642 = CARTESIAN_POINT('',(1.783886084241,-2.032713414821,
    0.489999991111));
#6643 = CARTESIAN_POINT('',(1.783886084241,-2.007343322123,
    0.490999991093));
#6644 = CARTESIAN_POINT('',(1.783886084241,-2.007343322123,
    0.489999991111));
#6645 = CARTESIAN_POINT('',(1.776451815274,-1.98821177681,0.490999991093
    ));
#6646 = CARTESIAN_POINT('',(1.776451815274,-1.98821177681,0.489999991111
    ));
#6647 = CARTESIAN_POINT('',(1.761583277341,-1.975422754671,
    0.490999991093));
#6648 = CARTESIAN_POINT('',(1.761583277341,-1.975422754671,
    0.489999991111));
#6649 = ADVANCED_FACE('',(#6650),#6662,.T.);
#6650 = FACE_BOUND('',#6651,.T.);
#6651 = EDGE_LOOP('',(#6652,#6659,#6660,#6661));
#6652 = ORIENTED_EDGE('',*,*,#6653,.F.);
#6653 = EDGE_CURVE('',#6625,#6488,#6654,.T.);
#6654 = B_SPLINE_CURVE_WITH_KNOTS('',3,(#6655,#6656,#6657,#6658),
  .UNSPECIFIED.,.F.,.F.,(4,4),(5.,6.),.PIECEWISE_BEZIER_KNOTS.);
#6655 = CARTESIAN_POINT('',(1.761583277341,-1.975422754671,
    0.489999991111));
#6656 = CARTESIAN_POINT('',(1.746714739408,-1.962633732533,
    0.489999991111));
#6657 = CARTESIAN_POINT('',(1.727115303041,-1.956291209357,
    0.489999991111));
#6658 = CARTESIAN_POINT('',(1.70288894403,-1.956291209357,0.489999991111
    ));
#6659 = ORIENTED_EDGE('',*,*,#6635,.F.);
#6660 = ORIENTED_EDGE('',*,*,#6302,.T.);
#6661 = ORIENTED_EDGE('',*,*,#6497,.T.);
#6662 = B_SPLINE_SURFACE_WITH_KNOTS('',3,1,(
    (#6663,#6664)
    ,(#6665,#6666)
    ,(#6667,#6668)
    ,(#6669,#6670
    )),.UNSPECIFIED.,.F.,.F.,.F.,(4,4),(2,2),(5.,6.),(0.,1.),
  .PIECEWISE_BEZIER_KNOTS.);
#6663 = CARTESIAN_POINT('',(1.761583277341,-1.975422754671,
    0.490999991093));
#6664 = CARTESIAN_POINT('',(1.761583277341,-1.975422754671,
    0.489999991111));
#6665 = CARTESIAN_POINT('',(1.746714739408,-1.962633732533,
    0.490999991093));
#6666 = CARTESIAN_POINT('',(1.746714739408,-1.962633732533,
    0.489999991111));
#6667 = CARTESIAN_POINT('',(1.727115303041,-1.956291209357,
    0.490999991093));
#6668 = CARTESIAN_POINT('',(1.727115303041,-1.956291209357,
    0.489999991111));
#6669 = CARTESIAN_POINT('',(1.70288894403,-1.956291209357,0.490999991093
    ));
#6670 = CARTESIAN_POINT('',(1.70288894403,-1.956291209357,0.489999991111
    ));
#6671 = ADVANCED_FACE('',(#6672),#6681,.F.);
#6672 = FACE_BOUND('',#6673,.T.);
#6673 = EDGE_LOOP('',(#6674,#6675,#6676,#6677,#6678,#6679,#6680));
#6674 = ORIENTED_EDGE('',*,*,#6653,.T.);
#6675 = ORIENTED_EDGE('',*,*,#6487,.T.);
#6676 = ORIENTED_EDGE('',*,*,#6518,.T.);
#6677 = ORIENTED_EDGE('',*,*,#6542,.T.);
#6678 = ORIENTED_EDGE('',*,*,#6566,.T.);
#6679 = ORIENTED_EDGE('',*,*,#6595,.T.);
#6680 = ORIENTED_EDGE('',*,*,#6624,.T.);
#6681 = PLANE('',#6682);
#6682 = AXIS2_PLACEMENT_3D('',#6683,#6684,#6685);
#6683 = CARTESIAN_POINT('',(0.,0.,0.489999991111));
#6684 = DIRECTION('',(0.,0.,-1.));
#6685 = DIRECTION('',(-1.,0.,0.));
#6686 = ADVANCED_FACE('',(#6687,#6753),#6805,.F.);
#6687 = FACE_BOUND('',#6688,.T.);
#6688 = EDGE_LOOP('',(#6689,#6699,#6707,#6715,#6723,#6731,#6739,#6747));
#6689 = ORIENTED_EDGE('',*,*,#6690,.T.);
#6690 = EDGE_CURVE('',#6691,#6693,#6695,.T.);
#6691 = VERTEX_POINT('',#6692);
#6692 = CARTESIAN_POINT('',(2.005770419559,-2.136273301407,
    0.490999991093));
#6693 = VERTEX_POINT('',#6694);
#6694 = CARTESIAN_POINT('',(1.928308456199,-1.932896656665,
    0.490999991093));
#6695 = LINE('',#6696,#6697);
#6696 = CARTESIAN_POINT('',(1.928308456199,-1.932896656665,
    0.490999991093));
#6697 = VECTOR('',#6698,1.);
#6698 = DIRECTION('',(-0.355935724364,0.934510438744,0.));
#6699 = ORIENTED_EDGE('',*,*,#6700,.T.);
#6700 = EDGE_CURVE('',#6693,#6701,#6703,.T.);
#6701 = VERTEX_POINT('',#6702);
#6702 = CARTESIAN_POINT('',(1.900234992967,-1.932896656665,
    0.490999991093));
#6703 = LINE('',#6704,#6705);
#6704 = CARTESIAN_POINT('',(1.900234992967,-1.932896656665,
    0.490999991093));
#6705 = VECTOR('',#6706,1.);
#6706 = DIRECTION('',(-1.,-0.,-0.));
#6707 = ORIENTED_EDGE('',*,*,#6708,.T.);
#6708 = EDGE_CURVE('',#6701,#6709,#6711,.T.);
#6709 = VERTEX_POINT('',#6710);
#6710 = CARTESIAN_POINT('',(1.822773029606,-2.136273301407,
    0.490999991093));
#6711 = LINE('',#6712,#6713);
#6712 = CARTESIAN_POINT('',(1.822773029606,-2.136273301407,
    0.490999991093));
#6713 = VECTOR('',#6714,1.);
#6714 = DIRECTION('',(-0.35593572437,-0.934510438742,-0.));
#6715 = ORIENTED_EDGE('',*,*,#6716,.T.);
#6716 = EDGE_CURVE('',#6709,#6717,#6719,.T.);
#6717 = VERTEX_POINT('',#6718);
#6718 = CARTESIAN_POINT('',(1.851782274945,-2.136273301407,
    0.490999991093));
#6719 = LINE('',#6720,#6721);
#6720 = CARTESIAN_POINT('',(1.851782274945,-2.136273301407,
    0.490999991093));
#6721 = VECTOR('',#6722,1.);
#6722 = DIRECTION('',(1.,0.,0.));
#6723 = ORIENTED_EDGE('',*,*,#6724,.T.);
#6724 = EDGE_CURVE('',#6717,#6725,#6727,.T.);
#6725 = VERTEX_POINT('',#6726);
#6726 = CARTESIAN_POINT('',(1.871329723417,-2.080646253894,
    0.490999991093));
#6727 = LINE('',#6728,#6729);
#6728 = CARTESIAN_POINT('',(1.871329723417,-2.080646253894,
    0.490999991093));
#6729 = VECTOR('',#6730,1.);
#6730 = DIRECTION('',(0.331528418358,0.94344523308,0.));
#6731 = ORIENTED_EDGE('',*,*,#6732,.T.);
#6732 = EDGE_CURVE('',#6725,#6733,#6735,.T.);
#6733 = VERTEX_POINT('',#6734);
#6734 = CARTESIAN_POINT('',(1.956018004165,-2.080646253894,
    0.490999991093));
#6735 = LINE('',#6736,#6737);
#6736 = CARTESIAN_POINT('',(1.956018004165,-2.080646253894,
    0.490999991093));
#6737 = VECTOR('',#6738,1.);
#6738 = DIRECTION('',(1.,0.,0.));
#6739 = ORIENTED_EDGE('',*,*,#6740,.T.);
#6740 = EDGE_CURVE('',#6733,#6741,#6743,.T.);
#6741 = VERTEX_POINT('',#6742);
#6742 = CARTESIAN_POINT('',(1.976761174221,-2.136273301407,
    0.490999991093));
#6743 = LINE('',#6744,#6745);
#6744 = CARTESIAN_POINT('',(1.976761174221,-2.136273301407,
    0.490999991093));
#6745 = VECTOR('',#6746,1.);
#6746 = DIRECTION('',(0.349395479497,-0.936975345944,0.));
#6747 = ORIENTED_EDGE('',*,*,#6748,.T.);
#6748 = EDGE_CURVE('',#6741,#6691,#6749,.T.);
#6749 = LINE('',#6750,#6751);
#6750 = CARTESIAN_POINT('',(2.005770419559,-2.136273301407,
    0.490999991093));
#6751 = VECTOR('',#6752,1.);
#6752 = DIRECTION('',(1.,0.,0.));
#6753 = FACE_BOUND('',#6754,.T.);
#6754 = EDGE_LOOP('',(#6755,#6765,#6773,#6782,#6790,#6799));
#6755 = ORIENTED_EDGE('',*,*,#6756,.F.);
#6756 = EDGE_CURVE('',#6757,#6759,#6761,.T.);
#6757 = VERTEX_POINT('',#6758);
#6758 = CARTESIAN_POINT('',(1.879647786598,-2.05766760436,0.490999991093
    ));
#6759 = VERTEX_POINT('',#6760);
#6760 = CARTESIAN_POINT('',(1.947907892566,-2.05766760436,0.490999991093
    ));
#6761 = LINE('',#6762,#6763);
#6762 = CARTESIAN_POINT('',(1.879647786598,-2.05766760436,0.490999991093
    ));
#6763 = VECTOR('',#6764,1.);
#6764 = DIRECTION('',(1.,0.,0.));
#6765 = ORIENTED_EDGE('',*,*,#6766,.F.);
#6766 = EDGE_CURVE('',#6767,#6757,#6769,.T.);
#6767 = VERTEX_POINT('',#6768);
#6768 = CARTESIAN_POINT('',(1.910060705097,-1.973135287296,
    0.490999991093));
#6769 = LINE('',#6770,#6771);
#6770 = CARTESIAN_POINT('',(1.910060705097,-1.973135287296,
    0.490999991093));
#6771 = VECTOR('',#6772,1.);
#6772 = DIRECTION('',(-0.338535034296,-0.940953787683,0.));
#6773 = ORIENTED_EDGE('',*,*,#6774,.F.);
#6774 = EDGE_CURVE('',#6775,#6767,#6777,.T.);
#6775 = VERTEX_POINT('',#6776);
#6776 = CARTESIAN_POINT('',(1.91338793037,-1.958890604102,0.490999991093
    ));
#6777 = B_SPLINE_CURVE_WITH_KNOTS('',3,(#6778,#6779,#6780,#6781),
  .UNSPECIFIED.,.F.,.F.,(4,4),(3.,4.),.PIECEWISE_BEZIER_KNOTS.);
#6778 = CARTESIAN_POINT('',(1.91338793037,-1.958890604102,0.490999991093
    ));
#6779 = CARTESIAN_POINT('',(1.912400160367,-1.965025175697,
    0.490999991093));
#6780 = CARTESIAN_POINT('',(1.911308414576,-1.969808062026,
    0.490999991093));
#6781 = CARTESIAN_POINT('',(1.910060705097,-1.973135287296,
    0.490999991093));
#6782 = ORIENTED_EDGE('',*,*,#6783,.F.);
#6783 = EDGE_CURVE('',#6784,#6775,#6786,.T.);
#6784 = VERTEX_POINT('',#6785);
#6785 = CARTESIAN_POINT('',(1.914011785109,-1.958890604102,
    0.490999991093));
#6786 = LINE('',#6787,#6788);
#6787 = CARTESIAN_POINT('',(1.914011785109,-1.958890604102,
    0.490999991093));
#6788 = VECTOR('',#6789,1.);
#6789 = DIRECTION('',(-1.,0.,0.));
#6790 = ORIENTED_EDGE('',*,*,#6791,.F.);
#6791 = EDGE_CURVE('',#6792,#6784,#6794,.T.);
#6792 = VERTEX_POINT('',#6793);
#6793 = CARTESIAN_POINT('',(1.917183046695,-1.973135287296,
    0.490999991093));
#6794 = B_SPLINE_CURVE_WITH_KNOTS('',3,(#6795,#6796,#6797,#6798),
  .UNSPECIFIED.,.F.,.F.,(4,4),(1.,2.),.PIECEWISE_BEZIER_KNOTS.);
#6795 = CARTESIAN_POINT('',(1.917183046695,-1.973135287296,
    0.490999991093));
#6796 = CARTESIAN_POINT('',(1.916195276694,-1.970327940974,
    0.490999991093));
#6797 = CARTESIAN_POINT('',(1.915155518795,-1.965649030435,
    0.490999991093));
#6798 = CARTESIAN_POINT('',(1.914011785109,-1.958890604102,
    0.490999991093));
#6799 = ORIENTED_EDGE('',*,*,#6800,.F.);
#6800 = EDGE_CURVE('',#6759,#6792,#6801,.T.);
#6801 = LINE('',#6802,#6803);
#6802 = CARTESIAN_POINT('',(1.947907892566,-2.05766760436,0.490999991093
    ));
#6803 = VECTOR('',#6804,1.);
#6804 = DIRECTION('',(-0.34160383069,0.939844041774,0.));
#6805 = PLANE('',#6806);
#6806 = AXIS2_PLACEMENT_3D('',#6807,#6808,#6809);
#6807 = CARTESIAN_POINT('',(0.,0.,0.490999991093));
#6808 = DIRECTION('',(0.,0.,-1.));
#6809 = DIRECTION('',(-1.,0.,0.));
#6810 = ADVANCED_FACE('',(#6811),#6827,.F.);
#6811 = FACE_BOUND('',#6812,.T.);
#6812 = EDGE_LOOP('',(#6813,#6814,#6820,#6821));
#6813 = ORIENTED_EDGE('',*,*,#1195,.T.);
#6814 = ORIENTED_EDGE('',*,*,#6815,.F.);
#6815 = EDGE_CURVE('',#6693,#1198,#6816,.T.);
#6816 = LINE('',#6817,#6818);
#6817 = CARTESIAN_POINT('',(1.928308456199,-1.932896656665,
    0.490999991093));
#6818 = VECTOR('',#6819,1.);
#6819 = DIRECTION('',(-0.,-0.,-1.));
#6820 = ORIENTED_EDGE('',*,*,#6690,.F.);
#6821 = ORIENTED_EDGE('',*,*,#6822,.T.);
#6822 = EDGE_CURVE('',#6691,#1196,#6823,.T.);
#6823 = LINE('',#6824,#6825);
#6824 = CARTESIAN_POINT('',(2.005770419559,-2.136273301407,
    0.490999991093));
#6825 = VECTOR('',#6826,1.);
#6826 = DIRECTION('',(-0.,-0.,-1.));
#6827 = PLANE('',#6828);
#6828 = AXIS2_PLACEMENT_3D('',#6829,#6830,#6831);
#6829 = CARTESIAN_POINT('',(1.928308456199,-1.932896656665,
    0.490999991093));
#6830 = DIRECTION('',(-0.934510438744,-0.355935724364,0.));
#6831 = DIRECTION('',(0.355935724364,-0.934510438744,0.));
#6832 = ADVANCED_FACE('',(#6833),#6844,.F.);
#6833 = FACE_BOUND('',#6834,.T.);
#6834 = EDGE_LOOP('',(#6835,#6836,#6842,#6843));
#6835 = ORIENTED_EDGE('',*,*,#1253,.T.);
#6836 = ORIENTED_EDGE('',*,*,#6837,.F.);
#6837 = EDGE_CURVE('',#6701,#1246,#6838,.T.);
#6838 = LINE('',#6839,#6840);
#6839 = CARTESIAN_POINT('',(1.900234992967,-1.932896656665,
    0.490999991093));
#6840 = VECTOR('',#6841,1.);
#6841 = DIRECTION('',(-0.,-0.,-1.));
#6842 = ORIENTED_EDGE('',*,*,#6700,.F.);
#6843 = ORIENTED_EDGE('',*,*,#6815,.T.);
#6844 = PLANE('',#6845);
#6845 = AXIS2_PLACEMENT_3D('',#6846,#6847,#6848);
#6846 = CARTESIAN_POINT('',(1.900234992967,-1.932896656665,
    0.490999991093));
#6847 = DIRECTION('',(0.,-1.,0.));
#6848 = DIRECTION('',(0.,0.,-1.));
#6849 = ADVANCED_FACE('',(#6850),#6861,.F.);
#6850 = FACE_BOUND('',#6851,.T.);
#6851 = EDGE_LOOP('',(#6852,#6853,#6859,#6860));
#6852 = ORIENTED_EDGE('',*,*,#1245,.T.);
#6853 = ORIENTED_EDGE('',*,*,#6854,.F.);
#6854 = EDGE_CURVE('',#6709,#1238,#6855,.T.);
#6855 = LINE('',#6856,#6857);
#6856 = CARTESIAN_POINT('',(1.822773029606,-2.136273301407,
    0.490999991093));
#6857 = VECTOR('',#6858,1.);
#6858 = DIRECTION('',(-0.,-0.,-1.));
#6859 = ORIENTED_EDGE('',*,*,#6708,.F.);
#6860 = ORIENTED_EDGE('',*,*,#6837,.T.);
#6861 = PLANE('',#6862);
#6862 = AXIS2_PLACEMENT_3D('',#6863,#6864,#6865);
#6863 = CARTESIAN_POINT('',(1.822773029606,-2.136273301407,
    0.490999991093));
#6864 = DIRECTION('',(0.934510438742,-0.35593572437,0.));
#6865 = DIRECTION('',(0.35593572437,0.934510438742,0.));
#6866 = ADVANCED_FACE('',(#6867),#6878,.F.);
#6867 = FACE_BOUND('',#6868,.T.);
#6868 = EDGE_LOOP('',(#6869,#6870,#6876,#6877));
#6869 = ORIENTED_EDGE('',*,*,#1237,.T.);
#6870 = ORIENTED_EDGE('',*,*,#6871,.F.);
#6871 = EDGE_CURVE('',#6717,#1230,#6872,.T.);
#6872 = LINE('',#6873,#6874);
#6873 = CARTESIAN_POINT('',(1.851782274945,-2.136273301407,
    0.490999991093));
#6874 = VECTOR('',#6875,1.);
#6875 = DIRECTION('',(-0.,-0.,-1.));
#6876 = ORIENTED_EDGE('',*,*,#6716,.F.);
#6877 = ORIENTED_EDGE('',*,*,#6854,.T.);
#6878 = PLANE('',#6879);
#6879 = AXIS2_PLACEMENT_3D('',#6880,#6881,#6882);
#6880 = CARTESIAN_POINT('',(1.851782274945,-2.136273301407,
    0.490999991093));
#6881 = DIRECTION('',(0.,1.,0.));
#6882 = DIRECTION('',(0.,-0.,1.));
#6883 = ADVANCED_FACE('',(#6884),#6895,.F.);
#6884 = FACE_BOUND('',#6885,.T.);
#6885 = EDGE_LOOP('',(#6886,#6887,#6893,#6894));
#6886 = ORIENTED_EDGE('',*,*,#1229,.T.);
#6887 = ORIENTED_EDGE('',*,*,#6888,.F.);
#6888 = EDGE_CURVE('',#6725,#1222,#6889,.T.);
#6889 = LINE('',#6890,#6891);
#6890 = CARTESIAN_POINT('',(1.871329723417,-2.080646253894,
    0.490999991093));
#6891 = VECTOR('',#6892,1.);
#6892 = DIRECTION('',(-0.,-0.,-1.));
#6893 = ORIENTED_EDGE('',*,*,#6724,.F.);
#6894 = ORIENTED_EDGE('',*,*,#6871,.T.);
#6895 = PLANE('',#6896);
#6896 = AXIS2_PLACEMENT_3D('',#6897,#6898,#6899);
#6897 = CARTESIAN_POINT('',(1.871329723417,-2.080646253894,
    0.490999991093));
#6898 = DIRECTION('',(-0.94344523308,0.331528418358,0.));
#6899 = DIRECTION('',(-0.331528418358,-0.94344523308,0.));
#6900 = ADVANCED_FACE('',(#6901),#6912,.F.);
#6901 = FACE_BOUND('',#6902,.T.);
#6902 = EDGE_LOOP('',(#6903,#6904,#6910,#6911));
#6903 = ORIENTED_EDGE('',*,*,#1221,.T.);
#6904 = ORIENTED_EDGE('',*,*,#6905,.F.);
#6905 = EDGE_CURVE('',#6733,#1214,#6906,.T.);
#6906 = LINE('',#6907,#6908);
#6907 = CARTESIAN_POINT('',(1.956018004165,-2.080646253894,
    0.490999991093));
#6908 = VECTOR('',#6909,1.);
#6909 = DIRECTION('',(-0.,-0.,-1.));
#6910 = ORIENTED_EDGE('',*,*,#6732,.F.);
#6911 = ORIENTED_EDGE('',*,*,#6888,.T.);
#6912 = PLANE('',#6913);
#6913 = AXIS2_PLACEMENT_3D('',#6914,#6915,#6916);
#6914 = CARTESIAN_POINT('',(1.956018004165,-2.080646253894,
    0.490999991093));
#6915 = DIRECTION('',(0.,1.,0.));
#6916 = DIRECTION('',(0.,-0.,1.));
#6917 = ADVANCED_FACE('',(#6918),#6929,.F.);
#6918 = FACE_BOUND('',#6919,.T.);
#6919 = EDGE_LOOP('',(#6920,#6921,#6927,#6928));
#6920 = ORIENTED_EDGE('',*,*,#1213,.T.);
#6921 = ORIENTED_EDGE('',*,*,#6922,.F.);
#6922 = EDGE_CURVE('',#6741,#1206,#6923,.T.);
#6923 = LINE('',#6924,#6925);
#6924 = CARTESIAN_POINT('',(1.976761174221,-2.136273301407,
    0.490999991093));
#6925 = VECTOR('',#6926,1.);
#6926 = DIRECTION('',(-0.,-0.,-1.));
#6927 = ORIENTED_EDGE('',*,*,#6740,.F.);
#6928 = ORIENTED_EDGE('',*,*,#6905,.T.);
#6929 = PLANE('',#6930);
#6930 = AXIS2_PLACEMENT_3D('',#6931,#6932,#6933);
#6931 = CARTESIAN_POINT('',(1.976761174221,-2.136273301407,
    0.490999991093));
#6932 = DIRECTION('',(0.936975345944,0.349395479497,0.));
#6933 = DIRECTION('',(-0.349395479497,0.936975345944,0.));
#6934 = ADVANCED_FACE('',(#6935),#6941,.F.);
#6935 = FACE_BOUND('',#6936,.T.);
#6936 = EDGE_LOOP('',(#6937,#6938,#6939,#6940));
#6937 = ORIENTED_EDGE('',*,*,#1205,.T.);
#6938 = ORIENTED_EDGE('',*,*,#6822,.F.);
#6939 = ORIENTED_EDGE('',*,*,#6748,.F.);
#6940 = ORIENTED_EDGE('',*,*,#6922,.T.);
#6941 = PLANE('',#6942);
#6942 = AXIS2_PLACEMENT_3D('',#6943,#6944,#6945);
#6943 = CARTESIAN_POINT('',(2.005770419559,-2.136273301407,
    0.490999991093));
#6944 = DIRECTION('',(0.,1.,0.));
#6945 = DIRECTION('',(0.,-0.,1.));
#6946 = ADVANCED_FACE('',(#6947),#6972,.T.);
#6947 = FACE_BOUND('',#6948,.T.);
#6948 = EDGE_LOOP('',(#6949,#6959,#6965,#6966));
#6949 = ORIENTED_EDGE('',*,*,#6950,.F.);
#6950 = EDGE_CURVE('',#6951,#6953,#6955,.T.);
#6951 = VERTEX_POINT('',#6952);
#6952 = CARTESIAN_POINT('',(1.879647786598,-2.05766760436,0.489999991111
    ));
#6953 = VERTEX_POINT('',#6954);
#6954 = CARTESIAN_POINT('',(1.947907892566,-2.05766760436,0.489999991111
    ));
#6955 = LINE('',#6956,#6957);
#6956 = CARTESIAN_POINT('',(1.879647786598,-2.05766760436,0.489999991111
    ));
#6957 = VECTOR('',#6958,1.);
#6958 = DIRECTION('',(1.,0.,0.));
#6959 = ORIENTED_EDGE('',*,*,#6960,.F.);
#6960 = EDGE_CURVE('',#6757,#6951,#6961,.T.);
#6961 = LINE('',#6962,#6963);
#6962 = CARTESIAN_POINT('',(1.879647786598,-2.05766760436,0.490999991093
    ));
#6963 = VECTOR('',#6964,1.);
#6964 = DIRECTION('',(-0.,-0.,-1.));
#6965 = ORIENTED_EDGE('',*,*,#6756,.T.);
#6966 = ORIENTED_EDGE('',*,*,#6967,.T.);
#6967 = EDGE_CURVE('',#6759,#6953,#6968,.T.);
#6968 = LINE('',#6969,#6970);
#6969 = CARTESIAN_POINT('',(1.947907892566,-2.05766760436,0.490999991093
    ));
#6970 = VECTOR('',#6971,1.);
#6971 = DIRECTION('',(-0.,-0.,-1.));
#6972 = PLANE('',#6973);
#6973 = AXIS2_PLACEMENT_3D('',#6974,#6975,#6976);
#6974 = CARTESIAN_POINT('',(1.879647786598,-2.05766760436,0.490999991093
    ));
#6975 = DIRECTION('',(0.,1.,0.));
#6976 = DIRECTION('',(0.,-0.,1.));
#6977 = ADVANCED_FACE('',(#6978),#6996,.T.);
#6978 = FACE_BOUND('',#6979,.T.);
#6979 = EDGE_LOOP('',(#6980,#6988,#6989,#6990));
#6980 = ORIENTED_EDGE('',*,*,#6981,.F.);
#6981 = EDGE_CURVE('',#6953,#6982,#6984,.T.);
#6982 = VERTEX_POINT('',#6983);
#6983 = CARTESIAN_POINT('',(1.917183046695,-1.973135287296,
    0.489999991111));
#6984 = LINE('',#6985,#6986);
#6985 = CARTESIAN_POINT('',(1.947907892566,-2.05766760436,0.489999991111
    ));
#6986 = VECTOR('',#6987,1.);
#6987 = DIRECTION('',(-0.34160383069,0.939844041774,0.));
#6988 = ORIENTED_EDGE('',*,*,#6967,.F.);
#6989 = ORIENTED_EDGE('',*,*,#6800,.T.);
#6990 = ORIENTED_EDGE('',*,*,#6991,.T.);
#6991 = EDGE_CURVE('',#6792,#6982,#6992,.T.);
#6992 = LINE('',#6993,#6994);
#6993 = CARTESIAN_POINT('',(1.917183046695,-1.973135287296,
    0.490999991093));
#6994 = VECTOR('',#6995,1.);
#6995 = DIRECTION('',(-0.,-0.,-1.));
#6996 = PLANE('',#6997);
#6997 = AXIS2_PLACEMENT_3D('',#6998,#6999,#7000);
#6998 = CARTESIAN_POINT('',(1.947907892566,-2.05766760436,0.490999991093
    ));
#6999 = DIRECTION('',(-0.939844041774,-0.34160383069,0.));
#7000 = DIRECTION('',(0.34160383069,-0.939844041774,0.));
#7001 = ADVANCED_FACE('',(#7002),#7021,.T.);
#7002 = FACE_BOUND('',#7003,.T.);
#7003 = EDGE_LOOP('',(#7004,#7013,#7014,#7015));
#7004 = ORIENTED_EDGE('',*,*,#7005,.F.);
#7005 = EDGE_CURVE('',#6982,#7006,#7008,.T.);
#7006 = VERTEX_POINT('',#7007);
#7007 = CARTESIAN_POINT('',(1.914011785109,-1.958890604102,
    0.489999991111));
#7008 = B_SPLINE_CURVE_WITH_KNOTS('',3,(#7009,#7010,#7011,#7012),
  .UNSPECIFIED.,.F.,.F.,(4,4),(1.,2.),.PIECEWISE_BEZIER_KNOTS.);
#7009 = CARTESIAN_POINT('',(1.917183046695,-1.973135287296,
    0.489999991111));
#7010 = CARTESIAN_POINT('',(1.916195276694,-1.970327940974,
    0.489999991111));
#7011 = CARTESIAN_POINT('',(1.915155518795,-1.965649030435,
    0.489999991111));
#7012 = CARTESIAN_POINT('',(1.914011785109,-1.958890604102,
    0.489999991111));
#7013 = ORIENTED_EDGE('',*,*,#6991,.F.);
#7014 = ORIENTED_EDGE('',*,*,#6791,.T.);
#7015 = ORIENTED_EDGE('',*,*,#7016,.T.);
#7016 = EDGE_CURVE('',#6784,#7006,#7017,.T.);
#7017 = LINE('',#7018,#7019);
#7018 = CARTESIAN_POINT('',(1.914011785109,-1.958890604102,
    0.490999991093));
#7019 = VECTOR('',#7020,1.);
#7020 = DIRECTION('',(-0.,-0.,-1.));
#7021 = B_SPLINE_SURFACE_WITH_KNOTS('',3,1,(
    (#7022,#7023)
    ,(#7024,#7025)
    ,(#7026,#7027)
    ,(#7028,#7029
    )),.UNSPECIFIED.,.F.,.F.,.F.,(4,4),(2,2),(1.,2.),(0.,1.),
  .PIECEWISE_BEZIER_KNOTS.);
#7022 = CARTESIAN_POINT('',(1.917183046695,-1.973135287296,
    0.490999991093));
#7023 = CARTESIAN_POINT('',(1.917183046695,-1.973135287296,
    0.489999991111));
#7024 = CARTESIAN_POINT('',(1.916195276694,-1.970327940974,
    0.490999991093));
#7025 = CARTESIAN_POINT('',(1.916195276694,-1.970327940974,
    0.489999991111));
#7026 = CARTESIAN_POINT('',(1.915155518795,-1.965649030435,
    0.490999991093));
#7027 = CARTESIAN_POINT('',(1.915155518795,-1.965649030435,
    0.489999991111));
#7028 = CARTESIAN_POINT('',(1.914011785109,-1.958890604102,
    0.490999991093));
#7029 = CARTESIAN_POINT('',(1.914011785109,-1.958890604102,
    0.489999991111));
#7030 = ADVANCED_FACE('',(#7031),#7049,.T.);
#7031 = FACE_BOUND('',#7032,.T.);
#7032 = EDGE_LOOP('',(#7033,#7041,#7042,#7043));
#7033 = ORIENTED_EDGE('',*,*,#7034,.F.);
#7034 = EDGE_CURVE('',#7006,#7035,#7037,.T.);
#7035 = VERTEX_POINT('',#7036);
#7036 = CARTESIAN_POINT('',(1.91338793037,-1.958890604102,0.489999991111
    ));
#7037 = LINE('',#7038,#7039);
#7038 = CARTESIAN_POINT('',(1.914011785109,-1.958890604102,
    0.489999991111));
#7039 = VECTOR('',#7040,1.);
#7040 = DIRECTION('',(-1.,0.,0.));
#7041 = ORIENTED_EDGE('',*,*,#7016,.F.);
#7042 = ORIENTED_EDGE('',*,*,#6783,.T.);
#7043 = ORIENTED_EDGE('',*,*,#7044,.T.);
#7044 = EDGE_CURVE('',#6775,#7035,#7045,.T.);
#7045 = LINE('',#7046,#7047);
#7046 = CARTESIAN_POINT('',(1.91338793037,-1.958890604102,0.490999991093
    ));
#7047 = VECTOR('',#7048,1.);
#7048 = DIRECTION('',(-0.,-0.,-1.));
#7049 = PLANE('',#7050);
#7050 = AXIS2_PLACEMENT_3D('',#7051,#7052,#7053);
#7051 = CARTESIAN_POINT('',(1.914011785109,-1.958890604102,
    0.490999991093));
#7052 = DIRECTION('',(0.,-1.,0.));
#7053 = DIRECTION('',(0.,0.,-1.));
#7054 = ADVANCED_FACE('',(#7055),#7074,.T.);
#7055 = FACE_BOUND('',#7056,.T.);
#7056 = EDGE_LOOP('',(#7057,#7066,#7067,#7068));
#7057 = ORIENTED_EDGE('',*,*,#7058,.F.);
#7058 = EDGE_CURVE('',#7035,#7059,#7061,.T.);
#7059 = VERTEX_POINT('',#7060);
#7060 = CARTESIAN_POINT('',(1.910060705097,-1.973135287296,
    0.489999991111));
#7061 = B_SPLINE_CURVE_WITH_KNOTS('',3,(#7062,#7063,#7064,#7065),
  .UNSPECIFIED.,.F.,.F.,(4,4),(3.,4.),.PIECEWISE_BEZIER_KNOTS.);
#7062 = CARTESIAN_POINT('',(1.91338793037,-1.958890604102,0.489999991111
    ));
#7063 = CARTESIAN_POINT('',(1.912400160367,-1.965025175697,
    0.489999991111));
#7064 = CARTESIAN_POINT('',(1.911308414576,-1.969808062026,
    0.489999991111));
#7065 = CARTESIAN_POINT('',(1.910060705097,-1.973135287296,
    0.489999991111));
#7066 = ORIENTED_EDGE('',*,*,#7044,.F.);
#7067 = ORIENTED_EDGE('',*,*,#6774,.T.);
#7068 = ORIENTED_EDGE('',*,*,#7069,.T.);
#7069 = EDGE_CURVE('',#6767,#7059,#7070,.T.);
#7070 = LINE('',#7071,#7072);
#7071 = CARTESIAN_POINT('',(1.910060705097,-1.973135287296,
    0.490999991093));
#7072 = VECTOR('',#7073,1.);
#7073 = DIRECTION('',(-0.,-0.,-1.));
#7074 = B_SPLINE_SURFACE_WITH_KNOTS('',3,1,(
    (#7075,#7076)
    ,(#7077,#7078)
    ,(#7079,#7080)
    ,(#7081,#7082
    )),.UNSPECIFIED.,.F.,.F.,.F.,(4,4),(2,2),(3.,4.),(0.,1.),
  .PIECEWISE_BEZIER_KNOTS.);
#7075 = CARTESIAN_POINT('',(1.91338793037,-1.958890604102,0.490999991093
    ));
#7076 = CARTESIAN_POINT('',(1.91338793037,-1.958890604102,0.489999991111
    ));
#7077 = CARTESIAN_POINT('',(1.912400160367,-1.965025175697,
    0.490999991093));
#7078 = CARTESIAN_POINT('',(1.912400160367,-1.965025175697,
    0.489999991111));
#7079 = CARTESIAN_POINT('',(1.911308414576,-1.969808062026,
    0.490999991093));
#7080 = CARTESIAN_POINT('',(1.911308414576,-1.969808062026,
    0.489999991111));
#7081 = CARTESIAN_POINT('',(1.910060705097,-1.973135287296,
    0.490999991093));
#7082 = CARTESIAN_POINT('',(1.910060705097,-1.973135287296,
    0.489999991111));
#7083 = ADVANCED_FACE('',(#7084),#7095,.T.);
#7084 = FACE_BOUND('',#7085,.T.);
#7085 = EDGE_LOOP('',(#7086,#7092,#7093,#7094));
#7086 = ORIENTED_EDGE('',*,*,#7087,.F.);
#7087 = EDGE_CURVE('',#7059,#6951,#7088,.T.);
#7088 = LINE('',#7089,#7090);
#7089 = CARTESIAN_POINT('',(1.910060705097,-1.973135287296,
    0.489999991111));
#7090 = VECTOR('',#7091,1.);
#7091 = DIRECTION('',(-0.338535034296,-0.940953787683,0.));
#7092 = ORIENTED_EDGE('',*,*,#7069,.F.);
#7093 = ORIENTED_EDGE('',*,*,#6766,.T.);
#7094 = ORIENTED_EDGE('',*,*,#6960,.T.);
#7095 = PLANE('',#7096);
#7096 = AXIS2_PLACEMENT_3D('',#7097,#7098,#7099);
#7097 = CARTESIAN_POINT('',(1.910060705097,-1.973135287296,
    0.490999991093));
#7098 = DIRECTION('',(0.940953787683,-0.338535034296,0.));
#7099 = DIRECTION('',(0.338535034296,0.940953787683,0.));
#7100 = ADVANCED_FACE('',(#7101),#7109,.F.);
#7101 = FACE_BOUND('',#7102,.T.);
#7102 = EDGE_LOOP('',(#7103,#7104,#7105,#7106,#7107,#7108));
#7103 = ORIENTED_EDGE('',*,*,#7087,.T.);
#7104 = ORIENTED_EDGE('',*,*,#6950,.T.);
#7105 = ORIENTED_EDGE('',*,*,#6981,.T.);
#7106 = ORIENTED_EDGE('',*,*,#7005,.T.);
#7107 = ORIENTED_EDGE('',*,*,#7034,.T.);
#7108 = ORIENTED_EDGE('',*,*,#7058,.T.);
#7109 = PLANE('',#7110);
#7110 = AXIS2_PLACEMENT_3D('',#7111,#7112,#7113);
#7111 = CARTESIAN_POINT('',(0.,0.,0.489999991111));
#7112 = DIRECTION('',(0.,0.,-1.));
#7113 = DIRECTION('',(-1.,0.,0.));
#7114 = ADVANCED_FACE('',(#7115,#7409),#7434,.F.);
#7115 = FACE_BOUND('',#7116,.T.);
#7116 = EDGE_LOOP('',(#7117,#7128,#7137,#7146,#7155,#7164,#7173,#7182,
    #7191,#7200,#7209,#7218,#7227,#7236,#7244,#7252,#7260,#7269,#7278,
    #7287,#7296,#7305,#7314,#7323,#7332,#7341,#7350,#7358,#7367,#7376,
    #7385,#7393,#7402));
#7117 = ORIENTED_EDGE('',*,*,#7118,.T.);
#7118 = EDGE_CURVE('',#7119,#7121,#7123,.T.);
#7119 = VERTEX_POINT('',#7120);
#7120 = CARTESIAN_POINT('',(0.768310245801,-1.934540444628,
    0.490999991093));
#7121 = VERTEX_POINT('',#7122);
#7122 = CARTESIAN_POINT('',(0.625157551607,-1.745116178363,
    0.490999991093));
#7123 = B_SPLINE_CURVE_WITH_KNOTS('',3,(#7124,#7125,#7126,#7127),
  .UNSPECIFIED.,.F.,.F.,(4,4),(35.,36.),.PIECEWISE_BEZIER_KNOTS.);
#7124 = CARTESIAN_POINT('',(0.768310245801,-1.934540444628,
    0.490999991093));
#7125 = CARTESIAN_POINT('',(0.76686428072,-1.847781271128,0.490999991093
    ));
#7126 = CARTESIAN_POINT('',(0.707578774706,-1.77114393593,0.490999991093
    ));
#7127 = CARTESIAN_POINT('',(0.625157551607,-1.745116178363,
    0.490999991093));
#7128 = ORIENTED_EDGE('',*,*,#7129,.T.);
#7129 = EDGE_CURVE('',#7121,#7130,#7132,.T.);
#7130 = VERTEX_POINT('',#7131);
#7131 = CARTESIAN_POINT('',(0.547074223749,-1.630883192582,
    0.490999991093));
#7132 = B_SPLINE_CURVE_WITH_KNOTS('',3,(#7133,#7134,#7135,#7136),
  .UNSPECIFIED.,.F.,.F.,(4,4),(0.,1.),.PIECEWISE_BEZIER_KNOTS.);
#7133 = CARTESIAN_POINT('',(0.625157551607,-1.745116178363,
    0.490999991093));
#7134 = CARTESIAN_POINT('',(0.609251715084,-1.701736564034,
    0.490999991093));
#7135 = CARTESIAN_POINT('',(0.581777937277,-1.662694913894,
    0.490999991093));
#7136 = CARTESIAN_POINT('',(0.547074223749,-1.630883192582,
    0.490999991093));
#7137 = ORIENTED_EDGE('',*,*,#7138,.T.);
#7138 = EDGE_CURVE('',#7130,#7139,#7141,.T.);
#7139 = VERTEX_POINT('',#7140);
#7140 = CARTESIAN_POINT('',(0.350419994182,-1.555691856939,
    0.490999991093));
#7141 = B_SPLINE_CURVE_WITH_KNOTS('',3,(#7142,#7143,#7144,#7145),
  .UNSPECIFIED.,.F.,.F.,(4,4),(1.,2.),.PIECEWISE_BEZIER_KNOTS.);
#7142 = CARTESIAN_POINT('',(0.547074223749,-1.630883192582,
    0.490999991093));
#7143 = CARTESIAN_POINT('',(0.492126723296,-1.583165612336,
    0.490999991093));
#7144 = CARTESIAN_POINT('',(0.422719351399,-1.555691856939,
    0.490999991093));
#7145 = CARTESIAN_POINT('',(0.350419994182,-1.555691856939,
    0.490999991093));
#7146 = ORIENTED_EDGE('',*,*,#7147,.T.);
#7147 = EDGE_CURVE('',#7139,#7148,#7150,.T.);
#7148 = VERTEX_POINT('',#7149);
#7149 = CARTESIAN_POINT('',(0.176901536861,-1.612085356947,
    0.490999991093));
#7150 = B_SPLINE_CURVE_WITH_KNOTS('',3,(#7151,#7152,#7153,#7154),
  .UNSPECIFIED.,.F.,.F.,(4,4),(2.,3.),.PIECEWISE_BEZIER_KNOTS.);
#7151 = CARTESIAN_POINT('',(0.350419994182,-1.555691856939,
    0.490999991093));
#7152 = CARTESIAN_POINT('',(0.286796565347,-1.555691856939,
    0.490999991093));
#7153 = CARTESIAN_POINT('',(0.227511086913,-1.575935676614,
    0.490999991093));
#7154 = CARTESIAN_POINT('',(0.176901536861,-1.612085356947,
    0.490999991093));
#7155 = ORIENTED_EDGE('',*,*,#7156,.T.);
#7156 = EDGE_CURVE('',#7148,#7157,#7159,.T.);
#7157 = VERTEX_POINT('',#7158);
#7158 = CARTESIAN_POINT('',(0.113278108026,-1.675708792677,
    0.490999991093));
#7159 = B_SPLINE_CURVE_WITH_KNOTS('',3,(#7160,#7161,#7162,#7163),
  .UNSPECIFIED.,.F.,.F.,(4,4),(3.,4.),.PIECEWISE_BEZIER_KNOTS.);
#7160 = CARTESIAN_POINT('',(0.176901536861,-1.612085356947,
    0.490999991093));
#7161 = CARTESIAN_POINT('',(0.152319744375,-1.629437206816,
    0.490999991093));
#7162 = CARTESIAN_POINT('',(0.13207592987,-1.651127013981,0.490999991093
    ));
#7163 = CARTESIAN_POINT('',(0.113278108026,-1.675708792677,
    0.490999991093));
#7164 = ORIENTED_EDGE('',*,*,#7165,.T.);
#7165 = EDGE_CURVE('',#7157,#7166,#7168,.T.);
#7166 = VERTEX_POINT('',#7167);
#7167 = CARTESIAN_POINT('',(8.002041473793E-02,-1.672816821146,
    0.490999991093));
#7168 = B_SPLINE_CURVE_WITH_KNOTS('',3,(#7169,#7170,#7171,#7172),
  .UNSPECIFIED.,.F.,.F.,(4,4),(4.,5.),.PIECEWISE_BEZIER_KNOTS.);
#7169 = CARTESIAN_POINT('',(0.113278108026,-1.675708792677,
    0.490999991093));
#7170 = CARTESIAN_POINT('',(0.101710221903,-1.674262800016,
    0.490999991093));
#7171 = CARTESIAN_POINT('',(9.158830086085E-02,-1.672816821146,
    0.490999991093));
#7172 = CARTESIAN_POINT('',(8.002041473793E-02,-1.672816821146,
    0.490999991093));
#7173 = ORIENTED_EDGE('',*,*,#7174,.T.);
#7174 = EDGE_CURVE('',#7166,#7175,#7177,.T.);
#7175 = VERTEX_POINT('',#7176);
#7176 = CARTESIAN_POINT('',(-8.626810686108E-02,-1.742224206833,
    0.490999991093));
#7177 = B_SPLINE_CURVE_WITH_KNOTS('',3,(#7178,#7179,#7180,#7181),
  .UNSPECIFIED.,.F.,.F.,(4,4),(5.,6.),.PIECEWISE_BEZIER_KNOTS.);
#7178 = CARTESIAN_POINT('',(8.002041473793E-02,-1.672816821146,
    0.490999991093));
#7179 = CARTESIAN_POINT('',(1.784296477321E-02,-1.672816821146,
    0.490999991093));
#7180 = CARTESIAN_POINT('',(-4.144249987076E-02,-1.697398599841,
    0.490999991093));
#7181 = CARTESIAN_POINT('',(-8.626810686108E-02,-1.742224206833,
    0.490999991093));
#7182 = ORIENTED_EDGE('',*,*,#7183,.T.);
#7183 = EDGE_CURVE('',#7175,#7184,#7186,.T.);
#7184 = VERTEX_POINT('',#7185);
#7185 = CARTESIAN_POINT('',(-0.154229541257,-1.907066721981,
    0.490999991093));
#7186 = B_SPLINE_CURVE_WITH_KNOTS('',3,(#7187,#7188,#7189,#7190),
  .UNSPECIFIED.,.F.,.F.,(4,4),(6.,7.),.PIECEWISE_BEZIER_KNOTS.);
#7187 = CARTESIAN_POINT('',(-8.626810686108E-02,-1.742224206833,
    0.490999991093));
#7188 = CARTESIAN_POINT('',(-0.129647759114,-1.785603807373,
    0.490999991093));
#7189 = CARTESIAN_POINT('',(-0.154229541257,-1.844889285808,
    0.490999991093));
#7190 = CARTESIAN_POINT('',(-0.154229541257,-1.907066721981,
    0.490999991093));
#7191 = ORIENTED_EDGE('',*,*,#7192,.T.);
#7192 = EDGE_CURVE('',#7184,#7193,#7195,.T.);
#7193 = VERTEX_POINT('',#7194);
#7194 = CARTESIAN_POINT('',(-9.349808395259E-02,-2.064679287619,
    0.490999991093));
#7195 = B_SPLINE_CURVE_WITH_KNOTS('',3,(#7196,#7197,#7198,#7199),
  .UNSPECIFIED.,.F.,.F.,(4,4),(7.,8.),.PIECEWISE_BEZIER_KNOTS.);
#7196 = CARTESIAN_POINT('',(-0.154229541257,-1.907066721981,
    0.490999991093));
#7197 = CARTESIAN_POINT('',(-0.154229541257,-1.964906207756,
    0.490999991093));
#7198 = CARTESIAN_POINT('',(-0.132539734093,-2.021299728449,
    0.490999991093));
#7199 = CARTESIAN_POINT('',(-9.349808395259E-02,-2.064679287619,
    0.490999991093));
#7200 = ORIENTED_EDGE('',*,*,#7201,.T.);
#7201 = EDGE_CURVE('',#7193,#7202,#7204,.T.);
#7202 = VERTEX_POINT('',#7203);
#7203 = CARTESIAN_POINT('',(2.218088759394E-02,-2.134086659515,
    0.490999991093));
#7204 = B_SPLINE_CURVE_WITH_KNOTS('',3,(#7205,#7206,#7207,#7208),
  .UNSPECIFIED.,.F.,.F.,(4,4),(8.,9.),.PIECEWISE_BEZIER_KNOTS.);
#7205 = CARTESIAN_POINT('',(-9.349808395259E-02,-2.064679287619,
    0.490999991093));
#7206 = CARTESIAN_POINT('',(-6.168636953592E-02,-2.099383001148,
    0.490999991093));
#7207 = CARTESIAN_POINT('',(-2.264470560637E-02,-2.122518773392,
    0.490999991093));
#7208 = CARTESIAN_POINT('',(2.218088759394E-02,-2.134086659515,
    0.490999991093));
#7209 = ORIENTED_EDGE('',*,*,#7210,.T.);
#7210 = EDGE_CURVE('',#7202,#7211,#7213,.T.);
#7211 = VERTEX_POINT('',#7212);
#7212 = CARTESIAN_POINT('',(0.159549680097,-2.232413774299,
    0.490999991093));
#7213 = B_SPLINE_CURVE_WITH_KNOTS('',3,(#7214,#7215,#7216,#7217),
  .UNSPECIFIED.,.F.,.F.,(4,4),(9.,10.),.PIECEWISE_BEZIER_KNOTS.);
#7214 = CARTESIAN_POINT('',(2.218088759394E-02,-2.134086659515,
    0.490999991093));
#7215 = CARTESIAN_POINT('',(4.097872322836E-02,-2.19192614529,
    0.490999991093));
#7216 = CARTESIAN_POINT('',(9.592622368157E-02,-2.232413774299,
    0.490999991093));
#7217 = CARTESIAN_POINT('',(0.159549680097,-2.232413774299,
    0.490999991093));
#7218 = ORIENTED_EDGE('',*,*,#7219,.T.);
#7219 = EDGE_CURVE('',#7211,#7220,#7222,.T.);
#7220 = VERTEX_POINT('',#7221);
#7221 = CARTESIAN_POINT('',(0.304148394532,-2.087815059865,
    0.490999991093));
#7222 = B_SPLINE_CURVE_WITH_KNOTS('',3,(#7223,#7224,#7225,#7226),
  .UNSPECIFIED.,.F.,.F.,(4,4),(10.,11.),.PIECEWISE_BEZIER_KNOTS.);
#7223 = CARTESIAN_POINT('',(0.159549680097,-2.232413774299,
    0.490999991093));
#7224 = CARTESIAN_POINT('',(0.239078973035,-2.232413774299,
    0.490999991093));
#7225 = CARTESIAN_POINT('',(0.304148394532,-2.167344352804,
    0.490999991093));
#7226 = CARTESIAN_POINT('',(0.304148394532,-2.087815059865,
    0.490999991093));
#7227 = ORIENTED_EDGE('',*,*,#7228,.T.);
#7228 = EDGE_CURVE('',#7220,#7229,#7231,.T.);
#7229 = VERTEX_POINT('',#7230);
#7230 = CARTESIAN_POINT('',(0.304148394532,-2.073355188421,
    0.490999991093));
#7231 = B_SPLINE_CURVE_WITH_KNOTS('',3,(#7232,#7233,#7234,#7235),
  .UNSPECIFIED.,.F.,.F.,(4,4),(11.,12.),.PIECEWISE_BEZIER_KNOTS.);
#7232 = CARTESIAN_POINT('',(0.304148394532,-2.087815059865,
    0.490999991093));
#7233 = CARTESIAN_POINT('',(0.304148394532,-2.083477109464,
    0.490999991093));
#7234 = CARTESIAN_POINT('',(0.304148394532,-2.079139159062,
    0.490999991093));
#7235 = CARTESIAN_POINT('',(0.304148394532,-2.073355188421,
    0.490999991093));
#7236 = ORIENTED_EDGE('',*,*,#7237,.T.);
#7237 = EDGE_CURVE('',#7229,#7238,#7240,.T.);
#7238 = VERTEX_POINT('',#7239);
#7239 = CARTESIAN_POINT('',(0.506586594739,-1.966352145256,
    0.490999991093));
#7240 = LINE('',#7241,#7242);
#7241 = CARTESIAN_POINT('',(0.304148394532,-2.073355188421,
    0.490999991093));
#7242 = VECTOR('',#7243,1.);
#7243 = DIRECTION('',(0.884094950248,0.467307306755,0.));
#7244 = ORIENTED_EDGE('',*,*,#7245,.T.);
#7245 = EDGE_CURVE('',#7238,#7246,#7248,.T.);
#7246 = VERTEX_POINT('',#7247);
#7247 = CARTESIAN_POINT('',(0.461761015328,-1.889714810058,
    0.490999991093));
#7248 = LINE('',#7249,#7250);
#7249 = CARTESIAN_POINT('',(0.506586594739,-1.966352145256,
    0.490999991093));
#7250 = VECTOR('',#7251,1.);
#7251 = DIRECTION('',(-0.50488304865,0.863187758941,0.));
#7252 = ORIENTED_EDGE('',*,*,#7253,.T.);
#7253 = EDGE_CURVE('',#7246,#7254,#7256,.T.);
#7254 = VERTEX_POINT('',#7255);
#7255 = CARTESIAN_POINT('',(0.267998743503,-1.990933910161,
    0.490999991093));
#7256 = LINE('',#7257,#7258);
#7257 = CARTESIAN_POINT('',(0.461761015328,-1.889714810058,
    0.490999991093));
#7258 = VECTOR('',#7259,1.);
#7259 = DIRECTION('',(-0.886348842796,-0.463018065387,0.));
#7260 = ORIENTED_EDGE('',*,*,#7261,.T.);
#7261 = EDGE_CURVE('',#7254,#7262,#7264,.T.);
#7262 = VERTEX_POINT('',#7263);
#7263 = CARTESIAN_POINT('',(0.159549707677,-1.94177035277,0.490999991093
    ));
#7264 = B_SPLINE_CURVE_WITH_KNOTS('',3,(#7265,#7266,#7267,#7268),
  .UNSPECIFIED.,.F.,.F.,(4,4),(15.,16.),.PIECEWISE_BEZIER_KNOTS.);
#7265 = CARTESIAN_POINT('',(0.267998743503,-1.990933910161,
    0.490999991093));
#7266 = CARTESIAN_POINT('',(0.241970985936,-1.960568174614,
    0.490999991093));
#7267 = CARTESIAN_POINT('',(0.202929322007,-1.94177035277,0.490999991093
    ));
#7268 = CARTESIAN_POINT('',(0.159549707677,-1.94177035277,0.490999991093
    ));
#7269 = ORIENTED_EDGE('',*,*,#7270,.T.);
#7270 = EDGE_CURVE('',#7262,#7271,#7273,.T.);
#7271 = VERTEX_POINT('',#7272);
#7272 = CARTESIAN_POINT('',(2.362692162468E-02,-2.037205509812,
    0.490999991093));
#7273 = B_SPLINE_CURVE_WITH_KNOTS('',3,(#7274,#7275,#7276,#7277),
  .UNSPECIFIED.,.F.,.F.,(4,4),(16.,17.),.PIECEWISE_BEZIER_KNOTS.);
#7274 = CARTESIAN_POINT('',(0.159549707677,-1.94177035277,0.490999991093
    ));
#7275 = CARTESIAN_POINT('',(9.737224392231E-02,-1.94177035277,
    0.490999991093));
#7276 = CARTESIAN_POINT('',(4.387073612981E-02,-1.982257981779,
    0.490999991093));
#7277 = CARTESIAN_POINT('',(2.362692162468E-02,-2.037205509812,
    0.490999991093));
#7278 = ORIENTED_EDGE('',*,*,#7279,.T.);
#7279 = EDGE_CURVE('',#7271,#7280,#7282,.T.);
#7280 = VERTEX_POINT('',#7281);
#7281 = CARTESIAN_POINT('',(-6.313230703591E-02,-1.904174681501,
    0.490999991093));
#7282 = B_SPLINE_CURVE_WITH_KNOTS('',3,(#7283,#7284,#7285,#7286),
  .UNSPECIFIED.,.F.,.F.,(4,4),(17.,18.),.PIECEWISE_BEZIER_KNOTS.);
#7283 = CARTESIAN_POINT('',(2.362692162468E-02,-2.037205509812,
    0.490999991093));
#7284 = CARTESIAN_POINT('',(-2.698262842709E-02,-2.014069709987,
    0.490999991093));
#7285 = CARTESIAN_POINT('',(-6.313230703591E-02,-1.963460159936,
    0.490999991093));
#7286 = CARTESIAN_POINT('',(-6.313230703591E-02,-1.904174681501,
    0.490999991093));
#7287 = ORIENTED_EDGE('',*,*,#7288,.T.);
#7288 = EDGE_CURVE('',#7280,#7289,#7291,.T.);
#7289 = VERTEX_POINT('',#7290);
#7290 = CARTESIAN_POINT('',(8.146640739795E-02,-1.759575967067,
    0.490999991093));
#7291 = B_SPLINE_CURVE_WITH_KNOTS('',3,(#7292,#7293,#7294,#7295),
  .UNSPECIFIED.,.F.,.F.,(4,4),(18.,19.),.PIECEWISE_BEZIER_KNOTS.);
#7292 = CARTESIAN_POINT('',(-6.313230703591E-02,-1.904174681501,
    0.490999991093));
#7293 = CARTESIAN_POINT('',(-6.313230703591E-02,-1.824645388562,
    0.490999991093));
#7294 = CARTESIAN_POINT('',(1.937114459536E-03,-1.759575967067,
    0.490999991093));
#7295 = CARTESIAN_POINT('',(8.146640739795E-02,-1.759575967067,
    0.490999991093));
#7296 = ORIENTED_EDGE('',*,*,#7297,.T.);
#7297 = EDGE_CURVE('',#7289,#7298,#7300,.T.);
#7298 = VERTEX_POINT('',#7299);
#7299 = CARTESIAN_POINT('',(0.158103715016,-1.781265774233,
    0.490999991093));
#7300 = B_SPLINE_CURVE_WITH_KNOTS('',3,(#7301,#7302,#7303,#7304),
  .UNSPECIFIED.,.F.,.F.,(4,4),(19.,20.),.PIECEWISE_BEZIER_KNOTS.);
#7301 = CARTESIAN_POINT('',(8.146640739795E-02,-1.759575967067,
    0.490999991093));
#7302 = CARTESIAN_POINT('',(0.108940157625,-1.759575967067,
    0.490999991093));
#7303 = CARTESIAN_POINT('',(0.136413907852,-1.768251895449,
    0.490999991093));
#7304 = CARTESIAN_POINT('',(0.158103715016,-1.781265774233,
    0.490999991093));
#7305 = ORIENTED_EDGE('',*,*,#7306,.T.);
#7306 = EDGE_CURVE('',#7298,#7307,#7309,.T.);
#7307 = VERTEX_POINT('',#7308);
#7308 = CARTESIAN_POINT('',(0.351865959263,-1.642451085599,
    0.490999991093));
#7309 = B_SPLINE_CURVE_WITH_KNOTS('',3,(#7310,#7311,#7312,#7313),
  .UNSPECIFIED.,.F.,.F.,(4,4),(20.,21.),.PIECEWISE_BEZIER_KNOTS.);
#7310 = CARTESIAN_POINT('',(0.158103715016,-1.781265774233,
    0.490999991093));
#7311 = CARTESIAN_POINT('',(0.185577437663,-1.700290571372,
    0.490999991093));
#7312 = CARTESIAN_POINT('',(0.260768780201,-1.642451085599,
    0.490999991093));
#7313 = CARTESIAN_POINT('',(0.351865959263,-1.642451085599,
    0.490999991093));
#7314 = ORIENTED_EDGE('',*,*,#7315,.T.);
#7315 = EDGE_CURVE('',#7307,#7316,#7318,.T.);
#7316 = VERTEX_POINT('',#7317);
#7317 = CARTESIAN_POINT('',(0.55430415947,-1.823199478642,0.490999991093
    ));
#7318 = B_SPLINE_CURVE_WITH_KNOTS('',3,(#7319,#7320,#7321,#7322),
  .UNSPECIFIED.,.F.,.F.,(4,4),(21.,22.),.PIECEWISE_BEZIER_KNOTS.);
#7319 = CARTESIAN_POINT('',(0.351865959263,-1.642451085599,
    0.490999991093));
#7320 = CARTESIAN_POINT('',(0.455977044688,-1.642451085599,
    0.490999991093));
#7321 = CARTESIAN_POINT('',(0.542736273347,-1.721980378538,
    0.490999991093));
#7322 = CARTESIAN_POINT('',(0.55430415947,-1.823199478642,0.490999991093
    ));
#7323 = ORIENTED_EDGE('',*,*,#7324,.T.);
#7324 = EDGE_CURVE('',#7316,#7325,#7327,.T.);
#7325 = VERTEX_POINT('',#7326);
#7326 = CARTESIAN_POINT('',(0.565872045593,-1.823199478642,
    0.490999991093));
#7327 = B_SPLINE_CURVE_WITH_KNOTS('',3,(#7328,#7329,#7330,#7331),
  .UNSPECIFIED.,.F.,.F.,(4,4),(22.,23.),.PIECEWISE_BEZIER_KNOTS.);
#7328 = CARTESIAN_POINT('',(0.55430415947,-1.823199478642,0.490999991093
    ));
#7329 = CARTESIAN_POINT('',(0.558642109871,-1.823199478642,
    0.490999991093));
#7330 = CARTESIAN_POINT('',(0.561534095192,-1.823199478642,
    0.490999991093));
#7331 = CARTESIAN_POINT('',(0.565872045593,-1.823199478642,
    0.490999991093));
#7332 = ORIENTED_EDGE('',*,*,#7333,.T.);
#7333 = EDGE_CURVE('',#7325,#7334,#7336,.T.);
#7334 = VERTEX_POINT('',#7335);
#7335 = CARTESIAN_POINT('',(0.67865903182,-1.935986464868,0.490999991093
    ));
#7336 = B_SPLINE_CURVE_WITH_KNOTS('',3,(#7337,#7338,#7339,#7340),
  .UNSPECIFIED.,.F.,.F.,(4,4),(23.,24.),.PIECEWISE_BEZIER_KNOTS.);
#7337 = CARTESIAN_POINT('',(0.565872045593,-1.823199478642,
    0.490999991093));
#7338 = CARTESIAN_POINT('',(0.628049481768,-1.823199478642,
    0.490999991093));
#7339 = CARTESIAN_POINT('',(0.67865903182,-1.873809028694,0.490999991093
    ));
#7340 = CARTESIAN_POINT('',(0.67865903182,-1.935986464868,0.490999991093
    ));
#7341 = ORIENTED_EDGE('',*,*,#7342,.T.);
#7342 = EDGE_CURVE('',#7334,#7343,#7345,.T.);
#7343 = VERTEX_POINT('',#7344);
#7344 = CARTESIAN_POINT('',(0.574547946396,-2.048773451095,
    0.490999991093));
#7345 = B_SPLINE_CURVE_WITH_KNOTS('',3,(#7346,#7347,#7348,#7349),
  .UNSPECIFIED.,.F.,.F.,(4,4),(24.,25.),.PIECEWISE_BEZIER_KNOTS.);
#7346 = CARTESIAN_POINT('',(0.67865903182,-1.935986464868,0.490999991093
    ));
#7347 = CARTESIAN_POINT('',(0.67865903182,-1.995271943303,0.490999991093
    ));
#7348 = CARTESIAN_POINT('',(0.633833452409,-2.044435500693,
    0.490999991093));
#7349 = CARTESIAN_POINT('',(0.574547946396,-2.048773451095,
    0.490999991093));
#7350 = ORIENTED_EDGE('',*,*,#7351,.T.);
#7351 = EDGE_CURVE('',#7343,#7352,#7354,.T.);
#7352 = VERTEX_POINT('',#7353);
#7353 = CARTESIAN_POINT('',(0.5094785249,-2.048773451095,0.490999991093)
  );
#7354 = LINE('',#7355,#7356);
#7355 = CARTESIAN_POINT('',(0.574547946396,-2.048773451095,
    0.490999991093));
#7356 = VECTOR('',#7357,1.);
#7357 = DIRECTION('',(-1.,0.,0.));
#7358 = ORIENTED_EDGE('',*,*,#7359,.T.);
#7359 = EDGE_CURVE('',#7352,#7360,#7362,.T.);
#7360 = VERTEX_POINT('',#7361);
#7361 = CARTESIAN_POINT('',(0.500802624098,-2.047327486015,
    0.490999991093));
#7362 = B_SPLINE_CURVE_WITH_KNOTS('',3,(#7363,#7364,#7365,#7366),
  .UNSPECIFIED.,.F.,.F.,(4,4),(26.,27.),.PIECEWISE_BEZIER_KNOTS.);
#7363 = CARTESIAN_POINT('',(0.5094785249,-2.048773451095,0.490999991093)
  );
#7364 = CARTESIAN_POINT('',(0.506586539579,-2.048773451095,
    0.490999991093));
#7365 = CARTESIAN_POINT('',(0.503694554259,-2.047327486015,
    0.490999991093));
#7366 = CARTESIAN_POINT('',(0.500802624098,-2.047327486015,
    0.490999991093));
#7367 = ORIENTED_EDGE('',*,*,#7368,.T.);
#7368 = EDGE_CURVE('',#7360,#7369,#7371,.T.);
#7369 = VERTEX_POINT('',#7370);
#7370 = CARTESIAN_POINT('',(0.455977044688,-2.092153065425,
    0.490999991093));
#7371 = B_SPLINE_CURVE_WITH_KNOTS('',3,(#7372,#7373,#7374,#7375),
  .UNSPECIFIED.,.F.,.F.,(4,4),(27.,28.),.PIECEWISE_BEZIER_KNOTS.);
#7372 = CARTESIAN_POINT('',(0.500802624098,-2.047327486015,
    0.490999991093));
#7373 = CARTESIAN_POINT('',(0.476220831612,-2.047327486015,
    0.490999991093));
#7374 = CARTESIAN_POINT('',(0.455977044688,-2.067571328099,
    0.490999991093));
#7375 = CARTESIAN_POINT('',(0.455977044688,-2.092153065425,
    0.490999991093));
#7376 = ORIENTED_EDGE('',*,*,#7377,.T.);
#7377 = EDGE_CURVE('',#7369,#7378,#7380,.T.);
#7378 = VERTEX_POINT('',#7379);
#7379 = CARTESIAN_POINT('',(0.497910693937,-2.136978644837,
    0.490999991093));
#7380 = B_SPLINE_CURVE_WITH_KNOTS('',3,(#7381,#7382,#7383,#7384),
  .UNSPECIFIED.,.F.,.F.,(4,4),(28.,29.),.PIECEWISE_BEZIER_KNOTS.);
#7381 = CARTESIAN_POINT('',(0.455977044688,-2.092153065425,
    0.490999991093));
#7382 = CARTESIAN_POINT('',(0.455977044688,-2.115288837671,
    0.490999991093));
#7383 = CARTESIAN_POINT('',(0.474774866531,-2.135532679757,
    0.490999991093));
#7384 = CARTESIAN_POINT('',(0.497910693937,-2.136978644837,
    0.490999991093));
#7385 = ORIENTED_EDGE('',*,*,#7386,.T.);
#7386 = EDGE_CURVE('',#7378,#7387,#7389,.T.);
#7387 = VERTEX_POINT('',#7388);
#7388 = CARTESIAN_POINT('',(0.583223902358,-2.136978644837,
    0.490999991093));
#7389 = LINE('',#7390,#7391);
#7390 = CARTESIAN_POINT('',(0.497910693937,-2.136978644837,
    0.490999991093));
#7391 = VECTOR('',#7392,1.);
#7392 = DIRECTION('',(1.,0.,0.));
#7393 = ORIENTED_EDGE('',*,*,#7394,.T.);
#7394 = EDGE_CURVE('',#7387,#7395,#7397,.T.);
#7395 = VERTEX_POINT('',#7396);
#7396 = CARTESIAN_POINT('',(0.714808710428,-2.071909223341,
    0.490999991093));
#7397 = B_SPLINE_CURVE_WITH_KNOTS('',3,(#7398,#7399,#7400,#7401),
  .UNSPECIFIED.,.F.,.F.,(4,4),(33.,34.),.PIECEWISE_BEZIER_KNOTS.);
#7398 = CARTESIAN_POINT('',(0.583223902358,-2.136978644837,
    0.490999991093));
#7399 = CARTESIAN_POINT('',(0.633833452409,-2.132640694435,
    0.490999991093));
#7400 = CARTESIAN_POINT('',(0.680105052061,-2.109504867029,
    0.490999991093));
#7401 = CARTESIAN_POINT('',(0.714808710428,-2.071909223341,
    0.490999991093));
#7402 = ORIENTED_EDGE('',*,*,#7403,.T.);
#7403 = EDGE_CURVE('',#7395,#7119,#7404,.T.);
#7404 = B_SPLINE_CURVE_WITH_KNOTS('',3,(#7405,#7406,#7407,#7408),
  .UNSPECIFIED.,.F.,.F.,(4,4),(34.,35.),.PIECEWISE_BEZIER_KNOTS.);
#7405 = CARTESIAN_POINT('',(0.714808710428,-2.071909223341,
    0.490999991093));
#7406 = CARTESIAN_POINT('',(0.749512423957,-2.034313579652,
    0.490999991093));
#7407 = CARTESIAN_POINT('',(0.768310245801,-1.98514999468,0.490999991093
    ));
#7408 = CARTESIAN_POINT('',(0.768310245801,-1.934540444628,
    0.490999991093));
#7409 = FACE_BOUND('',#7410,.T.);
#7410 = EDGE_LOOP('',(#7411,#7425));
#7411 = ORIENTED_EDGE('',*,*,#7412,.F.);
#7412 = EDGE_CURVE('',#7413,#7415,#7417,.T.);
#7413 = VERTEX_POINT('',#7414);
#7414 = CARTESIAN_POINT('',(0.158103687436,-2.145654655958,
    0.490999991093));
#7415 = VERTEX_POINT('',#7416);
#7416 = CARTESIAN_POINT('',(0.158103687436,-2.032867614572,
    0.490999991093));
#7417 = B_SPLINE_CURVE_WITH_KNOTS('',3,(#7418,#7419,#7420,#7421,#7422,
    #7423,#7424),.UNSPECIFIED.,.F.,.F.,(4,3,4),(0.,1.,2.),
  .PIECEWISE_BEZIER_KNOTS.);
#7418 = CARTESIAN_POINT('',(0.158103687436,-2.145654655958,
    0.490999991093));
#7419 = CARTESIAN_POINT('',(0.189915388064,-2.145654655958,
    0.490999991093));
#7420 = CARTESIAN_POINT('',(0.21449718055,-2.119626843232,0.490999991093
    ));
#7421 = CARTESIAN_POINT('',(0.21449718055,-2.089261135265,0.490999991093
    ));
#7422 = CARTESIAN_POINT('',(0.21449718055,-2.057449407058,0.490999991093
    ));
#7423 = CARTESIAN_POINT('',(0.188469422984,-2.032867614572,
    0.490999991093));
#7424 = CARTESIAN_POINT('',(0.158103687436,-2.032867614572,
    0.490999991093));
#7425 = ORIENTED_EDGE('',*,*,#7426,.F.);
#7426 = EDGE_CURVE('',#7415,#7413,#7427,.T.);
#7427 = B_SPLINE_CURVE_WITH_KNOTS('',3,(#7428,#7429,#7430,#7431,#7432,
    #7433),.UNSPECIFIED.,.F.,.F.,(4,2,4),(2.,3.,4.),.UNSPECIFIED.);
#7428 = CARTESIAN_POINT('',(0.158103687436,-2.032867614572,
    0.490999991093));
#7429 = CARTESIAN_POINT('',(0.12773795189,-2.032867614572,0.490999991093
    ));
#7430 = CARTESIAN_POINT('',(0.101710194323,-2.057449407058,
    0.490999991093));
#7431 = CARTESIAN_POINT('',(0.101710194323,-2.121072863472,
    0.490999991093));
#7432 = CARTESIAN_POINT('',(0.12773795189,-2.145654655958,0.490999991093
    ));
#7433 = CARTESIAN_POINT('',(0.158103687436,-2.145654655958,
    0.490999991093));
#7434 = PLANE('',#7435);
#7435 = AXIS2_PLACEMENT_3D('',#7436,#7437,#7438);
#7436 = CARTESIAN_POINT('',(0.727099620461,-1.81705403052,0.490999991093
    ));
#7437 = DIRECTION('',(0.,0.,-1.));
#7438 = DIRECTION('',(-1.,0.,0.));
#7439 = ADVANCED_FACE('',(#7440),#7456,.F.);
#7440 = FACE_BOUND('',#7441,.F.);
#7441 = EDGE_LOOP('',(#7442,#7448,#7449,#7455));
#7442 = ORIENTED_EDGE('',*,*,#7443,.F.);
#7443 = EDGE_CURVE('',#7119,#1262,#7444,.T.);
#7444 = LINE('',#7445,#7446);
#7445 = CARTESIAN_POINT('',(0.768310245801,-1.934540444628,
    0.490999991093));
#7446 = VECTOR('',#7447,1.);
#7447 = DIRECTION('',(-0.,-0.,-1.));
#7448 = ORIENTED_EDGE('',*,*,#7118,.T.);
#7449 = ORIENTED_EDGE('',*,*,#7450,.T.);
#7450 = EDGE_CURVE('',#7121,#1264,#7451,.T.);
#7451 = LINE('',#7452,#7453);
#7452 = CARTESIAN_POINT('',(0.625157551607,-1.745116178363,
    0.490999991093));
#7453 = VECTOR('',#7454,1.);
#7454 = DIRECTION('',(-0.,-0.,-1.));
#7455 = ORIENTED_EDGE('',*,*,#1261,.F.);
#7456 = B_SPLINE_SURFACE_WITH_KNOTS('',3,1,(
    (#7457,#7458)
    ,(#7459,#7460)
    ,(#7461,#7462)
    ,(#7463,#7464
    )),.UNSPECIFIED.,.F.,.F.,.F.,(4,4),(2,2),(35.,36.),(0.,1.),
  .PIECEWISE_BEZIER_KNOTS.);
#7457 = CARTESIAN_POINT('',(0.768310245801,-1.934540444628,
    0.490999991093));
#7458 = CARTESIAN_POINT('',(0.768310245801,-1.934540444628,
    0.489999991111));
#7459 = CARTESIAN_POINT('',(0.76686428072,-1.847781271128,0.490999991093
    ));
#7460 = CARTESIAN_POINT('',(0.76686428072,-1.847781271128,0.489999991111
    ));
#7461 = CARTESIAN_POINT('',(0.707578774706,-1.77114393593,0.490999991093
    ));
#7462 = CARTESIAN_POINT('',(0.707578774706,-1.77114393593,0.489999991111
    ));
#7463 = CARTESIAN_POINT('',(0.625157551607,-1.745116178363,
    0.490999991093));
#7464 = CARTESIAN_POINT('',(0.625157551607,-1.745116178363,
    0.489999991111));
#7465 = ADVANCED_FACE('',(#7466),#7477,.F.);
#7466 = FACE_BOUND('',#7467,.F.);
#7467 = EDGE_LOOP('',(#7468,#7469,#7470,#7476));
#7468 = ORIENTED_EDGE('',*,*,#7450,.F.);
#7469 = ORIENTED_EDGE('',*,*,#7129,.T.);
#7470 = ORIENTED_EDGE('',*,*,#7471,.T.);
#7471 = EDGE_CURVE('',#7130,#1538,#7472,.T.);
#7472 = LINE('',#7473,#7474);
#7473 = CARTESIAN_POINT('',(0.547074223749,-1.630883192582,
    0.490999991093));
#7474 = VECTOR('',#7475,1.);
#7475 = DIRECTION('',(-0.,-0.,-1.));
#7476 = ORIENTED_EDGE('',*,*,#1546,.F.);
#7477 = B_SPLINE_SURFACE_WITH_KNOTS('',3,1,(
    (#7478,#7479)
    ,(#7480,#7481)
    ,(#7482,#7483)
    ,(#7484,#7485
    )),.UNSPECIFIED.,.F.,.F.,.F.,(4,4),(2,2),(0.,1.),(0.,1.),
  .PIECEWISE_BEZIER_KNOTS.);
#7478 = CARTESIAN_POINT('',(0.625157551607,-1.745116178363,
    0.490999991093));
#7479 = CARTESIAN_POINT('',(0.625157551607,-1.745116178363,
    0.489999991111));
#7480 = CARTESIAN_POINT('',(0.609251715084,-1.701736564034,
    0.490999991093));
#7481 = CARTESIAN_POINT('',(0.609251715084,-1.701736564034,
    0.489999991111));
#7482 = CARTESIAN_POINT('',(0.581777937277,-1.662694913894,
    0.490999991093));
#7483 = CARTESIAN_POINT('',(0.581777937277,-1.662694913894,
    0.489999991111));
#7484 = CARTESIAN_POINT('',(0.547074223749,-1.630883192582,
    0.490999991093));
#7485 = CARTESIAN_POINT('',(0.547074223749,-1.630883192582,
    0.489999991111));
#7486 = ADVANCED_FACE('',(#7487),#7498,.F.);
#7487 = FACE_BOUND('',#7488,.F.);
#7488 = EDGE_LOOP('',(#7489,#7490,#7491,#7497));
#7489 = ORIENTED_EDGE('',*,*,#7471,.F.);
#7490 = ORIENTED_EDGE('',*,*,#7138,.T.);
#7491 = ORIENTED_EDGE('',*,*,#7492,.T.);
#7492 = EDGE_CURVE('',#7139,#1529,#7493,.T.);
#7493 = LINE('',#7494,#7495);
#7494 = CARTESIAN_POINT('',(0.350419994182,-1.555691856939,
    0.490999991093));
#7495 = VECTOR('',#7496,1.);
#7496 = DIRECTION('',(-0.,-0.,-1.));
#7497 = ORIENTED_EDGE('',*,*,#1537,.F.);
#7498 = B_SPLINE_SURFACE_WITH_KNOTS('',3,1,(
    (#7499,#7500)
    ,(#7501,#7502)
    ,(#7503,#7504)
    ,(#7505,#7506
    )),.UNSPECIFIED.,.F.,.F.,.F.,(4,4),(2,2),(1.,2.),(0.,1.),
  .PIECEWISE_BEZIER_KNOTS.);
#7499 = CARTESIAN_POINT('',(0.547074223749,-1.630883192582,
    0.490999991093));
#7500 = CARTESIAN_POINT('',(0.547074223749,-1.630883192582,
    0.489999991111));
#7501 = CARTESIAN_POINT('',(0.492126723296,-1.583165612336,
    0.490999991093));
#7502 = CARTESIAN_POINT('',(0.492126723296,-1.583165612336,
    0.489999991111));
#7503 = CARTESIAN_POINT('',(0.422719351399,-1.555691856939,
    0.490999991093));
#7504 = CARTESIAN_POINT('',(0.422719351399,-1.555691856939,
    0.489999991111));
#7505 = CARTESIAN_POINT('',(0.350419994182,-1.555691856939,
    0.490999991093));
#7506 = CARTESIAN_POINT('',(0.350419994182,-1.555691856939,
    0.489999991111));
#7507 = ADVANCED_FACE('',(#7508),#7519,.F.);
#7508 = FACE_BOUND('',#7509,.F.);
#7509 = EDGE_LOOP('',(#7510,#7511,#7512,#7518));
#7510 = ORIENTED_EDGE('',*,*,#7492,.F.);
#7511 = ORIENTED_EDGE('',*,*,#7147,.T.);
#7512 = ORIENTED_EDGE('',*,*,#7513,.T.);
#7513 = EDGE_CURVE('',#7148,#1520,#7514,.T.);
#7514 = LINE('',#7515,#7516);
#7515 = CARTESIAN_POINT('',(0.176901536861,-1.612085356947,
    0.490999991093));
#7516 = VECTOR('',#7517,1.);
#7517 = DIRECTION('',(-0.,-0.,-1.));
#7518 = ORIENTED_EDGE('',*,*,#1528,.F.);
#7519 = B_SPLINE_SURFACE_WITH_KNOTS('',3,1,(
    (#7520,#7521)
    ,(#7522,#7523)
    ,(#7524,#7525)
    ,(#7526,#7527
    )),.UNSPECIFIED.,.F.,.F.,.F.,(4,4),(2,2),(2.,3.),(0.,1.),
  .PIECEWISE_BEZIER_KNOTS.);
#7520 = CARTESIAN_POINT('',(0.350419994182,-1.555691856939,
    0.490999991093));
#7521 = CARTESIAN_POINT('',(0.350419994182,-1.555691856939,
    0.489999991111));
#7522 = CARTESIAN_POINT('',(0.286796565347,-1.555691856939,
    0.490999991093));
#7523 = CARTESIAN_POINT('',(0.286796565347,-1.555691856939,
    0.489999991111));
#7524 = CARTESIAN_POINT('',(0.227511086913,-1.575935676614,
    0.490999991093));
#7525 = CARTESIAN_POINT('',(0.227511086913,-1.575935676614,
    0.489999991111));
#7526 = CARTESIAN_POINT('',(0.176901536861,-1.612085356947,
    0.490999991093));
#7527 = CARTESIAN_POINT('',(0.176901536861,-1.612085356947,
    0.489999991111));
#7528 = ADVANCED_FACE('',(#7529),#7540,.F.);
#7529 = FACE_BOUND('',#7530,.F.);
#7530 = EDGE_LOOP('',(#7531,#7532,#7533,#7539));
#7531 = ORIENTED_EDGE('',*,*,#7513,.F.);
#7532 = ORIENTED_EDGE('',*,*,#7156,.T.);
#7533 = ORIENTED_EDGE('',*,*,#7534,.T.);
#7534 = EDGE_CURVE('',#7157,#1511,#7535,.T.);
#7535 = LINE('',#7536,#7537);
#7536 = CARTESIAN_POINT('',(0.113278108026,-1.675708792677,
    0.490999991093));
#7537 = VECTOR('',#7538,1.);
#7538 = DIRECTION('',(-0.,-0.,-1.));
#7539 = ORIENTED_EDGE('',*,*,#1519,.F.);
#7540 = B_SPLINE_SURFACE_WITH_KNOTS('',3,1,(
    (#7541,#7542)
    ,(#7543,#7544)
    ,(#7545,#7546)
    ,(#7547,#7548
    )),.UNSPECIFIED.,.F.,.F.,.F.,(4,4),(2,2),(3.,4.),(0.,1.),
  .PIECEWISE_BEZIER_KNOTS.);
#7541 = CARTESIAN_POINT('',(0.176901536861,-1.612085356947,
    0.490999991093));
#7542 = CARTESIAN_POINT('',(0.176901536861,-1.612085356947,
    0.489999991111));
#7543 = CARTESIAN_POINT('',(0.152319744375,-1.629437206816,
    0.490999991093));
#7544 = CARTESIAN_POINT('',(0.152319744375,-1.629437206816,
    0.489999991111));
#7545 = CARTESIAN_POINT('',(0.13207592987,-1.651127013981,0.490999991093
    ));
#7546 = CARTESIAN_POINT('',(0.13207592987,-1.651127013981,0.489999991111
    ));
#7547 = CARTESIAN_POINT('',(0.113278108026,-1.675708792677,
    0.490999991093));
#7548 = CARTESIAN_POINT('',(0.113278108026,-1.675708792677,
    0.489999991111));
#7549 = ADVANCED_FACE('',(#7550),#7561,.F.);
#7550 = FACE_BOUND('',#7551,.F.);
#7551 = EDGE_LOOP('',(#7552,#7553,#7554,#7560));
#7552 = ORIENTED_EDGE('',*,*,#7534,.F.);
#7553 = ORIENTED_EDGE('',*,*,#7165,.T.);
#7554 = ORIENTED_EDGE('',*,*,#7555,.T.);
#7555 = EDGE_CURVE('',#7166,#1502,#7556,.T.);
#7556 = LINE('',#7557,#7558);
#7557 = CARTESIAN_POINT('',(8.002041473793E-02,-1.672816821146,
    0.490999991093));
#7558 = VECTOR('',#7559,1.);
#7559 = DIRECTION('',(-0.,-0.,-1.));
#7560 = ORIENTED_EDGE('',*,*,#1510,.F.);
#7561 = B_SPLINE_SURFACE_WITH_KNOTS('',3,1,(
    (#7562,#7563)
    ,(#7564,#7565)
    ,(#7566,#7567)
    ,(#7568,#7569
    )),.UNSPECIFIED.,.F.,.F.,.F.,(4,4),(2,2),(4.,5.),(0.,1.),
  .PIECEWISE_BEZIER_KNOTS.);
#7562 = CARTESIAN_POINT('',(0.113278108026,-1.675708792677,
    0.490999991093));
#7563 = CARTESIAN_POINT('',(0.113278108026,-1.675708792677,
    0.489999991111));
#7564 = CARTESIAN_POINT('',(0.101710221903,-1.674262800016,
    0.490999991093));
#7565 = CARTESIAN_POINT('',(0.101710221903,-1.674262800016,
    0.489999991111));
#7566 = CARTESIAN_POINT('',(9.158830086085E-02,-1.672816821146,
    0.490999991093));
#7567 = CARTESIAN_POINT('',(9.158830086085E-02,-1.672816821146,
    0.489999991111));
#7568 = CARTESIAN_POINT('',(8.002041473793E-02,-1.672816821146,
    0.490999991093));
#7569 = CARTESIAN_POINT('',(8.002041473793E-02,-1.672816821146,
    0.489999991111));
#7570 = ADVANCED_FACE('',(#7571),#7582,.F.);
#7571 = FACE_BOUND('',#7572,.F.);
#7572 = EDGE_LOOP('',(#7573,#7574,#7575,#7581));
#7573 = ORIENTED_EDGE('',*,*,#7555,.F.);
#7574 = ORIENTED_EDGE('',*,*,#7174,.T.);
#7575 = ORIENTED_EDGE('',*,*,#7576,.T.);
#7576 = EDGE_CURVE('',#7175,#1493,#7577,.T.);
#7577 = LINE('',#7578,#7579);
#7578 = CARTESIAN_POINT('',(-8.626810686108E-02,-1.742224206833,
    0.490999991093));
#7579 = VECTOR('',#7580,1.);
#7580 = DIRECTION('',(-0.,-0.,-1.));
#7581 = ORIENTED_EDGE('',*,*,#1501,.F.);
#7582 = B_SPLINE_SURFACE_WITH_KNOTS('',3,1,(
    (#7583,#7584)
    ,(#7585,#7586)
    ,(#7587,#7588)
    ,(#7589,#7590
    )),.UNSPECIFIED.,.F.,.F.,.F.,(4,4),(2,2),(5.,6.),(0.,1.),
  .PIECEWISE_BEZIER_KNOTS.);
#7583 = CARTESIAN_POINT('',(8.002041473793E-02,-1.672816821146,
    0.490999991093));
#7584 = CARTESIAN_POINT('',(8.002041473793E-02,-1.672816821146,
    0.489999991111));
#7585 = CARTESIAN_POINT('',(1.784296477321E-02,-1.672816821146,
    0.490999991093));
#7586 = CARTESIAN_POINT('',(1.784296477321E-02,-1.672816821146,
    0.489999991111));
#7587 = CARTESIAN_POINT('',(-4.144249987076E-02,-1.697398599841,
    0.490999991093));
#7588 = CARTESIAN_POINT('',(-4.144249987076E-02,-1.697398599841,
    0.489999991111));
#7589 = CARTESIAN_POINT('',(-8.626810686108E-02,-1.742224206833,
    0.490999991093));
#7590 = CARTESIAN_POINT('',(-8.626810686108E-02,-1.742224206833,
    0.489999991111));
#7591 = ADVANCED_FACE('',(#7592),#7603,.F.);
#7592 = FACE_BOUND('',#7593,.F.);
#7593 = EDGE_LOOP('',(#7594,#7595,#7596,#7602));
#7594 = ORIENTED_EDGE('',*,*,#7576,.F.);
#7595 = ORIENTED_EDGE('',*,*,#7183,.T.);
#7596 = ORIENTED_EDGE('',*,*,#7597,.T.);
#7597 = EDGE_CURVE('',#7184,#1484,#7598,.T.);
#7598 = LINE('',#7599,#7600);
#7599 = CARTESIAN_POINT('',(-0.154229541257,-1.907066721981,
    0.490999991093));
#7600 = VECTOR('',#7601,1.);
#7601 = DIRECTION('',(-0.,-0.,-1.));
#7602 = ORIENTED_EDGE('',*,*,#1492,.F.);
#7603 = B_SPLINE_SURFACE_WITH_KNOTS('',3,1,(
    (#7604,#7605)
    ,(#7606,#7607)
    ,(#7608,#7609)
    ,(#7610,#7611
    )),.UNSPECIFIED.,.F.,.F.,.F.,(4,4),(2,2),(6.,7.),(0.,1.),
  .PIECEWISE_BEZIER_KNOTS.);
#7604 = CARTESIAN_POINT('',(-8.626810686108E-02,-1.742224206833,
    0.490999991093));
#7605 = CARTESIAN_POINT('',(-8.626810686108E-02,-1.742224206833,
    0.489999991111));
#7606 = CARTESIAN_POINT('',(-0.129647759114,-1.785603807373,
    0.490999991093));
#7607 = CARTESIAN_POINT('',(-0.129647759114,-1.785603807373,
    0.489999991111));
#7608 = CARTESIAN_POINT('',(-0.154229541257,-1.844889285808,
    0.490999991093));
#7609 = CARTESIAN_POINT('',(-0.154229541257,-1.844889285808,
    0.489999991111));
#7610 = CARTESIAN_POINT('',(-0.154229541257,-1.907066721981,
    0.490999991093));
#7611 = CARTESIAN_POINT('',(-0.154229541257,-1.907066721981,
    0.489999991111));
#7612 = ADVANCED_FACE('',(#7613),#7624,.F.);
#7613 = FACE_BOUND('',#7614,.F.);
#7614 = EDGE_LOOP('',(#7615,#7616,#7617,#7623));
#7615 = ORIENTED_EDGE('',*,*,#7597,.F.);
#7616 = ORIENTED_EDGE('',*,*,#7192,.T.);
#7617 = ORIENTED_EDGE('',*,*,#7618,.T.);
#7618 = EDGE_CURVE('',#7193,#1475,#7619,.T.);
#7619 = LINE('',#7620,#7621);
#7620 = CARTESIAN_POINT('',(-9.349808395259E-02,-2.064679287619,
    0.490999991093));
#7621 = VECTOR('',#7622,1.);
#7622 = DIRECTION('',(-0.,-0.,-1.));
#7623 = ORIENTED_EDGE('',*,*,#1483,.F.);
#7624 = B_SPLINE_SURFACE_WITH_KNOTS('',3,1,(
    (#7625,#7626)
    ,(#7627,#7628)
    ,(#7629,#7630)
    ,(#7631,#7632
    )),.UNSPECIFIED.,.F.,.F.,.F.,(4,4),(2,2),(7.,8.),(0.,1.),
  .PIECEWISE_BEZIER_KNOTS.);
#7625 = CARTESIAN_POINT('',(-0.154229541257,-1.907066721981,
    0.490999991093));
#7626 = CARTESIAN_POINT('',(-0.154229541257,-1.907066721981,
    0.489999991111));
#7627 = CARTESIAN_POINT('',(-0.154229541257,-1.964906207756,
    0.490999991093));
#7628 = CARTESIAN_POINT('',(-0.154229541257,-1.964906207756,
    0.489999991111));
#7629 = CARTESIAN_POINT('',(-0.132539734093,-2.021299728449,
    0.490999991093));
#7630 = CARTESIAN_POINT('',(-0.132539734093,-2.021299728449,
    0.489999991111));
#7631 = CARTESIAN_POINT('',(-9.349808395259E-02,-2.064679287619,
    0.490999991093));
#7632 = CARTESIAN_POINT('',(-9.349808395259E-02,-2.064679287619,
    0.489999991111));
#7633 = ADVANCED_FACE('',(#7634),#7645,.F.);
#7634 = FACE_BOUND('',#7635,.F.);
#7635 = EDGE_LOOP('',(#7636,#7637,#7638,#7644));
#7636 = ORIENTED_EDGE('',*,*,#7618,.F.);
#7637 = ORIENTED_EDGE('',*,*,#7201,.T.);
#7638 = ORIENTED_EDGE('',*,*,#7639,.T.);
#7639 = EDGE_CURVE('',#7202,#1466,#7640,.T.);
#7640 = LINE('',#7641,#7642);
#7641 = CARTESIAN_POINT('',(2.218088759394E-02,-2.134086659515,
    0.490999991093));
#7642 = VECTOR('',#7643,1.);
#7643 = DIRECTION('',(-0.,-0.,-1.));
#7644 = ORIENTED_EDGE('',*,*,#1474,.F.);
#7645 = B_SPLINE_SURFACE_WITH_KNOTS('',3,1,(
    (#7646,#7647)
    ,(#7648,#7649)
    ,(#7650,#7651)
    ,(#7652,#7653
    )),.UNSPECIFIED.,.F.,.F.,.F.,(4,4),(2,2),(8.,9.),(0.,1.),
  .PIECEWISE_BEZIER_KNOTS.);
#7646 = CARTESIAN_POINT('',(-9.349808395259E-02,-2.064679287619,
    0.490999991093));
#7647 = CARTESIAN_POINT('',(-9.349808395259E-02,-2.064679287619,
    0.489999991111));
#7648 = CARTESIAN_POINT('',(-6.168636953592E-02,-2.099383001148,
    0.490999991093));
#7649 = CARTESIAN_POINT('',(-6.168636953592E-02,-2.099383001148,
    0.489999991111));
#7650 = CARTESIAN_POINT('',(-2.264470560637E-02,-2.122518773392,
    0.490999991093));
#7651 = CARTESIAN_POINT('',(-2.264470560637E-02,-2.122518773392,
    0.489999991111));
#7652 = CARTESIAN_POINT('',(2.218088759394E-02,-2.134086659515,
    0.490999991093));
#7653 = CARTESIAN_POINT('',(2.218088759394E-02,-2.134086659515,
    0.489999991111));
#7654 = ADVANCED_FACE('',(#7655),#7666,.F.);
#7655 = FACE_BOUND('',#7656,.F.);
#7656 = EDGE_LOOP('',(#7657,#7658,#7659,#7665));
#7657 = ORIENTED_EDGE('',*,*,#7639,.F.);
#7658 = ORIENTED_EDGE('',*,*,#7210,.T.);
#7659 = ORIENTED_EDGE('',*,*,#7660,.T.);
#7660 = EDGE_CURVE('',#7211,#1457,#7661,.T.);
#7661 = LINE('',#7662,#7663);
#7662 = CARTESIAN_POINT('',(0.159549680097,-2.232413774299,
    0.490999991093));
#7663 = VECTOR('',#7664,1.);
#7664 = DIRECTION('',(-0.,-0.,-1.));
#7665 = ORIENTED_EDGE('',*,*,#1465,.F.);
#7666 = B_SPLINE_SURFACE_WITH_KNOTS('',3,1,(
    (#7667,#7668)
    ,(#7669,#7670)
    ,(#7671,#7672)
    ,(#7673,#7674
    )),.UNSPECIFIED.,.F.,.F.,.F.,(4,4),(2,2),(9.,10.),(0.,1.),
  .PIECEWISE_BEZIER_KNOTS.);
#7667 = CARTESIAN_POINT('',(2.218088759394E-02,-2.134086659515,
    0.490999991093));
#7668 = CARTESIAN_POINT('',(2.218088759394E-02,-2.134086659515,
    0.489999991111));
#7669 = CARTESIAN_POINT('',(4.097872322836E-02,-2.19192614529,
    0.490999991093));
#7670 = CARTESIAN_POINT('',(4.097872322836E-02,-2.19192614529,
    0.489999991111));
#7671 = CARTESIAN_POINT('',(9.592622368157E-02,-2.232413774299,
    0.490999991093));
#7672 = CARTESIAN_POINT('',(9.592622368157E-02,-2.232413774299,
    0.489999991111));
#7673 = CARTESIAN_POINT('',(0.159549680097,-2.232413774299,
    0.490999991093));
#7674 = CARTESIAN_POINT('',(0.159549680097,-2.232413774299,
    0.489999991111));
#7675 = ADVANCED_FACE('',(#7676),#7687,.F.);
#7676 = FACE_BOUND('',#7677,.F.);
#7677 = EDGE_LOOP('',(#7678,#7679,#7680,#7686));
#7678 = ORIENTED_EDGE('',*,*,#7660,.F.);
#7679 = ORIENTED_EDGE('',*,*,#7219,.T.);
#7680 = ORIENTED_EDGE('',*,*,#7681,.T.);
#7681 = EDGE_CURVE('',#7220,#1448,#7682,.T.);
#7682 = LINE('',#7683,#7684);
#7683 = CARTESIAN_POINT('',(0.304148394532,-2.087815059865,
    0.490999991093));
#7684 = VECTOR('',#7685,1.);
#7685 = DIRECTION('',(-0.,-0.,-1.));
#7686 = ORIENTED_EDGE('',*,*,#1456,.F.);
#7687 = B_SPLINE_SURFACE_WITH_KNOTS('',3,1,(
    (#7688,#7689)
    ,(#7690,#7691)
    ,(#7692,#7693)
    ,(#7694,#7695
    )),.UNSPECIFIED.,.F.,.F.,.F.,(4,4),(2,2),(10.,11.),(0.,1.),
  .PIECEWISE_BEZIER_KNOTS.);
#7688 = CARTESIAN_POINT('',(0.159549680097,-2.232413774299,
    0.490999991093));
#7689 = CARTESIAN_POINT('',(0.159549680097,-2.232413774299,
    0.489999991111));
#7690 = CARTESIAN_POINT('',(0.239078973035,-2.232413774299,
    0.490999991093));
#7691 = CARTESIAN_POINT('',(0.239078973035,-2.232413774299,
    0.489999991111));
#7692 = CARTESIAN_POINT('',(0.304148394532,-2.167344352804,
    0.490999991093));
#7693 = CARTESIAN_POINT('',(0.304148394532,-2.167344352804,
    0.489999991111));
#7694 = CARTESIAN_POINT('',(0.304148394532,-2.087815059865,
    0.490999991093));
#7695 = CARTESIAN_POINT('',(0.304148394532,-2.087815059865,
    0.489999991111));
#7696 = ADVANCED_FACE('',(#7697),#7708,.F.);
#7697 = FACE_BOUND('',#7698,.T.);
#7698 = EDGE_LOOP('',(#7699,#7700,#7706,#7707));
#7699 = ORIENTED_EDGE('',*,*,#1447,.T.);
#7700 = ORIENTED_EDGE('',*,*,#7701,.F.);
#7701 = EDGE_CURVE('',#7229,#1440,#7702,.T.);
#7702 = LINE('',#7703,#7704);
#7703 = CARTESIAN_POINT('',(0.304148394532,-2.073355188421,
    0.490999991093));
#7704 = VECTOR('',#7705,1.);
#7705 = DIRECTION('',(-0.,-0.,-1.));
#7706 = ORIENTED_EDGE('',*,*,#7228,.F.);
#7707 = ORIENTED_EDGE('',*,*,#7681,.T.);
#7708 = PLANE('',#7709);
#7709 = AXIS2_PLACEMENT_3D('',#7710,#7711,#7712);
#7710 = CARTESIAN_POINT('',(0.304148394532,-2.087815059865,
    0.490999991093));
#7711 = DIRECTION('',(-1.,0.,0.));
#7712 = DIRECTION('',(0.,0.,1.));
#7713 = ADVANCED_FACE('',(#7714),#7725,.F.);
#7714 = FACE_BOUND('',#7715,.T.);
#7715 = EDGE_LOOP('',(#7716,#7717,#7723,#7724));
#7716 = ORIENTED_EDGE('',*,*,#1439,.T.);
#7717 = ORIENTED_EDGE('',*,*,#7718,.F.);
#7718 = EDGE_CURVE('',#7238,#1432,#7719,.T.);
#7719 = LINE('',#7720,#7721);
#7720 = CARTESIAN_POINT('',(0.506586594739,-1.966352145256,
    0.490999991093));
#7721 = VECTOR('',#7722,1.);
#7722 = DIRECTION('',(-0.,-0.,-1.));
#7723 = ORIENTED_EDGE('',*,*,#7237,.F.);
#7724 = ORIENTED_EDGE('',*,*,#7701,.T.);
#7725 = PLANE('',#7726);
#7726 = AXIS2_PLACEMENT_3D('',#7727,#7728,#7729);
#7727 = CARTESIAN_POINT('',(0.304148394532,-2.073355188421,
    0.490999991093));
#7728 = DIRECTION('',(-0.467307306755,0.884094950248,0.));
#7729 = DIRECTION('',(-0.884094950248,-0.467307306755,0.));
#7730 = ADVANCED_FACE('',(#7731),#7742,.F.);
#7731 = FACE_BOUND('',#7732,.T.);
#7732 = EDGE_LOOP('',(#7733,#7734,#7740,#7741));
#7733 = ORIENTED_EDGE('',*,*,#1431,.T.);
#7734 = ORIENTED_EDGE('',*,*,#7735,.F.);
#7735 = EDGE_CURVE('',#7246,#1424,#7736,.T.);
#7736 = LINE('',#7737,#7738);
#7737 = CARTESIAN_POINT('',(0.461761015328,-1.889714810058,
    0.490999991093));
#7738 = VECTOR('',#7739,1.);
#7739 = DIRECTION('',(-0.,-0.,-1.));
#7740 = ORIENTED_EDGE('',*,*,#7245,.F.);
#7741 = ORIENTED_EDGE('',*,*,#7718,.T.);
#7742 = PLANE('',#7743);
#7743 = AXIS2_PLACEMENT_3D('',#7744,#7745,#7746);
#7744 = CARTESIAN_POINT('',(0.506586594739,-1.966352145256,
    0.490999991093));
#7745 = DIRECTION('',(-0.863187758941,-0.50488304865,0.));
#7746 = DIRECTION('',(0.50488304865,-0.863187758941,0.));
#7747 = ADVANCED_FACE('',(#7748),#7759,.F.);
#7748 = FACE_BOUND('',#7749,.T.);
#7749 = EDGE_LOOP('',(#7750,#7751,#7757,#7758));
#7750 = ORIENTED_EDGE('',*,*,#1423,.T.);
#7751 = ORIENTED_EDGE('',*,*,#7752,.F.);
#7752 = EDGE_CURVE('',#7254,#1415,#7753,.T.);
#7753 = LINE('',#7754,#7755);
#7754 = CARTESIAN_POINT('',(0.267998743503,-1.990933910161,
    0.490999991093));
#7755 = VECTOR('',#7756,1.);
#7756 = DIRECTION('',(-0.,-0.,-1.));
#7757 = ORIENTED_EDGE('',*,*,#7253,.F.);
#7758 = ORIENTED_EDGE('',*,*,#7735,.T.);
#7759 = PLANE('',#7760);
#7760 = AXIS2_PLACEMENT_3D('',#7761,#7762,#7763);
#7761 = CARTESIAN_POINT('',(0.461761015328,-1.889714810058,
    0.490999991093));
#7762 = DIRECTION('',(0.463018065387,-0.886348842796,0.));
#7763 = DIRECTION('',(0.886348842796,0.463018065387,0.));
#7764 = ADVANCED_FACE('',(#7765),#7776,.F.);
#7765 = FACE_BOUND('',#7766,.F.);
#7766 = EDGE_LOOP('',(#7767,#7768,#7769,#7775));
#7767 = ORIENTED_EDGE('',*,*,#7752,.F.);
#7768 = ORIENTED_EDGE('',*,*,#7261,.T.);
#7769 = ORIENTED_EDGE('',*,*,#7770,.T.);
#7770 = EDGE_CURVE('',#7262,#1406,#7771,.T.);
#7771 = LINE('',#7772,#7773);
#7772 = CARTESIAN_POINT('',(0.159549707677,-1.94177035277,0.490999991093
    ));
#7773 = VECTOR('',#7774,1.);
#7774 = DIRECTION('',(-0.,-0.,-1.));
#7775 = ORIENTED_EDGE('',*,*,#1414,.F.);
#7776 = B_SPLINE_SURFACE_WITH_KNOTS('',3,1,(
    (#7777,#7778)
    ,(#7779,#7780)
    ,(#7781,#7782)
    ,(#7783,#7784
    )),.UNSPECIFIED.,.F.,.F.,.F.,(4,4),(2,2),(15.,16.),(0.,1.),
  .PIECEWISE_BEZIER_KNOTS.);
#7777 = CARTESIAN_POINT('',(0.267998743503,-1.990933910161,
    0.490999991093));
#7778 = CARTESIAN_POINT('',(0.267998743503,-1.990933910161,
    0.489999991111));
#7779 = CARTESIAN_POINT('',(0.241970985936,-1.960568174614,
    0.490999991093));
#7780 = CARTESIAN_POINT('',(0.241970985936,-1.960568174614,
    0.489999991111));
#7781 = CARTESIAN_POINT('',(0.202929322007,-1.94177035277,0.490999991093
    ));
#7782 = CARTESIAN_POINT('',(0.202929322007,-1.94177035277,0.489999991111
    ));
#7783 = CARTESIAN_POINT('',(0.159549707677,-1.94177035277,0.490999991093
    ));
#7784 = CARTESIAN_POINT('',(0.159549707677,-1.94177035277,0.489999991111
    ));
#7785 = ADVANCED_FACE('',(#7786),#7797,.F.);
#7786 = FACE_BOUND('',#7787,.F.);
#7787 = EDGE_LOOP('',(#7788,#7789,#7790,#7796));
#7788 = ORIENTED_EDGE('',*,*,#7770,.F.);
#7789 = ORIENTED_EDGE('',*,*,#7270,.T.);
#7790 = ORIENTED_EDGE('',*,*,#7791,.T.);
#7791 = EDGE_CURVE('',#7271,#1397,#7792,.T.);
#7792 = LINE('',#7793,#7794);
#7793 = CARTESIAN_POINT('',(2.362692162468E-02,-2.037205509812,
    0.490999991093));
#7794 = VECTOR('',#7795,1.);
#7795 = DIRECTION('',(-0.,-0.,-1.));
#7796 = ORIENTED_EDGE('',*,*,#1405,.F.);
#7797 = B_SPLINE_SURFACE_WITH_KNOTS('',3,1,(
    (#7798,#7799)
    ,(#7800,#7801)
    ,(#7802,#7803)
    ,(#7804,#7805
    )),.UNSPECIFIED.,.F.,.F.,.F.,(4,4),(2,2),(16.,17.),(0.,1.),
  .PIECEWISE_BEZIER_KNOTS.);
#7798 = CARTESIAN_POINT('',(0.159549707677,-1.94177035277,0.490999991093
    ));
#7799 = CARTESIAN_POINT('',(0.159549707677,-1.94177035277,0.489999991111
    ));
#7800 = CARTESIAN_POINT('',(9.737224392231E-02,-1.94177035277,
    0.490999991093));
#7801 = CARTESIAN_POINT('',(9.737224392231E-02,-1.94177035277,
    0.489999991111));
#7802 = CARTESIAN_POINT('',(4.387073612981E-02,-1.982257981779,
    0.490999991093));
#7803 = CARTESIAN_POINT('',(4.387073612981E-02,-1.982257981779,
    0.489999991111));
#7804 = CARTESIAN_POINT('',(2.362692162468E-02,-2.037205509812,
    0.490999991093));
#7805 = CARTESIAN_POINT('',(2.362692162468E-02,-2.037205509812,
    0.489999991111));
#7806 = ADVANCED_FACE('',(#7807),#7818,.F.);
#7807 = FACE_BOUND('',#7808,.F.);
#7808 = EDGE_LOOP('',(#7809,#7810,#7811,#7817));
#7809 = ORIENTED_EDGE('',*,*,#7791,.F.);
#7810 = ORIENTED_EDGE('',*,*,#7279,.T.);
#7811 = ORIENTED_EDGE('',*,*,#7812,.T.);
#7812 = EDGE_CURVE('',#7280,#1388,#7813,.T.);
#7813 = LINE('',#7814,#7815);
#7814 = CARTESIAN_POINT('',(-6.313230703591E-02,-1.904174681501,
    0.490999991093));
#7815 = VECTOR('',#7816,1.);
#7816 = DIRECTION('',(-0.,-0.,-1.));
#7817 = ORIENTED_EDGE('',*,*,#1396,.F.);
#7818 = B_SPLINE_SURFACE_WITH_KNOTS('',3,1,(
    (#7819,#7820)
    ,(#7821,#7822)
    ,(#7823,#7824)
    ,(#7825,#7826
    )),.UNSPECIFIED.,.F.,.F.,.F.,(4,4),(2,2),(17.,18.),(0.,1.),
  .PIECEWISE_BEZIER_KNOTS.);
#7819 = CARTESIAN_POINT('',(2.362692162468E-02,-2.037205509812,
    0.490999991093));
#7820 = CARTESIAN_POINT('',(2.362692162468E-02,-2.037205509812,
    0.489999991111));
#7821 = CARTESIAN_POINT('',(-2.698262842709E-02,-2.014069709987,
    0.490999991093));
#7822 = CARTESIAN_POINT('',(-2.698262842709E-02,-2.014069709987,
    0.489999991111));
#7823 = CARTESIAN_POINT('',(-6.313230703591E-02,-1.963460159936,
    0.490999991093));
#7824 = CARTESIAN_POINT('',(-6.313230703591E-02,-1.963460159936,
    0.489999991111));
#7825 = CARTESIAN_POINT('',(-6.313230703591E-02,-1.904174681501,
    0.490999991093));
#7826 = CARTESIAN_POINT('',(-6.313230703591E-02,-1.904174681501,
    0.489999991111));
#7827 = ADVANCED_FACE('',(#7828),#7839,.F.);
#7828 = FACE_BOUND('',#7829,.F.);
#7829 = EDGE_LOOP('',(#7830,#7831,#7832,#7838));
#7830 = ORIENTED_EDGE('',*,*,#7812,.F.);
#7831 = ORIENTED_EDGE('',*,*,#7288,.T.);
#7832 = ORIENTED_EDGE('',*,*,#7833,.T.);
#7833 = EDGE_CURVE('',#7289,#1379,#7834,.T.);
#7834 = LINE('',#7835,#7836);
#7835 = CARTESIAN_POINT('',(8.146640739795E-02,-1.759575967067,
    0.490999991093));
#7836 = VECTOR('',#7837,1.);
#7837 = DIRECTION('',(-0.,-0.,-1.));
#7838 = ORIENTED_EDGE('',*,*,#1387,.F.);
#7839 = B_SPLINE_SURFACE_WITH_KNOTS('',3,1,(
    (#7840,#7841)
    ,(#7842,#7843)
    ,(#7844,#7845)
    ,(#7846,#7847
    )),.UNSPECIFIED.,.F.,.F.,.F.,(4,4),(2,2),(18.,19.),(0.,1.),
  .PIECEWISE_BEZIER_KNOTS.);
#7840 = CARTESIAN_POINT('',(-6.313230703591E-02,-1.904174681501,
    0.490999991093));
#7841 = CARTESIAN_POINT('',(-6.313230703591E-02,-1.904174681501,
    0.489999991111));
#7842 = CARTESIAN_POINT('',(-6.313230703591E-02,-1.824645388562,
    0.490999991093));
#7843 = CARTESIAN_POINT('',(-6.313230703591E-02,-1.824645388562,
    0.489999991111));
#7844 = CARTESIAN_POINT('',(1.937114459536E-03,-1.759575967067,
    0.490999991093));
#7845 = CARTESIAN_POINT('',(1.937114459536E-03,-1.759575967067,
    0.489999991111));
#7846 = CARTESIAN_POINT('',(8.146640739795E-02,-1.759575967067,
    0.490999991093));
#7847 = CARTESIAN_POINT('',(8.146640739795E-02,-1.759575967067,
    0.489999991111));
#7848 = ADVANCED_FACE('',(#7849),#7860,.F.);
#7849 = FACE_BOUND('',#7850,.F.);
#7850 = EDGE_LOOP('',(#7851,#7852,#7853,#7859));
#7851 = ORIENTED_EDGE('',*,*,#7833,.F.);
#7852 = ORIENTED_EDGE('',*,*,#7297,.T.);
#7853 = ORIENTED_EDGE('',*,*,#7854,.T.);
#7854 = EDGE_CURVE('',#7298,#1370,#7855,.T.);
#7855 = LINE('',#7856,#7857);
#7856 = CARTESIAN_POINT('',(0.158103715016,-1.781265774233,
    0.490999991093));
#7857 = VECTOR('',#7858,1.);
#7858 = DIRECTION('',(-0.,-0.,-1.));
#7859 = ORIENTED_EDGE('',*,*,#1378,.F.);
#7860 = B_SPLINE_SURFACE_WITH_KNOTS('',3,1,(
    (#7861,#7862)
    ,(#7863,#7864)
    ,(#7865,#7866)
    ,(#7867,#7868
    )),.UNSPECIFIED.,.F.,.F.,.F.,(4,4),(2,2),(19.,20.),(0.,1.),
  .PIECEWISE_BEZIER_KNOTS.);
#7861 = CARTESIAN_POINT('',(8.146640739795E-02,-1.759575967067,
    0.490999991093));
#7862 = CARTESIAN_POINT('',(8.146640739795E-02,-1.759575967067,
    0.489999991111));
#7863 = CARTESIAN_POINT('',(0.108940157625,-1.759575967067,
    0.490999991093));
#7864 = CARTESIAN_POINT('',(0.108940157625,-1.759575967067,
    0.489999991111));
#7865 = CARTESIAN_POINT('',(0.136413907852,-1.768251895449,
    0.490999991093));
#7866 = CARTESIAN_POINT('',(0.136413907852,-1.768251895449,
    0.489999991111));
#7867 = CARTESIAN_POINT('',(0.158103715016,-1.781265774233,
    0.490999991093));
#7868 = CARTESIAN_POINT('',(0.158103715016,-1.781265774233,
    0.489999991111));
#7869 = ADVANCED_FACE('',(#7870),#7881,.F.);
#7870 = FACE_BOUND('',#7871,.F.);
#7871 = EDGE_LOOP('',(#7872,#7873,#7874,#7880));
#7872 = ORIENTED_EDGE('',*,*,#7854,.F.);
#7873 = ORIENTED_EDGE('',*,*,#7306,.T.);
#7874 = ORIENTED_EDGE('',*,*,#7875,.T.);
#7875 = EDGE_CURVE('',#7307,#1361,#7876,.T.);
#7876 = LINE('',#7877,#7878);
#7877 = CARTESIAN_POINT('',(0.351865959263,-1.642451085599,
    0.490999991093));
#7878 = VECTOR('',#7879,1.);
#7879 = DIRECTION('',(-0.,-0.,-1.));
#7880 = ORIENTED_EDGE('',*,*,#1369,.F.);
#7881 = B_SPLINE_SURFACE_WITH_KNOTS('',3,1,(
    (#7882,#7883)
    ,(#7884,#7885)
    ,(#7886,#7887)
    ,(#7888,#7889
    )),.UNSPECIFIED.,.F.,.F.,.F.,(4,4),(2,2),(20.,21.),(0.,1.),
  .PIECEWISE_BEZIER_KNOTS.);
#7882 = CARTESIAN_POINT('',(0.158103715016,-1.781265774233,
    0.490999991093));
#7883 = CARTESIAN_POINT('',(0.158103715016,-1.781265774233,
    0.489999991111));
#7884 = CARTESIAN_POINT('',(0.185577437663,-1.700290571372,
    0.490999991093));
#7885 = CARTESIAN_POINT('',(0.185577437663,-1.700290571372,
    0.489999991111));
#7886 = CARTESIAN_POINT('',(0.260768780201,-1.642451085599,
    0.490999991093));
#7887 = CARTESIAN_POINT('',(0.260768780201,-1.642451085599,
    0.489999991111));
#7888 = CARTESIAN_POINT('',(0.351865959263,-1.642451085599,
    0.490999991093));
#7889 = CARTESIAN_POINT('',(0.351865959263,-1.642451085599,
    0.489999991111));
#7890 = ADVANCED_FACE('',(#7891),#7902,.F.);
#7891 = FACE_BOUND('',#7892,.F.);
#7892 = EDGE_LOOP('',(#7893,#7894,#7895,#7901));
#7893 = ORIENTED_EDGE('',*,*,#7875,.F.);
#7894 = ORIENTED_EDGE('',*,*,#7315,.T.);
#7895 = ORIENTED_EDGE('',*,*,#7896,.T.);
#7896 = EDGE_CURVE('',#7316,#1352,#7897,.T.);
#7897 = LINE('',#7898,#7899);
#7898 = CARTESIAN_POINT('',(0.55430415947,-1.823199478642,0.490999991093
    ));
#7899 = VECTOR('',#7900,1.);
#7900 = DIRECTION('',(-0.,-0.,-1.));
#7901 = ORIENTED_EDGE('',*,*,#1360,.F.);
#7902 = B_SPLINE_SURFACE_WITH_KNOTS('',3,1,(
    (#7903,#7904)
    ,(#7905,#7906)
    ,(#7907,#7908)
    ,(#7909,#7910
    )),.UNSPECIFIED.,.F.,.F.,.F.,(4,4),(2,2),(21.,22.),(0.,1.),
  .PIECEWISE_BEZIER_KNOTS.);
#7903 = CARTESIAN_POINT('',(0.351865959263,-1.642451085599,
    0.490999991093));
#7904 = CARTESIAN_POINT('',(0.351865959263,-1.642451085599,
    0.489999991111));
#7905 = CARTESIAN_POINT('',(0.455977044688,-1.642451085599,
    0.490999991093));
#7906 = CARTESIAN_POINT('',(0.455977044688,-1.642451085599,
    0.489999991111));
#7907 = CARTESIAN_POINT('',(0.542736273347,-1.721980378538,
    0.490999991093));
#7908 = CARTESIAN_POINT('',(0.542736273347,-1.721980378538,
    0.489999991111));
#7909 = CARTESIAN_POINT('',(0.55430415947,-1.823199478642,0.490999991093
    ));
#7910 = CARTESIAN_POINT('',(0.55430415947,-1.823199478642,0.489999991111
    ));
#7911 = ADVANCED_FACE('',(#7912),#7923,.F.);
#7912 = FACE_BOUND('',#7913,.T.);
#7913 = EDGE_LOOP('',(#7914,#7915,#7921,#7922));
#7914 = ORIENTED_EDGE('',*,*,#1351,.T.);
#7915 = ORIENTED_EDGE('',*,*,#7916,.F.);
#7916 = EDGE_CURVE('',#7325,#1343,#7917,.T.);
#7917 = LINE('',#7918,#7919);
#7918 = CARTESIAN_POINT('',(0.565872045593,-1.823199478642,
    0.490999991093));
#7919 = VECTOR('',#7920,1.);
#7920 = DIRECTION('',(-0.,-0.,-1.));
#7921 = ORIENTED_EDGE('',*,*,#7324,.F.);
#7922 = ORIENTED_EDGE('',*,*,#7896,.T.);
#7923 = PLANE('',#7924);
#7924 = AXIS2_PLACEMENT_3D('',#7925,#7926,#7927);
#7925 = CARTESIAN_POINT('',(0.55430415947,-1.823199478642,0.490999991093
    ));
#7926 = DIRECTION('',(0.,1.,0.));
#7927 = DIRECTION('',(0.,-0.,1.));
#7928 = ADVANCED_FACE('',(#7929),#7940,.F.);
#7929 = FACE_BOUND('',#7930,.F.);
#7930 = EDGE_LOOP('',(#7931,#7932,#7933,#7939));
#7931 = ORIENTED_EDGE('',*,*,#7916,.F.);
#7932 = ORIENTED_EDGE('',*,*,#7333,.T.);
#7933 = ORIENTED_EDGE('',*,*,#7934,.T.);
#7934 = EDGE_CURVE('',#7334,#1334,#7935,.T.);
#7935 = LINE('',#7936,#7937);
#7936 = CARTESIAN_POINT('',(0.67865903182,-1.935986464868,0.490999991093
    ));
#7937 = VECTOR('',#7938,1.);
#7938 = DIRECTION('',(-0.,-0.,-1.));
#7939 = ORIENTED_EDGE('',*,*,#1342,.F.);
#7940 = B_SPLINE_SURFACE_WITH_KNOTS('',3,1,(
    (#7941,#7942)
    ,(#7943,#7944)
    ,(#7945,#7946)
    ,(#7947,#7948
    )),.UNSPECIFIED.,.F.,.F.,.F.,(4,4),(2,2),(23.,24.),(0.,1.),
  .PIECEWISE_BEZIER_KNOTS.);
#7941 = CARTESIAN_POINT('',(0.565872045593,-1.823199478642,
    0.490999991093));
#7942 = CARTESIAN_POINT('',(0.565872045593,-1.823199478642,
    0.489999991111));
#7943 = CARTESIAN_POINT('',(0.628049481768,-1.823199478642,
    0.490999991093));
#7944 = CARTESIAN_POINT('',(0.628049481768,-1.823199478642,
    0.489999991111));
#7945 = CARTESIAN_POINT('',(0.67865903182,-1.873809028694,0.490999991093
    ));
#7946 = CARTESIAN_POINT('',(0.67865903182,-1.873809028694,0.489999991111
    ));
#7947 = CARTESIAN_POINT('',(0.67865903182,-1.935986464868,0.490999991093
    ));
#7948 = CARTESIAN_POINT('',(0.67865903182,-1.935986464868,0.489999991111
    ));
#7949 = ADVANCED_FACE('',(#7950),#7961,.F.);
#7950 = FACE_BOUND('',#7951,.F.);
#7951 = EDGE_LOOP('',(#7952,#7953,#7954,#7960));
#7952 = ORIENTED_EDGE('',*,*,#7934,.F.);
#7953 = ORIENTED_EDGE('',*,*,#7342,.T.);
#7954 = ORIENTED_EDGE('',*,*,#7955,.T.);
#7955 = EDGE_CURVE('',#7343,#1326,#7956,.T.);
#7956 = LINE('',#7957,#7958);
#7957 = CARTESIAN_POINT('',(0.574547946396,-2.048773451095,
    0.490999991093));
#7958 = VECTOR('',#7959,1.);
#7959 = DIRECTION('',(-0.,-0.,-1.));
#7960 = ORIENTED_EDGE('',*,*,#1333,.F.);
#7961 = B_SPLINE_SURFACE_WITH_KNOTS('',3,1,(
    (#7962,#7963)
    ,(#7964,#7965)
    ,(#7966,#7967)
    ,(#7968,#7969
    )),.UNSPECIFIED.,.F.,.F.,.F.,(4,4),(2,2),(24.,25.),(0.,1.),
  .PIECEWISE_BEZIER_KNOTS.);
#7962 = CARTESIAN_POINT('',(0.67865903182,-1.935986464868,0.490999991093
    ));
#7963 = CARTESIAN_POINT('',(0.67865903182,-1.935986464868,0.489999991111
    ));
#7964 = CARTESIAN_POINT('',(0.67865903182,-1.995271943303,0.490999991093
    ));
#7965 = CARTESIAN_POINT('',(0.67865903182,-1.995271943303,0.489999991111
    ));
#7966 = CARTESIAN_POINT('',(0.633833452409,-2.044435500693,
    0.490999991093));
#7967 = CARTESIAN_POINT('',(0.633833452409,-2.044435500693,
    0.489999991111));
#7968 = CARTESIAN_POINT('',(0.574547946396,-2.048773451095,
    0.490999991093));
#7969 = CARTESIAN_POINT('',(0.574547946396,-2.048773451095,
    0.489999991111));
#7970 = ADVANCED_FACE('',(#7971),#7982,.F.);
#7971 = FACE_BOUND('',#7972,.T.);
#7972 = EDGE_LOOP('',(#7973,#7974,#7980,#7981));
#7973 = ORIENTED_EDGE('',*,*,#1325,.T.);
#7974 = ORIENTED_EDGE('',*,*,#7975,.F.);
#7975 = EDGE_CURVE('',#7352,#1317,#7976,.T.);
#7976 = LINE('',#7977,#7978);
#7977 = CARTESIAN_POINT('',(0.5094785249,-2.048773451095,0.490999991093)
  );
#7978 = VECTOR('',#7979,1.);
#7979 = DIRECTION('',(-0.,-0.,-1.));
#7980 = ORIENTED_EDGE('',*,*,#7351,.F.);
#7981 = ORIENTED_EDGE('',*,*,#7955,.T.);
#7982 = PLANE('',#7983);
#7983 = AXIS2_PLACEMENT_3D('',#7984,#7985,#7986);
#7984 = CARTESIAN_POINT('',(0.574547946396,-2.048773451095,
    0.490999991093));
#7985 = DIRECTION('',(0.,-1.,0.));
#7986 = DIRECTION('',(0.,0.,-1.));
#7987 = ADVANCED_FACE('',(#7988),#7999,.F.);
#7988 = FACE_BOUND('',#7989,.F.);
#7989 = EDGE_LOOP('',(#7990,#7991,#7992,#7998));
#7990 = ORIENTED_EDGE('',*,*,#7975,.F.);
#7991 = ORIENTED_EDGE('',*,*,#7359,.T.);
#7992 = ORIENTED_EDGE('',*,*,#7993,.T.);
#7993 = EDGE_CURVE('',#7360,#1308,#7994,.T.);
#7994 = LINE('',#7995,#7996);
#7995 = CARTESIAN_POINT('',(0.500802624098,-2.047327486015,
    0.490999991093));
#7996 = VECTOR('',#7997,1.);
#7997 = DIRECTION('',(-0.,-0.,-1.));
#7998 = ORIENTED_EDGE('',*,*,#1316,.F.);
#7999 = B_SPLINE_SURFACE_WITH_KNOTS('',3,1,(
    (#8000,#8001)
    ,(#8002,#8003)
    ,(#8004,#8005)
    ,(#8006,#8007
    )),.UNSPECIFIED.,.F.,.F.,.F.,(4,4),(2,2),(26.,27.),(0.,1.),
  .PIECEWISE_BEZIER_KNOTS.);
#8000 = CARTESIAN_POINT('',(0.5094785249,-2.048773451095,0.490999991093)
  );
#8001 = CARTESIAN_POINT('',(0.5094785249,-2.048773451095,0.489999991111)
  );
#8002 = CARTESIAN_POINT('',(0.506586539579,-2.048773451095,
    0.490999991093));
#8003 = CARTESIAN_POINT('',(0.506586539579,-2.048773451095,
    0.489999991111));
#8004 = CARTESIAN_POINT('',(0.503694554259,-2.047327486015,
    0.490999991093));
#8005 = CARTESIAN_POINT('',(0.503694554259,-2.047327486015,
    0.489999991111));
#8006 = CARTESIAN_POINT('',(0.500802624098,-2.047327486015,
    0.490999991093));
#8007 = CARTESIAN_POINT('',(0.500802624098,-2.047327486015,
    0.489999991111));
#8008 = ADVANCED_FACE('',(#8009),#8020,.F.);
#8009 = FACE_BOUND('',#8010,.F.);
#8010 = EDGE_LOOP('',(#8011,#8012,#8013,#8019));
#8011 = ORIENTED_EDGE('',*,*,#7993,.F.);
#8012 = ORIENTED_EDGE('',*,*,#7368,.T.);
#8013 = ORIENTED_EDGE('',*,*,#8014,.T.);
#8014 = EDGE_CURVE('',#7369,#1299,#8015,.T.);
#8015 = LINE('',#8016,#8017);
#8016 = CARTESIAN_POINT('',(0.455977044688,-2.092153065425,
    0.490999991093));
#8017 = VECTOR('',#8018,1.);
#8018 = DIRECTION('',(-0.,-0.,-1.));
#8019 = ORIENTED_EDGE('',*,*,#1307,.F.);
#8020 = B_SPLINE_SURFACE_WITH_KNOTS('',3,1,(
    (#8021,#8022)
    ,(#8023,#8024)
    ,(#8025,#8026)
    ,(#8027,#8028
    )),.UNSPECIFIED.,.F.,.F.,.F.,(4,4),(2,2),(27.,28.),(0.,1.),
  .PIECEWISE_BEZIER_KNOTS.);
#8021 = CARTESIAN_POINT('',(0.500802624098,-2.047327486015,
    0.490999991093));
#8022 = CARTESIAN_POINT('',(0.500802624098,-2.047327486015,
    0.489999991111));
#8023 = CARTESIAN_POINT('',(0.476220831612,-2.047327486015,
    0.490999991093));
#8024 = CARTESIAN_POINT('',(0.476220831612,-2.047327486015,
    0.489999991111));
#8025 = CARTESIAN_POINT('',(0.455977044688,-2.067571328099,
    0.490999991093));
#8026 = CARTESIAN_POINT('',(0.455977044688,-2.067571328099,
    0.489999991111));
#8027 = CARTESIAN_POINT('',(0.455977044688,-2.092153065425,
    0.490999991093));
#8028 = CARTESIAN_POINT('',(0.455977044688,-2.092153065425,
    0.489999991111));
#8029 = ADVANCED_FACE('',(#8030),#8041,.F.);
#8030 = FACE_BOUND('',#8031,.F.);
#8031 = EDGE_LOOP('',(#8032,#8033,#8034,#8040));
#8032 = ORIENTED_EDGE('',*,*,#8014,.F.);
#8033 = ORIENTED_EDGE('',*,*,#7377,.T.);
#8034 = ORIENTED_EDGE('',*,*,#8035,.T.);
#8035 = EDGE_CURVE('',#7378,#1291,#8036,.T.);
#8036 = LINE('',#8037,#8038);
#8037 = CARTESIAN_POINT('',(0.497910693937,-2.136978644837,
    0.490999991093));
#8038 = VECTOR('',#8039,1.);
#8039 = DIRECTION('',(-0.,-0.,-1.));
#8040 = ORIENTED_EDGE('',*,*,#1298,.F.);
#8041 = B_SPLINE_SURFACE_WITH_KNOTS('',3,1,(
    (#8042,#8043)
    ,(#8044,#8045)
    ,(#8046,#8047)
    ,(#8048,#8049
    )),.UNSPECIFIED.,.F.,.F.,.F.,(4,4),(2,2),(28.,29.),(0.,1.),
  .PIECEWISE_BEZIER_KNOTS.);
#8042 = CARTESIAN_POINT('',(0.455977044688,-2.092153065425,
    0.490999991093));
#8043 = CARTESIAN_POINT('',(0.455977044688,-2.092153065425,
    0.489999991111));
#8044 = CARTESIAN_POINT('',(0.455977044688,-2.115288837671,
    0.490999991093));
#8045 = CARTESIAN_POINT('',(0.455977044688,-2.115288837671,
    0.489999991111));
#8046 = CARTESIAN_POINT('',(0.474774866531,-2.135532679757,
    0.490999991093));
#8047 = CARTESIAN_POINT('',(0.474774866531,-2.135532679757,
    0.489999991111));
#8048 = CARTESIAN_POINT('',(0.497910693937,-2.136978644837,
    0.490999991093));
#8049 = CARTESIAN_POINT('',(0.497910693937,-2.136978644837,
    0.489999991111));
#8050 = ADVANCED_FACE('',(#8051),#8062,.F.);
#8051 = FACE_BOUND('',#8052,.T.);
#8052 = EDGE_LOOP('',(#8053,#8054,#8060,#8061));
#8053 = ORIENTED_EDGE('',*,*,#1290,.T.);
#8054 = ORIENTED_EDGE('',*,*,#8055,.F.);
#8055 = EDGE_CURVE('',#7387,#1282,#8056,.T.);
#8056 = LINE('',#8057,#8058);
#8057 = CARTESIAN_POINT('',(0.583223902358,-2.136978644837,
    0.490999991093));
#8058 = VECTOR('',#8059,1.);
#8059 = DIRECTION('',(-0.,-0.,-1.));
#8060 = ORIENTED_EDGE('',*,*,#7386,.F.);
#8061 = ORIENTED_EDGE('',*,*,#8035,.T.);
#8062 = PLANE('',#8063);
#8063 = AXIS2_PLACEMENT_3D('',#8064,#8065,#8066);
#8064 = CARTESIAN_POINT('',(0.578885951956,-2.136978644837,
    0.490999991093));
#8065 = DIRECTION('',(0.,1.,0.));
#8066 = DIRECTION('',(0.,-0.,1.));
#8067 = ADVANCED_FACE('',(#8068),#8079,.F.);
#8068 = FACE_BOUND('',#8069,.F.);
#8069 = EDGE_LOOP('',(#8070,#8071,#8072,#8078));
#8070 = ORIENTED_EDGE('',*,*,#8055,.F.);
#8071 = ORIENTED_EDGE('',*,*,#7394,.T.);
#8072 = ORIENTED_EDGE('',*,*,#8073,.T.);
#8073 = EDGE_CURVE('',#7395,#1273,#8074,.T.);
#8074 = LINE('',#8075,#8076);
#8075 = CARTESIAN_POINT('',(0.714808710428,-2.071909223341,
    0.490999991093));
#8076 = VECTOR('',#8077,1.);
#8077 = DIRECTION('',(-0.,-0.,-1.));
#8078 = ORIENTED_EDGE('',*,*,#1281,.F.);
#8079 = B_SPLINE_SURFACE_WITH_KNOTS('',3,1,(
    (#8080,#8081)
    ,(#8082,#8083)
    ,(#8084,#8085)
    ,(#8086,#8087
    )),.UNSPECIFIED.,.F.,.F.,.F.,(4,4),(2,2),(33.,34.),(0.,1.),
  .PIECEWISE_BEZIER_KNOTS.);
#8080 = CARTESIAN_POINT('',(0.583223902358,-2.136978644837,
    0.490999991093));
#8081 = CARTESIAN_POINT('',(0.583223902358,-2.136978644837,
    0.489999991111));
#8082 = CARTESIAN_POINT('',(0.633833452409,-2.132640694435,
    0.490999991093));
#8083 = CARTESIAN_POINT('',(0.633833452409,-2.132640694435,
    0.489999991111));
#8084 = CARTESIAN_POINT('',(0.680105052061,-2.109504867029,
    0.490999991093));
#8085 = CARTESIAN_POINT('',(0.680105052061,-2.109504867029,
    0.489999991111));
#8086 = CARTESIAN_POINT('',(0.714808710428,-2.071909223341,
    0.490999991093));
#8087 = CARTESIAN_POINT('',(0.714808710428,-2.071909223341,
    0.489999991111));
#8088 = ADVANCED_FACE('',(#8089),#8095,.F.);
#8089 = FACE_BOUND('',#8090,.F.);
#8090 = EDGE_LOOP('',(#8091,#8092,#8093,#8094));
#8091 = ORIENTED_EDGE('',*,*,#8073,.F.);
#8092 = ORIENTED_EDGE('',*,*,#7403,.T.);
#8093 = ORIENTED_EDGE('',*,*,#7443,.T.);
#8094 = ORIENTED_EDGE('',*,*,#1272,.F.);
#8095 = B_SPLINE_SURFACE_WITH_KNOTS('',3,1,(
    (#8096,#8097)
    ,(#8098,#8099)
    ,(#8100,#8101)
    ,(#8102,#8103
    )),.UNSPECIFIED.,.F.,.F.,.F.,(4,4),(2,2),(34.,35.),(0.,1.),
  .PIECEWISE_BEZIER_KNOTS.);
#8096 = CARTESIAN_POINT('',(0.714808710428,-2.071909223341,
    0.490999991093));
#8097 = CARTESIAN_POINT('',(0.714808710428,-2.071909223341,
    0.489999991111));
#8098 = CARTESIAN_POINT('',(0.749512423957,-2.034313579652,
    0.490999991093));
#8099 = CARTESIAN_POINT('',(0.749512423957,-2.034313579652,
    0.489999991111));
#8100 = CARTESIAN_POINT('',(0.768310245801,-1.98514999468,0.490999991093
    ));
#8101 = CARTESIAN_POINT('',(0.768310245801,-1.98514999468,0.489999991111
    ));
#8102 = CARTESIAN_POINT('',(0.768310245801,-1.934540444628,
    0.490999991093));
#8103 = CARTESIAN_POINT('',(0.768310245801,-1.934540444628,
    0.489999991111));
#8104 = ADVANCED_FACE('',(#8105),#8134,.T.);
#8105 = FACE_BOUND('',#8106,.T.);
#8106 = EDGE_LOOP('',(#8107,#8121,#8127,#8128));
#8107 = ORIENTED_EDGE('',*,*,#8108,.F.);
#8108 = EDGE_CURVE('',#8109,#8111,#8113,.T.);
#8109 = VERTEX_POINT('',#8110);
#8110 = CARTESIAN_POINT('',(0.158103687436,-2.145654655958,
    0.489999991111));
#8111 = VERTEX_POINT('',#8112);
#8112 = CARTESIAN_POINT('',(0.158103687436,-2.032867614572,
    0.489999991111));
#8113 = B_SPLINE_CURVE_WITH_KNOTS('',3,(#8114,#8115,#8116,#8117,#8118,
    #8119,#8120),.UNSPECIFIED.,.F.,.F.,(4,3,4),(0.,1.,2.),
  .PIECEWISE_BEZIER_KNOTS.);
#8114 = CARTESIAN_POINT('',(0.158103687436,-2.145654655958,
    0.489999991111));
#8115 = CARTESIAN_POINT('',(0.189915388064,-2.145654655958,
    0.489999991111));
#8116 = CARTESIAN_POINT('',(0.21449718055,-2.119626843232,0.489999991111
    ));
#8117 = CARTESIAN_POINT('',(0.21449718055,-2.089261135265,0.489999991111
    ));
#8118 = CARTESIAN_POINT('',(0.21449718055,-2.057449407058,0.489999991111
    ));
#8119 = CARTESIAN_POINT('',(0.188469422984,-2.032867614572,
    0.489999991111));
#8120 = CARTESIAN_POINT('',(0.158103687436,-2.032867614572,
    0.489999991111));
#8121 = ORIENTED_EDGE('',*,*,#8122,.F.);
#8122 = EDGE_CURVE('',#7413,#8109,#8123,.T.);
#8123 = LINE('',#8124,#8125);
#8124 = CARTESIAN_POINT('',(0.158103687436,-2.145654655958,
    0.490999991093));
#8125 = VECTOR('',#8126,1.);
#8126 = DIRECTION('',(-0.,-0.,-1.));
#8127 = ORIENTED_EDGE('',*,*,#7412,.T.);
#8128 = ORIENTED_EDGE('',*,*,#8129,.T.);
#8129 = EDGE_CURVE('',#7415,#8111,#8130,.T.);
#8130 = LINE('',#8131,#8132);
#8131 = CARTESIAN_POINT('',(0.158103687436,-2.032867614572,
    0.490999991093));
#8132 = VECTOR('',#8133,1.);
#8133 = DIRECTION('',(-0.,-0.,-1.));
#8134 = B_SPLINE_SURFACE_WITH_KNOTS('',3,1,(
    (#8135,#8136)
    ,(#8137,#8138)
    ,(#8139,#8140)
    ,(#8141,#8142)
    ,(#8143,#8144)
    ,(#8145,#8146)
    ,(#8147,#8148
    )),.UNSPECIFIED.,.F.,.F.,.F.,(4,3,4),(2,2),(0.,1.,2.),(0.,1.),
  .PIECEWISE_BEZIER_KNOTS.);
#8135 = CARTESIAN_POINT('',(0.158103687436,-2.145654655958,
    0.490999991093));
#8136 = CARTESIAN_POINT('',(0.158103687436,-2.145654655958,
    0.489999991111));
#8137 = CARTESIAN_POINT('',(0.189915388064,-2.145654655958,
    0.490999991093));
#8138 = CARTESIAN_POINT('',(0.189915388064,-2.145654655958,
    0.489999991111));
#8139 = CARTESIAN_POINT('',(0.21449718055,-2.119626843232,0.490999991093
    ));
#8140 = CARTESIAN_POINT('',(0.21449718055,-2.119626843232,0.489999991111
    ));
#8141 = CARTESIAN_POINT('',(0.21449718055,-2.089261135265,0.490999991093
    ));
#8142 = CARTESIAN_POINT('',(0.21449718055,-2.089261135265,0.489999991111
    ));
#8143 = CARTESIAN_POINT('',(0.21449718055,-2.057449407058,0.490999991093
    ));
#8144 = CARTESIAN_POINT('',(0.21449718055,-2.057449407058,0.489999991111
    ));
#8145 = CARTESIAN_POINT('',(0.188469422984,-2.032867614572,
    0.490999991093));
#8146 = CARTESIAN_POINT('',(0.188469422984,-2.032867614572,
    0.489999991111));
#8147 = CARTESIAN_POINT('',(0.158103687436,-2.032867614572,
    0.490999991093));
#8148 = CARTESIAN_POINT('',(0.158103687436,-2.032867614572,
    0.489999991111));
#8149 = ADVANCED_FACE('',(#8150),#8164,.T.);
#8150 = FACE_BOUND('',#8151,.T.);
#8151 = EDGE_LOOP('',(#8152,#8161,#8162,#8163));
#8152 = ORIENTED_EDGE('',*,*,#8153,.F.);
#8153 = EDGE_CURVE('',#8111,#8109,#8154,.T.);
#8154 = B_SPLINE_CURVE_WITH_KNOTS('',3,(#8155,#8156,#8157,#8158,#8159,
    #8160),.UNSPECIFIED.,.F.,.F.,(4,2,4),(2.,3.,4.),.UNSPECIFIED.);
#8155 = CARTESIAN_POINT('',(0.158103687436,-2.032867614572,
    0.489999991111));
#8156 = CARTESIAN_POINT('',(0.12773795189,-2.032867614572,0.489999991111
    ));
#8157 = CARTESIAN_POINT('',(0.101710194323,-2.057449407058,
    0.489999991111));
#8158 = CARTESIAN_POINT('',(0.101710194323,-2.121072863472,
    0.489999991111));
#8159 = CARTESIAN_POINT('',(0.12773795189,-2.145654655958,0.489999991111
    ));
#8160 = CARTESIAN_POINT('',(0.158103687436,-2.145654655958,
    0.489999991111));
#8161 = ORIENTED_EDGE('',*,*,#8129,.F.);
#8162 = ORIENTED_EDGE('',*,*,#7426,.T.);
#8163 = ORIENTED_EDGE('',*,*,#8122,.T.);
#8164 = B_SPLINE_SURFACE_WITH_KNOTS('',3,1,(
    (#8165,#8166)
    ,(#8167,#8168)
    ,(#8169,#8170)
    ,(#8171,#8172)
    ,(#8173,#8174)
    ,(#8175,#8176
    )),.UNSPECIFIED.,.F.,.F.,.F.,(4,2,4),(2,2),(2.,3.,4.),(0.,1.),
  .UNSPECIFIED.);
#8165 = CARTESIAN_POINT('',(0.158103687436,-2.032867614572,
    0.490999991093));
#8166 = CARTESIAN_POINT('',(0.158103687436,-2.032867614572,
    0.489999991111));
#8167 = CARTESIAN_POINT('',(0.12773795189,-2.032867614572,0.490999991093
    ));
#8168 = CARTESIAN_POINT('',(0.12773795189,-2.032867614572,0.489999991111
    ));
#8169 = CARTESIAN_POINT('',(0.101710194323,-2.057449407058,
    0.490999991093));
#8170 = CARTESIAN_POINT('',(0.101710194323,-2.057449407058,
    0.489999991111));
#8171 = CARTESIAN_POINT('',(0.101710194323,-2.121072863472,
    0.490999991093));
#8172 = CARTESIAN_POINT('',(0.101710194323,-2.121072863472,
    0.489999991111));
#8173 = CARTESIAN_POINT('',(0.12773795189,-2.145654655958,0.490999991093
    ));
#8174 = CARTESIAN_POINT('',(0.12773795189,-2.145654655958,0.489999991111
    ));
#8175 = CARTESIAN_POINT('',(0.158103687436,-2.145654655958,
    0.490999991093));
#8176 = CARTESIAN_POINT('',(0.158103687436,-2.145654655958,
    0.489999991111));
#8177 = ADVANCED_FACE('',(#8178),#8182,.F.);
#8178 = FACE_BOUND('',#8179,.T.);
#8179 = EDGE_LOOP('',(#8180,#8181));
#8180 = ORIENTED_EDGE('',*,*,#8153,.T.);
#8181 = ORIENTED_EDGE('',*,*,#8108,.T.);
#8182 = PLANE('',#8183);
#8183 = AXIS2_PLACEMENT_3D('',#8184,#8185,#8186);
#8184 = CARTESIAN_POINT('',(0.,0.,0.489999991111));
#8185 = DIRECTION('',(0.,0.,-1.));
#8186 = DIRECTION('',(-1.,0.,0.));
#8187 = ( GEOMETRIC_REPRESENTATION_CONTEXT(3) 
GLOBAL_UNCERTAINTY_ASSIGNED_CONTEXT((#8191)) 
GLOBAL_UNIT_ASSIGNED_CONTEXT((#8188,#8189,#8190)) REPRESENTATION_CONTEXT
('Context #1','3D Context with UNIT and UNCERTAINTY') );
#8188 = ( LENGTH_UNIT() NAMED_UNIT(*) SI_UNIT(.MILLI.,.METRE.) );
#8189 = ( NAMED_UNIT(*) PLANE_ANGLE_UNIT() SI_UNIT($,.RADIAN.) );
#8190 = ( NAMED_UNIT(*) SI_UNIT($,.STERADIAN.) SOLID_ANGLE_UNIT() );
#8191 = UNCERTAINTY_MEASURE_WITH_UNIT(LENGTH_MEASURE(1.E-07),#8188,
  'distance_accuracy_value','confusion accuracy');
#8192 = PRODUCT_RELATED_PRODUCT_CATEGORY('part',$,(#7));
#8193 = MECHANICAL_DESIGN_GEOMETRIC_PRESENTATION_REPRESENTATION('',(
    #8194,#8205,#8213,#8220,#8227,#8234,#8242,#8249,#8256,#8263,#8270,
    #8277,#8284,#8291,#8298,#8305,#8312,#8319,#8326,#8333,#8340,#8347,
    #8354,#8361,#8368,#8375,#8382,#8389,#8396,#8403,#8410,#8417,#8424,
    #8431,#8438,#8445,#8452,#8459,#8466,#8473,#8480,#8487,#8494,#8501,
    #8508,#8515,#8522,#8529,#8536,#8543,#8550,#8557,#8564,#8571,#8578,
    #8585,#8592,#8599,#8606,#8613,#8620,#8627,#8634,#8641,#8648,#8655,
    #8662,#8669,#8676,#8683,#8690,#8697,#8704,#8711,#8718,#8725,#8732,
    #8739,#8746,#8753,#8760,#8767,#8774,#8781,#8788,#8795,#8802,#8809,
    #8816,#8823,#8830,#8837,#8844,#8851,#8858,#8865,#8872,#8879,#8886,
    #8893,#8900,#8907,#8914,#8921,#8928,#8935,#8942,#8949,#8956,#8963,
    #8970,#8977,#8984,#8991,#8998,#9005,#9012,#9019,#9026,#9033,#9040,
    #9047,#9054,#9061,#9068,#9075,#9082,#9089,#9096,#9103,#9110,#9117,
    #9124,#9131,#9138,#9145,#9152,#9159,#9166,#9173,#9180,#9187,#9194,
    #9201,#9208,#9215,#9222,#9229,#9236,#9243,#9250,#9257,#9264,#9271,
    #9278,#9285,#9292,#9299,#9306,#9313,#9320,#9327,#9334,#9341,#9348,
    #9355,#9362,#9369,#9376,#9383,#9390,#9397,#9404,#9411,#9418,#9425,
    #9432,#9439,#9446,#9453,#9460,#9467,#9474,#9481,#9488,#9495,#9502,
    #9509,#9516,#9523,#9530,#9537,#9544,#9551,#9558,#9565,#9572,#9579,
    #9586,#9593,#9600,#9607,#9614,#9621,#9628,#9635,#9642,#9649,#9656,
    #9663,#9670,#9677,#9684,#9691,#9698,#9705,#9712,#9719,#9726,#9733,
    #9740,#9747,#9754,#9761,#9768,#9775,#9782,#9789,#9796),#8187);
#8194 = STYLED_ITEM('color',(#8195),#15);
#8195 = PRESENTATION_STYLE_ASSIGNMENT((#8196,#8202));
#8196 = SURFACE_STYLE_USAGE(.BOTH.,#8197);
#8197 = SURFACE_SIDE_STYLE('',(#8198));
#8198 = SURFACE_STYLE_FILL_AREA(#8199);
#8199 = FILL_AREA_STYLE('',(#8200));
#8200 = FILL_AREA_STYLE_COLOUR('',#8201);
#8201 = COLOUR_RGB('',0.752941202324,0.752941202324,0.752941202324);
#8202 = CURVE_STYLE('',#8203,POSITIVE_LENGTH_MEASURE(0.1),#8204);
#8203 = DRAUGHTING_PRE_DEFINED_CURVE_FONT('continuous');
#8204 = COLOUR_RGB('',9.803921802644E-02,9.803921802644E-02,
  9.803921802644E-02);
#8205 = OVER_RIDING_STYLED_ITEM('overriding color',(#8206),#59,#8194);
#8206 = PRESENTATION_STYLE_ASSIGNMENT((#8207));
#8207 = SURFACE_STYLE_USAGE(.BOTH.,#8208);
#8208 = SURFACE_SIDE_STYLE('',(#8209));
#8209 = SURFACE_STYLE_FILL_AREA(#8210);
#8210 = FILL_AREA_STYLE('',(#8211));
#8211 = FILL_AREA_STYLE_COLOUR('',#8212);
#8212 = COLOUR_RGB('',0.113725493293,0.113725493293,0.113725493293);
#8213 = OVER_RIDING_STYLED_ITEM('overriding color',(#8214),#2032,#8194);
#8214 = PRESENTATION_STYLE_ASSIGNMENT((#8215));
#8215 = SURFACE_STYLE_USAGE(.BOTH.,#8216);
#8216 = SURFACE_SIDE_STYLE('',(#8217));
#8217 = SURFACE_STYLE_FILL_AREA(#8218);
#8218 = FILL_AREA_STYLE('',(#8219));
#8219 = FILL_AREA_STYLE_COLOUR('',#8212);
#8220 = OVER_RIDING_STYLED_ITEM('overriding color',(#8221),#2054,#8194);
#8221 = PRESENTATION_STYLE_ASSIGNMENT((#8222));
#8222 = SURFACE_STYLE_USAGE(.BOTH.,#8223);
#8223 = SURFACE_SIDE_STYLE('',(#8224));
#8224 = SURFACE_STYLE_FILL_AREA(#8225);
#8225 = FILL_AREA_STYLE('',(#8226));
#8226 = FILL_AREA_STYLE_COLOUR('',#8212);
#8227 = OVER_RIDING_STYLED_ITEM('overriding color',(#8228),#2066,#8194);
#8228 = PRESENTATION_STYLE_ASSIGNMENT((#8229));
#8229 = SURFACE_STYLE_USAGE(.BOTH.,#8230);
#8230 = SURFACE_SIDE_STYLE('',(#8231));
#8231 = SURFACE_STYLE_FILL_AREA(#8232);
#8232 = FILL_AREA_STYLE('',(#8233));
#8233 = FILL_AREA_STYLE_COLOUR('',#8212);
#8234 = OVER_RIDING_STYLED_ITEM('overriding color',(#8235),#2078,#8194);
#8235 = PRESENTATION_STYLE_ASSIGNMENT((#8236));
#8236 = SURFACE_STYLE_USAGE(.BOTH.,#8237);
#8237 = SURFACE_SIDE_STYLE('',(#8238));
#8238 = SURFACE_STYLE_FILL_AREA(#8239);
#8239 = FILL_AREA_STYLE('',(#8240));
#8240 = FILL_AREA_STYLE_COLOUR('',#8241);
#8241 = DRAUGHTING_PRE_DEFINED_COLOUR('white');
#8242 = OVER_RIDING_STYLED_ITEM('overriding color',(#8243),#2109,#8194);
#8243 = PRESENTATION_STYLE_ASSIGNMENT((#8244));
#8244 = SURFACE_STYLE_USAGE(.BOTH.,#8245);
#8245 = SURFACE_SIDE_STYLE('',(#8246));
#8246 = SURFACE_STYLE_FILL_AREA(#8247);
#8247 = FILL_AREA_STYLE('',(#8248));
#8248 = FILL_AREA_STYLE_COLOUR('',#8241);
#8249 = OVER_RIDING_STYLED_ITEM('overriding color',(#8250),#2133,#8194);
#8250 = PRESENTATION_STYLE_ASSIGNMENT((#8251));
#8251 = SURFACE_STYLE_USAGE(.BOTH.,#8252);
#8252 = SURFACE_SIDE_STYLE('',(#8253));
#8253 = SURFACE_STYLE_FILL_AREA(#8254);
#8254 = FILL_AREA_STYLE('',(#8255));
#8255 = FILL_AREA_STYLE_COLOUR('',#8241);
#8256 = OVER_RIDING_STYLED_ITEM('overriding color',(#8257),#2157,#8194);
#8257 = PRESENTATION_STYLE_ASSIGNMENT((#8258));
#8258 = SURFACE_STYLE_USAGE(.BOTH.,#8259);
#8259 = SURFACE_SIDE_STYLE('',(#8260));
#8260 = SURFACE_STYLE_FILL_AREA(#8261);
#8261 = FILL_AREA_STYLE('',(#8262));
#8262 = FILL_AREA_STYLE_COLOUR('',#8241);
#8263 = OVER_RIDING_STYLED_ITEM('overriding color',(#8264),#2181,#8194);
#8264 = PRESENTATION_STYLE_ASSIGNMENT((#8265));
#8265 = SURFACE_STYLE_USAGE(.BOTH.,#8266);
#8266 = SURFACE_SIDE_STYLE('',(#8267));
#8267 = SURFACE_STYLE_FILL_AREA(#8268);
#8268 = FILL_AREA_STYLE('',(#8269));
#8269 = FILL_AREA_STYLE_COLOUR('',#8241);
#8270 = OVER_RIDING_STYLED_ITEM('overriding color',(#8271),#2205,#8194);
#8271 = PRESENTATION_STYLE_ASSIGNMENT((#8272));
#8272 = SURFACE_STYLE_USAGE(.BOTH.,#8273);
#8273 = SURFACE_SIDE_STYLE('',(#8274));
#8274 = SURFACE_STYLE_FILL_AREA(#8275);
#8275 = FILL_AREA_STYLE('',(#8276));
#8276 = FILL_AREA_STYLE_COLOUR('',#8241);
#8277 = OVER_RIDING_STYLED_ITEM('overriding color',(#8278),#2222,#8194);
#8278 = PRESENTATION_STYLE_ASSIGNMENT((#8279));
#8279 = SURFACE_STYLE_USAGE(.BOTH.,#8280);
#8280 = SURFACE_SIDE_STYLE('',(#8281));
#8281 = SURFACE_STYLE_FILL_AREA(#8282);
#8282 = FILL_AREA_STYLE('',(#8283));
#8283 = FILL_AREA_STYLE_COLOUR('',#8241);
#8284 = OVER_RIDING_STYLED_ITEM('overriding color',(#8285),#2236,#8194);
#8285 = PRESENTATION_STYLE_ASSIGNMENT((#8286));
#8286 = SURFACE_STYLE_USAGE(.BOTH.,#8287);
#8287 = SURFACE_SIDE_STYLE('',(#8288));
#8288 = SURFACE_STYLE_FILL_AREA(#8289);
#8289 = FILL_AREA_STYLE('',(#8290));
#8290 = FILL_AREA_STYLE_COLOUR('',#8241);
#8291 = OVER_RIDING_STYLED_ITEM('overriding color',(#8292),#2272,#8194);
#8292 = PRESENTATION_STYLE_ASSIGNMENT((#8293));
#8293 = SURFACE_STYLE_USAGE(.BOTH.,#8294);
#8294 = SURFACE_SIDE_STYLE('',(#8295));
#8295 = SURFACE_STYLE_FILL_AREA(#8296);
#8296 = FILL_AREA_STYLE('',(#8297));
#8297 = FILL_AREA_STYLE_COLOUR('',#8241);
#8298 = OVER_RIDING_STYLED_ITEM('overriding color',(#8299),#2296,#8194);
#8299 = PRESENTATION_STYLE_ASSIGNMENT((#8300));
#8300 = SURFACE_STYLE_USAGE(.BOTH.,#8301);
#8301 = SURFACE_SIDE_STYLE('',(#8302));
#8302 = SURFACE_STYLE_FILL_AREA(#8303);
#8303 = FILL_AREA_STYLE('',(#8304));
#8304 = FILL_AREA_STYLE_COLOUR('',#8241);
#8305 = OVER_RIDING_STYLED_ITEM('overriding color',(#8306),#2325,#8194);
#8306 = PRESENTATION_STYLE_ASSIGNMENT((#8307));
#8307 = SURFACE_STYLE_USAGE(.BOTH.,#8308);
#8308 = SURFACE_SIDE_STYLE('',(#8309));
#8309 = SURFACE_STYLE_FILL_AREA(#8310);
#8310 = FILL_AREA_STYLE('',(#8311));
#8311 = FILL_AREA_STYLE_COLOUR('',#8241);
#8312 = OVER_RIDING_STYLED_ITEM('overriding color',(#8313),#2354,#8194);
#8313 = PRESENTATION_STYLE_ASSIGNMENT((#8314));
#8314 = SURFACE_STYLE_USAGE(.BOTH.,#8315);
#8315 = SURFACE_SIDE_STYLE('',(#8316));
#8316 = SURFACE_STYLE_FILL_AREA(#8317);
#8317 = FILL_AREA_STYLE('',(#8318));
#8318 = FILL_AREA_STYLE_COLOUR('',#8241);
#8319 = OVER_RIDING_STYLED_ITEM('overriding color',(#8320),#2383,#8194);
#8320 = PRESENTATION_STYLE_ASSIGNMENT((#8321));
#8321 = SURFACE_STYLE_USAGE(.BOTH.,#8322);
#8322 = SURFACE_SIDE_STYLE('',(#8323));
#8323 = SURFACE_STYLE_FILL_AREA(#8324);
#8324 = FILL_AREA_STYLE('',(#8325));
#8325 = FILL_AREA_STYLE_COLOUR('',#8241);
#8326 = OVER_RIDING_STYLED_ITEM('overriding color',(#8327),#2412,#8194);
#8327 = PRESENTATION_STYLE_ASSIGNMENT((#8328));
#8328 = SURFACE_STYLE_USAGE(.BOTH.,#8329);
#8329 = SURFACE_SIDE_STYLE('',(#8330));
#8330 = SURFACE_STYLE_FILL_AREA(#8331);
#8331 = FILL_AREA_STYLE('',(#8332));
#8332 = FILL_AREA_STYLE_COLOUR('',#8241);
#8333 = OVER_RIDING_STYLED_ITEM('overriding color',(#8334),#2441,#8194);
#8334 = PRESENTATION_STYLE_ASSIGNMENT((#8335));
#8335 = SURFACE_STYLE_USAGE(.BOTH.,#8336);
#8336 = SURFACE_SIDE_STYLE('',(#8337));
#8337 = SURFACE_STYLE_FILL_AREA(#8338);
#8338 = FILL_AREA_STYLE('',(#8339));
#8339 = FILL_AREA_STYLE_COLOUR('',#8241);
#8340 = OVER_RIDING_STYLED_ITEM('overriding color',(#8341),#2470,#8194);
#8341 = PRESENTATION_STYLE_ASSIGNMENT((#8342));
#8342 = SURFACE_STYLE_USAGE(.BOTH.,#8343);
#8343 = SURFACE_SIDE_STYLE('',(#8344));
#8344 = SURFACE_STYLE_FILL_AREA(#8345);
#8345 = FILL_AREA_STYLE('',(#8346));
#8346 = FILL_AREA_STYLE_COLOUR('',#8241);
#8347 = OVER_RIDING_STYLED_ITEM('overriding color',(#8348),#2494,#8194);
#8348 = PRESENTATION_STYLE_ASSIGNMENT((#8349));
#8349 = SURFACE_STYLE_USAGE(.BOTH.,#8350);
#8350 = SURFACE_SIDE_STYLE('',(#8351));
#8351 = SURFACE_STYLE_FILL_AREA(#8352);
#8352 = FILL_AREA_STYLE('',(#8353));
#8353 = FILL_AREA_STYLE_COLOUR('',#8241);
#8354 = OVER_RIDING_STYLED_ITEM('overriding color',(#8355),#2523,#8194);
#8355 = PRESENTATION_STYLE_ASSIGNMENT((#8356));
#8356 = SURFACE_STYLE_USAGE(.BOTH.,#8357);
#8357 = SURFACE_SIDE_STYLE('',(#8358));
#8358 = SURFACE_STYLE_FILL_AREA(#8359);
#8359 = FILL_AREA_STYLE('',(#8360));
#8360 = FILL_AREA_STYLE_COLOUR('',#8241);
#8361 = OVER_RIDING_STYLED_ITEM('overriding color',(#8362),#2552,#8194);
#8362 = PRESENTATION_STYLE_ASSIGNMENT((#8363));
#8363 = SURFACE_STYLE_USAGE(.BOTH.,#8364);
#8364 = SURFACE_SIDE_STYLE('',(#8365));
#8365 = SURFACE_STYLE_FILL_AREA(#8366);
#8366 = FILL_AREA_STYLE('',(#8367));
#8367 = FILL_AREA_STYLE_COLOUR('',#8241);
#8368 = OVER_RIDING_STYLED_ITEM('overriding color',(#8369),#2581,#8194);
#8369 = PRESENTATION_STYLE_ASSIGNMENT((#8370));
#8370 = SURFACE_STYLE_USAGE(.BOTH.,#8371);
#8371 = SURFACE_SIDE_STYLE('',(#8372));
#8372 = SURFACE_STYLE_FILL_AREA(#8373);
#8373 = FILL_AREA_STYLE('',(#8374));
#8374 = FILL_AREA_STYLE_COLOUR('',#8241);
#8375 = OVER_RIDING_STYLED_ITEM('overriding color',(#8376),#2610,#8194);
#8376 = PRESENTATION_STYLE_ASSIGNMENT((#8377));
#8377 = SURFACE_STYLE_USAGE(.BOTH.,#8378);
#8378 = SURFACE_SIDE_STYLE('',(#8379));
#8379 = SURFACE_STYLE_FILL_AREA(#8380);
#8380 = FILL_AREA_STYLE('',(#8381));
#8381 = FILL_AREA_STYLE_COLOUR('',#8241);
#8382 = OVER_RIDING_STYLED_ITEM('overriding color',(#8383),#2632,#8194);
#8383 = PRESENTATION_STYLE_ASSIGNMENT((#8384));
#8384 = SURFACE_STYLE_USAGE(.BOTH.,#8385);
#8385 = SURFACE_SIDE_STYLE('',(#8386));
#8386 = SURFACE_STYLE_FILL_AREA(#8387);
#8387 = FILL_AREA_STYLE('',(#8388));
#8388 = FILL_AREA_STYLE_COLOUR('',#8241);
#8389 = OVER_RIDING_STYLED_ITEM('overriding color',(#8390),#2654,#8194);
#8390 = PRESENTATION_STYLE_ASSIGNMENT((#8391));
#8391 = SURFACE_STYLE_USAGE(.BOTH.,#8392);
#8392 = SURFACE_SIDE_STYLE('',(#8393));
#8393 = SURFACE_STYLE_FILL_AREA(#8394);
#8394 = FILL_AREA_STYLE('',(#8395));
#8395 = FILL_AREA_STYLE_COLOUR('',#8241);
#8396 = OVER_RIDING_STYLED_ITEM('overriding color',(#8397),#2685,#8194);
#8397 = PRESENTATION_STYLE_ASSIGNMENT((#8398));
#8398 = SURFACE_STYLE_USAGE(.BOTH.,#8399);
#8399 = SURFACE_SIDE_STYLE('',(#8400));
#8400 = SURFACE_STYLE_FILL_AREA(#8401);
#8401 = FILL_AREA_STYLE('',(#8402));
#8402 = FILL_AREA_STYLE_COLOUR('',#8241);
#8403 = OVER_RIDING_STYLED_ITEM('overriding color',(#8404),#2709,#8194);
#8404 = PRESENTATION_STYLE_ASSIGNMENT((#8405));
#8405 = SURFACE_STYLE_USAGE(.BOTH.,#8406);
#8406 = SURFACE_SIDE_STYLE('',(#8407));
#8407 = SURFACE_STYLE_FILL_AREA(#8408);
#8408 = FILL_AREA_STYLE('',(#8409));
#8409 = FILL_AREA_STYLE_COLOUR('',#8241);
#8410 = OVER_RIDING_STYLED_ITEM('overriding color',(#8411),#2733,#8194);
#8411 = PRESENTATION_STYLE_ASSIGNMENT((#8412));
#8412 = SURFACE_STYLE_USAGE(.BOTH.,#8413);
#8413 = SURFACE_SIDE_STYLE('',(#8414));
#8414 = SURFACE_STYLE_FILL_AREA(#8415);
#8415 = FILL_AREA_STYLE('',(#8416));
#8416 = FILL_AREA_STYLE_COLOUR('',#8241);
#8417 = OVER_RIDING_STYLED_ITEM('overriding color',(#8418),#2757,#8194);
#8418 = PRESENTATION_STYLE_ASSIGNMENT((#8419));
#8419 = SURFACE_STYLE_USAGE(.BOTH.,#8420);
#8420 = SURFACE_SIDE_STYLE('',(#8421));
#8421 = SURFACE_STYLE_FILL_AREA(#8422);
#8422 = FILL_AREA_STYLE('',(#8423));
#8423 = FILL_AREA_STYLE_COLOUR('',#8241);
#8424 = OVER_RIDING_STYLED_ITEM('overriding color',(#8425),#2781,#8194);
#8425 = PRESENTATION_STYLE_ASSIGNMENT((#8426));
#8426 = SURFACE_STYLE_USAGE(.BOTH.,#8427);
#8427 = SURFACE_SIDE_STYLE('',(#8428));
#8428 = SURFACE_STYLE_FILL_AREA(#8429);
#8429 = FILL_AREA_STYLE('',(#8430));
#8430 = FILL_AREA_STYLE_COLOUR('',#8241);
#8431 = OVER_RIDING_STYLED_ITEM('overriding color',(#8432),#2805,#8194);
#8432 = PRESENTATION_STYLE_ASSIGNMENT((#8433));
#8433 = SURFACE_STYLE_USAGE(.BOTH.,#8434);
#8434 = SURFACE_SIDE_STYLE('',(#8435));
#8435 = SURFACE_STYLE_FILL_AREA(#8436);
#8436 = FILL_AREA_STYLE('',(#8437));
#8437 = FILL_AREA_STYLE_COLOUR('',#8241);
#8438 = OVER_RIDING_STYLED_ITEM('overriding color',(#8439),#2829,#8194);
#8439 = PRESENTATION_STYLE_ASSIGNMENT((#8440));
#8440 = SURFACE_STYLE_USAGE(.BOTH.,#8441);
#8441 = SURFACE_SIDE_STYLE('',(#8442));
#8442 = SURFACE_STYLE_FILL_AREA(#8443);
#8443 = FILL_AREA_STYLE('',(#8444));
#8444 = FILL_AREA_STYLE_COLOUR('',#8241);
#8445 = OVER_RIDING_STYLED_ITEM('overriding color',(#8446),#2853,#8194);
#8446 = PRESENTATION_STYLE_ASSIGNMENT((#8447));
#8447 = SURFACE_STYLE_USAGE(.BOTH.,#8448);
#8448 = SURFACE_SIDE_STYLE('',(#8449));
#8449 = SURFACE_STYLE_FILL_AREA(#8450);
#8450 = FILL_AREA_STYLE('',(#8451));
#8451 = FILL_AREA_STYLE_COLOUR('',#8241);
#8452 = OVER_RIDING_STYLED_ITEM('overriding color',(#8453),#2877,#8194);
#8453 = PRESENTATION_STYLE_ASSIGNMENT((#8454));
#8454 = SURFACE_STYLE_USAGE(.BOTH.,#8455);
#8455 = SURFACE_SIDE_STYLE('',(#8456));
#8456 = SURFACE_STYLE_FILL_AREA(#8457);
#8457 = FILL_AREA_STYLE('',(#8458));
#8458 = FILL_AREA_STYLE_COLOUR('',#8241);
#8459 = OVER_RIDING_STYLED_ITEM('overriding color',(#8460),#2901,#8194);
#8460 = PRESENTATION_STYLE_ASSIGNMENT((#8461));
#8461 = SURFACE_STYLE_USAGE(.BOTH.,#8462);
#8462 = SURFACE_SIDE_STYLE('',(#8463));
#8463 = SURFACE_STYLE_FILL_AREA(#8464);
#8464 = FILL_AREA_STYLE('',(#8465));
#8465 = FILL_AREA_STYLE_COLOUR('',#8241);
#8466 = OVER_RIDING_STYLED_ITEM('overriding color',(#8467),#2925,#8194);
#8467 = PRESENTATION_STYLE_ASSIGNMENT((#8468));
#8468 = SURFACE_STYLE_USAGE(.BOTH.,#8469);
#8469 = SURFACE_SIDE_STYLE('',(#8470));
#8470 = SURFACE_STYLE_FILL_AREA(#8471);
#8471 = FILL_AREA_STYLE('',(#8472));
#8472 = FILL_AREA_STYLE_COLOUR('',#8241);
#8473 = OVER_RIDING_STYLED_ITEM('overriding color',(#8474),#2942,#8194);
#8474 = PRESENTATION_STYLE_ASSIGNMENT((#8475));
#8475 = SURFACE_STYLE_USAGE(.BOTH.,#8476);
#8476 = SURFACE_SIDE_STYLE('',(#8477));
#8477 = SURFACE_STYLE_FILL_AREA(#8478);
#8478 = FILL_AREA_STYLE('',(#8479));
#8479 = FILL_AREA_STYLE_COLOUR('',#8241);
#8480 = OVER_RIDING_STYLED_ITEM('overriding color',(#8481),#2962,#8194);
#8481 = PRESENTATION_STYLE_ASSIGNMENT((#8482));
#8482 = SURFACE_STYLE_USAGE(.BOTH.,#8483);
#8483 = SURFACE_SIDE_STYLE('',(#8484));
#8484 = SURFACE_STYLE_FILL_AREA(#8485);
#8485 = FILL_AREA_STYLE('',(#8486));
#8486 = FILL_AREA_STYLE_COLOUR('',#8241);
#8487 = OVER_RIDING_STYLED_ITEM('overriding color',(#8488),#3092,#8194);
#8488 = PRESENTATION_STYLE_ASSIGNMENT((#8489));
#8489 = SURFACE_STYLE_USAGE(.BOTH.,#8490);
#8490 = SURFACE_SIDE_STYLE('',(#8491));
#8491 = SURFACE_STYLE_FILL_AREA(#8492);
#8492 = FILL_AREA_STYLE('',(#8493));
#8493 = FILL_AREA_STYLE_COLOUR('',#8241);
#8494 = OVER_RIDING_STYLED_ITEM('overriding color',(#8495),#3114,#8194);
#8495 = PRESENTATION_STYLE_ASSIGNMENT((#8496));
#8496 = SURFACE_STYLE_USAGE(.BOTH.,#8497);
#8497 = SURFACE_SIDE_STYLE('',(#8498));
#8498 = SURFACE_STYLE_FILL_AREA(#8499);
#8499 = FILL_AREA_STYLE('',(#8500));
#8500 = FILL_AREA_STYLE_COLOUR('',#8241);
#8501 = OVER_RIDING_STYLED_ITEM('overriding color',(#8502),#3135,#8194);
#8502 = PRESENTATION_STYLE_ASSIGNMENT((#8503));
#8503 = SURFACE_STYLE_USAGE(.BOTH.,#8504);
#8504 = SURFACE_SIDE_STYLE('',(#8505));
#8505 = SURFACE_STYLE_FILL_AREA(#8506);
#8506 = FILL_AREA_STYLE('',(#8507));
#8507 = FILL_AREA_STYLE_COLOUR('',#8241);
#8508 = OVER_RIDING_STYLED_ITEM('overriding color',(#8509),#3156,#8194);
#8509 = PRESENTATION_STYLE_ASSIGNMENT((#8510));
#8510 = SURFACE_STYLE_USAGE(.BOTH.,#8511);
#8511 = SURFACE_SIDE_STYLE('',(#8512));
#8512 = SURFACE_STYLE_FILL_AREA(#8513);
#8513 = FILL_AREA_STYLE('',(#8514));
#8514 = FILL_AREA_STYLE_COLOUR('',#8241);
#8515 = OVER_RIDING_STYLED_ITEM('overriding color',(#8516),#3177,#8194);
#8516 = PRESENTATION_STYLE_ASSIGNMENT((#8517));
#8517 = SURFACE_STYLE_USAGE(.BOTH.,#8518);
#8518 = SURFACE_SIDE_STYLE('',(#8519));
#8519 = SURFACE_STYLE_FILL_AREA(#8520);
#8520 = FILL_AREA_STYLE('',(#8521));
#8521 = FILL_AREA_STYLE_COLOUR('',#8241);
#8522 = OVER_RIDING_STYLED_ITEM('overriding color',(#8523),#3198,#8194);
#8523 = PRESENTATION_STYLE_ASSIGNMENT((#8524));
#8524 = SURFACE_STYLE_USAGE(.BOTH.,#8525);
#8525 = SURFACE_SIDE_STYLE('',(#8526));
#8526 = SURFACE_STYLE_FILL_AREA(#8527);
#8527 = FILL_AREA_STYLE('',(#8528));
#8528 = FILL_AREA_STYLE_COLOUR('',#8241);
#8529 = OVER_RIDING_STYLED_ITEM('overriding color',(#8530),#3215,#8194);
#8530 = PRESENTATION_STYLE_ASSIGNMENT((#8531));
#8531 = SURFACE_STYLE_USAGE(.BOTH.,#8532);
#8532 = SURFACE_SIDE_STYLE('',(#8533));
#8533 = SURFACE_STYLE_FILL_AREA(#8534);
#8534 = FILL_AREA_STYLE('',(#8535));
#8535 = FILL_AREA_STYLE_COLOUR('',#8241);
#8536 = OVER_RIDING_STYLED_ITEM('overriding color',(#8537),#3227,#8194);
#8537 = PRESENTATION_STYLE_ASSIGNMENT((#8538));
#8538 = SURFACE_STYLE_USAGE(.BOTH.,#8539);
#8539 = SURFACE_SIDE_STYLE('',(#8540));
#8540 = SURFACE_STYLE_FILL_AREA(#8541);
#8541 = FILL_AREA_STYLE('',(#8542));
#8542 = FILL_AREA_STYLE_COLOUR('',#8241);
#8543 = OVER_RIDING_STYLED_ITEM('overriding color',(#8544),#3258,#8194);
#8544 = PRESENTATION_STYLE_ASSIGNMENT((#8545));
#8545 = SURFACE_STYLE_USAGE(.BOTH.,#8546);
#8546 = SURFACE_SIDE_STYLE('',(#8547));
#8547 = SURFACE_STYLE_FILL_AREA(#8548);
#8548 = FILL_AREA_STYLE('',(#8549));
#8549 = FILL_AREA_STYLE_COLOUR('',#8241);
#8550 = OVER_RIDING_STYLED_ITEM('overriding color',(#8551),#3282,#8194);
#8551 = PRESENTATION_STYLE_ASSIGNMENT((#8552));
#8552 = SURFACE_STYLE_USAGE(.BOTH.,#8553);
#8553 = SURFACE_SIDE_STYLE('',(#8554));
#8554 = SURFACE_STYLE_FILL_AREA(#8555);
#8555 = FILL_AREA_STYLE('',(#8556));
#8556 = FILL_AREA_STYLE_COLOUR('',#8241);
#8557 = OVER_RIDING_STYLED_ITEM('overriding color',(#8558),#3306,#8194);
#8558 = PRESENTATION_STYLE_ASSIGNMENT((#8559));
#8559 = SURFACE_STYLE_USAGE(.BOTH.,#8560);
#8560 = SURFACE_SIDE_STYLE('',(#8561));
#8561 = SURFACE_STYLE_FILL_AREA(#8562);
#8562 = FILL_AREA_STYLE('',(#8563));
#8563 = FILL_AREA_STYLE_COLOUR('',#8241);
#8564 = OVER_RIDING_STYLED_ITEM('overriding color',(#8565),#3335,#8194);
#8565 = PRESENTATION_STYLE_ASSIGNMENT((#8566));
#8566 = SURFACE_STYLE_USAGE(.BOTH.,#8567);
#8567 = SURFACE_SIDE_STYLE('',(#8568));
#8568 = SURFACE_STYLE_FILL_AREA(#8569);
#8569 = FILL_AREA_STYLE('',(#8570));
#8570 = FILL_AREA_STYLE_COLOUR('',#8241);
#8571 = OVER_RIDING_STYLED_ITEM('overriding color',(#8572),#3364,#8194);
#8572 = PRESENTATION_STYLE_ASSIGNMENT((#8573));
#8573 = SURFACE_STYLE_USAGE(.BOTH.,#8574);
#8574 = SURFACE_SIDE_STYLE('',(#8575));
#8575 = SURFACE_STYLE_FILL_AREA(#8576);
#8576 = FILL_AREA_STYLE('',(#8577));
#8577 = FILL_AREA_STYLE_COLOUR('',#8241);
#8578 = OVER_RIDING_STYLED_ITEM('overriding color',(#8579),#3393,#8194);
#8579 = PRESENTATION_STYLE_ASSIGNMENT((#8580));
#8580 = SURFACE_STYLE_USAGE(.BOTH.,#8581);
#8581 = SURFACE_SIDE_STYLE('',(#8582));
#8582 = SURFACE_STYLE_FILL_AREA(#8583);
#8583 = FILL_AREA_STYLE('',(#8584));
#8584 = FILL_AREA_STYLE_COLOUR('',#8241);
#8585 = OVER_RIDING_STYLED_ITEM('overriding color',(#8586),#3415,#8194);
#8586 = PRESENTATION_STYLE_ASSIGNMENT((#8587));
#8587 = SURFACE_STYLE_USAGE(.BOTH.,#8588);
#8588 = SURFACE_SIDE_STYLE('',(#8589));
#8589 = SURFACE_STYLE_FILL_AREA(#8590);
#8590 = FILL_AREA_STYLE('',(#8591));
#8591 = FILL_AREA_STYLE_COLOUR('',#8212);
#8592 = OVER_RIDING_STYLED_ITEM('overriding color',(#8593),#3430,#8194);
#8593 = PRESENTATION_STYLE_ASSIGNMENT((#8594));
#8594 = SURFACE_STYLE_USAGE(.BOTH.,#8595);
#8595 = SURFACE_SIDE_STYLE('',(#8596));
#8596 = SURFACE_STYLE_FILL_AREA(#8597);
#8597 = FILL_AREA_STYLE('',(#8598));
#8598 = FILL_AREA_STYLE_COLOUR('',#8241);
#8599 = OVER_RIDING_STYLED_ITEM('overriding color',(#8600),#3554,#8194);
#8600 = PRESENTATION_STYLE_ASSIGNMENT((#8601));
#8601 = SURFACE_STYLE_USAGE(.BOTH.,#8602);
#8602 = SURFACE_SIDE_STYLE('',(#8603));
#8603 = SURFACE_STYLE_FILL_AREA(#8604);
#8604 = FILL_AREA_STYLE('',(#8605));
#8605 = FILL_AREA_STYLE_COLOUR('',#8241);
#8606 = OVER_RIDING_STYLED_ITEM('overriding color',(#8607),#3576,#8194);
#8607 = PRESENTATION_STYLE_ASSIGNMENT((#8608));
#8608 = SURFACE_STYLE_USAGE(.BOTH.,#8609);
#8609 = SURFACE_SIDE_STYLE('',(#8610));
#8610 = SURFACE_STYLE_FILL_AREA(#8611);
#8611 = FILL_AREA_STYLE('',(#8612));
#8612 = FILL_AREA_STYLE_COLOUR('',#8241);
#8613 = OVER_RIDING_STYLED_ITEM('overriding color',(#8614),#3593,#8194);
#8614 = PRESENTATION_STYLE_ASSIGNMENT((#8615));
#8615 = SURFACE_STYLE_USAGE(.BOTH.,#8616);
#8616 = SURFACE_SIDE_STYLE('',(#8617));
#8617 = SURFACE_STYLE_FILL_AREA(#8618);
#8618 = FILL_AREA_STYLE('',(#8619));
#8619 = FILL_AREA_STYLE_COLOUR('',#8241);
#8620 = OVER_RIDING_STYLED_ITEM('overriding color',(#8621),#3610,#8194);
#8621 = PRESENTATION_STYLE_ASSIGNMENT((#8622));
#8622 = SURFACE_STYLE_USAGE(.BOTH.,#8623);
#8623 = SURFACE_SIDE_STYLE('',(#8624));
#8624 = SURFACE_STYLE_FILL_AREA(#8625);
#8625 = FILL_AREA_STYLE('',(#8626));
#8626 = FILL_AREA_STYLE_COLOUR('',#8241);
#8627 = OVER_RIDING_STYLED_ITEM('overriding color',(#8628),#3627,#8194);
#8628 = PRESENTATION_STYLE_ASSIGNMENT((#8629));
#8629 = SURFACE_STYLE_USAGE(.BOTH.,#8630);
#8630 = SURFACE_SIDE_STYLE('',(#8631));
#8631 = SURFACE_STYLE_FILL_AREA(#8632);
#8632 = FILL_AREA_STYLE('',(#8633));
#8633 = FILL_AREA_STYLE_COLOUR('',#8241);
#8634 = OVER_RIDING_STYLED_ITEM('overriding color',(#8635),#3644,#8194);
#8635 = PRESENTATION_STYLE_ASSIGNMENT((#8636));
#8636 = SURFACE_STYLE_USAGE(.BOTH.,#8637);
#8637 = SURFACE_SIDE_STYLE('',(#8638));
#8638 = SURFACE_STYLE_FILL_AREA(#8639);
#8639 = FILL_AREA_STYLE('',(#8640));
#8640 = FILL_AREA_STYLE_COLOUR('',#8241);
#8641 = OVER_RIDING_STYLED_ITEM('overriding color',(#8642),#3661,#8194);
#8642 = PRESENTATION_STYLE_ASSIGNMENT((#8643));
#8643 = SURFACE_STYLE_USAGE(.BOTH.,#8644);
#8644 = SURFACE_SIDE_STYLE('',(#8645));
#8645 = SURFACE_STYLE_FILL_AREA(#8646);
#8646 = FILL_AREA_STYLE('',(#8647));
#8647 = FILL_AREA_STYLE_COLOUR('',#8241);
#8648 = OVER_RIDING_STYLED_ITEM('overriding color',(#8649),#3678,#8194);
#8649 = PRESENTATION_STYLE_ASSIGNMENT((#8650));
#8650 = SURFACE_STYLE_USAGE(.BOTH.,#8651);
#8651 = SURFACE_SIDE_STYLE('',(#8652));
#8652 = SURFACE_STYLE_FILL_AREA(#8653);
#8653 = FILL_AREA_STYLE('',(#8654));
#8654 = FILL_AREA_STYLE_COLOUR('',#8241);
#8655 = OVER_RIDING_STYLED_ITEM('overriding color',(#8656),#3690,#8194);
#8656 = PRESENTATION_STYLE_ASSIGNMENT((#8657));
#8657 = SURFACE_STYLE_USAGE(.BOTH.,#8658);
#8658 = SURFACE_SIDE_STYLE('',(#8659));
#8659 = SURFACE_STYLE_FILL_AREA(#8660);
#8660 = FILL_AREA_STYLE('',(#8661));
#8661 = FILL_AREA_STYLE_COLOUR('',#8241);
#8662 = OVER_RIDING_STYLED_ITEM('overriding color',(#8663),#3721,#8194);
#8663 = PRESENTATION_STYLE_ASSIGNMENT((#8664));
#8664 = SURFACE_STYLE_USAGE(.BOTH.,#8665);
#8665 = SURFACE_SIDE_STYLE('',(#8666));
#8666 = SURFACE_STYLE_FILL_AREA(#8667);
#8667 = FILL_AREA_STYLE('',(#8668));
#8668 = FILL_AREA_STYLE_COLOUR('',#8241);
#8669 = OVER_RIDING_STYLED_ITEM('overriding color',(#8670),#3745,#8194);
#8670 = PRESENTATION_STYLE_ASSIGNMENT((#8671));
#8671 = SURFACE_STYLE_USAGE(.BOTH.,#8672);
#8672 = SURFACE_SIDE_STYLE('',(#8673));
#8673 = SURFACE_STYLE_FILL_AREA(#8674);
#8674 = FILL_AREA_STYLE('',(#8675));
#8675 = FILL_AREA_STYLE_COLOUR('',#8241);
#8676 = OVER_RIDING_STYLED_ITEM('overriding color',(#8677),#3774,#8194);
#8677 = PRESENTATION_STYLE_ASSIGNMENT((#8678));
#8678 = SURFACE_STYLE_USAGE(.BOTH.,#8679);
#8679 = SURFACE_SIDE_STYLE('',(#8680));
#8680 = SURFACE_STYLE_FILL_AREA(#8681);
#8681 = FILL_AREA_STYLE('',(#8682));
#8682 = FILL_AREA_STYLE_COLOUR('',#8241);
#8683 = OVER_RIDING_STYLED_ITEM('overriding color',(#8684),#3798,#8194);
#8684 = PRESENTATION_STYLE_ASSIGNMENT((#8685));
#8685 = SURFACE_STYLE_USAGE(.BOTH.,#8686);
#8686 = SURFACE_SIDE_STYLE('',(#8687));
#8687 = SURFACE_STYLE_FILL_AREA(#8688);
#8688 = FILL_AREA_STYLE('',(#8689));
#8689 = FILL_AREA_STYLE_COLOUR('',#8241);
#8690 = OVER_RIDING_STYLED_ITEM('overriding color',(#8691),#3827,#8194);
#8691 = PRESENTATION_STYLE_ASSIGNMENT((#8692));
#8692 = SURFACE_STYLE_USAGE(.BOTH.,#8693);
#8693 = SURFACE_SIDE_STYLE('',(#8694));
#8694 = SURFACE_STYLE_FILL_AREA(#8695);
#8695 = FILL_AREA_STYLE('',(#8696));
#8696 = FILL_AREA_STYLE_COLOUR('',#8241);
#8697 = OVER_RIDING_STYLED_ITEM('overriding color',(#8698),#3844,#8194);
#8698 = PRESENTATION_STYLE_ASSIGNMENT((#8699));
#8699 = SURFACE_STYLE_USAGE(.BOTH.,#8700);
#8700 = SURFACE_SIDE_STYLE('',(#8701));
#8701 = SURFACE_STYLE_FILL_AREA(#8702);
#8702 = FILL_AREA_STYLE('',(#8703));
#8703 = FILL_AREA_STYLE_COLOUR('',#8212);
#8704 = OVER_RIDING_STYLED_ITEM('overriding color',(#8705),#3858,#8194);
#8705 = PRESENTATION_STYLE_ASSIGNMENT((#8706));
#8706 = SURFACE_STYLE_USAGE(.BOTH.,#8707);
#8707 = SURFACE_SIDE_STYLE('',(#8708));
#8708 = SURFACE_STYLE_FILL_AREA(#8709);
#8709 = FILL_AREA_STYLE('',(#8710));
#8710 = FILL_AREA_STYLE_COLOUR('',#8241);
#8711 = OVER_RIDING_STYLED_ITEM('overriding color',(#8712),#3889,#8194);
#8712 = PRESENTATION_STYLE_ASSIGNMENT((#8713));
#8713 = SURFACE_STYLE_USAGE(.BOTH.,#8714);
#8714 = SURFACE_SIDE_STYLE('',(#8715));
#8715 = SURFACE_STYLE_FILL_AREA(#8716);
#8716 = FILL_AREA_STYLE('',(#8717));
#8717 = FILL_AREA_STYLE_COLOUR('',#8241);
#8718 = OVER_RIDING_STYLED_ITEM('overriding color',(#8719),#3913,#8194);
#8719 = PRESENTATION_STYLE_ASSIGNMENT((#8720));
#8720 = SURFACE_STYLE_USAGE(.BOTH.,#8721);
#8721 = SURFACE_SIDE_STYLE('',(#8722));
#8722 = SURFACE_STYLE_FILL_AREA(#8723);
#8723 = FILL_AREA_STYLE('',(#8724));
#8724 = FILL_AREA_STYLE_COLOUR('',#8241);
#8725 = OVER_RIDING_STYLED_ITEM('overriding color',(#8726),#3937,#8194);
#8726 = PRESENTATION_STYLE_ASSIGNMENT((#8727));
#8727 = SURFACE_STYLE_USAGE(.BOTH.,#8728);
#8728 = SURFACE_SIDE_STYLE('',(#8729));
#8729 = SURFACE_STYLE_FILL_AREA(#8730);
#8730 = FILL_AREA_STYLE('',(#8731));
#8731 = FILL_AREA_STYLE_COLOUR('',#8241);
#8732 = OVER_RIDING_STYLED_ITEM('overriding color',(#8733),#3961,#8194);
#8733 = PRESENTATION_STYLE_ASSIGNMENT((#8734));
#8734 = SURFACE_STYLE_USAGE(.BOTH.,#8735);
#8735 = SURFACE_SIDE_STYLE('',(#8736));
#8736 = SURFACE_STYLE_FILL_AREA(#8737);
#8737 = FILL_AREA_STYLE('',(#8738));
#8738 = FILL_AREA_STYLE_COLOUR('',#8241);
#8739 = OVER_RIDING_STYLED_ITEM('overriding color',(#8740),#3985,#8194);
#8740 = PRESENTATION_STYLE_ASSIGNMENT((#8741));
#8741 = SURFACE_STYLE_USAGE(.BOTH.,#8742);
#8742 = SURFACE_SIDE_STYLE('',(#8743));
#8743 = SURFACE_STYLE_FILL_AREA(#8744);
#8744 = FILL_AREA_STYLE('',(#8745));
#8745 = FILL_AREA_STYLE_COLOUR('',#8241);
#8746 = OVER_RIDING_STYLED_ITEM('overriding color',(#8747),#4009,#8194);
#8747 = PRESENTATION_STYLE_ASSIGNMENT((#8748));
#8748 = SURFACE_STYLE_USAGE(.BOTH.,#8749);
#8749 = SURFACE_SIDE_STYLE('',(#8750));
#8750 = SURFACE_STYLE_FILL_AREA(#8751);
#8751 = FILL_AREA_STYLE('',(#8752));
#8752 = FILL_AREA_STYLE_COLOUR('',#8241);
#8753 = OVER_RIDING_STYLED_ITEM('overriding color',(#8754),#4033,#8194);
#8754 = PRESENTATION_STYLE_ASSIGNMENT((#8755));
#8755 = SURFACE_STYLE_USAGE(.BOTH.,#8756);
#8756 = SURFACE_SIDE_STYLE('',(#8757));
#8757 = SURFACE_STYLE_FILL_AREA(#8758);
#8758 = FILL_AREA_STYLE('',(#8759));
#8759 = FILL_AREA_STYLE_COLOUR('',#8241);
#8760 = OVER_RIDING_STYLED_ITEM('overriding color',(#8761),#4057,#8194);
#8761 = PRESENTATION_STYLE_ASSIGNMENT((#8762));
#8762 = SURFACE_STYLE_USAGE(.BOTH.,#8763);
#8763 = SURFACE_SIDE_STYLE('',(#8764));
#8764 = SURFACE_STYLE_FILL_AREA(#8765);
#8765 = FILL_AREA_STYLE('',(#8766));
#8766 = FILL_AREA_STYLE_COLOUR('',#8241);
#8767 = OVER_RIDING_STYLED_ITEM('overriding color',(#8768),#4081,#8194);
#8768 = PRESENTATION_STYLE_ASSIGNMENT((#8769));
#8769 = SURFACE_STYLE_USAGE(.BOTH.,#8770);
#8770 = SURFACE_SIDE_STYLE('',(#8771));
#8771 = SURFACE_STYLE_FILL_AREA(#8772);
#8772 = FILL_AREA_STYLE('',(#8773));
#8773 = FILL_AREA_STYLE_COLOUR('',#8241);
#8774 = OVER_RIDING_STYLED_ITEM('overriding color',(#8775),#4105,#8194);
#8775 = PRESENTATION_STYLE_ASSIGNMENT((#8776));
#8776 = SURFACE_STYLE_USAGE(.BOTH.,#8777);
#8777 = SURFACE_SIDE_STYLE('',(#8778));
#8778 = SURFACE_STYLE_FILL_AREA(#8779);
#8779 = FILL_AREA_STYLE('',(#8780));
#8780 = FILL_AREA_STYLE_COLOUR('',#8241);
#8781 = OVER_RIDING_STYLED_ITEM('overriding color',(#8782),#4129,#8194);
#8782 = PRESENTATION_STYLE_ASSIGNMENT((#8783));
#8783 = SURFACE_STYLE_USAGE(.BOTH.,#8784);
#8784 = SURFACE_SIDE_STYLE('',(#8785));
#8785 = SURFACE_STYLE_FILL_AREA(#8786);
#8786 = FILL_AREA_STYLE('',(#8787));
#8787 = FILL_AREA_STYLE_COLOUR('',#8241);
#8788 = OVER_RIDING_STYLED_ITEM('overriding color',(#8789),#4146,#8194);
#8789 = PRESENTATION_STYLE_ASSIGNMENT((#8790));
#8790 = SURFACE_STYLE_USAGE(.BOTH.,#8791);
#8791 = SURFACE_SIDE_STYLE('',(#8792));
#8792 = SURFACE_STYLE_FILL_AREA(#8793);
#8793 = FILL_AREA_STYLE('',(#8794));
#8794 = FILL_AREA_STYLE_COLOUR('',#8241);
#8795 = OVER_RIDING_STYLED_ITEM('overriding color',(#8796),#4166,#8194);
#8796 = PRESENTATION_STYLE_ASSIGNMENT((#8797));
#8797 = SURFACE_STYLE_USAGE(.BOTH.,#8798);
#8798 = SURFACE_SIDE_STYLE('',(#8799));
#8799 = SURFACE_STYLE_FILL_AREA(#8800);
#8800 = FILL_AREA_STYLE('',(#8801));
#8801 = FILL_AREA_STYLE_COLOUR('',#8241);
#8802 = OVER_RIDING_STYLED_ITEM('overriding color',(#8803),#4366,#8194);
#8803 = PRESENTATION_STYLE_ASSIGNMENT((#8804));
#8804 = SURFACE_STYLE_USAGE(.BOTH.,#8805);
#8805 = SURFACE_SIDE_STYLE('',(#8806));
#8806 = SURFACE_STYLE_FILL_AREA(#8807);
#8807 = FILL_AREA_STYLE('',(#8808));
#8808 = FILL_AREA_STYLE_COLOUR('',#8241);
#8809 = OVER_RIDING_STYLED_ITEM('overriding color',(#8810),#4392,#8194);
#8810 = PRESENTATION_STYLE_ASSIGNMENT((#8811));
#8811 = SURFACE_STYLE_USAGE(.BOTH.,#8812);
#8812 = SURFACE_SIDE_STYLE('',(#8813));
#8813 = SURFACE_STYLE_FILL_AREA(#8814);
#8814 = FILL_AREA_STYLE('',(#8815));
#8815 = FILL_AREA_STYLE_COLOUR('',#8241);
#8816 = OVER_RIDING_STYLED_ITEM('overriding color',(#8817),#4409,#8194);
#8817 = PRESENTATION_STYLE_ASSIGNMENT((#8818));
#8818 = SURFACE_STYLE_USAGE(.BOTH.,#8819);
#8819 = SURFACE_SIDE_STYLE('',(#8820));
#8820 = SURFACE_STYLE_FILL_AREA(#8821);
#8821 = FILL_AREA_STYLE('',(#8822));
#8822 = FILL_AREA_STYLE_COLOUR('',#8241);
#8823 = OVER_RIDING_STYLED_ITEM('overriding color',(#8824),#4430,#8194);
#8824 = PRESENTATION_STYLE_ASSIGNMENT((#8825));
#8825 = SURFACE_STYLE_USAGE(.BOTH.,#8826);
#8826 = SURFACE_SIDE_STYLE('',(#8827));
#8827 = SURFACE_STYLE_FILL_AREA(#8828);
#8828 = FILL_AREA_STYLE('',(#8829));
#8829 = FILL_AREA_STYLE_COLOUR('',#8241);
#8830 = OVER_RIDING_STYLED_ITEM('overriding color',(#8831),#4451,#8194);
#8831 = PRESENTATION_STYLE_ASSIGNMENT((#8832));
#8832 = SURFACE_STYLE_USAGE(.BOTH.,#8833);
#8833 = SURFACE_SIDE_STYLE('',(#8834));
#8834 = SURFACE_STYLE_FILL_AREA(#8835);
#8835 = FILL_AREA_STYLE('',(#8836));
#8836 = FILL_AREA_STYLE_COLOUR('',#8241);
#8837 = OVER_RIDING_STYLED_ITEM('overriding color',(#8838),#4468,#8194);
#8838 = PRESENTATION_STYLE_ASSIGNMENT((#8839));
#8839 = SURFACE_STYLE_USAGE(.BOTH.,#8840);
#8840 = SURFACE_SIDE_STYLE('',(#8841));
#8841 = SURFACE_STYLE_FILL_AREA(#8842);
#8842 = FILL_AREA_STYLE('',(#8843));
#8843 = FILL_AREA_STYLE_COLOUR('',#8241);
#8844 = OVER_RIDING_STYLED_ITEM('overriding color',(#8845),#4489,#8194);
#8845 = PRESENTATION_STYLE_ASSIGNMENT((#8846));
#8846 = SURFACE_STYLE_USAGE(.BOTH.,#8847);
#8847 = SURFACE_SIDE_STYLE('',(#8848));
#8848 = SURFACE_STYLE_FILL_AREA(#8849);
#8849 = FILL_AREA_STYLE('',(#8850));
#8850 = FILL_AREA_STYLE_COLOUR('',#8241);
#8851 = OVER_RIDING_STYLED_ITEM('overriding color',(#8852),#4510,#8194);
#8852 = PRESENTATION_STYLE_ASSIGNMENT((#8853));
#8853 = SURFACE_STYLE_USAGE(.BOTH.,#8854);
#8854 = SURFACE_SIDE_STYLE('',(#8855));
#8855 = SURFACE_STYLE_FILL_AREA(#8856);
#8856 = FILL_AREA_STYLE('',(#8857));
#8857 = FILL_AREA_STYLE_COLOUR('',#8241);
#8858 = OVER_RIDING_STYLED_ITEM('overriding color',(#8859),#4531,#8194);
#8859 = PRESENTATION_STYLE_ASSIGNMENT((#8860));
#8860 = SURFACE_STYLE_USAGE(.BOTH.,#8861);
#8861 = SURFACE_SIDE_STYLE('',(#8862));
#8862 = SURFACE_STYLE_FILL_AREA(#8863);
#8863 = FILL_AREA_STYLE('',(#8864));
#8864 = FILL_AREA_STYLE_COLOUR('',#8241);
#8865 = OVER_RIDING_STYLED_ITEM('overriding color',(#8866),#4552,#8194);
#8866 = PRESENTATION_STYLE_ASSIGNMENT((#8867));
#8867 = SURFACE_STYLE_USAGE(.BOTH.,#8868);
#8868 = SURFACE_SIDE_STYLE('',(#8869));
#8869 = SURFACE_STYLE_FILL_AREA(#8870);
#8870 = FILL_AREA_STYLE('',(#8871));
#8871 = FILL_AREA_STYLE_COLOUR('',#8241);
#8872 = OVER_RIDING_STYLED_ITEM('overriding color',(#8873),#4569,#8194);
#8873 = PRESENTATION_STYLE_ASSIGNMENT((#8874));
#8874 = SURFACE_STYLE_USAGE(.BOTH.,#8875);
#8875 = SURFACE_SIDE_STYLE('',(#8876));
#8876 = SURFACE_STYLE_FILL_AREA(#8877);
#8877 = FILL_AREA_STYLE('',(#8878));
#8878 = FILL_AREA_STYLE_COLOUR('',#8241);
#8879 = OVER_RIDING_STYLED_ITEM('overriding color',(#8880),#4586,#8194);
#8880 = PRESENTATION_STYLE_ASSIGNMENT((#8881));
#8881 = SURFACE_STYLE_USAGE(.BOTH.,#8882);
#8882 = SURFACE_SIDE_STYLE('',(#8883));
#8883 = SURFACE_STYLE_FILL_AREA(#8884);
#8884 = FILL_AREA_STYLE('',(#8885));
#8885 = FILL_AREA_STYLE_COLOUR('',#8241);
#8886 = OVER_RIDING_STYLED_ITEM('overriding color',(#8887),#4603,#8194);
#8887 = PRESENTATION_STYLE_ASSIGNMENT((#8888));
#8888 = SURFACE_STYLE_USAGE(.BOTH.,#8889);
#8889 = SURFACE_SIDE_STYLE('',(#8890));
#8890 = SURFACE_STYLE_FILL_AREA(#8891);
#8891 = FILL_AREA_STYLE('',(#8892));
#8892 = FILL_AREA_STYLE_COLOUR('',#8241);
#8893 = OVER_RIDING_STYLED_ITEM('overriding color',(#8894),#4620,#8194);
#8894 = PRESENTATION_STYLE_ASSIGNMENT((#8895));
#8895 = SURFACE_STYLE_USAGE(.BOTH.,#8896);
#8896 = SURFACE_SIDE_STYLE('',(#8897));
#8897 = SURFACE_STYLE_FILL_AREA(#8898);
#8898 = FILL_AREA_STYLE('',(#8899));
#8899 = FILL_AREA_STYLE_COLOUR('',#8241);
#8900 = OVER_RIDING_STYLED_ITEM('overriding color',(#8901),#4636,#8194);
#8901 = PRESENTATION_STYLE_ASSIGNMENT((#8902));
#8902 = SURFACE_STYLE_USAGE(.BOTH.,#8903);
#8903 = SURFACE_SIDE_STYLE('',(#8904));
#8904 = SURFACE_STYLE_FILL_AREA(#8905);
#8905 = FILL_AREA_STYLE('',(#8906));
#8906 = FILL_AREA_STYLE_COLOUR('',#8241);
#8907 = OVER_RIDING_STYLED_ITEM('overriding color',(#8908),#4672,#8194);
#8908 = PRESENTATION_STYLE_ASSIGNMENT((#8909));
#8909 = SURFACE_STYLE_USAGE(.BOTH.,#8910);
#8910 = SURFACE_SIDE_STYLE('',(#8911));
#8911 = SURFACE_STYLE_FILL_AREA(#8912);
#8912 = FILL_AREA_STYLE('',(#8913));
#8913 = FILL_AREA_STYLE_COLOUR('',#8241);
#8914 = OVER_RIDING_STYLED_ITEM('overriding color',(#8915),#4701,#8194);
#8915 = PRESENTATION_STYLE_ASSIGNMENT((#8916));
#8916 = SURFACE_STYLE_USAGE(.BOTH.,#8917);
#8917 = SURFACE_SIDE_STYLE('',(#8918));
#8918 = SURFACE_STYLE_FILL_AREA(#8919);
#8919 = FILL_AREA_STYLE('',(#8920));
#8920 = FILL_AREA_STYLE_COLOUR('',#8241);
#8921 = OVER_RIDING_STYLED_ITEM('overriding color',(#8922),#4730,#8194);
#8922 = PRESENTATION_STYLE_ASSIGNMENT((#8923));
#8923 = SURFACE_STYLE_USAGE(.BOTH.,#8924);
#8924 = SURFACE_SIDE_STYLE('',(#8925));
#8925 = SURFACE_STYLE_FILL_AREA(#8926);
#8926 = FILL_AREA_STYLE('',(#8927));
#8927 = FILL_AREA_STYLE_COLOUR('',#8241);
#8928 = OVER_RIDING_STYLED_ITEM('overriding color',(#8929),#4759,#8194);
#8929 = PRESENTATION_STYLE_ASSIGNMENT((#8930));
#8930 = SURFACE_STYLE_USAGE(.BOTH.,#8931);
#8931 = SURFACE_SIDE_STYLE('',(#8932));
#8932 = SURFACE_STYLE_FILL_AREA(#8933);
#8933 = FILL_AREA_STYLE('',(#8934));
#8934 = FILL_AREA_STYLE_COLOUR('',#8241);
#8935 = OVER_RIDING_STYLED_ITEM('overriding color',(#8936),#4788,#8194);
#8936 = PRESENTATION_STYLE_ASSIGNMENT((#8937));
#8937 = SURFACE_STYLE_USAGE(.BOTH.,#8938);
#8938 = SURFACE_SIDE_STYLE('',(#8939));
#8939 = SURFACE_STYLE_FILL_AREA(#8940);
#8940 = FILL_AREA_STYLE('',(#8941));
#8941 = FILL_AREA_STYLE_COLOUR('',#8241);
#8942 = OVER_RIDING_STYLED_ITEM('overriding color',(#8943),#4817,#8194);
#8943 = PRESENTATION_STYLE_ASSIGNMENT((#8944));
#8944 = SURFACE_STYLE_USAGE(.BOTH.,#8945);
#8945 = SURFACE_SIDE_STYLE('',(#8946));
#8946 = SURFACE_STYLE_FILL_AREA(#8947);
#8947 = FILL_AREA_STYLE('',(#8948));
#8948 = FILL_AREA_STYLE_COLOUR('',#8241);
#8949 = OVER_RIDING_STYLED_ITEM('overriding color',(#8950),#4841,#8194);
#8950 = PRESENTATION_STYLE_ASSIGNMENT((#8951));
#8951 = SURFACE_STYLE_USAGE(.BOTH.,#8952);
#8952 = SURFACE_SIDE_STYLE('',(#8953));
#8953 = SURFACE_STYLE_FILL_AREA(#8954);
#8954 = FILL_AREA_STYLE('',(#8955));
#8955 = FILL_AREA_STYLE_COLOUR('',#8241);
#8956 = OVER_RIDING_STYLED_ITEM('overriding color',(#8957),#4858,#8194);
#8957 = PRESENTATION_STYLE_ASSIGNMENT((#8958));
#8958 = SURFACE_STYLE_USAGE(.BOTH.,#8959);
#8959 = SURFACE_SIDE_STYLE('',(#8960));
#8960 = SURFACE_STYLE_FILL_AREA(#8961);
#8961 = FILL_AREA_STYLE('',(#8962));
#8962 = FILL_AREA_STYLE_COLOUR('',#8212);
#8963 = OVER_RIDING_STYLED_ITEM('overriding color',(#8964),#4874,#8194);
#8964 = PRESENTATION_STYLE_ASSIGNMENT((#8965));
#8965 = SURFACE_STYLE_USAGE(.BOTH.,#8966);
#8966 = SURFACE_SIDE_STYLE('',(#8967));
#8967 = SURFACE_STYLE_FILL_AREA(#8968);
#8968 = FILL_AREA_STYLE('',(#8969));
#8969 = FILL_AREA_STYLE_COLOUR('',#8241);
#8970 = OVER_RIDING_STYLED_ITEM('overriding color',(#8971),#4910,#8194);
#8971 = PRESENTATION_STYLE_ASSIGNMENT((#8972));
#8972 = SURFACE_STYLE_USAGE(.BOTH.,#8973);
#8973 = SURFACE_SIDE_STYLE('',(#8974));
#8974 = SURFACE_STYLE_FILL_AREA(#8975);
#8975 = FILL_AREA_STYLE('',(#8976));
#8976 = FILL_AREA_STYLE_COLOUR('',#8241);
#8977 = OVER_RIDING_STYLED_ITEM('overriding color',(#8978),#4934,#8194);
#8978 = PRESENTATION_STYLE_ASSIGNMENT((#8979));
#8979 = SURFACE_STYLE_USAGE(.BOTH.,#8980);
#8980 = SURFACE_SIDE_STYLE('',(#8981));
#8981 = SURFACE_STYLE_FILL_AREA(#8982);
#8982 = FILL_AREA_STYLE('',(#8983));
#8983 = FILL_AREA_STYLE_COLOUR('',#8241);
#8984 = OVER_RIDING_STYLED_ITEM('overriding color',(#8985),#4963,#8194);
#8985 = PRESENTATION_STYLE_ASSIGNMENT((#8986));
#8986 = SURFACE_STYLE_USAGE(.BOTH.,#8987);
#8987 = SURFACE_SIDE_STYLE('',(#8988));
#8988 = SURFACE_STYLE_FILL_AREA(#8989);
#8989 = FILL_AREA_STYLE('',(#8990));
#8990 = FILL_AREA_STYLE_COLOUR('',#8241);
#8991 = OVER_RIDING_STYLED_ITEM('overriding color',(#8992),#4992,#8194);
#8992 = PRESENTATION_STYLE_ASSIGNMENT((#8993));
#8993 = SURFACE_STYLE_USAGE(.BOTH.,#8994);
#8994 = SURFACE_SIDE_STYLE('',(#8995));
#8995 = SURFACE_STYLE_FILL_AREA(#8996);
#8996 = FILL_AREA_STYLE('',(#8997));
#8997 = FILL_AREA_STYLE_COLOUR('',#8241);
#8998 = OVER_RIDING_STYLED_ITEM('overriding color',(#8999),#5021,#8194);
#8999 = PRESENTATION_STYLE_ASSIGNMENT((#9000));
#9000 = SURFACE_STYLE_USAGE(.BOTH.,#9001);
#9001 = SURFACE_SIDE_STYLE('',(#9002));
#9002 = SURFACE_STYLE_FILL_AREA(#9003);
#9003 = FILL_AREA_STYLE('',(#9004));
#9004 = FILL_AREA_STYLE_COLOUR('',#8241);
#9005 = OVER_RIDING_STYLED_ITEM('overriding color',(#9006),#5050,#8194);
#9006 = PRESENTATION_STYLE_ASSIGNMENT((#9007));
#9007 = SURFACE_STYLE_USAGE(.BOTH.,#9008);
#9008 = SURFACE_SIDE_STYLE('',(#9009));
#9009 = SURFACE_STYLE_FILL_AREA(#9010);
#9010 = FILL_AREA_STYLE('',(#9011));
#9011 = FILL_AREA_STYLE_COLOUR('',#8241);
#9012 = OVER_RIDING_STYLED_ITEM('overriding color',(#9013),#5079,#8194);
#9013 = PRESENTATION_STYLE_ASSIGNMENT((#9014));
#9014 = SURFACE_STYLE_USAGE(.BOTH.,#9015);
#9015 = SURFACE_SIDE_STYLE('',(#9016));
#9016 = SURFACE_STYLE_FILL_AREA(#9017);
#9017 = FILL_AREA_STYLE('',(#9018));
#9018 = FILL_AREA_STYLE_COLOUR('',#8241);
#9019 = OVER_RIDING_STYLED_ITEM('overriding color',(#9020),#5108,#8194);
#9020 = PRESENTATION_STYLE_ASSIGNMENT((#9021));
#9021 = SURFACE_STYLE_USAGE(.BOTH.,#9022);
#9022 = SURFACE_SIDE_STYLE('',(#9023));
#9023 = SURFACE_STYLE_FILL_AREA(#9024);
#9024 = FILL_AREA_STYLE('',(#9025));
#9025 = FILL_AREA_STYLE_COLOUR('',#8241);
#9026 = OVER_RIDING_STYLED_ITEM('overriding color',(#9027),#5137,#8194);
#9027 = PRESENTATION_STYLE_ASSIGNMENT((#9028));
#9028 = SURFACE_STYLE_USAGE(.BOTH.,#9029);
#9029 = SURFACE_SIDE_STYLE('',(#9030));
#9030 = SURFACE_STYLE_FILL_AREA(#9031);
#9031 = FILL_AREA_STYLE('',(#9032));
#9032 = FILL_AREA_STYLE_COLOUR('',#8241);
#9033 = OVER_RIDING_STYLED_ITEM('overriding color',(#9034),#5166,#8194);
#9034 = PRESENTATION_STYLE_ASSIGNMENT((#9035));
#9035 = SURFACE_STYLE_USAGE(.BOTH.,#9036);
#9036 = SURFACE_SIDE_STYLE('',(#9037));
#9037 = SURFACE_STYLE_FILL_AREA(#9038);
#9038 = FILL_AREA_STYLE('',(#9039));
#9039 = FILL_AREA_STYLE_COLOUR('',#8241);
#9040 = OVER_RIDING_STYLED_ITEM('overriding color',(#9041),#5195,#8194);
#9041 = PRESENTATION_STYLE_ASSIGNMENT((#9042));
#9042 = SURFACE_STYLE_USAGE(.BOTH.,#9043);
#9043 = SURFACE_SIDE_STYLE('',(#9044));
#9044 = SURFACE_STYLE_FILL_AREA(#9045);
#9045 = FILL_AREA_STYLE('',(#9046));
#9046 = FILL_AREA_STYLE_COLOUR('',#8241);
#9047 = OVER_RIDING_STYLED_ITEM('overriding color',(#9048),#5224,#8194);
#9048 = PRESENTATION_STYLE_ASSIGNMENT((#9049));
#9049 = SURFACE_STYLE_USAGE(.BOTH.,#9050);
#9050 = SURFACE_SIDE_STYLE('',(#9051));
#9051 = SURFACE_STYLE_FILL_AREA(#9052);
#9052 = FILL_AREA_STYLE('',(#9053));
#9053 = FILL_AREA_STYLE_COLOUR('',#8241);
#9054 = OVER_RIDING_STYLED_ITEM('overriding color',(#9055),#5248,#8194);
#9055 = PRESENTATION_STYLE_ASSIGNMENT((#9056));
#9056 = SURFACE_STYLE_USAGE(.BOTH.,#9057);
#9057 = SURFACE_SIDE_STYLE('',(#9058));
#9058 = SURFACE_STYLE_FILL_AREA(#9059);
#9059 = FILL_AREA_STYLE('',(#9060));
#9060 = FILL_AREA_STYLE_COLOUR('',#8241);
#9061 = OVER_RIDING_STYLED_ITEM('overriding color',(#9062),#5277,#8194);
#9062 = PRESENTATION_STYLE_ASSIGNMENT((#9063));
#9063 = SURFACE_STYLE_USAGE(.BOTH.,#9064);
#9064 = SURFACE_SIDE_STYLE('',(#9065));
#9065 = SURFACE_STYLE_FILL_AREA(#9066);
#9066 = FILL_AREA_STYLE('',(#9067));
#9067 = FILL_AREA_STYLE_COLOUR('',#8241);
#9068 = OVER_RIDING_STYLED_ITEM('overriding color',(#9069),#5306,#8194);
#9069 = PRESENTATION_STYLE_ASSIGNMENT((#9070));
#9070 = SURFACE_STYLE_USAGE(.BOTH.,#9071);
#9071 = SURFACE_SIDE_STYLE('',(#9072));
#9072 = SURFACE_STYLE_FILL_AREA(#9073);
#9073 = FILL_AREA_STYLE('',(#9074));
#9074 = FILL_AREA_STYLE_COLOUR('',#8241);
#9075 = OVER_RIDING_STYLED_ITEM('overriding color',(#9076),#5335,#8194);
#9076 = PRESENTATION_STYLE_ASSIGNMENT((#9077));
#9077 = SURFACE_STYLE_USAGE(.BOTH.,#9078);
#9078 = SURFACE_SIDE_STYLE('',(#9079));
#9079 = SURFACE_STYLE_FILL_AREA(#9080);
#9080 = FILL_AREA_STYLE('',(#9081));
#9081 = FILL_AREA_STYLE_COLOUR('',#8241);
#9082 = OVER_RIDING_STYLED_ITEM('overriding color',(#9083),#5364,#8194);
#9083 = PRESENTATION_STYLE_ASSIGNMENT((#9084));
#9084 = SURFACE_STYLE_USAGE(.BOTH.,#9085);
#9085 = SURFACE_SIDE_STYLE('',(#9086));
#9086 = SURFACE_STYLE_FILL_AREA(#9087);
#9087 = FILL_AREA_STYLE('',(#9088));
#9088 = FILL_AREA_STYLE_COLOUR('',#8241);
#9089 = OVER_RIDING_STYLED_ITEM('overriding color',(#9090),#5393,#8194);
#9090 = PRESENTATION_STYLE_ASSIGNMENT((#9091));
#9091 = SURFACE_STYLE_USAGE(.BOTH.,#9092);
#9092 = SURFACE_SIDE_STYLE('',(#9093));
#9093 = SURFACE_STYLE_FILL_AREA(#9094);
#9094 = FILL_AREA_STYLE('',(#9095));
#9095 = FILL_AREA_STYLE_COLOUR('',#8241);
#9096 = OVER_RIDING_STYLED_ITEM('overriding color',(#9097),#5422,#8194);
#9097 = PRESENTATION_STYLE_ASSIGNMENT((#9098));
#9098 = SURFACE_STYLE_USAGE(.BOTH.,#9099);
#9099 = SURFACE_SIDE_STYLE('',(#9100));
#9100 = SURFACE_STYLE_FILL_AREA(#9101);
#9101 = FILL_AREA_STYLE('',(#9102));
#9102 = FILL_AREA_STYLE_COLOUR('',#8241);
#9103 = OVER_RIDING_STYLED_ITEM('overriding color',(#9104),#5451,#8194);
#9104 = PRESENTATION_STYLE_ASSIGNMENT((#9105));
#9105 = SURFACE_STYLE_USAGE(.BOTH.,#9106);
#9106 = SURFACE_SIDE_STYLE('',(#9107));
#9107 = SURFACE_STYLE_FILL_AREA(#9108);
#9108 = FILL_AREA_STYLE('',(#9109));
#9109 = FILL_AREA_STYLE_COLOUR('',#8241);
#9110 = OVER_RIDING_STYLED_ITEM('overriding color',(#9111),#5473,#8194);
#9111 = PRESENTATION_STYLE_ASSIGNMENT((#9112));
#9112 = SURFACE_STYLE_USAGE(.BOTH.,#9113);
#9113 = SURFACE_SIDE_STYLE('',(#9114));
#9114 = SURFACE_STYLE_FILL_AREA(#9115);
#9115 = FILL_AREA_STYLE('',(#9116));
#9116 = FILL_AREA_STYLE_COLOUR('',#8241);
#9117 = OVER_RIDING_STYLED_ITEM('overriding color',(#9118),#5502,#8194);
#9118 = PRESENTATION_STYLE_ASSIGNMENT((#9119));
#9119 = SURFACE_STYLE_USAGE(.BOTH.,#9120);
#9120 = SURFACE_SIDE_STYLE('',(#9121));
#9121 = SURFACE_STYLE_FILL_AREA(#9122);
#9122 = FILL_AREA_STYLE('',(#9123));
#9123 = FILL_AREA_STYLE_COLOUR('',#8241);
#9124 = OVER_RIDING_STYLED_ITEM('overriding color',(#9125),#5533,#8194);
#9125 = PRESENTATION_STYLE_ASSIGNMENT((#9126));
#9126 = SURFACE_STYLE_USAGE(.BOTH.,#9127);
#9127 = SURFACE_SIDE_STYLE('',(#9128));
#9128 = SURFACE_STYLE_FILL_AREA(#9129);
#9129 = FILL_AREA_STYLE('',(#9130));
#9130 = FILL_AREA_STYLE_COLOUR('',#8241);
#9131 = OVER_RIDING_STYLED_ITEM('overriding color',(#9132),#5557,#8194);
#9132 = PRESENTATION_STYLE_ASSIGNMENT((#9133));
#9133 = SURFACE_STYLE_USAGE(.BOTH.,#9134);
#9134 = SURFACE_SIDE_STYLE('',(#9135));
#9135 = SURFACE_STYLE_FILL_AREA(#9136);
#9136 = FILL_AREA_STYLE('',(#9137));
#9137 = FILL_AREA_STYLE_COLOUR('',#8241);
#9138 = OVER_RIDING_STYLED_ITEM('overriding color',(#9139),#5586,#8194);
#9139 = PRESENTATION_STYLE_ASSIGNMENT((#9140));
#9140 = SURFACE_STYLE_USAGE(.BOTH.,#9141);
#9141 = SURFACE_SIDE_STYLE('',(#9142));
#9142 = SURFACE_STYLE_FILL_AREA(#9143);
#9143 = FILL_AREA_STYLE('',(#9144));
#9144 = FILL_AREA_STYLE_COLOUR('',#8241);
#9145 = OVER_RIDING_STYLED_ITEM('overriding color',(#9146),#5610,#8194);
#9146 = PRESENTATION_STYLE_ASSIGNMENT((#9147));
#9147 = SURFACE_STYLE_USAGE(.BOTH.,#9148);
#9148 = SURFACE_SIDE_STYLE('',(#9149));
#9149 = SURFACE_STYLE_FILL_AREA(#9150);
#9150 = FILL_AREA_STYLE('',(#9151));
#9151 = FILL_AREA_STYLE_COLOUR('',#8241);
#9152 = OVER_RIDING_STYLED_ITEM('overriding color',(#9153),#5634,#8194);
#9153 = PRESENTATION_STYLE_ASSIGNMENT((#9154));
#9154 = SURFACE_STYLE_USAGE(.BOTH.,#9155);
#9155 = SURFACE_SIDE_STYLE('',(#9156));
#9156 = SURFACE_STYLE_FILL_AREA(#9157);
#9157 = FILL_AREA_STYLE('',(#9158));
#9158 = FILL_AREA_STYLE_COLOUR('',#8241);
#9159 = OVER_RIDING_STYLED_ITEM('overriding color',(#9160),#5658,#8194);
#9160 = PRESENTATION_STYLE_ASSIGNMENT((#9161));
#9161 = SURFACE_STYLE_USAGE(.BOTH.,#9162);
#9162 = SURFACE_SIDE_STYLE('',(#9163));
#9163 = SURFACE_STYLE_FILL_AREA(#9164);
#9164 = FILL_AREA_STYLE('',(#9165));
#9165 = FILL_AREA_STYLE_COLOUR('',#8241);
#9166 = OVER_RIDING_STYLED_ITEM('overriding color',(#9167),#5682,#8194);
#9167 = PRESENTATION_STYLE_ASSIGNMENT((#9168));
#9168 = SURFACE_STYLE_USAGE(.BOTH.,#9169);
#9169 = SURFACE_SIDE_STYLE('',(#9170));
#9170 = SURFACE_STYLE_FILL_AREA(#9171);
#9171 = FILL_AREA_STYLE('',(#9172));
#9172 = FILL_AREA_STYLE_COLOUR('',#8241);
#9173 = OVER_RIDING_STYLED_ITEM('overriding color',(#9174),#5706,#8194);
#9174 = PRESENTATION_STYLE_ASSIGNMENT((#9175));
#9175 = SURFACE_STYLE_USAGE(.BOTH.,#9176);
#9176 = SURFACE_SIDE_STYLE('',(#9177));
#9177 = SURFACE_STYLE_FILL_AREA(#9178);
#9178 = FILL_AREA_STYLE('',(#9179));
#9179 = FILL_AREA_STYLE_COLOUR('',#8241);
#9180 = OVER_RIDING_STYLED_ITEM('overriding color',(#9181),#5730,#8194);
#9181 = PRESENTATION_STYLE_ASSIGNMENT((#9182));
#9182 = SURFACE_STYLE_USAGE(.BOTH.,#9183);
#9183 = SURFACE_SIDE_STYLE('',(#9184));
#9184 = SURFACE_STYLE_FILL_AREA(#9185);
#9185 = FILL_AREA_STYLE('',(#9186));
#9186 = FILL_AREA_STYLE_COLOUR('',#8241);
#9187 = OVER_RIDING_STYLED_ITEM('overriding color',(#9188),#5759,#8194);
#9188 = PRESENTATION_STYLE_ASSIGNMENT((#9189));
#9189 = SURFACE_STYLE_USAGE(.BOTH.,#9190);
#9190 = SURFACE_SIDE_STYLE('',(#9191));
#9191 = SURFACE_STYLE_FILL_AREA(#9192);
#9192 = FILL_AREA_STYLE('',(#9193));
#9193 = FILL_AREA_STYLE_COLOUR('',#8241);
#9194 = OVER_RIDING_STYLED_ITEM('overriding color',(#9195),#5788,#8194);
#9195 = PRESENTATION_STYLE_ASSIGNMENT((#9196));
#9196 = SURFACE_STYLE_USAGE(.BOTH.,#9197);
#9197 = SURFACE_SIDE_STYLE('',(#9198));
#9198 = SURFACE_STYLE_FILL_AREA(#9199);
#9199 = FILL_AREA_STYLE('',(#9200));
#9200 = FILL_AREA_STYLE_COLOUR('',#8241);
#9201 = OVER_RIDING_STYLED_ITEM('overriding color',(#9202),#5812,#8194);
#9202 = PRESENTATION_STYLE_ASSIGNMENT((#9203));
#9203 = SURFACE_STYLE_USAGE(.BOTH.,#9204);
#9204 = SURFACE_SIDE_STYLE('',(#9205));
#9205 = SURFACE_STYLE_FILL_AREA(#9206);
#9206 = FILL_AREA_STYLE('',(#9207));
#9207 = FILL_AREA_STYLE_COLOUR('',#8241);
#9208 = OVER_RIDING_STYLED_ITEM('overriding color',(#9209),#5841,#8194);
#9209 = PRESENTATION_STYLE_ASSIGNMENT((#9210));
#9210 = SURFACE_STYLE_USAGE(.BOTH.,#9211);
#9211 = SURFACE_SIDE_STYLE('',(#9212));
#9212 = SURFACE_STYLE_FILL_AREA(#9213);
#9213 = FILL_AREA_STYLE('',(#9214));
#9214 = FILL_AREA_STYLE_COLOUR('',#8241);
#9215 = OVER_RIDING_STYLED_ITEM('overriding color',(#9216),#5870,#8194);
#9216 = PRESENTATION_STYLE_ASSIGNMENT((#9217));
#9217 = SURFACE_STYLE_USAGE(.BOTH.,#9218);
#9218 = SURFACE_SIDE_STYLE('',(#9219));
#9219 = SURFACE_STYLE_FILL_AREA(#9220);
#9220 = FILL_AREA_STYLE('',(#9221));
#9221 = FILL_AREA_STYLE_COLOUR('',#8241);
#9222 = OVER_RIDING_STYLED_ITEM('overriding color',(#9223),#5887,#8194);
#9223 = PRESENTATION_STYLE_ASSIGNMENT((#9224));
#9224 = SURFACE_STYLE_USAGE(.BOTH.,#9225);
#9225 = SURFACE_SIDE_STYLE('',(#9226));
#9226 = SURFACE_STYLE_FILL_AREA(#9227);
#9227 = FILL_AREA_STYLE('',(#9228));
#9228 = FILL_AREA_STYLE_COLOUR('',#8241);
#9229 = OVER_RIDING_STYLED_ITEM('overriding color',(#9230),#5910,#8194);
#9230 = PRESENTATION_STYLE_ASSIGNMENT((#9231));
#9231 = SURFACE_STYLE_USAGE(.BOTH.,#9232);
#9232 = SURFACE_SIDE_STYLE('',(#9233));
#9233 = SURFACE_STYLE_FILL_AREA(#9234);
#9234 = FILL_AREA_STYLE('',(#9235));
#9235 = FILL_AREA_STYLE_COLOUR('',#8241);
#9236 = OVER_RIDING_STYLED_ITEM('overriding color',(#9237),#5941,#8194);
#9237 = PRESENTATION_STYLE_ASSIGNMENT((#9238));
#9238 = SURFACE_STYLE_USAGE(.BOTH.,#9239);
#9239 = SURFACE_SIDE_STYLE('',(#9240));
#9240 = SURFACE_STYLE_FILL_AREA(#9241);
#9241 = FILL_AREA_STYLE('',(#9242));
#9242 = FILL_AREA_STYLE_COLOUR('',#8241);
#9243 = OVER_RIDING_STYLED_ITEM('overriding color',(#9244),#5965,#8194);
#9244 = PRESENTATION_STYLE_ASSIGNMENT((#9245));
#9245 = SURFACE_STYLE_USAGE(.BOTH.,#9246);
#9246 = SURFACE_SIDE_STYLE('',(#9247));
#9247 = SURFACE_STYLE_FILL_AREA(#9248);
#9248 = FILL_AREA_STYLE('',(#9249));
#9249 = FILL_AREA_STYLE_COLOUR('',#8241);
#9250 = OVER_RIDING_STYLED_ITEM('overriding color',(#9251),#5989,#8194);
#9251 = PRESENTATION_STYLE_ASSIGNMENT((#9252));
#9252 = SURFACE_STYLE_USAGE(.BOTH.,#9253);
#9253 = SURFACE_SIDE_STYLE('',(#9254));
#9254 = SURFACE_STYLE_FILL_AREA(#9255);
#9255 = FILL_AREA_STYLE('',(#9256));
#9256 = FILL_AREA_STYLE_COLOUR('',#8241);
#9257 = OVER_RIDING_STYLED_ITEM('overriding color',(#9258),#6013,#8194);
#9258 = PRESENTATION_STYLE_ASSIGNMENT((#9259));
#9259 = SURFACE_STYLE_USAGE(.BOTH.,#9260);
#9260 = SURFACE_SIDE_STYLE('',(#9261));
#9261 = SURFACE_STYLE_FILL_AREA(#9262);
#9262 = FILL_AREA_STYLE('',(#9263));
#9263 = FILL_AREA_STYLE_COLOUR('',#8241);
#9264 = OVER_RIDING_STYLED_ITEM('overriding color',(#9265),#6037,#8194);
#9265 = PRESENTATION_STYLE_ASSIGNMENT((#9266));
#9266 = SURFACE_STYLE_USAGE(.BOTH.,#9267);
#9267 = SURFACE_SIDE_STYLE('',(#9268));
#9268 = SURFACE_STYLE_FILL_AREA(#9269);
#9269 = FILL_AREA_STYLE('',(#9270));
#9270 = FILL_AREA_STYLE_COLOUR('',#8241);
#9271 = OVER_RIDING_STYLED_ITEM('overriding color',(#9272),#6061,#8194);
#9272 = PRESENTATION_STYLE_ASSIGNMENT((#9273));
#9273 = SURFACE_STYLE_USAGE(.BOTH.,#9274);
#9274 = SURFACE_SIDE_STYLE('',(#9275));
#9275 = SURFACE_STYLE_FILL_AREA(#9276);
#9276 = FILL_AREA_STYLE('',(#9277));
#9277 = FILL_AREA_STYLE_COLOUR('',#8241);
#9278 = OVER_RIDING_STYLED_ITEM('overriding color',(#9279),#6085,#8194);
#9279 = PRESENTATION_STYLE_ASSIGNMENT((#9280));
#9280 = SURFACE_STYLE_USAGE(.BOTH.,#9281);
#9281 = SURFACE_SIDE_STYLE('',(#9282));
#9282 = SURFACE_STYLE_FILL_AREA(#9283);
#9283 = FILL_AREA_STYLE('',(#9284));
#9284 = FILL_AREA_STYLE_COLOUR('',#8241);
#9285 = OVER_RIDING_STYLED_ITEM('overriding color',(#9286),#6109,#8194);
#9286 = PRESENTATION_STYLE_ASSIGNMENT((#9287));
#9287 = SURFACE_STYLE_USAGE(.BOTH.,#9288);
#9288 = SURFACE_SIDE_STYLE('',(#9289));
#9289 = SURFACE_STYLE_FILL_AREA(#9290);
#9290 = FILL_AREA_STYLE('',(#9291));
#9291 = FILL_AREA_STYLE_COLOUR('',#8241);
#9292 = OVER_RIDING_STYLED_ITEM('overriding color',(#9293),#6133,#8194);
#9293 = PRESENTATION_STYLE_ASSIGNMENT((#9294));
#9294 = SURFACE_STYLE_USAGE(.BOTH.,#9295);
#9295 = SURFACE_SIDE_STYLE('',(#9296));
#9296 = SURFACE_STYLE_FILL_AREA(#9297);
#9297 = FILL_AREA_STYLE('',(#9298));
#9298 = FILL_AREA_STYLE_COLOUR('',#8241);
#9299 = OVER_RIDING_STYLED_ITEM('overriding color',(#9300),#6157,#8194);
#9300 = PRESENTATION_STYLE_ASSIGNMENT((#9301));
#9301 = SURFACE_STYLE_USAGE(.BOTH.,#9302);
#9302 = SURFACE_SIDE_STYLE('',(#9303));
#9303 = SURFACE_STYLE_FILL_AREA(#9304);
#9304 = FILL_AREA_STYLE('',(#9305));
#9305 = FILL_AREA_STYLE_COLOUR('',#8241);
#9306 = OVER_RIDING_STYLED_ITEM('overriding color',(#9307),#6181,#8194);
#9307 = PRESENTATION_STYLE_ASSIGNMENT((#9308));
#9308 = SURFACE_STYLE_USAGE(.BOTH.,#9309);
#9309 = SURFACE_SIDE_STYLE('',(#9310));
#9310 = SURFACE_STYLE_FILL_AREA(#9311);
#9311 = FILL_AREA_STYLE('',(#9312));
#9312 = FILL_AREA_STYLE_COLOUR('',#8241);
#9313 = OVER_RIDING_STYLED_ITEM('overriding color',(#9314),#6198,#8194);
#9314 = PRESENTATION_STYLE_ASSIGNMENT((#9315));
#9315 = SURFACE_STYLE_USAGE(.BOTH.,#9316);
#9316 = SURFACE_SIDE_STYLE('',(#9317));
#9317 = SURFACE_STYLE_FILL_AREA(#9318);
#9318 = FILL_AREA_STYLE('',(#9319));
#9319 = FILL_AREA_STYLE_COLOUR('',#8241);
#9320 = OVER_RIDING_STYLED_ITEM('overriding color',(#9321),#6218,#8194);
#9321 = PRESENTATION_STYLE_ASSIGNMENT((#9322));
#9322 = SURFACE_STYLE_USAGE(.BOTH.,#9323);
#9323 = SURFACE_SIDE_STYLE('',(#9324));
#9324 = SURFACE_STYLE_FILL_AREA(#9325);
#9325 = FILL_AREA_STYLE('',(#9326));
#9326 = FILL_AREA_STYLE_COLOUR('',#8241);
#9327 = OVER_RIDING_STYLED_ITEM('overriding color',(#9328),#6348,#8194);
#9328 = PRESENTATION_STYLE_ASSIGNMENT((#9329));
#9329 = SURFACE_STYLE_USAGE(.BOTH.,#9330);
#9330 = SURFACE_SIDE_STYLE('',(#9331));
#9331 = SURFACE_STYLE_FILL_AREA(#9332);
#9332 = FILL_AREA_STYLE('',(#9333));
#9333 = FILL_AREA_STYLE_COLOUR('',#8241);
#9334 = OVER_RIDING_STYLED_ITEM('overriding color',(#9335),#6370,#8194);
#9335 = PRESENTATION_STYLE_ASSIGNMENT((#9336));
#9336 = SURFACE_STYLE_USAGE(.BOTH.,#9337);
#9337 = SURFACE_SIDE_STYLE('',(#9338));
#9338 = SURFACE_STYLE_FILL_AREA(#9339);
#9339 = FILL_AREA_STYLE('',(#9340));
#9340 = FILL_AREA_STYLE_COLOUR('',#8241);
#9341 = OVER_RIDING_STYLED_ITEM('overriding color',(#9342),#6391,#8194);
#9342 = PRESENTATION_STYLE_ASSIGNMENT((#9343));
#9343 = SURFACE_STYLE_USAGE(.BOTH.,#9344);
#9344 = SURFACE_SIDE_STYLE('',(#9345));
#9345 = SURFACE_STYLE_FILL_AREA(#9346);
#9346 = FILL_AREA_STYLE('',(#9347));
#9347 = FILL_AREA_STYLE_COLOUR('',#8241);
#9348 = OVER_RIDING_STYLED_ITEM('overriding color',(#9349),#6412,#8194);
#9349 = PRESENTATION_STYLE_ASSIGNMENT((#9350));
#9350 = SURFACE_STYLE_USAGE(.BOTH.,#9351);
#9351 = SURFACE_SIDE_STYLE('',(#9352));
#9352 = SURFACE_STYLE_FILL_AREA(#9353);
#9353 = FILL_AREA_STYLE('',(#9354));
#9354 = FILL_AREA_STYLE_COLOUR('',#8241);
#9355 = OVER_RIDING_STYLED_ITEM('overriding color',(#9356),#6433,#8194);
#9356 = PRESENTATION_STYLE_ASSIGNMENT((#9357));
#9357 = SURFACE_STYLE_USAGE(.BOTH.,#9358);
#9358 = SURFACE_SIDE_STYLE('',(#9359));
#9359 = SURFACE_STYLE_FILL_AREA(#9360);
#9360 = FILL_AREA_STYLE('',(#9361));
#9361 = FILL_AREA_STYLE_COLOUR('',#8241);
#9362 = OVER_RIDING_STYLED_ITEM('overriding color',(#9363),#6454,#8194);
#9363 = PRESENTATION_STYLE_ASSIGNMENT((#9364));
#9364 = SURFACE_STYLE_USAGE(.BOTH.,#9365);
#9365 = SURFACE_SIDE_STYLE('',(#9366));
#9366 = SURFACE_STYLE_FILL_AREA(#9367);
#9367 = FILL_AREA_STYLE('',(#9368));
#9368 = FILL_AREA_STYLE_COLOUR('',#8241);
#9369 = OVER_RIDING_STYLED_ITEM('overriding color',(#9370),#6471,#8194);
#9370 = PRESENTATION_STYLE_ASSIGNMENT((#9371));
#9371 = SURFACE_STYLE_USAGE(.BOTH.,#9372);
#9372 = SURFACE_SIDE_STYLE('',(#9373));
#9373 = SURFACE_STYLE_FILL_AREA(#9374);
#9374 = FILL_AREA_STYLE('',(#9375));
#9375 = FILL_AREA_STYLE_COLOUR('',#8241);
#9376 = OVER_RIDING_STYLED_ITEM('overriding color',(#9377),#6483,#8194);
#9377 = PRESENTATION_STYLE_ASSIGNMENT((#9378));
#9378 = SURFACE_STYLE_USAGE(.BOTH.,#9379);
#9379 = SURFACE_SIDE_STYLE('',(#9380));
#9380 = SURFACE_STYLE_FILL_AREA(#9381);
#9381 = FILL_AREA_STYLE('',(#9382));
#9382 = FILL_AREA_STYLE_COLOUR('',#8241);
#9383 = OVER_RIDING_STYLED_ITEM('overriding color',(#9384),#6514,#8194);
#9384 = PRESENTATION_STYLE_ASSIGNMENT((#9385));
#9385 = SURFACE_STYLE_USAGE(.BOTH.,#9386);
#9386 = SURFACE_SIDE_STYLE('',(#9387));
#9387 = SURFACE_STYLE_FILL_AREA(#9388);
#9388 = FILL_AREA_STYLE('',(#9389));
#9389 = FILL_AREA_STYLE_COLOUR('',#8241);
#9390 = OVER_RIDING_STYLED_ITEM('overriding color',(#9391),#6538,#8194);
#9391 = PRESENTATION_STYLE_ASSIGNMENT((#9392));
#9392 = SURFACE_STYLE_USAGE(.BOTH.,#9393);
#9393 = SURFACE_SIDE_STYLE('',(#9394));
#9394 = SURFACE_STYLE_FILL_AREA(#9395);
#9395 = FILL_AREA_STYLE('',(#9396));
#9396 = FILL_AREA_STYLE_COLOUR('',#8241);
#9397 = OVER_RIDING_STYLED_ITEM('overriding color',(#9398),#6562,#8194);
#9398 = PRESENTATION_STYLE_ASSIGNMENT((#9399));
#9399 = SURFACE_STYLE_USAGE(.BOTH.,#9400);
#9400 = SURFACE_SIDE_STYLE('',(#9401));
#9401 = SURFACE_STYLE_FILL_AREA(#9402);
#9402 = FILL_AREA_STYLE('',(#9403));
#9403 = FILL_AREA_STYLE_COLOUR('',#8241);
#9404 = OVER_RIDING_STYLED_ITEM('overriding color',(#9405),#6591,#8194);
#9405 = PRESENTATION_STYLE_ASSIGNMENT((#9406));
#9406 = SURFACE_STYLE_USAGE(.BOTH.,#9407);
#9407 = SURFACE_SIDE_STYLE('',(#9408));
#9408 = SURFACE_STYLE_FILL_AREA(#9409);
#9409 = FILL_AREA_STYLE('',(#9410));
#9410 = FILL_AREA_STYLE_COLOUR('',#8241);
#9411 = OVER_RIDING_STYLED_ITEM('overriding color',(#9412),#6620,#8194);
#9412 = PRESENTATION_STYLE_ASSIGNMENT((#9413));
#9413 = SURFACE_STYLE_USAGE(.BOTH.,#9414);
#9414 = SURFACE_SIDE_STYLE('',(#9415));
#9415 = SURFACE_STYLE_FILL_AREA(#9416);
#9416 = FILL_AREA_STYLE('',(#9417));
#9417 = FILL_AREA_STYLE_COLOUR('',#8241);
#9418 = OVER_RIDING_STYLED_ITEM('overriding color',(#9419),#6649,#8194);
#9419 = PRESENTATION_STYLE_ASSIGNMENT((#9420));
#9420 = SURFACE_STYLE_USAGE(.BOTH.,#9421);
#9421 = SURFACE_SIDE_STYLE('',(#9422));
#9422 = SURFACE_STYLE_FILL_AREA(#9423);
#9423 = FILL_AREA_STYLE('',(#9424));
#9424 = FILL_AREA_STYLE_COLOUR('',#8241);
#9425 = OVER_RIDING_STYLED_ITEM('overriding color',(#9426),#6671,#8194);
#9426 = PRESENTATION_STYLE_ASSIGNMENT((#9427));
#9427 = SURFACE_STYLE_USAGE(.BOTH.,#9428);
#9428 = SURFACE_SIDE_STYLE('',(#9429));
#9429 = SURFACE_STYLE_FILL_AREA(#9430);
#9430 = FILL_AREA_STYLE('',(#9431));
#9431 = FILL_AREA_STYLE_COLOUR('',#8212);
#9432 = OVER_RIDING_STYLED_ITEM('overriding color',(#9433),#6686,#8194);
#9433 = PRESENTATION_STYLE_ASSIGNMENT((#9434));
#9434 = SURFACE_STYLE_USAGE(.BOTH.,#9435);
#9435 = SURFACE_SIDE_STYLE('',(#9436));
#9436 = SURFACE_STYLE_FILL_AREA(#9437);
#9437 = FILL_AREA_STYLE('',(#9438));
#9438 = FILL_AREA_STYLE_COLOUR('',#8241);
#9439 = OVER_RIDING_STYLED_ITEM('overriding color',(#9440),#6810,#8194);
#9440 = PRESENTATION_STYLE_ASSIGNMENT((#9441));
#9441 = SURFACE_STYLE_USAGE(.BOTH.,#9442);
#9442 = SURFACE_SIDE_STYLE('',(#9443));
#9443 = SURFACE_STYLE_FILL_AREA(#9444);
#9444 = FILL_AREA_STYLE('',(#9445));
#9445 = FILL_AREA_STYLE_COLOUR('',#8241);
#9446 = OVER_RIDING_STYLED_ITEM('overriding color',(#9447),#6832,#8194);
#9447 = PRESENTATION_STYLE_ASSIGNMENT((#9448));
#9448 = SURFACE_STYLE_USAGE(.BOTH.,#9449);
#9449 = SURFACE_SIDE_STYLE('',(#9450));
#9450 = SURFACE_STYLE_FILL_AREA(#9451);
#9451 = FILL_AREA_STYLE('',(#9452));
#9452 = FILL_AREA_STYLE_COLOUR('',#8241);
#9453 = OVER_RIDING_STYLED_ITEM('overriding color',(#9454),#6849,#8194);
#9454 = PRESENTATION_STYLE_ASSIGNMENT((#9455));
#9455 = SURFACE_STYLE_USAGE(.BOTH.,#9456);
#9456 = SURFACE_SIDE_STYLE('',(#9457));
#9457 = SURFACE_STYLE_FILL_AREA(#9458);
#9458 = FILL_AREA_STYLE('',(#9459));
#9459 = FILL_AREA_STYLE_COLOUR('',#8241);
#9460 = OVER_RIDING_STYLED_ITEM('overriding color',(#9461),#6866,#8194);
#9461 = PRESENTATION_STYLE_ASSIGNMENT((#9462));
#9462 = SURFACE_STYLE_USAGE(.BOTH.,#9463);
#9463 = SURFACE_SIDE_STYLE('',(#9464));
#9464 = SURFACE_STYLE_FILL_AREA(#9465);
#9465 = FILL_AREA_STYLE('',(#9466));
#9466 = FILL_AREA_STYLE_COLOUR('',#8241);
#9467 = OVER_RIDING_STYLED_ITEM('overriding color',(#9468),#6883,#8194);
#9468 = PRESENTATION_STYLE_ASSIGNMENT((#9469));
#9469 = SURFACE_STYLE_USAGE(.BOTH.,#9470);
#9470 = SURFACE_SIDE_STYLE('',(#9471));
#9471 = SURFACE_STYLE_FILL_AREA(#9472);
#9472 = FILL_AREA_STYLE('',(#9473));
#9473 = FILL_AREA_STYLE_COLOUR('',#8241);
#9474 = OVER_RIDING_STYLED_ITEM('overriding color',(#9475),#6900,#8194);
#9475 = PRESENTATION_STYLE_ASSIGNMENT((#9476));
#9476 = SURFACE_STYLE_USAGE(.BOTH.,#9477);
#9477 = SURFACE_SIDE_STYLE('',(#9478));
#9478 = SURFACE_STYLE_FILL_AREA(#9479);
#9479 = FILL_AREA_STYLE('',(#9480));
#9480 = FILL_AREA_STYLE_COLOUR('',#8241);
#9481 = OVER_RIDING_STYLED_ITEM('overriding color',(#9482),#6917,#8194);
#9482 = PRESENTATION_STYLE_ASSIGNMENT((#9483));
#9483 = SURFACE_STYLE_USAGE(.BOTH.,#9484);
#9484 = SURFACE_SIDE_STYLE('',(#9485));
#9485 = SURFACE_STYLE_FILL_AREA(#9486);
#9486 = FILL_AREA_STYLE('',(#9487));
#9487 = FILL_AREA_STYLE_COLOUR('',#8241);
#9488 = OVER_RIDING_STYLED_ITEM('overriding color',(#9489),#6934,#8194);
#9489 = PRESENTATION_STYLE_ASSIGNMENT((#9490));
#9490 = SURFACE_STYLE_USAGE(.BOTH.,#9491);
#9491 = SURFACE_SIDE_STYLE('',(#9492));
#9492 = SURFACE_STYLE_FILL_AREA(#9493);
#9493 = FILL_AREA_STYLE('',(#9494));
#9494 = FILL_AREA_STYLE_COLOUR('',#8241);
#9495 = OVER_RIDING_STYLED_ITEM('overriding color',(#9496),#6946,#8194);
#9496 = PRESENTATION_STYLE_ASSIGNMENT((#9497));
#9497 = SURFACE_STYLE_USAGE(.BOTH.,#9498);
#9498 = SURFACE_SIDE_STYLE('',(#9499));
#9499 = SURFACE_STYLE_FILL_AREA(#9500);
#9500 = FILL_AREA_STYLE('',(#9501));
#9501 = FILL_AREA_STYLE_COLOUR('',#8241);
#9502 = OVER_RIDING_STYLED_ITEM('overriding color',(#9503),#6977,#8194);
#9503 = PRESENTATION_STYLE_ASSIGNMENT((#9504));
#9504 = SURFACE_STYLE_USAGE(.BOTH.,#9505);
#9505 = SURFACE_SIDE_STYLE('',(#9506));
#9506 = SURFACE_STYLE_FILL_AREA(#9507);
#9507 = FILL_AREA_STYLE('',(#9508));
#9508 = FILL_AREA_STYLE_COLOUR('',#8241);
#9509 = OVER_RIDING_STYLED_ITEM('overriding color',(#9510),#7001,#8194);
#9510 = PRESENTATION_STYLE_ASSIGNMENT((#9511));
#9511 = SURFACE_STYLE_USAGE(.BOTH.,#9512);
#9512 = SURFACE_SIDE_STYLE('',(#9513));
#9513 = SURFACE_STYLE_FILL_AREA(#9514);
#9514 = FILL_AREA_STYLE('',(#9515));
#9515 = FILL_AREA_STYLE_COLOUR('',#8241);
#9516 = OVER_RIDING_STYLED_ITEM('overriding color',(#9517),#7030,#8194);
#9517 = PRESENTATION_STYLE_ASSIGNMENT((#9518));
#9518 = SURFACE_STYLE_USAGE(.BOTH.,#9519);
#9519 = SURFACE_SIDE_STYLE('',(#9520));
#9520 = SURFACE_STYLE_FILL_AREA(#9521);
#9521 = FILL_AREA_STYLE('',(#9522));
#9522 = FILL_AREA_STYLE_COLOUR('',#8241);
#9523 = OVER_RIDING_STYLED_ITEM('overriding color',(#9524),#7054,#8194);
#9524 = PRESENTATION_STYLE_ASSIGNMENT((#9525));
#9525 = SURFACE_STYLE_USAGE(.BOTH.,#9526);
#9526 = SURFACE_SIDE_STYLE('',(#9527));
#9527 = SURFACE_STYLE_FILL_AREA(#9528);
#9528 = FILL_AREA_STYLE('',(#9529));
#9529 = FILL_AREA_STYLE_COLOUR('',#8241);
#9530 = OVER_RIDING_STYLED_ITEM('overriding color',(#9531),#7083,#8194);
#9531 = PRESENTATION_STYLE_ASSIGNMENT((#9532));
#9532 = SURFACE_STYLE_USAGE(.BOTH.,#9533);
#9533 = SURFACE_SIDE_STYLE('',(#9534));
#9534 = SURFACE_STYLE_FILL_AREA(#9535);
#9535 = FILL_AREA_STYLE('',(#9536));
#9536 = FILL_AREA_STYLE_COLOUR('',#8241);
#9537 = OVER_RIDING_STYLED_ITEM('overriding color',(#9538),#7100,#8194);
#9538 = PRESENTATION_STYLE_ASSIGNMENT((#9539));
#9539 = SURFACE_STYLE_USAGE(.BOTH.,#9540);
#9540 = SURFACE_SIDE_STYLE('',(#9541));
#9541 = SURFACE_STYLE_FILL_AREA(#9542);
#9542 = FILL_AREA_STYLE('',(#9543));
#9543 = FILL_AREA_STYLE_COLOUR('',#8212);
#9544 = OVER_RIDING_STYLED_ITEM('overriding color',(#9545),#7114,#8194);
#9545 = PRESENTATION_STYLE_ASSIGNMENT((#9546));
#9546 = SURFACE_STYLE_USAGE(.BOTH.,#9547);
#9547 = SURFACE_SIDE_STYLE('',(#9548));
#9548 = SURFACE_STYLE_FILL_AREA(#9549);
#9549 = FILL_AREA_STYLE('',(#9550));
#9550 = FILL_AREA_STYLE_COLOUR('',#8241);
#9551 = OVER_RIDING_STYLED_ITEM('overriding color',(#9552),#7439,#8194);
#9552 = PRESENTATION_STYLE_ASSIGNMENT((#9553));
#9553 = SURFACE_STYLE_USAGE(.BOTH.,#9554);
#9554 = SURFACE_SIDE_STYLE('',(#9555));
#9555 = SURFACE_STYLE_FILL_AREA(#9556);
#9556 = FILL_AREA_STYLE('',(#9557));
#9557 = FILL_AREA_STYLE_COLOUR('',#8241);
#9558 = OVER_RIDING_STYLED_ITEM('overriding color',(#9559),#7465,#8194);
#9559 = PRESENTATION_STYLE_ASSIGNMENT((#9560));
#9560 = SURFACE_STYLE_USAGE(.BOTH.,#9561);
#9561 = SURFACE_SIDE_STYLE('',(#9562));
#9562 = SURFACE_STYLE_FILL_AREA(#9563);
#9563 = FILL_AREA_STYLE('',(#9564));
#9564 = FILL_AREA_STYLE_COLOUR('',#8241);
#9565 = OVER_RIDING_STYLED_ITEM('overriding color',(#9566),#7486,#8194);
#9566 = PRESENTATION_STYLE_ASSIGNMENT((#9567));
#9567 = SURFACE_STYLE_USAGE(.BOTH.,#9568);
#9568 = SURFACE_SIDE_STYLE('',(#9569));
#9569 = SURFACE_STYLE_FILL_AREA(#9570);
#9570 = FILL_AREA_STYLE('',(#9571));
#9571 = FILL_AREA_STYLE_COLOUR('',#8241);
#9572 = OVER_RIDING_STYLED_ITEM('overriding color',(#9573),#7507,#8194);
#9573 = PRESENTATION_STYLE_ASSIGNMENT((#9574));
#9574 = SURFACE_STYLE_USAGE(.BOTH.,#9575);
#9575 = SURFACE_SIDE_STYLE('',(#9576));
#9576 = SURFACE_STYLE_FILL_AREA(#9577);
#9577 = FILL_AREA_STYLE('',(#9578));
#9578 = FILL_AREA_STYLE_COLOUR('',#8241);
#9579 = OVER_RIDING_STYLED_ITEM('overriding color',(#9580),#7528,#8194);
#9580 = PRESENTATION_STYLE_ASSIGNMENT((#9581));
#9581 = SURFACE_STYLE_USAGE(.BOTH.,#9582);
#9582 = SURFACE_SIDE_STYLE('',(#9583));
#9583 = SURFACE_STYLE_FILL_AREA(#9584);
#9584 = FILL_AREA_STYLE('',(#9585));
#9585 = FILL_AREA_STYLE_COLOUR('',#8241);
#9586 = OVER_RIDING_STYLED_ITEM('overriding color',(#9587),#7549,#8194);
#9587 = PRESENTATION_STYLE_ASSIGNMENT((#9588));
#9588 = SURFACE_STYLE_USAGE(.BOTH.,#9589);
#9589 = SURFACE_SIDE_STYLE('',(#9590));
#9590 = SURFACE_STYLE_FILL_AREA(#9591);
#9591 = FILL_AREA_STYLE('',(#9592));
#9592 = FILL_AREA_STYLE_COLOUR('',#8241);
#9593 = OVER_RIDING_STYLED_ITEM('overriding color',(#9594),#7570,#8194);
#9594 = PRESENTATION_STYLE_ASSIGNMENT((#9595));
#9595 = SURFACE_STYLE_USAGE(.BOTH.,#9596);
#9596 = SURFACE_SIDE_STYLE('',(#9597));
#9597 = SURFACE_STYLE_FILL_AREA(#9598);
#9598 = FILL_AREA_STYLE('',(#9599));
#9599 = FILL_AREA_STYLE_COLOUR('',#8241);
#9600 = OVER_RIDING_STYLED_ITEM('overriding color',(#9601),#7591,#8194);
#9601 = PRESENTATION_STYLE_ASSIGNMENT((#9602));
#9602 = SURFACE_STYLE_USAGE(.BOTH.,#9603);
#9603 = SURFACE_SIDE_STYLE('',(#9604));
#9604 = SURFACE_STYLE_FILL_AREA(#9605);
#9605 = FILL_AREA_STYLE('',(#9606));
#9606 = FILL_AREA_STYLE_COLOUR('',#8241);
#9607 = OVER_RIDING_STYLED_ITEM('overriding color',(#9608),#7612,#8194);
#9608 = PRESENTATION_STYLE_ASSIGNMENT((#9609));
#9609 = SURFACE_STYLE_USAGE(.BOTH.,#9610);
#9610 = SURFACE_SIDE_STYLE('',(#9611));
#9611 = SURFACE_STYLE_FILL_AREA(#9612);
#9612 = FILL_AREA_STYLE('',(#9613));
#9613 = FILL_AREA_STYLE_COLOUR('',#8241);
#9614 = OVER_RIDING_STYLED_ITEM('overriding color',(#9615),#7633,#8194);
#9615 = PRESENTATION_STYLE_ASSIGNMENT((#9616));
#9616 = SURFACE_STYLE_USAGE(.BOTH.,#9617);
#9617 = SURFACE_SIDE_STYLE('',(#9618));
#9618 = SURFACE_STYLE_FILL_AREA(#9619);
#9619 = FILL_AREA_STYLE('',(#9620));
#9620 = FILL_AREA_STYLE_COLOUR('',#8241);
#9621 = OVER_RIDING_STYLED_ITEM('overriding color',(#9622),#7654,#8194);
#9622 = PRESENTATION_STYLE_ASSIGNMENT((#9623));
#9623 = SURFACE_STYLE_USAGE(.BOTH.,#9624);
#9624 = SURFACE_SIDE_STYLE('',(#9625));
#9625 = SURFACE_STYLE_FILL_AREA(#9626);
#9626 = FILL_AREA_STYLE('',(#9627));
#9627 = FILL_AREA_STYLE_COLOUR('',#8241);
#9628 = OVER_RIDING_STYLED_ITEM('overriding color',(#9629),#7675,#8194);
#9629 = PRESENTATION_STYLE_ASSIGNMENT((#9630));
#9630 = SURFACE_STYLE_USAGE(.BOTH.,#9631);
#9631 = SURFACE_SIDE_STYLE('',(#9632));
#9632 = SURFACE_STYLE_FILL_AREA(#9633);
#9633 = FILL_AREA_STYLE('',(#9634));
#9634 = FILL_AREA_STYLE_COLOUR('',#8241);
#9635 = OVER_RIDING_STYLED_ITEM('overriding color',(#9636),#7696,#8194);
#9636 = PRESENTATION_STYLE_ASSIGNMENT((#9637));
#9637 = SURFACE_STYLE_USAGE(.BOTH.,#9638);
#9638 = SURFACE_SIDE_STYLE('',(#9639));
#9639 = SURFACE_STYLE_FILL_AREA(#9640);
#9640 = FILL_AREA_STYLE('',(#9641));
#9641 = FILL_AREA_STYLE_COLOUR('',#8241);
#9642 = OVER_RIDING_STYLED_ITEM('overriding color',(#9643),#7713,#8194);
#9643 = PRESENTATION_STYLE_ASSIGNMENT((#9644));
#9644 = SURFACE_STYLE_USAGE(.BOTH.,#9645);
#9645 = SURFACE_SIDE_STYLE('',(#9646));
#9646 = SURFACE_STYLE_FILL_AREA(#9647);
#9647 = FILL_AREA_STYLE('',(#9648));
#9648 = FILL_AREA_STYLE_COLOUR('',#8241);
#9649 = OVER_RIDING_STYLED_ITEM('overriding color',(#9650),#7730,#8194);
#9650 = PRESENTATION_STYLE_ASSIGNMENT((#9651));
#9651 = SURFACE_STYLE_USAGE(.BOTH.,#9652);
#9652 = SURFACE_SIDE_STYLE('',(#9653));
#9653 = SURFACE_STYLE_FILL_AREA(#9654);
#9654 = FILL_AREA_STYLE('',(#9655));
#9655 = FILL_AREA_STYLE_COLOUR('',#8241);
#9656 = OVER_RIDING_STYLED_ITEM('overriding color',(#9657),#7747,#8194);
#9657 = PRESENTATION_STYLE_ASSIGNMENT((#9658));
#9658 = SURFACE_STYLE_USAGE(.BOTH.,#9659);
#9659 = SURFACE_SIDE_STYLE('',(#9660));
#9660 = SURFACE_STYLE_FILL_AREA(#9661);
#9661 = FILL_AREA_STYLE('',(#9662));
#9662 = FILL_AREA_STYLE_COLOUR('',#8241);
#9663 = OVER_RIDING_STYLED_ITEM('overriding color',(#9664),#7764,#8194);
#9664 = PRESENTATION_STYLE_ASSIGNMENT((#9665));
#9665 = SURFACE_STYLE_USAGE(.BOTH.,#9666);
#9666 = SURFACE_SIDE_STYLE('',(#9667));
#9667 = SURFACE_STYLE_FILL_AREA(#9668);
#9668 = FILL_AREA_STYLE('',(#9669));
#9669 = FILL_AREA_STYLE_COLOUR('',#8241);
#9670 = OVER_RIDING_STYLED_ITEM('overriding color',(#9671),#7785,#8194);
#9671 = PRESENTATION_STYLE_ASSIGNMENT((#9672));
#9672 = SURFACE_STYLE_USAGE(.BOTH.,#9673);
#9673 = SURFACE_SIDE_STYLE('',(#9674));
#9674 = SURFACE_STYLE_FILL_AREA(#9675);
#9675 = FILL_AREA_STYLE('',(#9676));
#9676 = FILL_AREA_STYLE_COLOUR('',#8241);
#9677 = OVER_RIDING_STYLED_ITEM('overriding color',(#9678),#7806,#8194);
#9678 = PRESENTATION_STYLE_ASSIGNMENT((#9679));
#9679 = SURFACE_STYLE_USAGE(.BOTH.,#9680);
#9680 = SURFACE_SIDE_STYLE('',(#9681));
#9681 = SURFACE_STYLE_FILL_AREA(#9682);
#9682 = FILL_AREA_STYLE('',(#9683));
#9683 = FILL_AREA_STYLE_COLOUR('',#8241);
#9684 = OVER_RIDING_STYLED_ITEM('overriding color',(#9685),#7827,#8194);
#9685 = PRESENTATION_STYLE_ASSIGNMENT((#9686));
#9686 = SURFACE_STYLE_USAGE(.BOTH.,#9687);
#9687 = SURFACE_SIDE_STYLE('',(#9688));
#9688 = SURFACE_STYLE_FILL_AREA(#9689);
#9689 = FILL_AREA_STYLE('',(#9690));
#9690 = FILL_AREA_STYLE_COLOUR('',#8241);
#9691 = OVER_RIDING_STYLED_ITEM('overriding color',(#9692),#7848,#8194);
#9692 = PRESENTATION_STYLE_ASSIGNMENT((#9693));
#9693 = SURFACE_STYLE_USAGE(.BOTH.,#9694);
#9694 = SURFACE_SIDE_STYLE('',(#9695));
#9695 = SURFACE_STYLE_FILL_AREA(#9696);
#9696 = FILL_AREA_STYLE('',(#9697));
#9697 = FILL_AREA_STYLE_COLOUR('',#8241);
#9698 = OVER_RIDING_STYLED_ITEM('overriding color',(#9699),#7869,#8194);
#9699 = PRESENTATION_STYLE_ASSIGNMENT((#9700));
#9700 = SURFACE_STYLE_USAGE(.BOTH.,#9701);
#9701 = SURFACE_SIDE_STYLE('',(#9702));
#9702 = SURFACE_STYLE_FILL_AREA(#9703);
#9703 = FILL_AREA_STYLE('',(#9704));
#9704 = FILL_AREA_STYLE_COLOUR('',#8241);
#9705 = OVER_RIDING_STYLED_ITEM('overriding color',(#9706),#7890,#8194);
#9706 = PRESENTATION_STYLE_ASSIGNMENT((#9707));
#9707 = SURFACE_STYLE_USAGE(.BOTH.,#9708);
#9708 = SURFACE_SIDE_STYLE('',(#9709));
#9709 = SURFACE_STYLE_FILL_AREA(#9710);
#9710 = FILL_AREA_STYLE('',(#9711));
#9711 = FILL_AREA_STYLE_COLOUR('',#8241);
#9712 = OVER_RIDING_STYLED_ITEM('overriding color',(#9713),#7911,#8194);
#9713 = PRESENTATION_STYLE_ASSIGNMENT((#9714));
#9714 = SURFACE_STYLE_USAGE(.BOTH.,#9715);
#9715 = SURFACE_SIDE_STYLE('',(#9716));
#9716 = SURFACE_STYLE_FILL_AREA(#9717);
#9717 = FILL_AREA_STYLE('',(#9718));
#9718 = FILL_AREA_STYLE_COLOUR('',#8241);
#9719 = OVER_RIDING_STYLED_ITEM('overriding color',(#9720),#7928,#8194);
#9720 = PRESENTATION_STYLE_ASSIGNMENT((#9721));
#9721 = SURFACE_STYLE_USAGE(.BOTH.,#9722);
#9722 = SURFACE_SIDE_STYLE('',(#9723));
#9723 = SURFACE_STYLE_FILL_AREA(#9724);
#9724 = FILL_AREA_STYLE('',(#9725));
#9725 = FILL_AREA_STYLE_COLOUR('',#8241);
#9726 = OVER_RIDING_STYLED_ITEM('overriding color',(#9727),#7949,#8194);
#9727 = PRESENTATION_STYLE_ASSIGNMENT((#9728));
#9728 = SURFACE_STYLE_USAGE(.BOTH.,#9729);
#9729 = SURFACE_SIDE_STYLE('',(#9730));
#9730 = SURFACE_STYLE_FILL_AREA(#9731);
#9731 = FILL_AREA_STYLE('',(#9732));
#9732 = FILL_AREA_STYLE_COLOUR('',#8241);
#9733 = OVER_RIDING_STYLED_ITEM('overriding color',(#9734),#7970,#8194);
#9734 = PRESENTATION_STYLE_ASSIGNMENT((#9735));
#9735 = SURFACE_STYLE_USAGE(.BOTH.,#9736);
#9736 = SURFACE_SIDE_STYLE('',(#9737));
#9737 = SURFACE_STYLE_FILL_AREA(#9738);
#9738 = FILL_AREA_STYLE('',(#9739));
#9739 = FILL_AREA_STYLE_COLOUR('',#8241);
#9740 = OVER_RIDING_STYLED_ITEM('overriding color',(#9741),#7987,#8194);
#9741 = PRESENTATION_STYLE_ASSIGNMENT((#9742));
#9742 = SURFACE_STYLE_USAGE(.BOTH.,#9743);
#9743 = SURFACE_SIDE_STYLE('',(#9744));
#9744 = SURFACE_STYLE_FILL_AREA(#9745);
#9745 = FILL_AREA_STYLE('',(#9746));
#9746 = FILL_AREA_STYLE_COLOUR('',#8241);
#9747 = OVER_RIDING_STYLED_ITEM('overriding color',(#9748),#8008,#8194);
#9748 = PRESENTATION_STYLE_ASSIGNMENT((#9749));
#9749 = SURFACE_STYLE_USAGE(.BOTH.,#9750);
#9750 = SURFACE_SIDE_STYLE('',(#9751));
#9751 = SURFACE_STYLE_FILL_AREA(#9752);
#9752 = FILL_AREA_STYLE('',(#9753));
#9753 = FILL_AREA_STYLE_COLOUR('',#8241);
#9754 = OVER_RIDING_STYLED_ITEM('overriding color',(#9755),#8029,#8194);
#9755 = PRESENTATION_STYLE_ASSIGNMENT((#9756));
#9756 = SURFACE_STYLE_USAGE(.BOTH.,#9757);
#9757 = SURFACE_SIDE_STYLE('',(#9758));
#9758 = SURFACE_STYLE_FILL_AREA(#9759);
#9759 = FILL_AREA_STYLE('',(#9760));
#9760 = FILL_AREA_STYLE_COLOUR('',#8241);
#9761 = OVER_RIDING_STYLED_ITEM('overriding color',(#9762),#8050,#8194);
#9762 = PRESENTATION_STYLE_ASSIGNMENT((#9763));
#9763 = SURFACE_STYLE_USAGE(.BOTH.,#9764);
#9764 = SURFACE_SIDE_STYLE('',(#9765));
#9765 = SURFACE_STYLE_FILL_AREA(#9766);
#9766 = FILL_AREA_STYLE('',(#9767));
#9767 = FILL_AREA_STYLE_COLOUR('',#8241);
#9768 = OVER_RIDING_STYLED_ITEM('overriding color',(#9769),#8067,#8194);
#9769 = PRESENTATION_STYLE_ASSIGNMENT((#9770));
#9770 = SURFACE_STYLE_USAGE(.BOTH.,#9771);
#9771 = SURFACE_SIDE_STYLE('',(#9772));
#9772 = SURFACE_STYLE_FILL_AREA(#9773);
#9773 = FILL_AREA_STYLE('',(#9774));
#9774 = FILL_AREA_STYLE_COLOUR('',#8241);
#9775 = OVER_RIDING_STYLED_ITEM('overriding color',(#9776),#8088,#8194);
#9776 = PRESENTATION_STYLE_ASSIGNMENT((#9777));
#9777 = SURFACE_STYLE_USAGE(.BOTH.,#9778);
#9778 = SURFACE_SIDE_STYLE('',(#9779));
#9779 = SURFACE_STYLE_FILL_AREA(#9780);
#9780 = FILL_AREA_STYLE('',(#9781));
#9781 = FILL_AREA_STYLE_COLOUR('',#8241);
#9782 = OVER_RIDING_STYLED_ITEM('overriding color',(#9783),#8104,#8194);
#9783 = PRESENTATION_STYLE_ASSIGNMENT((#9784));
#9784 = SURFACE_STYLE_USAGE(.BOTH.,#9785);
#9785 = SURFACE_SIDE_STYLE('',(#9786));
#9786 = SURFACE_STYLE_FILL_AREA(#9787);
#9787 = FILL_AREA_STYLE('',(#9788));
#9788 = FILL_AREA_STYLE_COLOUR('',#8241);
#9789 = OVER_RIDING_STYLED_ITEM('overriding color',(#9790),#8149,#8194);
#9790 = PRESENTATION_STYLE_ASSIGNMENT((#9791));
#9791 = SURFACE_STYLE_USAGE(.BOTH.,#9792);
#9792 = SURFACE_SIDE_STYLE('',(#9793));
#9793 = SURFACE_STYLE_FILL_AREA(#9794);
#9794 = FILL_AREA_STYLE('',(#9795));
#9795 = FILL_AREA_STYLE_COLOUR('',#8241);
#9796 = OVER_RIDING_STYLED_ITEM('overriding color',(#9797),#8177,#8194);
#9797 = PRESENTATION_STYLE_ASSIGNMENT((#9798));
#9798 = SURFACE_STYLE_USAGE(.BOTH.,#9799);
#9799 = SURFACE_SIDE_STYLE('',(#9800));
#9800 = SURFACE_STYLE_FILL_AREA(#9801);
#9801 = FILL_AREA_STYLE('',(#9802));
#9802 = FILL_AREA_STYLE_COLOUR('',#8212);
ENDSEC;
END-ISO-10303-21;
